candidate_id,age_group,years_experience,education_level,current_location,willing_to_relocate,preferred_work_model
CAN00001,40-49,10,Vocational training,Other Germany,False,No preference
CAN00002,30-39,2,Bachelor,Hamburg,False,Hybrid
CAN00003,50+,12,Master,Other Germany,True,No preference
CAN00004,50+,18,Bachelor,Other Germany,True,Hybrid
CAN00005,30-39,12,Other,Berlin,True,Remote
CAN00006,30-39,0,Vocational training,Hamburg,True,Hybrid
CAN00007,40-49,8,Master,Frankfurt,False,Remote
CAN00008,40-49,5,Vocational training,Other Germany,True,Hybrid
CAN00009,30-39,1,Vocational training,Other Germany,True,Hybrid
CAN00010,20-29,6,Vocational training,Other Germany,False,Remote
CAN00011,40-49,5,Bachelor,Munich,False,Hybrid
CAN00012,20-29,5,Bachelor,Munich,False,Hybrid
CAN00013,30-39,9,Bachelor,Munich,True,Hybrid
CAN00014,30-39,10,Vocational training,Other Germany,False,No preference
CAN00015,40-49,4,Bachelor,Berlin,True,On-site
CAN00016,20-29,0,Bachelor,Frankfurt,False,Hybrid
CAN00017,40-49,4,Bachelor,Other Germany,False,No preference
CAN00018,30-39,9,Vocational training,Berlin,False,Hybrid
CAN00019,30-39,3,Master,Munich,False,Hybrid
CAN00020,20-29,0,Bachelor,Outside Germany,False,Hybrid
CAN00021,20-29,2,Vocational training,Berlin,True,Remote
CAN00022,30-39,8,Bachelor,Other Germany,False,Hybrid
CAN00023,50+,10,Vocational training,Other Germany,False,Remote
CAN00024,20-29,2,Other,Frankfurt,False,No preference
CAN00025,30-39,5,Bachelor,Frankfurt,False,Hybrid
CAN00026,40-49,9,Vocational training,Berlin,True,Remote
CAN00027,40-49,4,Master,Hamburg,False,Remote
CAN00028,20-29,3,Doctorate,Other Germany,False,Remote
CAN00029,40-49,7,Bachelor,Cologne,True,Hybrid
CAN00030,50+,6,Master,Outside Germany,False,Remote
CAN00031,20-29,2,Bachelor,Munich,False,Hybrid
CAN00032,40-49,7,Bachelor,Other Germany,True,No preference
CAN00033,30-39,2,Bachelor,Frankfurt,False,Remote
CAN00034,30-39,8,Vocational training,Berlin,False,Remote
CAN00035,30-39,4,Bachelor,Berlin,False,Hybrid
CAN00036,40-49,9,Vocational training,Cologne,False,Hybrid
CAN00037,20-29,9,Vocational training,Other Germany,True,Remote
CAN00038,40-49,8,Bachelor,Cologne,False,No preference
CAN00039,20-29,6,Vocational training,Other Germany,False,Remote
CAN00040,50+,25,Bachelor,Cologne,False,On-site
CAN00041,20-29,7,Vocational training,Berlin,False,Hybrid
CAN00042,40-49,3,Master,Hamburg,False,Hybrid
CAN00043,30-39,1,Other,Other Germany,True,Remote
CAN00044,40-49,5,Vocational training,Other Germany,False,Remote
CAN00045,40-49,5,Master,Hamburg,False,Hybrid
CAN00046,30-39,8,Vocational training,Munich,False,Hybrid
CAN00047,30-39,7,Bachelor,Other Germany,False,Hybrid
CAN00048,30-39,0,Doctorate,Frankfurt,False,Hybrid
CAN00049,30-39,6,Master,Other Germany,False,Hybrid
CAN00050,20-29,7,Master,Other Germany,True,On-site
CAN00051,30-39,19,Bachelor,Munich,True,On-site
CAN00052,30-39,4,Vocational training,Frankfurt,False,Hybrid
CAN00053,40-49,6,Bachelor,Other Germany,False,No preference
CAN00054,20-29,1,Other,Berlin,True,Remote
CAN00055,40-49,4,Master,Frankfurt,True,On-site
CAN00056,20-29,4,Master,Other Germany,True,Hybrid
CAN00057,40-49,7,Other,Berlin,False,Hybrid
CAN00058,20-29,8,Vocational training,Other Germany,False,Hybrid
CAN00059,30-39,5,Bachelor,Munich,False,Hybrid
CAN00060,30-39,5,Master,Hamburg,False,No preference
CAN00061,30-39,7,Master,Other Germany,False,Hybrid
CAN00062,40-49,15,Vocational training,Berlin,False,Hybrid
CAN00063,30-39,3,Vocational training,Berlin,False,Hybrid
CAN00064,20-29,2,Vocational training,Frankfurt,False,Hybrid
CAN00065,40-49,19,Bachelor,Hamburg,True,No preference
CAN00066,40-49,5,Vocational training,Cologne,False,No preference
CAN00067,20-29,5,Master,Other Germany,False,Hybrid
CAN00068,30-39,1,Master,Berlin,True,On-site
CAN00069,20-29,6,Bachelor,Frankfurt,False,Hybrid
CAN00070,40-49,1,Bachelor,Berlin,True,Hybrid
CAN00071,50+,25,Vocational training,Cologne,True,Remote
CAN00072,20-29,6,Other,Munich,False,Remote
CAN00073,30-39,1,Vocational training,Cologne,True,Hybrid
CAN00074,30-39,6,Doctorate,Frankfurt,True,No preference
CAN00075,30-39,6,Bachelor,Munich,True,Hybrid
CAN00076,20-29,2,Bachelor,Frankfurt,True,No preference
CAN00077,40-49,3,Vocational training,Other Germany,False,Hybrid
CAN00078,30-39,3,Bachelor,Frankfurt,True,Hybrid
CAN00079,30-39,6,Bachelor,Other Germany,False,Hybrid
CAN00080,50+,24,Vocational training,Other Germany,False,On-site
CAN00081,30-39,4,Vocational training,Munich,True,Remote
CAN00082,40-49,10,Bachelor,Hamburg,True,On-site
CAN00083,20-29,4,Vocational training,Munich,False,Remote
CAN00084,40-49,7,Master,Frankfurt,False,No preference
CAN00085,40-49,4,Master,Frankfurt,True,No preference
CAN00086,20-29,2,Bachelor,Munich,False,Remote
CAN00087,30-39,1,Master,Frankfurt,False,Hybrid
CAN00088,20-29,2,Vocational training,Munich,True,No preference
CAN00089,30-39,3,Vocational training,Other Germany,True,Hybrid
CAN00090,20-29,0,Master,Frankfurt,True,Hybrid
CAN00091,40-49,3,Bachelor,Berlin,True,Hybrid
CAN00092,50+,9,Master,Hamburg,False,Remote
CAN00093,20-29,3,Bachelor,Other Germany,False,Remote
CAN00094,30-39,3,Bachelor,Berlin,False,Hybrid
CAN00095,40-49,3,Master,Cologne,True,No preference
CAN00096,30-39,8,Bachelor,Cologne,True,Hybrid
CAN00097,50+,9,Bachelor,Outside Germany,True,On-site
CAN00098,20-29,0,Bachelor,Hamburg,False,No preference
CAN00099,40-49,6,Bachelor,Frankfurt,False,Hybrid
CAN00100,20-29,5,Vocational training,Frankfurt,False,On-site
CAN00101,30-39,8,Vocational training,Frankfurt,False,No preference
CAN00102,50+,19,Master,Frankfurt,False,Remote
CAN00103,20-29,2,Bachelor,Other Germany,True,On-site
CAN00104,40-49,3,Vocational training,Other Germany,False,On-site
CAN00105,40-49,2,Other,Other Germany,False,Hybrid
CAN00106,40-49,4,Vocational training,Berlin,False,On-site
CAN00107,40-49,13,Vocational training,Other Germany,False,Hybrid
CAN00108,50+,18,Vocational training,Hamburg,True,Hybrid
CAN00109,20-29,5,Master,Cologne,False,Remote
CAN00110,40-49,3,Vocational training,Berlin,False,Hybrid
CAN00111,30-39,3,Bachelor,Outside Germany,True,Hybrid
CAN00112,30-39,1,Vocational training,Other Germany,False,Hybrid
CAN00113,50+,12,Vocational training,Other Germany,True,On-site
CAN00114,50+,15,Bachelor,Berlin,False,Hybrid
CAN00115,20-29,7,Vocational training,Cologne,False,Hybrid
CAN00116,30-39,7,Doctorate,Hamburg,True,On-site
CAN00117,50+,12,Doctorate,Other Germany,False,On-site
CAN00118,20-29,1,Vocational training,Munich,False,Remote
CAN00119,30-39,7,Master,Other Germany,False,Hybrid
CAN00120,30-39,7,Master,Outside Germany,False,Hybrid
CAN00121,30-39,2,Other,Berlin,False,On-site
CAN00122,40-49,6,Bachelor,Frankfurt,False,Hybrid
CAN00123,20-29,9,Master,Munich,True,On-site
CAN00124,20-29,5,Vocational training,Hamburg,False,Hybrid
CAN00125,40-49,24,Master,Berlin,False,On-site
CAN00126,20-29,6,Other,Other Germany,True,Hybrid
CAN00127,30-39,6,Doctorate,Munich,False,Remote
CAN00128,30-39,4,Vocational training,Cologne,False,Remote
CAN00129,20-29,8,Bachelor,Hamburg,False,Hybrid
CAN00130,40-49,3,Vocational training,Berlin,False,On-site
CAN00131,50+,10,Bachelor,Hamburg,False,Hybrid
CAN00132,30-39,5,Bachelor,Frankfurt,False,Hybrid
CAN00133,30-39,2,Other,Other Germany,False,Hybrid
CAN00134,30-39,12,Master,Berlin,True,Hybrid
CAN00135,20-29,1,Bachelor,Berlin,False,Remote
CAN00136,30-39,12,Master,Frankfurt,False,Remote
CAN00137,20-29,4,Bachelor,Other Germany,False,Hybrid
CAN00138,40-49,6,Bachelor,Hamburg,False,Hybrid
CAN00139,40-49,4,Bachelor,Frankfurt,False,Hybrid
CAN00140,30-39,2,Bachelor,Munich,True,Remote
CAN00141,30-39,8,Master,Frankfurt,False,No preference
CAN00142,30-39,5,Bachelor,Outside Germany,False,Hybrid
CAN00143,40-49,8,Master,Hamburg,False,On-site
CAN00144,40-49,4,Master,Frankfurt,False,Hybrid
CAN00145,30-39,6,Bachelor,Other Germany,False,Remote
CAN00146,40-49,13,Master,Berlin,False,Hybrid
CAN00147,40-49,7,Bachelor,Frankfurt,False,Hybrid
CAN00148,20-29,1,Master,Munich,False,Remote
CAN00149,40-49,3,Bachelor,Other Germany,False,No preference
CAN00150,40-49,14,Vocational training,Frankfurt,True,Hybrid
CAN00151,30-39,2,Bachelor,Other Germany,False,Hybrid
CAN00152,40-49,9,Bachelor,Frankfurt,False,Hybrid
CAN00153,30-39,1,Master,Berlin,False,No preference
CAN00154,20-29,4,Bachelor,Hamburg,False,No preference
CAN00155,40-49,3,Vocational training,Outside Germany,False,Remote
CAN00156,30-39,11,Bachelor,Other Germany,False,Remote
CAN00157,30-39,3,Vocational training,Other Germany,False,On-site
CAN00158,50+,12,Vocational training,Cologne,False,Hybrid
CAN00159,30-39,7,Vocational training,Other Germany,False,On-site
CAN00160,40-49,4,Master,Other Germany,True,Hybrid
CAN00161,30-39,2,Vocational training,Other Germany,False,Hybrid
CAN00162,30-39,3,Bachelor,Berlin,False,No preference
CAN00163,30-39,2,Master,Hamburg,True,Remote
CAN00164,40-49,8,Vocational training,Frankfurt,True,No preference
CAN00165,30-39,8,Master,Other Germany,False,Remote
CAN00166,40-49,4,Bachelor,Munich,False,Hybrid
CAN00167,40-49,10,Vocational training,Outside Germany,True,Hybrid
CAN00168,40-49,4,Master,Frankfurt,False,Remote
CAN00169,20-29,5,Master,Hamburg,False,Remote
CAN00170,40-49,5,Vocational training,Frankfurt,False,Hybrid
CAN00171,20-29,3,Vocational training,Cologne,False,Remote
CAN00172,30-39,8,Vocational training,Other Germany,False,Hybrid
CAN00173,40-49,12,Bachelor,Other Germany,False,On-site
CAN00174,20-29,1,Bachelor,Munich,True,Hybrid
CAN00175,40-49,0,Vocational training,Berlin,False,Hybrid
CAN00176,40-49,14,Vocational training,Hamburg,True,On-site
CAN00177,40-49,8,Bachelor,Hamburg,False,Hybrid
CAN00178,40-49,5,Master,Berlin,False,Hybrid
CAN00179,40-49,14,Master,Berlin,False,Remote
CAN00180,30-39,6,Bachelor,Hamburg,False,No preference
CAN00181,30-39,5,Bachelor,Cologne,False,On-site
CAN00182,50+,7,Bachelor,Berlin,False,Hybrid
CAN00183,40-49,3,Bachelor,Cologne,True,Hybrid
CAN00184,20-29,2,Bachelor,Hamburg,False,No preference
CAN00185,40-49,16,Bachelor,Hamburg,True,Hybrid
CAN00186,30-39,2,Bachelor,Frankfurt,False,Hybrid
CAN00187,20-29,1,Master,Other Germany,False,Remote
CAN00188,40-49,14,Bachelor,Hamburg,False,On-site
CAN00189,30-39,3,Other,Hamburg,True,Hybrid
CAN00190,20-29,1,Bachelor,Outside Germany,False,Remote
CAN00191,20-29,2,Master,Cologne,False,No preference
CAN00192,50+,10,Bachelor,Hamburg,True,On-site
CAN00193,30-39,7,Master,Munich,False,On-site
CAN00194,20-29,4,Vocational training,Hamburg,True,Hybrid
CAN00195,50+,12,Bachelor,Munich,False,No preference
CAN00196,30-39,2,Master,Cologne,False,Remote
CAN00197,20-29,8,Master,Frankfurt,True,No preference
CAN00198,30-39,6,Master,Berlin,False,Hybrid
CAN00199,20-29,4,Bachelor,Frankfurt,False,Remote
CAN00200,30-39,2,Bachelor,Hamburg,False,Hybrid
CAN00201,30-39,5,Bachelor,Outside Germany,True,Remote
CAN00202,30-39,4,Vocational training,Other Germany,True,No preference
CAN00203,20-29,4,Vocational training,Other Germany,False,No preference
CAN00204,20-29,5,Bachelor,Other Germany,True,Remote
CAN00205,30-39,3,Bachelor,Berlin,False,Hybrid
CAN00206,20-29,7,Master,Other Germany,False,Remote
CAN00207,30-39,5,Master,Berlin,False,No preference
CAN00208,40-49,4,Vocational training,Berlin,True,On-site
CAN00209,30-39,14,Vocational training,Frankfurt,True,Hybrid
CAN00210,40-49,14,Doctorate,Frankfurt,True,On-site
CAN00211,40-49,9,Bachelor,Other Germany,False,Hybrid
CAN00212,40-49,19,Other,Other Germany,True,Hybrid
CAN00213,40-49,3,Bachelor,Berlin,True,Remote
CAN00214,40-49,2,Bachelor,Frankfurt,False,Hybrid
CAN00215,30-39,0,Bachelor,Cologne,False,Hybrid
CAN00216,30-39,11,Bachelor,Berlin,False,Hybrid
CAN00217,30-39,6,Master,Berlin,False,Remote
CAN00218,30-39,2,Vocational training,Cologne,False,Remote
CAN00219,40-49,6,Bachelor,Other Germany,False,Hybrid
CAN00220,30-39,2,Bachelor,Munich,False,Remote
CAN00221,40-49,7,Vocational training,Munich,True,Hybrid
CAN00222,40-49,4,Vocational training,Frankfurt,False,Hybrid
CAN00223,40-49,3,Bachelor,Other Germany,False,Remote
CAN00224,20-29,1,Vocational training,Frankfurt,True,Hybrid
CAN00225,30-39,3,Bachelor,Frankfurt,False,Remote
CAN00226,40-49,1,Bachelor,Cologne,True,Hybrid
CAN00227,20-29,2,Bachelor,Frankfurt,False,Remote
CAN00228,30-39,2,Vocational training,Cologne,True,Remote
CAN00229,30-39,2,Master,Berlin,False,Hybrid
CAN00230,50+,15,Other,Cologne,False,Hybrid
CAN00231,20-29,2,Vocational training,Berlin,True,Hybrid
CAN00232,40-49,6,Bachelor,Other Germany,True,Hybrid
CAN00233,20-29,5,Master,Cologne,False,Hybrid
CAN00234,30-39,1,Bachelor,Other Germany,False,Hybrid
CAN00235,30-39,12,Bachelor,Other Germany,False,Hybrid
CAN00236,20-29,2,Vocational training,Berlin,True,Hybrid
CAN00237,30-39,6,Bachelor,Munich,False,Hybrid
CAN00238,20-29,10,Bachelor,Other Germany,False,On-site
CAN00239,20-29,2,Bachelor,Cologne,True,Hybrid
CAN00240,30-39,4,Bachelor,Other Germany,False,No preference
CAN00241,20-29,3,Bachelor,Frankfurt,True,Remote
CAN00242,20-29,5,Bachelor,Frankfurt,False,Hybrid
CAN00243,40-49,3,Bachelor,Berlin,False,Remote
CAN00244,40-49,5,Vocational training,Outside Germany,False,Hybrid
CAN00245,20-29,7,Bachelor,Cologne,False,Hybrid
CAN00246,30-39,6,Bachelor,Outside Germany,False,Hybrid
CAN00247,20-29,8,Vocational training,Frankfurt,True,Hybrid
CAN00248,20-29,2,Master,Munich,False,Remote
CAN00249,40-49,4,Master,Frankfurt,False,No preference
CAN00250,20-29,4,Master,Munich,False,Hybrid
CAN00251,20-29,4,Bachelor,Other Germany,False,On-site
CAN00252,50+,16,Vocational training,Outside Germany,False,No preference
CAN00253,40-49,8,Bachelor,Cologne,False,On-site
CAN00254,50+,17,Master,Frankfurt,True,Remote
CAN00255,20-29,3,Vocational training,Other Germany,False,No preference
CAN00256,50+,17,Master,Other Germany,False,No preference
CAN00257,20-29,4,Master,Hamburg,True,Hybrid
CAN00258,40-49,20,Vocational training,Hamburg,False,On-site
CAN00259,30-39,8,Bachelor,Other Germany,False,Hybrid
CAN00260,40-49,8,Vocational training,Hamburg,False,Hybrid
CAN00261,20-29,10,Master,Berlin,False,No preference
CAN00262,40-49,9,Master,Berlin,True,Hybrid
CAN00263,40-49,9,Master,Munich,True,Hybrid
CAN00264,20-29,4,Bachelor,Munich,False,Hybrid
CAN00265,40-49,8,Bachelor,Other Germany,False,Remote
CAN00266,40-49,12,Doctorate,Munich,False,No preference
CAN00267,30-39,2,Vocational training,Frankfurt,True,Remote
CAN00268,20-29,0,Vocational training,Berlin,True,Hybrid
CAN00269,30-39,3,Vocational training,Frankfurt,False,Remote
CAN00270,40-49,2,Bachelor,Frankfurt,True,Remote
CAN00271,40-49,9,Vocational training,Frankfurt,False,No preference
CAN00272,40-49,5,Master,Hamburg,True,Hybrid
CAN00273,30-39,9,Vocational training,Other Germany,False,Hybrid
CAN00274,50+,13,Master,Berlin,False,Hybrid
CAN00275,40-49,7,Master,Berlin,True,Hybrid
CAN00276,30-39,11,Bachelor,Berlin,False,Hybrid
CAN00277,40-49,13,Bachelor,Other Germany,False,On-site
CAN00278,50+,10,Bachelor,Berlin,True,Hybrid
CAN00279,20-29,6,Vocational training,Other Germany,False,Remote
CAN00280,40-49,4,Master,Frankfurt,False,On-site
CAN00281,20-29,5,Master,Berlin,False,Hybrid
CAN00282,40-49,6,Vocational training,Berlin,False,No preference
CAN00283,30-39,8,Vocational training,Other Germany,True,No preference
CAN00284,40-49,5,Vocational training,Frankfurt,False,No preference
CAN00285,40-49,13,Bachelor,Munich,False,No preference
CAN00286,30-39,9,Master,Other Germany,False,Remote
CAN00287,50+,13,Master,Berlin,False,Hybrid
CAN00288,30-39,9,Bachelor,Frankfurt,True,Hybrid
CAN00289,40-49,3,Vocational training,Berlin,False,Hybrid
CAN00290,40-49,2,Vocational training,Cologne,False,On-site
CAN00291,20-29,6,Other,Other Germany,True,Remote
CAN00292,20-29,4,Bachelor,Hamburg,False,Hybrid
CAN00293,20-29,3,Master,Frankfurt,False,Hybrid
CAN00294,40-49,7,Master,Hamburg,True,Hybrid
CAN00295,30-39,2,Vocational training,Hamburg,False,Hybrid
CAN00296,20-29,7,Other,Berlin,True,On-site
CAN00297,30-39,12,Vocational training,Munich,False,Remote
CAN00298,40-49,2,Bachelor,Outside Germany,True,Hybrid
CAN00299,30-39,12,Bachelor,Berlin,False,Hybrid
CAN00300,30-39,2,Vocational training,Frankfurt,False,Hybrid
CAN00301,30-39,6,Bachelor,Hamburg,True,Hybrid
CAN00302,20-29,9,Vocational training,Other Germany,False,Hybrid
CAN00303,40-49,1,Bachelor,Hamburg,True,Hybrid
CAN00304,30-39,8,Vocational training,Outside Germany,False,Hybrid
CAN00305,40-49,10,Vocational training,Munich,True,Remote
CAN00306,40-49,14,Master,Other Germany,True,Hybrid
CAN00307,30-39,4,Vocational training,Other Germany,False,Remote
CAN00308,30-39,5,Bachelor,Hamburg,True,Hybrid
CAN00309,30-39,4,Bachelor,Frankfurt,False,On-site
CAN00310,30-39,11,Vocational training,Hamburg,True,On-site
CAN00311,30-39,7,Bachelor,Outside Germany,False,Hybrid
CAN00312,20-29,2,Vocational training,Berlin,False,Hybrid
CAN00313,40-49,3,Vocational training,Other Germany,True,Hybrid
CAN00314,40-49,9,Bachelor,Other Germany,True,No preference
CAN00315,30-39,1,Doctorate,Other Germany,False,No preference
CAN00316,20-29,3,Master,Other Germany,True,Remote
CAN00317,30-39,9,Vocational training,Munich,False,No preference
CAN00318,50+,15,Vocational training,Munich,False,Hybrid
CAN00319,30-39,4,Other,Munich,True,Remote
CAN00320,40-49,12,Vocational training,Cologne,True,On-site
CAN00321,20-29,5,Vocational training,Hamburg,False,Hybrid
CAN00322,30-39,5,Vocational training,Other Germany,False,Hybrid
CAN00323,40-49,4,Vocational training,Cologne,True,No preference
CAN00324,30-39,10,Bachelor,Cologne,False,No preference
CAN00325,20-29,1,Vocational training,Berlin,False,Hybrid
CAN00326,30-39,1,Bachelor,Other Germany,False,Hybrid
CAN00327,20-29,2,Bachelor,Berlin,True,Hybrid
CAN00328,40-49,5,Vocational training,Munich,False,On-site
CAN00329,50+,23,Bachelor,Other Germany,False,Hybrid
CAN00330,40-49,3,Master,Frankfurt,False,No preference
CAN00331,30-39,10,Vocational training,Cologne,False,Remote
CAN00332,50+,15,Bachelor,Hamburg,False,Remote
CAN00333,30-39,6,Bachelor,Other Germany,True,Remote
CAN00334,30-39,5,Vocational training,Berlin,False,Remote
CAN00335,20-29,1,Vocational training,Frankfurt,False,Hybrid
CAN00336,30-39,12,Bachelor,Munich,True,Hybrid
CAN00337,40-49,8,Vocational training,Frankfurt,False,Hybrid
CAN00338,30-39,3,Bachelor,Munich,True,No preference
CAN00339,50+,14,Other,Frankfurt,False,Hybrid
CAN00340,20-29,6,Bachelor,Frankfurt,True,Hybrid
CAN00341,30-39,8,Vocational training,Other Germany,True,Hybrid
CAN00342,40-49,8,Bachelor,Other Germany,True,Remote
CAN00343,30-39,4,Bachelor,Hamburg,True,Remote
CAN00344,30-39,8,Bachelor,Berlin,False,Hybrid
CAN00345,30-39,5,Bachelor,Hamburg,False,Hybrid
CAN00346,40-49,13,Vocational training,Other Germany,True,Hybrid
CAN00347,20-29,1,Master,Other Germany,False,Hybrid
CAN00348,30-39,0,Vocational training,Frankfurt,True,Hybrid
CAN00349,40-49,16,Vocational training,Frankfurt,True,On-site
CAN00350,20-29,7,Vocational training,Berlin,False,On-site
CAN00351,40-49,3,Bachelor,Berlin,False,No preference
CAN00352,20-29,1,Bachelor,Frankfurt,False,Remote
CAN00353,30-39,3,Vocational training,Berlin,True,Hybrid
CAN00354,30-39,3,Vocational training,Hamburg,True,Hybrid
CAN00355,40-49,7,Bachelor,Frankfurt,False,Hybrid
CAN00356,30-39,3,Bachelor,Frankfurt,False,No preference
CAN00357,50+,20,Bachelor,Munich,False,Remote
CAN00358,40-49,6,Master,Frankfurt,True,Hybrid
CAN00359,30-39,6,Vocational training,Other Germany,False,Remote
CAN00360,30-39,5,Bachelor,Frankfurt,False,Remote
CAN00361,20-29,3,Master,Frankfurt,False,Hybrid
CAN00362,30-39,4,Bachelor,Munich,False,Hybrid
CAN00363,20-29,4,Vocational training,Munich,False,No preference
CAN00364,40-49,3,Vocational training,Other Germany,False,Hybrid
CAN00365,30-39,1,Vocational training,Hamburg,False,Remote
CAN00366,50+,11,Vocational training,Other Germany,False,Remote
CAN00367,30-39,2,Vocational training,Other Germany,False,On-site
CAN00368,30-39,4,Other,Frankfurt,False,Remote
CAN00369,20-29,6,Other,Other Germany,False,Hybrid
CAN00370,30-39,6,Master,Frankfurt,False,Remote
CAN00371,30-39,1,Bachelor,Other Germany,False,On-site
CAN00372,30-39,3,Vocational training,Berlin,False,Remote
CAN00373,20-29,2,Bachelor,Hamburg,False,On-site
CAN00374,40-49,13,Vocational training,Cologne,False,Hybrid
CAN00375,40-49,5,Vocational training,Berlin,False,Remote
CAN00376,20-29,2,Vocational training,Other Germany,False,Hybrid
CAN00377,50+,23,Master,Hamburg,False,Remote
CAN00378,40-49,5,Bachelor,Berlin,False,Hybrid
CAN00379,20-29,4,Bachelor,Munich,False,Hybrid
CAN00380,30-39,6,Master,Berlin,True,On-site
CAN00381,30-39,5,Vocational training,Other Germany,False,Hybrid
CAN00382,40-49,7,Bachelor,Hamburg,False,Remote
CAN00383,30-39,0,Vocational training,Other Germany,False,Remote
CAN00384,50+,17,Bachelor,Other Germany,False,Remote
CAN00385,40-49,7,Bachelor,Munich,False,Hybrid
CAN00386,40-49,9,Other,Hamburg,True,Hybrid
CAN00387,40-49,3,Vocational training,Hamburg,False,Hybrid
CAN00388,40-49,6,Vocational training,Berlin,True,No preference
CAN00389,30-39,10,Vocational training,Frankfurt,True,Hybrid
CAN00390,30-39,5,Bachelor,Berlin,True,No preference
CAN00391,30-39,6,Master,Munich,True,Hybrid
CAN00392,20-29,5,Master,Hamburg,True,No preference
CAN00393,30-39,7,Vocational training,Berlin,True,Hybrid
CAN00394,40-49,6,Vocational training,Frankfurt,False,Hybrid
CAN00395,20-29,3,Bachelor,Hamburg,False,No preference
CAN00396,30-39,8,Bachelor,Frankfurt,False,Hybrid
CAN00397,30-39,5,Bachelor,Other Germany,True,Hybrid
CAN00398,20-29,1,Master,Berlin,True,Remote
CAN00399,20-29,0,Vocational training,Hamburg,True,On-site
CAN00400,40-49,12,Master,Outside Germany,True,Hybrid
CAN00401,30-39,13,Bachelor,Hamburg,True,Hybrid
CAN00402,30-39,1,Vocational training,Frankfurt,True,Remote
CAN00403,20-29,3,Vocational training,Frankfurt,False,Hybrid
CAN00404,40-49,6,Vocational training,Hamburg,False,Hybrid
CAN00405,20-29,1,Vocational training,Other Germany,False,Remote
CAN00406,20-29,0,Vocational training,Other Germany,False,Remote
CAN00407,40-49,7,Other,Frankfurt,True,Hybrid
CAN00408,40-49,7,Master,Munich,False,Hybrid
CAN00409,40-49,14,Bachelor,Frankfurt,False,Hybrid
CAN00410,20-29,5,Vocational training,Other Germany,True,Hybrid
CAN00411,30-39,3,Other,Frankfurt,False,No preference
CAN00412,40-49,13,Other,Cologne,True,On-site
CAN00413,40-49,6,Other,Frankfurt,False,Hybrid
CAN00414,30-39,4,Master,Berlin,True,No preference
CAN00415,30-39,6,Bachelor,Other Germany,False,Remote
CAN00416,40-49,6,Vocational training,Berlin,False,On-site
CAN00417,30-39,9,Doctorate,Munich,False,Remote
CAN00418,40-49,2,Master,Hamburg,True,On-site
CAN00419,30-39,2,Master,Frankfurt,True,On-site
CAN00420,20-29,1,Bachelor,Outside Germany,False,Hybrid
CAN00421,20-29,0,Bachelor,Other Germany,False,On-site
CAN00422,30-39,2,Vocational training,Other Germany,False,No preference
CAN00423,30-39,2,Bachelor,Other Germany,False,Hybrid
CAN00424,40-49,9,Master,Frankfurt,False,Remote
CAN00425,30-39,11,Vocational training,Frankfurt,True,Hybrid
CAN00426,20-29,2,Vocational training,Other Germany,False,Hybrid
CAN00427,30-39,2,Other,Outside Germany,False,Hybrid
CAN00428,40-49,1,Vocational training,Frankfurt,False,Remote
CAN00429,30-39,2,Vocational training,Berlin,True,Hybrid
CAN00430,30-39,7,Vocational training,Other Germany,False,Hybrid
CAN00431,20-29,2,Bachelor,Munich,True,Remote
CAN00432,40-49,5,Vocational training,Munich,True,No preference
CAN00433,40-49,13,Vocational training,Frankfurt,True,No preference
CAN00434,30-39,4,Vocational training,Cologne,True,Hybrid
CAN00435,20-29,1,Bachelor,Cologne,True,Remote
CAN00436,20-29,6,Bachelor,Other Germany,False,Hybrid
CAN00437,30-39,3,Master,Frankfurt,False,On-site
CAN00438,20-29,6,Vocational training,Outside Germany,False,Remote
CAN00439,30-39,9,Bachelor,Hamburg,True,Hybrid
CAN00440,30-39,4,Master,Other Germany,False,Hybrid
CAN00441,40-49,18,Bachelor,Other Germany,False,Hybrid
CAN00442,30-39,5,Bachelor,Munich,False,Hybrid
CAN00443,50+,13,Vocational training,Berlin,True,No preference
CAN00444,30-39,4,Other,Munich,True,Hybrid
CAN00445,30-39,1,Bachelor,Munich,False,Hybrid
CAN00446,30-39,4,Master,Hamburg,False,Hybrid
CAN00447,20-29,1,Vocational training,Frankfurt,True,Hybrid
CAN00448,30-39,9,Vocational training,Frankfurt,True,Remote
CAN00449,40-49,23,Master,Outside Germany,True,Hybrid
CAN00450,30-39,1,Master,Other Germany,True,Hybrid
CAN00451,20-29,3,Master,Other Germany,True,No preference
CAN00452,20-29,2,Bachelor,Berlin,False,On-site
CAN00453,30-39,8,Vocational training,Frankfurt,False,Hybrid
CAN00454,30-39,9,Vocational training,Frankfurt,True,Hybrid
CAN00455,40-49,6,Vocational training,Frankfurt,False,Hybrid
CAN00456,50+,6,Master,Other Germany,False,Hybrid
CAN00457,30-39,4,Bachelor,Frankfurt,False,Hybrid
CAN00458,40-49,4,Master,Munich,True,Hybrid
CAN00459,50+,10,Bachelor,Other Germany,False,No preference
CAN00460,40-49,1,Vocational training,Frankfurt,True,On-site
CAN00461,40-49,5,Other,Other Germany,True,Remote
CAN00462,40-49,7,Bachelor,Other Germany,True,Remote
CAN00463,20-29,5,Vocational training,Berlin,False,Remote
CAN00464,40-49,7,Vocational training,Frankfurt,False,Hybrid
CAN00465,40-49,2,Vocational training,Berlin,False,Hybrid
CAN00466,20-29,3,Bachelor,Other Germany,True,Hybrid
CAN00467,20-29,5,Master,Munich,True,Hybrid
CAN00468,30-39,10,Vocational training,Berlin,False,Hybrid
CAN00469,30-39,3,Vocational training,Munich,True,Hybrid
CAN00470,30-39,12,Bachelor,Other Germany,False,Hybrid
CAN00471,50+,7,Doctorate,Outside Germany,False,Hybrid
CAN00472,40-49,10,Vocational training,Frankfurt,False,No preference
CAN00473,30-39,6,Bachelor,Other Germany,True,Hybrid
CAN00474,20-29,3,Vocational training,Frankfurt,False,Hybrid
CAN00475,20-29,2,Vocational training,Other Germany,False,Remote
CAN00476,30-39,2,Bachelor,Berlin,False,Remote
CAN00477,30-39,12,Vocational training,Munich,True,On-site
CAN00478,40-49,1,Doctorate,Berlin,True,No preference
CAN00479,40-49,6,Vocational training,Frankfurt,False,Hybrid
CAN00480,20-29,6,Vocational training,Other Germany,True,Remote
CAN00481,30-39,5,Master,Cologne,True,Remote
CAN00482,40-49,16,Vocational training,Cologne,False,Remote
CAN00483,20-29,10,Bachelor,Outside Germany,True,No preference
CAN00484,20-29,1,Bachelor,Other Germany,True,On-site
CAN00485,40-49,9,Vocational training,Frankfurt,True,Hybrid
CAN00486,50+,9,Bachelor,Cologne,False,No preference
CAN00487,40-49,10,Bachelor,Frankfurt,True,On-site
CAN00488,20-29,1,Vocational training,Cologne,False,On-site
CAN00489,30-39,17,Master,Outside Germany,False,Hybrid
CAN00490,40-49,3,Master,Outside Germany,True,Hybrid
CAN00491,40-49,4,Vocational training,Munich,False,No preference
CAN00492,30-39,6,Bachelor,Berlin,False,No preference
CAN00493,30-39,1,Vocational training,Frankfurt,False,No preference
CAN00494,40-49,2,Vocational training,Cologne,False,Hybrid
CAN00495,30-39,15,Vocational training,Outside Germany,True,Remote
CAN00496,20-29,4,Bachelor,Frankfurt,False,Remote
CAN00497,30-39,7,Bachelor,Frankfurt,False,Remote
CAN00498,30-39,12,Bachelor,Other Germany,True,Hybrid
CAN00499,30-39,3,Vocational training,Cologne,False,Remote
CAN00500,30-39,3,Bachelor,Frankfurt,True,Hybrid
CAN00501,50+,16,Vocational training,Frankfurt,True,On-site
CAN00502,30-39,7,Master,Frankfurt,True,Remote
CAN00503,30-39,14,Master,Hamburg,False,Remote
CAN00504,30-39,4,Bachelor,Hamburg,True,No preference
CAN00505,40-49,6,Bachelor,Hamburg,True,Remote
CAN00506,30-39,11,Bachelor,Frankfurt,False,Hybrid
CAN00507,20-29,3,Bachelor,Frankfurt,False,No preference
CAN00508,30-39,0,Bachelor,Berlin,True,On-site
CAN00509,30-39,2,Bachelor,Berlin,False,No preference
CAN00510,30-39,11,Master,Hamburg,False,Hybrid
CAN00511,30-39,3,Master,Berlin,True,On-site
CAN00512,40-49,7,Master,Munich,False,On-site
CAN00513,40-49,14,Other,Frankfurt,False,Hybrid
CAN00514,30-39,12,Master,Cologne,True,Hybrid
CAN00515,30-39,6,Bachelor,Hamburg,False,Hybrid
CAN00516,40-49,2,Master,Munich,True,Remote
CAN00517,30-39,10,Vocational training,Munich,False,Hybrid
CAN00518,40-49,6,Bachelor,Munich,False,On-site
CAN00519,30-39,1,Master,Other Germany,True,On-site
CAN00520,20-29,2,Bachelor,Frankfurt,False,On-site
CAN00521,40-49,12,Vocational training,Munich,False,No preference
CAN00522,30-39,5,Bachelor,Munich,False,Hybrid
CAN00523,30-39,9,Vocational training,Hamburg,False,Remote
CAN00524,20-29,1,Bachelor,Cologne,True,Hybrid
CAN00525,30-39,6,Vocational training,Cologne,True,Remote
CAN00526,20-29,2,Bachelor,Munich,False,Hybrid
CAN00527,30-39,9,Master,Berlin,False,No preference
CAN00528,30-39,6,Bachelor,Munich,False,Hybrid
CAN00529,30-39,12,Bachelor,Berlin,True,On-site
CAN00530,40-49,8,Bachelor,Hamburg,False,Hybrid
CAN00531,40-49,6,Vocational training,Hamburg,False,Hybrid
CAN00532,40-49,21,Vocational training,Other Germany,True,Hybrid
CAN00533,30-39,9,Bachelor,Frankfurt,False,Hybrid
CAN00534,40-49,2,Master,Cologne,True,No preference
CAN00535,40-49,4,Bachelor,Hamburg,False,Hybrid
CAN00536,20-29,3,Bachelor,Hamburg,True,Hybrid
CAN00537,20-29,2,Master,Berlin,False,No preference
CAN00538,20-29,7,Vocational training,Other Germany,False,Hybrid
CAN00539,40-49,7,Bachelor,Cologne,False,Remote
CAN00540,40-49,10,Bachelor,Other Germany,False,Remote
CAN00541,40-49,16,Vocational training,Frankfurt,False,Remote
CAN00542,30-39,11,Master,Other Germany,False,Hybrid
CAN00543,40-49,8,Master,Cologne,False,Hybrid
CAN00544,40-49,10,Bachelor,Hamburg,True,Remote
CAN00545,40-49,7,Master,Frankfurt,False,Hybrid
CAN00546,20-29,3,Bachelor,Other Germany,False,Hybrid
CAN00547,40-49,23,Bachelor,Berlin,False,Hybrid
CAN00548,20-29,1,Master,Other Germany,True,On-site
CAN00549,30-39,6,Bachelor,Cologne,True,Remote
CAN00550,30-39,5,Bachelor,Frankfurt,True,Hybrid
CAN00551,30-39,6,Vocational training,Munich,False,Remote
CAN00552,50+,10,Vocational training,Other Germany,False,Hybrid
CAN00553,30-39,4,Bachelor,Other Germany,False,No preference
CAN00554,40-49,2,Master,Frankfurt,False,Hybrid
CAN00555,40-49,4,Bachelor,Frankfurt,False,Hybrid
CAN00556,20-29,2,Vocational training,Berlin,True,Remote
CAN00557,30-39,6,Vocational training,Cologne,False,Hybrid
CAN00558,30-39,2,Master,Munich,True,Remote
CAN00559,20-29,2,Master,Munich,False,On-site
CAN00560,50+,18,Vocational training,Other Germany,False,Hybrid
CAN00561,30-39,7,Vocational training,Frankfurt,True,Hybrid
CAN00562,30-39,3,Vocational training,Frankfurt,False,No preference
CAN00563,40-49,6,Master,Frankfurt,True,Hybrid
CAN00564,20-29,3,Vocational training,Other Germany,False,Hybrid
CAN00565,30-39,1,Bachelor,Frankfurt,False,Hybrid
CAN00566,40-49,9,Vocational training,Other Germany,False,Hybrid
CAN00567,30-39,2,Master,Berlin,False,Hybrid
CAN00568,40-49,3,Other,Frankfurt,True,No preference
CAN00569,40-49,7,Doctorate,Other Germany,False,Hybrid
CAN00570,30-39,9,Master,Other Germany,False,Hybrid
CAN00571,40-49,5,Master,Outside Germany,False,No preference
CAN00572,30-39,11,Master,Hamburg,True,Hybrid
CAN00573,30-39,2,Vocational training,Munich,False,No preference
CAN00574,30-39,5,Vocational training,Other Germany,True,Hybrid
CAN00575,30-39,19,Bachelor,Other Germany,False,On-site
CAN00576,40-49,1,Vocational training,Other Germany,False,No preference
CAN00577,30-39,10,Bachelor,Frankfurt,False,Remote
CAN00578,20-29,3,Bachelor,Cologne,True,Hybrid
CAN00579,40-49,6,Vocational training,Cologne,True,Hybrid
CAN00580,20-29,7,Bachelor,Other Germany,False,Remote
CAN00581,30-39,2,Master,Outside Germany,False,Remote
CAN00582,30-39,12,Master,Frankfurt,True,No preference
CAN00583,30-39,4,Master,Munich,False,Remote
CAN00584,20-29,4,Doctorate,Outside Germany,False,Remote
CAN00585,50+,7,Master,Outside Germany,True,Hybrid
CAN00586,40-49,2,Master,Hamburg,True,Hybrid
CAN00587,40-49,3,Bachelor,Munich,False,Hybrid
CAN00588,40-49,5,Vocational training,Frankfurt,True,On-site
CAN00589,40-49,4,Vocational training,Hamburg,True,No preference
CAN00590,20-29,1,Vocational training,Berlin,False,Hybrid
CAN00591,20-29,0,Master,Frankfurt,False,Hybrid
CAN00592,40-49,8,Other,Frankfurt,False,On-site
CAN00593,30-39,5,Master,Hamburg,False,Hybrid
CAN00594,20-29,1,Vocational training,Other Germany,False,No preference
CAN00595,40-49,9,Vocational training,Berlin,False,No preference
CAN00596,40-49,7,Vocational training,Frankfurt,False,On-site
CAN00597,30-39,1,Master,Berlin,True,Hybrid
CAN00598,50+,12,Bachelor,Hamburg,True,Remote
CAN00599,20-29,4,Master,Berlin,False,Hybrid
CAN00600,20-29,2,Vocational training,Hamburg,False,Hybrid
CAN00601,50+,21,Bachelor,Frankfurt,False,On-site
CAN00602,30-39,3,Vocational training,Outside Germany,True,Hybrid
CAN00603,40-49,4,Bachelor,Cologne,False,Hybrid
CAN00604,20-29,2,Vocational training,Berlin,True,Hybrid
CAN00605,20-29,2,Bachelor,Munich,False,Remote
CAN00606,40-49,9,Bachelor,Other Germany,False,No preference
CAN00607,30-39,11,Bachelor,Other Germany,False,Remote
CAN00608,30-39,6,Master,Hamburg,True,No preference
CAN00609,40-49,8,Bachelor,Outside Germany,False,Hybrid
CAN00610,30-39,6,Bachelor,Other Germany,False,No preference
CAN00611,40-49,14,Master,Frankfurt,False,Hybrid
CAN00612,30-39,5,Vocational training,Berlin,False,Hybrid
CAN00613,40-49,12,Master,Berlin,False,Hybrid
CAN00614,20-29,2,Vocational training,Hamburg,False,On-site
CAN00615,40-49,3,Bachelor,Munich,False,On-site
CAN00616,40-49,9,Master,Frankfurt,False,Remote
CAN00617,30-39,13,Vocational training,Frankfurt,True,Hybrid
CAN00618,50+,17,Vocational training,Other Germany,False,Remote
CAN00619,30-39,1,Bachelor,Other Germany,False,On-site
CAN00620,50+,25,Doctorate,Hamburg,True,Hybrid
CAN00621,30-39,9,Vocational training,Frankfurt,False,On-site
CAN00622,30-39,10,Bachelor,Other Germany,True,Hybrid
CAN00623,30-39,4,Other,Hamburg,True,Hybrid
CAN00624,30-39,2,Bachelor,Other Germany,False,No preference
CAN00625,40-49,13,Master,Cologne,False,Hybrid
CAN00626,30-39,3,Master,Frankfurt,False,Remote
CAN00627,30-39,0,Vocational training,Berlin,False,On-site
CAN00628,20-29,1,Bachelor,Other Germany,False,Hybrid
CAN00629,30-39,3,Vocational training,Outside Germany,False,On-site
CAN00630,20-29,3,Master,Other Germany,False,Hybrid
CAN00631,30-39,5,Master,,False,Hybrid
CAN00632,30-39,3,Master,Other Germany,False,Hybrid
CAN00633,30-39,4,Vocational training,,False,Remote
CAN00634,20-29,5,Bachelor,Outside Germany,True,Hybrid
CAN00635,30-39,0,Other,Other Germany,True,Hybrid
CAN00636,40-49,4,Vocational training,Other Germany,True,No preference
CAN00637,20-29,6,Bachelor,Other Germany,False,Remote
CAN00638,30-39,9,Bachelor,Berlin,False,Hybrid
CAN00639,50+,25,Master,Berlin,True,Hybrid
CAN00640,40-49,5,Vocational training,Frankfurt,True,Remote
CAN00641,20-29,3,Vocational training,Hamburg,True,No preference
CAN00642,50+,9,Bachelor,Other Germany,False,No preference
CAN00643,40-49,5,Bachelor,Munich,False,Hybrid
CAN00644,20-29,0,Bachelor,Cologne,False,Hybrid
CAN00645,40-49,9,Bachelor,Hamburg,True,On-site
CAN00646,50+,13,Master,Cologne,True,On-site
CAN00647,40-49,12,Bachelor,Other Germany,False,Remote
CAN00648,30-39,5,Doctorate,Other Germany,True,Hybrid
CAN00649,30-39,13,Bachelor,Hamburg,True,Hybrid
CAN00650,30-39,3,Vocational training,Other Germany,True,Hybrid
CAN00651,30-39,2,Vocational training,Hamburg,False,On-site
CAN00652,30-39,12,Bachelor,Other Germany,True,On-site
CAN00653,40-49,11,Master,Frankfurt,True,No preference
CAN00654,40-49,2,Bachelor,Other Germany,False,Hybrid
CAN00655,50+,9,Master,Berlin,True,Hybrid
CAN00656,40-49,9,Bachelor,Other Germany,False,No preference
CAN00657,30-39,4,Vocational training,Other Germany,False,Hybrid
CAN00658,30-39,3,Vocational training,Berlin,False,On-site
CAN00659,40-49,0,Vocational training,Hamburg,False,No preference
CAN00660,40-49,4,Bachelor,Hamburg,False,Remote
CAN00661,20-29,9,Bachelor,Other Germany,True,Hybrid
CAN00662,20-29,0,Vocational training,Other Germany,True,No preference
CAN00663,30-39,5,Vocational training,Berlin,True,Hybrid
CAN00664,40-49,7,Vocational training,Other Germany,False,On-site
CAN00665,30-39,6,Vocational training,Frankfurt,False,On-site
CAN00666,20-29,5,Vocational training,Cologne,False,Remote
CAN00667,30-39,3,Other,Berlin,True,Hybrid
CAN00668,40-49,10,Bachelor,Other Germany,True,No preference
CAN00669,20-29,5,Vocational training,Berlin,False,Hybrid
CAN00670,40-49,7,Vocational training,Frankfurt,True,Remote
CAN00671,40-49,3,Master,Hamburg,True,Remote
CAN00672,30-39,4,Doctorate,Other Germany,False,Remote
CAN00673,30-39,1,Master,Frankfurt,False,Remote
CAN00674,50+,12,Vocational training,Munich,True,Hybrid
CAN00675,40-49,4,Vocational training,Munich,True,Hybrid
CAN00676,50+,6,Bachelor,Other Germany,False,On-site
CAN00677,40-49,3,Other,Outside Germany,True,Remote
CAN00678,50+,10,Bachelor,Hamburg,False,Hybrid
CAN00679,30-39,10,Bachelor,Berlin,True,Remote
CAN00680,30-39,4,Master,Munich,True,Remote
CAN00681,30-39,7,Bachelor,Munich,True,Hybrid
CAN00682,20-29,4,Bachelor,Berlin,False,Hybrid
CAN00683,30-39,6,Vocational training,Frankfurt,False,No preference
CAN00684,30-39,9,Vocational training,Hamburg,True,Hybrid
CAN00685,40-49,25,Vocational training,Other Germany,False,Remote
CAN00686,20-29,3,Master,Berlin,False,Hybrid
CAN00687,40-49,4,Bachelor,Other Germany,True,Remote
CAN00688,40-49,8,Bachelor,Berlin,False,Hybrid
CAN00689,30-39,1,Vocational training,Cologne,True,Remote
CAN00690,30-39,6,Vocational training,Other Germany,False,Hybrid
CAN00691,30-39,3,Vocational training,Munich,False,No preference
CAN00692,40-49,10,Vocational training,Other Germany,True,Remote
CAN00693,40-49,5,Bachelor,Frankfurt,False,Hybrid
CAN00694,40-49,6,Doctorate,Hamburg,True,On-site
CAN00695,30-39,3,Vocational training,Other Germany,False,Hybrid
CAN00696,40-49,11,Vocational training,Hamburg,False,No preference
CAN00697,20-29,8,Bachelor,Frankfurt,False,Hybrid
CAN00698,40-49,6,Bachelor,Berlin,False,Hybrid
CAN00699,40-49,17,Master,Cologne,False,Remote
CAN00700,40-49,5,Bachelor,Munich,True,Hybrid
CAN00701,40-49,6,Bachelor,Outside Germany,True,Remote
CAN00702,50+,14,Doctorate,Munich,True,Remote
CAN00703,20-29,3,Vocational training,Hamburg,False,Remote
CAN00704,40-49,5,Master,Munich,True,Hybrid
CAN00705,30-39,7,Bachelor,Berlin,True,No preference
CAN00706,50+,6,Master,Cologne,False,Hybrid
CAN00707,20-29,2,Master,Cologne,False,Hybrid
CAN00708,20-29,2,Other,Hamburg,False,No preference
CAN00709,40-49,17,Vocational training,Other Germany,True,No preference
CAN00710,40-49,6,Vocational training,Berlin,False,Hybrid
CAN00711,40-49,7,Master,Berlin,True,On-site
CAN00712,30-39,2,Bachelor,Other Germany,True,Remote
CAN00713,30-39,10,Master,Frankfurt,True,Hybrid
CAN00714,30-39,8,Vocational training,Berlin,False,Hybrid
CAN00715,40-49,4,Bachelor,Berlin,True,On-site
CAN00716,30-39,10,Master,Munich,True,Hybrid
CAN00717,30-39,3,Bachelor,Other Germany,False,Hybrid
CAN00718,50+,16,Bachelor,Munich,False,Hybrid
CAN00719,30-39,2,Vocational training,Munich,True,No preference
CAN00720,30-39,5,Master,Hamburg,False,Hybrid
CAN00721,40-49,4,Master,Cologne,True,Hybrid
CAN00722,40-49,4,Other,Other Germany,True,Hybrid
CAN00723,40-49,2,Master,Other Germany,False,Remote
CAN00724,20-29,2,Vocational training,Cologne,False,Remote
CAN00725,30-39,3,Vocational training,Frankfurt,False,No preference
CAN00726,40-49,1,Bachelor,Cologne,True,Remote
CAN00727,30-39,4,Bachelor,Other Germany,False,Hybrid
CAN00728,30-39,8,Bachelor,Other Germany,True,No preference
CAN00729,20-29,3,Bachelor,Munich,False,Hybrid
CAN00730,30-39,2,Other,Cologne,True,Hybrid
CAN00731,40-49,10,Vocational training,Outside Germany,True,Hybrid
CAN00732,20-29,3,Vocational training,Berlin,False,Remote
CAN00733,40-49,7,Bachelor,Other Germany,True,On-site
CAN00734,30-39,3,Vocational training,Other Germany,True,Remote
CAN00735,30-39,4,Vocational training,Frankfurt,False,Hybrid
CAN00736,40-49,13,Bachelor,Berlin,False,Hybrid
CAN00737,40-49,2,Master,Other Germany,True,Hybrid
CAN00738,30-39,1,Vocational training,Berlin,True,Remote
CAN00739,30-39,5,Vocational training,Hamburg,True,On-site
CAN00740,50+,14,Bachelor,Cologne,False,Hybrid
CAN00741,30-39,3,Master,Other Germany,True,No preference
CAN00742,30-39,5,Vocational training,Berlin,False,Remote
CAN00743,30-39,6,Bachelor,Munich,True,On-site
CAN00744,40-49,4,Master,Frankfurt,True,On-site
CAN00745,40-49,4,Master,Hamburg,True,Hybrid
CAN00746,30-39,1,Vocational training,Frankfurt,False,On-site
CAN00747,30-39,6,Bachelor,Berlin,False,Hybrid
CAN00748,30-39,3,Doctorate,Berlin,True,Hybrid
CAN00749,50+,12,Vocational training,Hamburg,False,Remote
CAN00750,20-29,1,Vocational training,Other Germany,True,No preference
CAN00751,30-39,5,Master,,False,Hybrid
CAN00752,50+,6,Bachelor,Berlin,False,Hybrid
CAN00753,30-39,7,Bachelor,Cologne,True,Hybrid
CAN00754,30-39,9,Vocational training,Hamburg,False,Remote
CAN00755,40-49,10,Master,Cologne,False,On-site
CAN00756,30-39,2,Vocational training,Other Germany,True,No preference
CAN00757,40-49,12,Vocational training,Other Germany,False,Hybrid
CAN00758,30-39,9,Vocational training,Other Germany,True,Remote
CAN00759,50+,20,Vocational training,Other Germany,False,No preference
CAN00760,30-39,12,Doctorate,Cologne,True,On-site
CAN00761,50+,8,Vocational training,Other Germany,False,On-site
CAN00762,20-29,8,Vocational training,Cologne,False,Hybrid
CAN00763,20-29,2,Vocational training,Munich,False,Remote
CAN00764,20-29,1,Vocational training,Munich,False,Hybrid
CAN00765,20-29,5,Vocational training,Frankfurt,True,Remote
CAN00766,20-29,1,Bachelor,Other Germany,False,On-site
CAN00767,40-49,19,Bachelor,Berlin,False,Hybrid
CAN00768,40-49,4,Vocational training,Other Germany,False,No preference
CAN00769,40-49,5,Bachelor,Outside Germany,False,Remote
CAN00770,30-39,2,Master,Berlin,False,Remote
CAN00771,40-49,14,Vocational training,Other Germany,False,Hybrid
CAN00772,40-49,3,Master,Munich,False,On-site
CAN00773,40-49,4,Bachelor,Outside Germany,False,On-site
CAN00774,30-39,5,Vocational training,Munich,False,Hybrid
CAN00775,20-29,2,Bachelor,Other Germany,True,Hybrid
CAN00776,20-29,4,Bachelor,Outside Germany,False,Remote
CAN00777,20-29,1,Bachelor,Other Germany,False,Hybrid
CAN00778,20-29,3,Bachelor,Other Germany,True,Hybrid
CAN00779,40-49,4,Vocational training,Other Germany,False,No preference
CAN00780,20-29,3,Master,Other Germany,False,Hybrid
CAN00781,30-39,14,Master,Hamburg,True,Remote
CAN00782,50+,12,Master,Munich,False,Remote
CAN00783,30-39,7,Vocational training,Cologne,True,Hybrid
CAN00784,40-49,15,Master,Other Germany,True,Remote
CAN00785,30-39,6,Vocational training,Other Germany,False,Hybrid
CAN00786,40-49,2,Master,Other Germany,True,Remote
CAN00787,40-49,4,Bachelor,Other Germany,False,Hybrid
CAN00788,20-29,2,Bachelor,Other Germany,True,No preference
CAN00789,20-29,6,Vocational training,Other Germany,False,Remote
CAN00790,40-49,6,Bachelor,Other Germany,True,Hybrid
CAN00791,20-29,1,Bachelor,Frankfurt,False,No preference
CAN00792,40-49,10,Vocational training,Other Germany,True,Hybrid
CAN00793,30-39,3,Bachelor,Cologne,True,Hybrid
CAN00794,20-29,1,Bachelor,Hamburg,False,Hybrid
CAN00795,20-29,2,Vocational training,Munich,False,Hybrid
CAN00796,30-39,5,Bachelor,Cologne,True,Hybrid
CAN00797,40-49,4,Bachelor,Frankfurt,False,Hybrid
CAN00798,20-29,2,Bachelor,Munich,True,On-site
CAN00799,20-29,0,Other,Other Germany,False,Remote
CAN00800,20-29,9,Bachelor,Berlin,False,Remote
CAN00801,30-39,1,Vocational training,Other Germany,True,No preference
CAN00802,40-49,2,Vocational training,Other Germany,False,No preference
CAN00803,30-39,5,Bachelor,Other Germany,False,On-site
CAN00804,20-29,3,Bachelor,Frankfurt,False,On-site
CAN00805,50+,8,Bachelor,Berlin,False,On-site
CAN00806,40-49,7,Vocational training,Hamburg,True,Hybrid
CAN00807,40-49,3,Master,Other Germany,True,Hybrid
CAN00808,20-29,2,Other,Cologne,True,No preference
CAN00809,30-39,2,Bachelor,Cologne,True,Remote
CAN00810,40-49,10,Vocational training,Munich,True,No preference
CAN00811,40-49,11,Other,Other Germany,False,Remote
CAN00812,30-39,1,Bachelor,Frankfurt,False,No preference
CAN00813,20-29,3,Other,Hamburg,False,On-site
CAN00814,40-49,10,Vocational training,Berlin,True,Hybrid
CAN00815,30-39,8,Vocational training,Other Germany,True,On-site
CAN00816,30-39,2,Master,Other Germany,False,Remote
CAN00817,30-39,13,Master,Other Germany,True,On-site
CAN00818,20-29,9,Master,Berlin,False,Remote
CAN00819,50+,20,Doctorate,Cologne,False,Hybrid
CAN00820,20-29,6,Bachelor,Other Germany,True,Remote
CAN00821,30-39,3,Vocational training,Frankfurt,False,Hybrid
CAN00822,30-39,9,Master,Hamburg,True,Hybrid
CAN00823,30-39,12,Other,Other Germany,False,Hybrid
CAN00824,40-49,9,Bachelor,Berlin,False,Remote
CAN00825,30-39,7,Vocational training,Berlin,False,Remote
CAN00826,30-39,10,Vocational training,Other Germany,True,Remote
CAN00827,30-39,11,Bachelor,Other Germany,True,On-site
CAN00828,50+,16,Vocational training,Munich,False,Hybrid
CAN00829,40-49,3,Vocational training,Berlin,True,Hybrid
CAN00830,40-49,5,Vocational training,Other Germany,False,On-site
CAN00831,30-39,4,Bachelor,Other Germany,False,Remote
CAN00832,40-49,7,Bachelor,Outside Germany,True,Hybrid
CAN00833,50+,11,Bachelor,Frankfurt,True,No preference
CAN00834,40-49,14,Bachelor,Frankfurt,False,Hybrid
CAN00835,50+,10,Bachelor,Cologne,True,Hybrid
CAN00836,20-29,1,Bachelor,Outside Germany,True,Hybrid
CAN00837,40-49,0,Vocational training,Frankfurt,False,On-site
CAN00838,30-39,10,Bachelor,Berlin,False,No preference
CAN00839,40-49,8,Vocational training,Other Germany,False,On-site
CAN00840,20-29,4,Bachelor,Hamburg,False,Remote
CAN00841,40-49,14,Vocational training,Munich,True,Hybrid
CAN00842,50+,21,Bachelor,Munich,False,Remote
CAN00843,30-39,9,Bachelor,Outside Germany,False,No preference
CAN00844,30-39,10,Master,Hamburg,False,Remote
CAN00845,20-29,2,Master,Cologne,True,Remote
CAN00846,30-39,5,Bachelor,Frankfurt,False,On-site
CAN00847,20-29,5,Master,Other Germany,True,Remote
CAN00848,40-49,2,Master,Berlin,False,Remote
CAN00849,40-49,11,Vocational training,Frankfurt,False,Remote
CAN00850,40-49,4,Vocational training,Cologne,False,On-site
CAN00851,30-39,5,Vocational training,Other Germany,True,Remote
CAN00852,40-49,6,Master,Frankfurt,True,Hybrid
CAN00853,20-29,6,Vocational training,Other Germany,True,Hybrid
CAN00854,30-39,8,Master,Other Germany,False,No preference
CAN00855,20-29,4,Master,Other Germany,False,Remote
CAN00856,40-49,4,Vocational training,Frankfurt,False,Remote
CAN00857,20-29,1,Bachelor,Munich,True,Remote
CAN00858,30-39,13,Master,Other Germany,True,Hybrid
CAN00859,30-39,8,Bachelor,Other Germany,True,Hybrid
CAN00860,40-49,8,Vocational training,Other Germany,False,Remote
CAN00861,20-29,7,Vocational training,Munich,False,No preference
CAN00862,30-39,2,Vocational training,Hamburg,True,Hybrid
CAN00863,40-49,7,Master,Cologne,False,Hybrid
CAN00864,20-29,7,Other,Munich,False,No preference
CAN00865,30-39,4,Vocational training,Frankfurt,False,Hybrid
CAN00866,50+,10,Master,Berlin,False,Hybrid
CAN00867,30-39,3,Master,Hamburg,False,Remote
CAN00868,30-39,6,Other,Cologne,True,No preference
CAN00869,40-49,10,Bachelor,Hamburg,True,On-site
CAN00870,30-39,1,Bachelor,Berlin,False,Hybrid
CAN00871,50+,12,Vocational training,Berlin,True,Hybrid
CAN00872,20-29,4,Vocational training,Frankfurt,False,No preference
CAN00873,30-39,6,Vocational training,Other Germany,False,Remote
CAN00874,40-49,7,Master,Frankfurt,False,Hybrid
CAN00875,40-49,6,Other,Other Germany,False,No preference
CAN00876,20-29,5,Bachelor,Hamburg,True,Remote
CAN00877,20-29,3,Bachelor,Hamburg,False,Remote
CAN00878,30-39,2,Master,Other Germany,True,On-site
CAN00879,30-39,0,Vocational training,Hamburg,True,No preference
CAN00880,30-39,0,Bachelor,Hamburg,True,Hybrid
CAN00881,40-49,1,Bachelor,Other Germany,True,Hybrid
CAN00882,40-49,9,Master,Hamburg,False,Hybrid
CAN00883,40-49,9,Bachelor,Other Germany,False,No preference
CAN00884,40-49,4,Bachelor,Hamburg,False,Remote
CAN00885,40-49,7,Master,Frankfurt,False,Remote
CAN00886,20-29,3,Master,Hamburg,False,Remote
CAN00887,40-49,7,Bachelor,,True,Remote
CAN00888,30-39,9,Vocational training,Other Germany,False,Hybrid
CAN00889,30-39,3,Bachelor,Other Germany,False,Remote
CAN00890,20-29,4,Master,Frankfurt,False,Remote
CAN00891,20-29,4,Bachelor,Cologne,True,Hybrid
CAN00892,30-39,4,Vocational training,Cologne,False,Remote
CAN00893,40-49,19,Master,Other Germany,False,No preference
CAN00894,30-39,12,Bachelor,Frankfurt,False,No preference
CAN00895,50+,16,Vocational training,Frankfurt,False,On-site
CAN00896,20-29,1,Vocational training,Outside Germany,False,Hybrid
CAN00897,20-29,4,Bachelor,Hamburg,True,Remote
CAN00898,20-29,0,Bachelor,Other Germany,False,Hybrid
CAN00899,30-39,10,Bachelor,Berlin,False,Hybrid
CAN00900,40-49,7,Bachelor,Munich,True,On-site
CAN00901,40-49,2,Vocational training,Berlin,False,Hybrid
CAN00902,30-39,14,Master,Berlin,False,No preference
CAN00903,30-39,5,Master,Other Germany,True,Remote
CAN00904,40-49,9,Vocational training,Frankfurt,True,Hybrid
CAN00905,30-39,9,Vocational training,Cologne,False,Hybrid
CAN00906,20-29,5,Vocational training,Munich,False,Hybrid
CAN00907,30-39,4,Master,Hamburg,False,Hybrid
CAN00908,20-29,3,Bachelor,Other Germany,False,Hybrid
CAN00909,20-29,4,Vocational training,Frankfurt,False,Remote
CAN00910,40-49,9,Master,Berlin,False,Hybrid
CAN00911,30-39,2,Vocational training,Hamburg,False,On-site
CAN00912,30-39,1,Bachelor,Other Germany,False,On-site
CAN00913,20-29,3,Master,Frankfurt,True,On-site
CAN00914,40-49,20,Vocational training,Other Germany,True,Hybrid
CAN00915,40-49,9,Bachelor,Other Germany,False,No preference
CAN00916,20-29,6,Bachelor,Other Germany,True,No preference
CAN00917,30-39,11,Bachelor,Berlin,True,Remote
CAN00918,50+,15,Other,Hamburg,False,Remote
CAN00919,40-49,11,Bachelor,Berlin,False,Hybrid
CAN00920,40-49,6,Bachelor,Frankfurt,True,Hybrid
CAN00921,50+,6,Master,Other Germany,False,Remote
CAN00922,40-49,5,Master,Other Germany,True,Hybrid
CAN00923,50+,7,Vocational training,Outside Germany,True,No preference
CAN00924,30-39,10,Vocational training,Cologne,True,Remote
CAN00925,40-49,4,Bachelor,Berlin,False,Hybrid
CAN00926,30-39,2,Bachelor,Hamburg,False,Remote
CAN00927,20-29,2,Other,Cologne,True,Hybrid
CAN00928,50+,8,Vocational training,Other Germany,False,Hybrid
CAN00929,20-29,2,Vocational training,Frankfurt,False,Remote
CAN00930,40-49,1,Bachelor,Other Germany,True,Remote
CAN00931,20-29,7,Vocational training,Frankfurt,False,Remote
CAN00932,40-49,9,Bachelor,Cologne,False,No preference
CAN00933,30-39,8,Master,Cologne,True,No preference
CAN00934,30-39,4,Bachelor,Berlin,False,No preference
CAN00935,40-49,6,Master,Frankfurt,True,Hybrid
CAN00936,30-39,6,Bachelor,Munich,False,Remote
CAN00937,40-49,6,Vocational training,Other Germany,True,Remote
CAN00938,30-39,11,Master,Other Germany,False,Hybrid
CAN00939,40-49,5,Vocational training,Cologne,True,On-site
CAN00940,50+,16,Vocational training,Other Germany,False,No preference
CAN00941,30-39,9,Other,Berlin,True,Hybrid
CAN00942,40-49,18,Vocational training,Cologne,False,Hybrid
CAN00943,30-39,4,Other,Other Germany,False,Hybrid
CAN00944,20-29,5,Vocational training,Frankfurt,True,On-site
CAN00945,20-29,1,Bachelor,Outside Germany,False,Hybrid
CAN00946,30-39,7,Bachelor,Outside Germany,False,Hybrid
CAN00947,30-39,8,Vocational training,Berlin,False,Remote
CAN00948,40-49,3,Bachelor,Outside Germany,False,Hybrid
CAN00949,30-39,3,Bachelor,Frankfurt,False,Remote
CAN00950,30-39,5,Vocational training,Cologne,False,On-site
CAN00951,50+,11,Bachelor,Other Germany,False,On-site
CAN00952,20-29,7,Bachelor,Munich,False,On-site
CAN00953,30-39,11,Master,Berlin,True,Hybrid
CAN00954,20-29,4,Other,Berlin,False,Hybrid
CAN00955,30-39,2,Vocational training,Berlin,False,Hybrid
CAN00956,40-49,11,Bachelor,Berlin,True,Hybrid
CAN00957,40-49,7,Bachelor,Cologne,False,Remote
CAN00958,30-39,1,Bachelor,Other Germany,False,Remote
CAN00959,50+,10,Bachelor,Berlin,False,Hybrid
CAN00960,40-49,11,Other,Frankfurt,False,Remote
CAN00961,40-49,3,Vocational training,Cologne,False,Remote
CAN00962,40-49,5,Bachelor,Hamburg,True,On-site
CAN00963,20-29,5,Vocational training,Cologne,False,Remote
CAN00964,30-39,1,Vocational training,Outside Germany,False,Remote
CAN00965,20-29,2,Master,Munich,False,On-site
CAN00966,40-49,13,Vocational training,Other Germany,False,No preference
CAN00967,20-29,2,Bachelor,Hamburg,False,On-site
CAN00968,50+,12,Other,Outside Germany,False,Hybrid
CAN00969,20-29,3,Master,Hamburg,False,No preference
CAN00970,30-39,11,Master,Hamburg,True,Hybrid
CAN00971,30-39,2,Vocational training,Hamburg,True,Hybrid
CAN00972,40-49,13,Vocational training,Other Germany,False,Hybrid
CAN00973,30-39,1,Vocational training,Berlin,True,No preference
CAN00974,30-39,10,Vocational training,Cologne,True,Hybrid
CAN00975,40-49,1,Vocational training,Other Germany,True,Hybrid
CAN00976,30-39,11,Bachelor,Other Germany,False,Hybrid
CAN00977,40-49,5,Bachelor,Berlin,False,Hybrid
CAN00978,20-29,5,Bachelor,Cologne,False,Hybrid
CAN00979,40-49,5,Other,Frankfurt,True,No preference
CAN00980,20-29,3,Vocational training,Other Germany,False,No preference
CAN00981,30-39,6,Master,Other Germany,False,Remote
CAN00982,40-49,3,Bachelor,Frankfurt,False,Hybrid
CAN00983,40-49,6,Master,Other Germany,False,Hybrid
CAN00984,40-49,14,Bachelor,Berlin,False,Hybrid
CAN00985,40-49,6,Vocational training,Frankfurt,False,Hybrid
CAN00986,50+,13,Other,Outside Germany,True,Remote
CAN00987,40-49,11,Master,Other Germany,True,Remote
CAN00988,30-39,7,Bachelor,Cologne,False,Hybrid
CAN00989,40-49,4,Vocational training,Munich,False,Hybrid
CAN00990,20-29,3,Vocational training,Munich,True,On-site
CAN00991,50+,14,Other,Outside Germany,False,Remote
CAN00992,40-49,14,Vocational training,Cologne,False,No preference
CAN00993,50+,12,Vocational training,Other Germany,False,Remote
CAN00994,40-49,4,Bachelor,Munich,False,On-site
CAN00995,20-29,4,Bachelor,Frankfurt,False,Hybrid
CAN00996,30-39,4,Vocational training,Other Germany,False,Hybrid
CAN00997,40-49,16,Master,Munich,True,No preference
CAN00998,40-49,10,Vocational training,Hamburg,False,Hybrid
CAN00999,30-39,1,Vocational training,Munich,True,Hybrid
CAN01000,50+,22,Vocational training,Other Germany,False,Hybrid
CAN01001,30-39,12,Bachelor,Frankfurt,True,On-site
CAN01002,30-39,5,Vocational training,Hamburg,False,Remote
CAN01003,50+,7,Vocational training,Cologne,True,Hybrid
CAN01004,40-49,6,Vocational training,Munich,False,Hybrid
CAN01005,30-39,10,Bachelor,Frankfurt,True,On-site
CAN01006,30-39,6,Bachelor,Cologne,False,Hybrid
CAN01007,50+,16,Bachelor,Hamburg,True,Remote
CAN01008,40-49,4,Master,Munich,True,Hybrid
CAN01009,30-39,2,Master,Other Germany,False,Hybrid
CAN01010,20-29,3,Bachelor,Hamburg,False,Hybrid
CAN01011,40-49,9,Bachelor,Other Germany,False,Hybrid
CAN01012,20-29,6,Master,Frankfurt,False,No preference
CAN01013,40-49,4,Vocational training,Other Germany,False,Remote
CAN01014,20-29,2,Bachelor,Frankfurt,True,On-site
CAN01015,50+,11,Vocational training,Hamburg,True,Hybrid
CAN01016,30-39,7,Vocational training,Berlin,True,Remote
CAN01017,30-39,3,Bachelor,Other Germany,True,Remote
CAN01018,30-39,3,Vocational training,Berlin,False,Hybrid
CAN01019,40-49,6,Bachelor,Hamburg,False,Hybrid
CAN01020,40-49,8,Vocational training,Frankfurt,False,Hybrid
CAN01021,20-29,2,Vocational training,Munich,False,On-site
CAN01022,40-49,5,Master,Hamburg,False,Remote
CAN01023,40-49,6,Master,Other Germany,False,Hybrid
CAN01024,30-39,1,Vocational training,Berlin,False,Hybrid
CAN01025,30-39,1,Other,Other Germany,False,Hybrid
CAN01026,40-49,3,Vocational training,Other Germany,True,Remote
CAN01027,40-49,6,Master,Frankfurt,False,Hybrid
CAN01028,50+,17,Master,Frankfurt,False,No preference
CAN01029,50+,18,Master,Other Germany,False,No preference
CAN01030,50+,10,Bachelor,Frankfurt,False,On-site
CAN01031,50+,13,Master,Outside Germany,True,Hybrid
CAN01032,30-39,1,Bachelor,Frankfurt,False,No preference
CAN01033,30-39,3,Vocational training,Berlin,False,Hybrid
CAN01034,30-39,7,Vocational training,Munich,False,Hybrid
CAN01035,50+,9,Bachelor,Other Germany,False,On-site
CAN01036,30-39,8,Bachelor,Other Germany,False,Hybrid
CAN01037,40-49,10,Bachelor,Outside Germany,False,Hybrid
CAN01038,50+,9,Master,Cologne,False,Hybrid
CAN01039,40-49,8,Vocational training,Other Germany,True,Hybrid
CAN01040,20-29,5,Bachelor,Other Germany,False,Remote
CAN01041,20-29,7,Vocational training,Other Germany,True,Hybrid
CAN01042,20-29,2,Vocational training,Munich,False,On-site
CAN01043,50+,8,Vocational training,Hamburg,False,No preference
CAN01044,20-29,2,Bachelor,Other Germany,True,No preference
CAN01045,40-49,10,Vocational training,Other Germany,True,Hybrid
CAN01046,50+,16,Vocational training,Berlin,True,Hybrid
CAN01047,40-49,19,Master,Other Germany,True,Hybrid
CAN01048,20-29,0,Bachelor,Other Germany,True,Remote
CAN01049,20-29,4,Vocational training,Cologne,False,Remote
CAN01050,40-49,2,Bachelor,Munich,True,Remote
CAN01051,40-49,4,Master,Frankfurt,False,Remote
CAN01052,40-49,2,Vocational training,Other Germany,False,Hybrid
CAN01053,40-49,3,Bachelor,Cologne,True,Hybrid
CAN01054,30-39,2,Vocational training,Other Germany,False,Remote
CAN01055,50+,19,Vocational training,Hamburg,True,Hybrid
CAN01056,20-29,3,Bachelor,Outside Germany,False,Hybrid
CAN01057,40-49,3,Vocational training,Other Germany,True,No preference
CAN01058,40-49,1,Vocational training,Hamburg,True,No preference
CAN01059,30-39,4,Vocational training,Hamburg,True,No preference
CAN01060,30-39,3,Vocational training,Hamburg,False,Hybrid
CAN01061,40-49,3,Master,Other Germany,False,Hybrid
CAN01062,30-39,5,Bachelor,Other Germany,False,On-site
CAN01063,40-49,4,Bachelor,Hamburg,False,Remote
CAN01064,50+,25,Vocational training,Hamburg,True,Hybrid
CAN01065,30-39,15,Vocational training,Frankfurt,False,Hybrid
CAN01066,40-49,2,Vocational training,Munich,False,Remote
CAN01067,40-49,4,Bachelor,Berlin,True,Hybrid
CAN01068,40-49,5,Bachelor,Hamburg,True,Hybrid
CAN01069,30-39,10,Bachelor,Munich,True,Hybrid
CAN01070,30-39,13,Vocational training,Other Germany,True,On-site
CAN01071,30-39,7,Vocational training,Frankfurt,False,No preference
CAN01072,40-49,5,Master,Frankfurt,False,Remote
CAN01073,20-29,0,Vocational training,Other Germany,False,Remote
CAN01074,20-29,1,Master,Other Germany,False,Hybrid
CAN01075,20-29,4,Master,Berlin,True,On-site
CAN01076,40-49,8,Vocational training,Frankfurt,False,Hybrid
CAN01077,20-29,3,Bachelor,Other Germany,False,Hybrid
CAN01078,20-29,6,Master,Other Germany,True,Remote
CAN01079,30-39,16,Bachelor,Frankfurt,True,Remote
CAN01080,30-39,6,Vocational training,Berlin,False,On-site
CAN01081,30-39,4,Vocational training,Berlin,True,Remote
CAN01082,40-49,2,Bachelor,Frankfurt,False,On-site
CAN01083,30-39,13,Other,Frankfurt,False,Hybrid
CAN01084,30-39,1,Vocational training,Berlin,True,On-site
CAN01085,20-29,2,Bachelor,Other Germany,False,Hybrid
CAN01086,20-29,7,Vocational training,Cologne,False,Hybrid
CAN01087,40-49,2,Bachelor,Outside Germany,False,Remote
CAN01088,40-49,10,Bachelor,Frankfurt,True,Hybrid
CAN01089,30-39,1,Master,Munich,False,Remote
CAN01090,30-39,3,Master,Other Germany,False,Hybrid
CAN01091,30-39,3,Master,Frankfurt,False,No preference
CAN01092,40-49,4,Vocational training,Cologne,True,Hybrid
CAN01093,40-49,5,Vocational training,Other Germany,False,Hybrid
CAN01094,20-29,3,Bachelor,Cologne,True,Hybrid
CAN01095,40-49,8,Other,Outside Germany,False,Remote
CAN01096,40-49,5,Vocational training,Frankfurt,False,On-site
CAN01097,20-29,5,Other,Frankfurt,False,Remote
CAN01098,50+,10,Vocational training,Frankfurt,True,Hybrid
CAN01099,40-49,5,Master,Cologne,False,On-site
CAN01100,20-29,3,Bachelor,Other Germany,True,Hybrid
CAN01101,30-39,4,Vocational training,Berlin,True,Hybrid
CAN01102,30-39,0,Bachelor,Frankfurt,False,Hybrid
CAN01103,50+,13,Vocational training,Munich,True,Hybrid
CAN01104,40-49,2,Vocational training,Other Germany,False,Hybrid
CAN01105,30-39,0,Vocational training,Frankfurt,False,Hybrid
CAN01106,40-49,10,Vocational training,Hamburg,False,Hybrid
CAN01107,30-39,6,Bachelor,Other Germany,True,Remote
CAN01108,40-49,6,Bachelor,Frankfurt,True,On-site
CAN01109,40-49,4,Bachelor,Hamburg,False,Hybrid
CAN01110,30-39,4,Bachelor,Other Germany,True,Hybrid
CAN01111,30-39,8,Bachelor,Other Germany,False,Hybrid
CAN01112,40-49,7,Vocational training,Other Germany,False,Remote
CAN01113,50+,15,Vocational training,Munich,True,Remote
CAN01114,40-49,8,Bachelor,Berlin,True,Remote
CAN01115,40-49,6,Bachelor,Other Germany,False,Remote
CAN01116,50+,17,Vocational training,Other Germany,False,No preference
CAN01117,40-49,5,Master,Hamburg,False,Remote
CAN01118,30-39,10,Vocational training,Berlin,False,Hybrid
CAN01119,40-49,10,Bachelor,Berlin,True,Remote
CAN01120,30-39,0,Vocational training,Cologne,False,Hybrid
CAN01121,40-49,4,Bachelor,Hamburg,True,No preference
CAN01122,40-49,3,Vocational training,Hamburg,False,Remote
CAN01123,30-39,8,Master,Frankfurt,False,Hybrid
CAN01124,40-49,4,Vocational training,Frankfurt,False,On-site
CAN01125,40-49,1,Vocational training,Frankfurt,True,Remote
CAN01126,30-39,5,Vocational training,Berlin,True,Hybrid
CAN01127,30-39,4,Bachelor,Frankfurt,False,Remote
CAN01128,30-39,7,Other,Munich,True,Remote
CAN01129,30-39,5,Master,Frankfurt,False,Hybrid
CAN01130,20-29,2,Bachelor,Berlin,False,No preference
CAN01131,30-39,1,Vocational training,Other Germany,False,Hybrid
CAN01132,50+,13,Vocational training,Frankfurt,False,Hybrid
CAN01133,40-49,4,Bachelor,Other Germany,True,Hybrid
CAN01134,50+,17,Vocational training,Berlin,False,Remote
CAN01135,50+,25,Master,Hamburg,True,No preference
CAN01136,30-39,9,Master,Berlin,False,Hybrid
CAN01137,20-29,4,Vocational training,Other Germany,True,On-site
CAN01138,40-49,7,Vocational training,Berlin,False,On-site
CAN01139,40-49,3,Bachelor,Berlin,False,On-site
CAN01140,20-29,3,Vocational training,Frankfurt,True,No preference
CAN01141,30-39,9,Bachelor,Berlin,True,Hybrid
CAN01142,40-49,5,Bachelor,Frankfurt,False,Remote
CAN01143,50+,22,Bachelor,Frankfurt,False,Hybrid
CAN01144,20-29,3,Vocational training,Frankfurt,False,Remote
CAN01145,30-39,3,Bachelor,Berlin,False,Hybrid
CAN01146,20-29,8,Master,Other Germany,True,No preference
CAN01147,30-39,6,Vocational training,Berlin,False,Hybrid
CAN01148,20-29,2,Bachelor,Other Germany,False,Remote
CAN01149,40-49,0,Vocational training,Frankfurt,False,On-site
CAN01150,30-39,7,Vocational training,Frankfurt,True,On-site
CAN01151,50+,13,Master,Berlin,True,No preference
CAN01152,50+,14,Vocational training,Cologne,False,Remote
CAN01153,50+,11,Master,Cologne,False,Remote
CAN01154,30-39,10,Bachelor,Hamburg,True,Hybrid
CAN01155,40-49,11,Bachelor,Munich,False,Hybrid
CAN01156,30-39,3,Master,Hamburg,False,Remote
CAN01157,30-39,9,Bachelor,Munich,False,Hybrid
CAN01158,20-29,3,Vocational training,Cologne,True,Hybrid
CAN01159,40-49,7,Vocational training,Munich,True,No preference
CAN01160,30-39,9,Vocational training,Cologne,False,Hybrid
CAN01161,50+,9,Bachelor,Other Germany,False,Hybrid
CAN01162,40-49,5,Master,Other Germany,False,No preference
CAN01163,30-39,5,Other,Cologne,False,Hybrid
CAN01164,40-49,23,Bachelor,Berlin,False,Remote
CAN01165,40-49,2,Master,Berlin,False,Hybrid
CAN01166,50+,12,Master,Frankfurt,False,Remote
CAN01167,30-39,5,Bachelor,Other Germany,False,Remote
CAN01168,40-49,5,Vocational training,Cologne,False,No preference
CAN01169,40-49,1,Master,Frankfurt,False,On-site
CAN01170,40-49,5,Master,Frankfurt,False,Hybrid
CAN01171,30-39,7,Vocational training,Other Germany,False,Hybrid
CAN01172,40-49,1,Bachelor,Cologne,True,Hybrid
CAN01173,20-29,3,Bachelor,Frankfurt,False,On-site
CAN01174,40-49,5,Vocational training,Berlin,False,On-site
CAN01175,20-29,4,Other,Outside Germany,False,Hybrid
CAN01176,40-49,9,Master,Other Germany,False,No preference
CAN01177,40-49,2,Vocational training,Berlin,False,No preference
CAN01178,40-49,10,Vocational training,Cologne,False,Remote
CAN01179,30-39,1,Other,Berlin,True,On-site
CAN01180,20-29,2,Master,Other Germany,False,No preference
CAN01181,20-29,3,Vocational training,Cologne,False,Hybrid
CAN01182,20-29,1,Bachelor,Cologne,True,On-site
CAN01183,40-49,6,Master,Cologne,False,On-site
CAN01184,50+,8,Vocational training,Frankfurt,False,Remote
CAN01185,40-49,8,Master,Cologne,True,No preference
CAN01186,40-49,6,Doctorate,Cologne,False,Hybrid
CAN01187,20-29,4,Master,Berlin,False,On-site
CAN01188,40-49,16,Vocational training,Hamburg,False,Remote
CAN01189,40-49,3,Vocational training,Berlin,False,Hybrid
CAN01190,30-39,0,Vocational training,Other Germany,False,Hybrid
CAN01191,50+,12,Bachelor,Frankfurt,False,Hybrid
CAN01192,20-29,5,Bachelor,Munich,True,Remote
CAN01193,30-39,5,Bachelor,Berlin,True,Hybrid
CAN01194,30-39,12,Vocational training,Frankfurt,False,Hybrid
CAN01195,30-39,11,Other,Other Germany,False,Remote
CAN01196,20-29,0,Vocational training,Frankfurt,False,Hybrid
CAN01197,40-49,11,Bachelor,Cologne,False,No preference
CAN01198,50+,8,Doctorate,Cologne,False,Hybrid
CAN01199,30-39,5,Bachelor,Cologne,False,Remote
CAN01200,40-49,13,Vocational training,Berlin,False,Remote
CAN01201,20-29,5,Bachelor,Berlin,False,Remote
CAN01202,40-49,10,Doctorate,Cologne,False,On-site
CAN01203,30-39,4,Vocational training,Berlin,False,On-site
CAN01204,40-49,17,Bachelor,Berlin,False,No preference
CAN01205,40-49,8,Bachelor,Munich,False,Hybrid
CAN01206,40-49,4,Other,Other Germany,True,Remote
CAN01207,40-49,6,Master,Other Germany,False,Hybrid
CAN01208,30-39,13,Bachelor,Munich,False,On-site
CAN01209,50+,7,Vocational training,Berlin,False,Hybrid
CAN01210,40-49,5,Vocational training,Other Germany,False,Remote
CAN01211,30-39,11,Master,,True,Remote
CAN01212,20-29,2,Bachelor,Berlin,True,Hybrid
CAN01213,20-29,1,Doctorate,Frankfurt,True,On-site
CAN01214,20-29,3,Vocational training,Other Germany,True,Hybrid
CAN01215,50+,12,Bachelor,Other Germany,False,Hybrid
CAN01216,20-29,3,Bachelor,Other Germany,False,Hybrid
CAN01217,40-49,6,Bachelor,Other Germany,False,On-site
CAN01218,40-49,6,Vocational training,Frankfurt,False,Hybrid
CAN01219,50+,11,Master,Berlin,True,Hybrid
CAN01220,30-39,6,Vocational training,Frankfurt,True,Hybrid
CAN01221,50+,25,Bachelor,Other Germany,False,Hybrid
CAN01222,20-29,3,Vocational training,Frankfurt,False,Remote
CAN01223,30-39,9,Master,Outside Germany,False,Hybrid
CAN01224,50+,15,Vocational training,Outside Germany,False,Hybrid
CAN01225,30-39,13,Vocational training,Frankfurt,False,Hybrid
CAN01226,30-39,14,Bachelor,,False,No preference
CAN01227,40-49,7,Other,Other Germany,False,On-site
CAN01228,40-49,4,Vocational training,Munich,False,Remote
CAN01229,20-29,2,Vocational training,Other Germany,False,Hybrid
CAN01230,30-39,3,Vocational training,Other Germany,False,No preference
CAN01231,30-39,6,Vocational training,Hamburg,False,Remote
CAN01232,40-49,22,Bachelor,Berlin,False,Hybrid
CAN01233,30-39,1,Doctorate,Munich,True,Hybrid
CAN01234,20-29,5,Master,Frankfurt,True,Hybrid
CAN01235,40-49,10,Vocational training,Munich,False,Hybrid
CAN01236,40-49,5,Bachelor,Munich,True,No preference
CAN01237,40-49,10,Bachelor,Berlin,False,Remote
CAN01238,50+,14,Master,Outside Germany,False,On-site
CAN01239,30-39,16,Vocational training,Cologne,False,Hybrid
CAN01240,30-39,1,Master,Frankfurt,False,Hybrid
CAN01241,30-39,7,Bachelor,Frankfurt,False,Hybrid
CAN01242,20-29,1,Master,Cologne,False,Remote
CAN01243,30-39,2,Bachelor,Other Germany,False,Remote
CAN01244,40-49,10,Vocational training,Frankfurt,True,Hybrid
CAN01245,30-39,5,Master,Cologne,True,Hybrid
CAN01246,40-49,14,Vocational training,Hamburg,False,Hybrid
CAN01247,50+,20,Bachelor,Frankfurt,False,Hybrid
CAN01248,50+,9,Master,Hamburg,False,Remote
CAN01249,20-29,5,Vocational training,Other Germany,False,Hybrid
CAN01250,40-49,13,Bachelor,Other Germany,True,Hybrid
CAN01251,20-29,7,Bachelor,Frankfurt,False,No preference
CAN01252,40-49,5,Master,Frankfurt,True,Remote
CAN01253,30-39,4,Master,Frankfurt,False,Remote
CAN01254,40-49,5,Vocational training,Munich,False,Hybrid
CAN01255,30-39,1,Doctorate,Other Germany,False,On-site
CAN01256,50+,9,Other,Berlin,False,On-site
CAN01257,30-39,9,Bachelor,Berlin,True,On-site
CAN01258,30-39,6,Bachelor,Frankfurt,False,Hybrid
CAN01259,20-29,5,Vocational training,Frankfurt,True,No preference
CAN01260,30-39,2,Vocational training,Hamburg,False,Hybrid
CAN01261,30-39,0,Vocational training,Berlin,False,Hybrid
CAN01262,50+,25,Bachelor,Cologne,False,Remote
CAN01263,40-49,1,Bachelor,Berlin,False,Remote
CAN01264,40-49,6,Vocational training,Berlin,True,Hybrid
CAN01265,30-39,5,Doctorate,Munich,True,Hybrid
CAN01266,30-39,4,Vocational training,Outside Germany,True,Hybrid
CAN01267,30-39,4,Bachelor,Berlin,False,Hybrid
CAN01268,30-39,4,Vocational training,Other Germany,True,Remote
CAN01269,30-39,4,Bachelor,Frankfurt,False,Remote
CAN01270,30-39,5,Vocational training,Munich,True,No preference
CAN01271,30-39,4,Vocational training,Munich,False,Hybrid
CAN01272,20-29,6,Vocational training,Hamburg,False,On-site
CAN01273,30-39,10,Bachelor,Other Germany,False,Hybrid
CAN01274,40-49,6,Master,Frankfurt,False,On-site
CAN01275,30-39,5,Vocational training,Hamburg,False,Remote
CAN01276,30-39,7,Vocational training,Frankfurt,True,Remote
CAN01277,20-29,3,Bachelor,Hamburg,False,Hybrid
CAN01278,20-29,6,Vocational training,Hamburg,False,No preference
CAN01279,40-49,3,Vocational training,Other Germany,False,Hybrid
CAN01280,40-49,5,Bachelor,Other Germany,False,Hybrid
CAN01281,30-39,3,Master,Hamburg,True,Hybrid
CAN01282,30-39,8,Other,Other Germany,False,Hybrid
CAN01283,20-29,3,Master,Frankfurt,True,Hybrid
CAN01284,40-49,12,Master,Berlin,True,Hybrid
CAN01285,30-39,5,Vocational training,Other Germany,False,Hybrid
CAN01286,30-39,3,Master,Cologne,False,Hybrid
CAN01287,30-39,5,Vocational training,Cologne,False,Hybrid
CAN01288,20-29,5,Bachelor,Munich,False,No preference
CAN01289,50+,11,Vocational training,Other Germany,False,Hybrid
CAN01290,40-49,12,Vocational training,Frankfurt,False,Hybrid
CAN01291,30-39,4,Bachelor,Munich,True,Hybrid
CAN01292,40-49,3,Bachelor,Cologne,False,Hybrid
CAN01293,30-39,0,Master,Munich,True,On-site
CAN01294,30-39,5,Vocational training,Other Germany,True,Remote
CAN01295,30-39,5,Master,Other Germany,False,Hybrid
CAN01296,40-49,6,Vocational training,Other Germany,False,Hybrid
CAN01297,20-29,2,Vocational training,Frankfurt,False,Hybrid
CAN01298,30-39,10,Vocational training,Frankfurt,False,Remote
CAN01299,40-49,11,Vocational training,Outside Germany,False,Remote
CAN01300,40-49,12,Vocational training,Hamburg,False,Hybrid
CAN01301,40-49,3,Bachelor,Other Germany,False,No preference
CAN01302,40-49,14,Bachelor,Frankfurt,False,Hybrid
CAN01303,40-49,6,Master,Frankfurt,False,Remote
CAN01304,20-29,3,Vocational training,Frankfurt,True,Hybrid
CAN01305,20-29,2,Bachelor,Frankfurt,False,On-site
CAN01306,20-29,5,Bachelor,Frankfurt,False,Hybrid
CAN01307,20-29,4,Master,Other Germany,False,No preference
CAN01308,30-39,7,Vocational training,Berlin,True,Hybrid
CAN01309,30-39,8,Master,Berlin,False,Hybrid
CAN01310,30-39,11,Vocational training,Munich,False,No preference
CAN01311,40-49,14,Master,Cologne,True,No preference
CAN01312,30-39,5,Master,Other Germany,False,Hybrid
CAN01313,20-29,2,Bachelor,Outside Germany,False,Remote
CAN01314,40-49,3,Vocational training,Munich,False,Hybrid
CAN01315,30-39,15,Bachelor,Hamburg,False,Remote
CAN01316,30-39,3,Vocational training,Berlin,False,Remote
CAN01317,30-39,4,Master,Hamburg,True,Remote
CAN01318,50+,10,Bachelor,Frankfurt,False,On-site
CAN01319,40-49,2,Other,Frankfurt,False,Hybrid
CAN01320,40-49,2,Doctorate,Munich,True,Hybrid
CAN01321,30-39,5,Bachelor,Other Germany,False,Remote
CAN01322,40-49,14,Other,Other Germany,False,Remote
CAN01323,40-49,4,Bachelor,Berlin,False,Hybrid
CAN01324,40-49,15,Master,Frankfurt,False,Hybrid
CAN01325,30-39,8,Vocational training,Other Germany,False,Hybrid
CAN01326,30-39,9,Bachelor,Frankfurt,True,Hybrid
CAN01327,20-29,10,Bachelor,Other Germany,True,Hybrid
CAN01328,30-39,8,Bachelor,Munich,False,Hybrid
CAN01329,30-39,7,Bachelor,Frankfurt,False,Remote
CAN01330,40-49,6,Bachelor,Berlin,True,Remote
CAN01331,30-39,8,Vocational training,Other Germany,False,Hybrid
CAN01332,40-49,1,Bachelor,Frankfurt,True,Hybrid
CAN01333,20-29,5,Vocational training,Other Germany,False,Hybrid
CAN01334,40-49,3,Bachelor,Other Germany,False,Hybrid
CAN01335,40-49,18,Master,Munich,True,Remote
CAN01336,40-49,8,Vocational training,Berlin,False,Hybrid
CAN01337,40-49,4,Bachelor,Frankfurt,True,On-site
CAN01338,20-29,4,Vocational training,Cologne,False,Hybrid
CAN01339,40-49,5,Bachelor,Other Germany,False,Hybrid
CAN01340,40-49,5,Master,Frankfurt,True,Hybrid
CAN01341,20-29,6,Other,Other Germany,False,Remote
CAN01342,30-39,0,Master,Other Germany,False,Remote
CAN01343,20-29,8,Master,Berlin,False,No preference
CAN01344,30-39,5,Vocational training,Other Germany,False,On-site
CAN01345,40-49,7,Vocational training,Other Germany,False,Remote
CAN01346,40-49,15,Other,Cologne,True,Remote
CAN01347,50+,10,Vocational training,Berlin,True,Hybrid
CAN01348,40-49,8,Vocational training,Berlin,False,Remote
CAN01349,20-29,1,Bachelor,Cologne,True,On-site
CAN01350,50+,7,Bachelor,Other Germany,True,Hybrid
CAN01351,30-39,6,Master,Hamburg,True,Remote
CAN01352,40-49,5,Master,Hamburg,True,Hybrid
CAN01353,40-49,6,Bachelor,Outside Germany,False,Remote
CAN01354,30-39,3,Master,Other Germany,False,Hybrid
CAN01355,30-39,4,Bachelor,Outside Germany,False,Hybrid
CAN01356,50+,13,Bachelor,Frankfurt,True,Hybrid
CAN01357,30-39,5,Master,Munich,True,No preference
CAN01358,40-49,3,Bachelor,Frankfurt,False,Remote
CAN01359,30-39,4,Vocational training,Other Germany,False,On-site
CAN01360,40-49,1,Vocational training,Hamburg,True,Remote
CAN01361,40-49,3,Vocational training,Munich,False,No preference
CAN01362,50+,16,Vocational training,Berlin,False,Remote
CAN01363,20-29,5,Master,Frankfurt,False,Hybrid
CAN01364,30-39,2,Master,Other Germany,True,Remote
CAN01365,30-39,7,Master,Other Germany,True,Hybrid
CAN01366,30-39,1,Bachelor,Hamburg,False,Remote
CAN01367,50+,14,Vocational training,Hamburg,False,On-site
CAN01368,50+,16,Vocational training,Other Germany,False,Remote
CAN01369,40-49,3,Bachelor,Other Germany,False,On-site
CAN01370,30-39,4,Vocational training,Berlin,False,Hybrid
CAN01371,40-49,6,Vocational training,Other Germany,True,On-site
CAN01372,40-49,4,Master,Frankfurt,True,Hybrid
CAN01373,30-39,2,Vocational training,Frankfurt,False,Hybrid
CAN01374,30-39,6,Vocational training,Outside Germany,False,On-site
CAN01375,30-39,13,Vocational training,Cologne,False,Remote
CAN01376,30-39,15,Master,Other Germany,False,Hybrid
CAN01377,40-49,2,Bachelor,Berlin,True,Hybrid
CAN01378,40-49,4,Bachelor,Berlin,False,Hybrid
CAN01379,30-39,6,Vocational training,Hamburg,False,Remote
CAN01380,40-49,5,Master,Munich,False,Remote
CAN01381,30-39,12,Vocational training,Frankfurt,True,Hybrid
CAN01382,30-39,4,Bachelor,Hamburg,False,Hybrid
CAN01383,30-39,5,Vocational training,Berlin,False,Remote
CAN01384,40-49,3,Bachelor,Frankfurt,False,Hybrid
CAN01385,30-39,13,Vocational training,Frankfurt,True,Remote
CAN01386,30-39,2,Vocational training,Other Germany,False,Hybrid
CAN01387,30-39,7,Bachelor,Munich,False,Remote
CAN01388,20-29,3,Bachelor,Frankfurt,False,Remote
CAN01389,40-49,5,Vocational training,Frankfurt,False,Hybrid
CAN01390,50+,8,Vocational training,Other Germany,True,Remote
CAN01391,50+,11,Bachelor,Other Germany,False,Remote
CAN01392,40-49,7,Master,Hamburg,True,Remote
CAN01393,30-39,3,Master,Munich,False,Remote
CAN01394,50+,11,Master,Other Germany,False,Remote
CAN01395,30-39,6,Master,Other Germany,False,No preference
CAN01396,30-39,2,Other,Berlin,False,Remote
CAN01397,30-39,4,Bachelor,Munich,False,Hybrid
CAN01398,20-29,0,Vocational training,Frankfurt,False,Hybrid
CAN01399,50+,17,Vocational training,Cologne,True,Remote
CAN01400,20-29,1,Doctorate,Other Germany,False,Remote
CAN01401,30-39,3,Doctorate,Other Germany,False,On-site
CAN01402,40-49,9,Master,Cologne,True,No preference
CAN01403,30-39,1,Master,Munich,True,No preference
CAN01404,30-39,6,Master,Hamburg,True,Hybrid
CAN01405,30-39,7,Bachelor,Munich,True,No preference
CAN01406,40-49,10,Other,Hamburg,True,Hybrid
CAN01407,20-29,0,Vocational training,Frankfurt,False,Remote
CAN01408,30-39,2,Vocational training,Berlin,True,Remote
CAN01409,40-49,9,Bachelor,Other Germany,False,No preference
CAN01410,30-39,3,Vocational training,Cologne,False,Hybrid
CAN01411,40-49,4,Master,Berlin,False,Remote
CAN01412,40-49,18,Vocational training,Cologne,True,Remote
CAN01413,30-39,1,Master,,False,Hybrid
CAN01414,30-39,5,Master,Frankfurt,False,No preference
CAN01415,40-49,8,Bachelor,Other Germany,False,Hybrid
CAN01416,40-49,4,Bachelor,Berlin,False,Remote
CAN01417,40-49,14,Bachelor,Munich,False,Hybrid
CAN01418,30-39,5,Bachelor,Berlin,False,No preference
CAN01419,30-39,6,Doctorate,Munich,False,Hybrid
CAN01420,40-49,2,Bachelor,Other Germany,False,On-site
CAN01421,30-39,10,Vocational training,Frankfurt,True,On-site
CAN01422,30-39,7,Bachelor,Frankfurt,False,Hybrid
CAN01423,50+,11,Bachelor,Hamburg,False,Remote
CAN01424,20-29,2,Vocational training,Other Germany,False,Remote
CAN01425,50+,18,Vocational training,Berlin,False,Remote
CAN01426,50+,18,Bachelor,Other Germany,True,On-site
CAN01427,30-39,5,Master,Other Germany,True,Hybrid
CAN01428,30-39,2,Vocational training,Berlin,True,Remote
CAN01429,40-49,19,Master,Hamburg,True,Hybrid
CAN01430,40-49,2,Vocational training,Other Germany,True,Hybrid
CAN01431,40-49,17,Bachelor,Cologne,False,On-site
CAN01432,50+,9,Doctorate,Frankfurt,False,Remote
CAN01433,30-39,1,Vocational training,Frankfurt,False,Hybrid
CAN01434,30-39,9,Bachelor,Other Germany,False,On-site
CAN01435,40-49,6,Vocational training,Other Germany,False,No preference
CAN01436,30-39,3,Master,Frankfurt,False,Hybrid
CAN01437,40-49,6,Other,Frankfurt,False,Hybrid
CAN01438,20-29,3,Vocational training,Other Germany,True,On-site
CAN01439,20-29,1,Other,Munich,False,Hybrid
CAN01440,20-29,3,Vocational training,Hamburg,True,On-site
CAN01441,30-39,7,Master,Berlin,True,Remote
CAN01442,40-49,4,Bachelor,Cologne,True,On-site
CAN01443,40-49,8,Bachelor,Other Germany,True,Remote
CAN01444,20-29,1,Master,Berlin,False,Remote
CAN01445,40-49,4,Vocational training,Berlin,True,Remote
CAN01446,30-39,9,Bachelor,Berlin,False,Remote
CAN01447,30-39,5,Vocational training,Hamburg,False,No preference
CAN01448,30-39,6,Bachelor,Berlin,True,Hybrid
CAN01449,20-29,5,Master,Frankfurt,False,On-site
CAN01450,50+,21,Other,Berlin,True,On-site
CAN01451,50+,12,Bachelor,Berlin,False,Hybrid
CAN01452,30-39,6,Bachelor,Frankfurt,True,Hybrid
CAN01453,20-29,5,Vocational training,Hamburg,False,No preference
CAN01454,50+,19,Bachelor,Frankfurt,True,Hybrid
CAN01455,40-49,20,Bachelor,Other Germany,True,On-site
CAN01456,50+,14,Vocational training,Hamburg,False,On-site
CAN01457,40-49,6,Bachelor,Munich,True,Hybrid
CAN01458,40-49,5,Master,Berlin,True,On-site
CAN01459,30-39,10,Bachelor,Frankfurt,False,Hybrid
CAN01460,20-29,5,Bachelor,Hamburg,False,Remote
CAN01461,40-49,1,Bachelor,Berlin,False,Hybrid
CAN01462,30-39,4,Master,Other Germany,False,Hybrid
CAN01463,30-39,1,Master,Cologne,False,Remote
CAN01464,40-49,6,Other,Cologne,False,Remote
CAN01465,40-49,8,Master,Frankfurt,False,On-site
CAN01466,50+,8,Bachelor,Munich,False,Remote
CAN01467,40-49,3,Vocational training,Other Germany,False,Remote
CAN01468,50+,13,Bachelor,Hamburg,True,No preference
CAN01469,40-49,4,Vocational training,Berlin,True,Hybrid
CAN01470,40-49,2,Master,Munich,False,No preference
CAN01471,30-39,9,Vocational training,Frankfurt,True,Remote
CAN01472,40-49,6,Master,Frankfurt,False,Hybrid
CAN01473,30-39,2,Bachelor,Other Germany,False,Remote
CAN01474,40-49,8,Other,Cologne,False,Hybrid
CAN01475,30-39,11,Vocational training,Other Germany,True,Hybrid
CAN01476,30-39,10,Other,Outside Germany,False,Remote
CAN01477,40-49,9,Vocational training,Munich,False,Hybrid
CAN01478,20-29,1,Vocational training,Frankfurt,True,Hybrid
CAN01479,30-39,14,Bachelor,Other Germany,False,Hybrid
CAN01480,30-39,11,Master,Other Germany,False,Hybrid
CAN01481,40-49,1,Other,Berlin,False,Hybrid
CAN01482,30-39,5,Vocational training,Frankfurt,False,Hybrid
CAN01483,30-39,1,Bachelor,Munich,False,Hybrid
CAN01484,30-39,5,Master,Frankfurt,False,Hybrid
CAN01485,20-29,3,Vocational training,Berlin,False,Hybrid
CAN01486,40-49,7,Bachelor,Other Germany,False,No preference
CAN01487,20-29,6,Vocational training,Hamburg,False,Remote
CAN01488,50+,8,Master,Outside Germany,False,Hybrid
CAN01489,30-39,7,Bachelor,Frankfurt,True,No preference
CAN01490,30-39,16,Bachelor,Other Germany,False,On-site
CAN01491,30-39,5,Vocational training,Munich,False,Remote
CAN01492,40-49,11,Doctorate,Frankfurt,False,Remote
CAN01493,30-39,1,Bachelor,Munich,False,Hybrid
CAN01494,40-49,7,Master,Berlin,False,No preference
CAN01495,30-39,7,Bachelor,Frankfurt,True,Hybrid
CAN01496,40-49,2,Master,Frankfurt,False,On-site
CAN01497,40-49,6,Bachelor,Other Germany,True,Remote
CAN01498,30-39,15,Bachelor,Frankfurt,True,Hybrid
CAN01499,40-49,3,Vocational training,Other Germany,False,On-site
CAN01500,40-49,9,Vocational training,Other Germany,False,Hybrid
CAN01501,30-39,4,Master,Hamburg,True,Remote
CAN01502,20-29,3,Vocational training,Hamburg,True,Hybrid
CAN01503,30-39,8,Vocational training,Frankfurt,False,On-site
CAN01504,20-29,3,Bachelor,Berlin,True,Hybrid
CAN01505,40-49,7,Vocational training,Other Germany,False,Remote
CAN01506,40-49,12,Bachelor,Cologne,True,Remote
CAN01507,30-39,3,Bachelor,Berlin,False,Hybrid
CAN01508,20-29,6,Vocational training,Munich,True,Hybrid
CAN01509,40-49,3,Bachelor,Hamburg,True,Hybrid
CAN01510,40-49,6,Vocational training,Munich,True,Hybrid
CAN01511,50+,15,Vocational training,Other Germany,False,Hybrid
CAN01512,20-29,2,Vocational training,Outside Germany,False,Remote
CAN01513,40-49,2,Vocational training,Berlin,True,Hybrid
CAN01514,20-29,2,Master,Cologne,False,Hybrid
CAN01515,20-29,2,Vocational training,Frankfurt,False,Remote
CAN01516,40-49,10,Master,,False,Hybrid
CAN01517,40-49,6,Bachelor,Frankfurt,False,Hybrid
CAN01518,40-49,15,Master,Berlin,False,No preference
CAN01519,30-39,2,Bachelor,Other Germany,False,Hybrid
CAN01520,30-39,13,Bachelor,Frankfurt,False,Hybrid
CAN01521,40-49,6,Vocational training,Munich,False,Remote
CAN01522,30-39,7,Master,Munich,False,On-site
CAN01523,30-39,6,Master,Other Germany,False,Remote
CAN01524,30-39,11,Bachelor,Berlin,True,Hybrid
CAN01525,50+,18,Bachelor,Cologne,False,Hybrid
CAN01526,40-49,8,Bachelor,Munich,False,Remote
CAN01527,50+,8,Bachelor,Hamburg,False,Hybrid
CAN01528,40-49,10,Vocational training,Outside Germany,False,Remote
CAN01529,30-39,3,Bachelor,Berlin,False,Hybrid
CAN01530,20-29,5,Master,Frankfurt,True,Hybrid
CAN01531,30-39,8,Master,Hamburg,False,Remote
CAN01532,30-39,3,Bachelor,Hamburg,False,Remote
CAN01533,40-49,2,Master,Berlin,True,On-site
CAN01534,50+,13,Vocational training,Berlin,True,Hybrid
CAN01535,50+,21,Vocational training,Cologne,True,Hybrid
CAN01536,30-39,12,Vocational training,Cologne,True,Remote
CAN01537,20-29,2,Master,Other Germany,True,Remote
CAN01538,30-39,12,Master,,False,Remote
CAN01539,30-39,2,Bachelor,Hamburg,False,Remote
CAN01540,30-39,14,Doctorate,Frankfurt,False,No preference
CAN01541,20-29,4,Vocational training,Berlin,True,Hybrid
CAN01542,40-49,1,Other,Frankfurt,False,Hybrid
CAN01543,40-49,18,Vocational training,Berlin,False,Remote
CAN01544,40-49,9,Bachelor,Other Germany,False,Hybrid
CAN01545,30-39,3,Bachelor,Other Germany,False,Remote
CAN01546,40-49,14,Vocational training,Berlin,False,Hybrid
CAN01547,40-49,0,Bachelor,Berlin,True,On-site
CAN01548,50+,25,Bachelor,Frankfurt,False,On-site
CAN01549,50+,7,Bachelor,Other Germany,False,Hybrid
CAN01550,40-49,18,Vocational training,Munich,True,Hybrid
CAN01551,30-39,17,Master,Hamburg,False,No preference
CAN01552,40-49,6,Vocational training,Cologne,False,Hybrid
CAN01553,40-49,7,Master,Munich,False,On-site
CAN01554,30-39,3,Vocational training,Cologne,False,Hybrid
CAN01555,30-39,4,Vocational training,Other Germany,False,Hybrid
CAN01556,20-29,2,Bachelor,Other Germany,False,Hybrid
CAN01557,40-49,6,Bachelor,Other Germany,True,Hybrid
CAN01558,50+,11,Master,Cologne,False,Hybrid
CAN01559,20-29,2,Master,Other Germany,False,On-site
CAN01560,40-49,5,Master,Other Germany,True,Remote
CAN01561,50+,18,Vocational training,Berlin,False,No preference
CAN01562,50+,13,Bachelor,Other Germany,False,Remote
CAN01563,40-49,5,Master,Outside Germany,False,Hybrid
CAN01564,50+,10,Bachelor,Munich,True,On-site
CAN01565,40-49,7,Master,Munich,True,On-site
CAN01566,40-49,10,Other,Hamburg,False,Hybrid
CAN01567,20-29,6,Vocational training,Hamburg,True,Hybrid
CAN01568,30-39,14,Bachelor,Berlin,True,Hybrid
CAN01569,30-39,10,Other,Hamburg,True,On-site
CAN01570,50+,12,Other,Cologne,False,Hybrid
CAN01571,30-39,8,Master,Hamburg,False,Hybrid
CAN01572,20-29,7,Other,Frankfurt,False,Hybrid
CAN01573,20-29,5,Vocational training,Hamburg,True,Hybrid
CAN01574,30-39,4,Bachelor,Munich,False,Hybrid
CAN01575,30-39,6,Vocational training,Other Germany,True,Remote
CAN01576,40-49,2,Vocational training,Frankfurt,True,On-site
CAN01577,30-39,2,Other,Frankfurt,False,No preference
CAN01578,30-39,4,Master,Berlin,False,Hybrid
CAN01579,30-39,5,Bachelor,Frankfurt,False,Hybrid
CAN01580,30-39,3,Master,Other Germany,True,Hybrid
CAN01581,30-39,17,Master,Frankfurt,False,Hybrid
CAN01582,40-49,9,Master,Hamburg,False,Remote
CAN01583,20-29,9,Vocational training,Munich,False,Hybrid
CAN01584,50+,7,Master,Cologne,False,Hybrid
CAN01585,30-39,9,Vocational training,Cologne,False,No preference
CAN01586,50+,24,Vocational training,Hamburg,False,On-site
CAN01587,30-39,3,Vocational training,Frankfurt,True,Remote
CAN01588,40-49,9,Bachelor,Berlin,False,Hybrid
CAN01589,40-49,3,Vocational training,Hamburg,False,On-site
CAN01590,40-49,6,Doctorate,Other Germany,False,Remote
CAN01591,30-39,3,Bachelor,Other Germany,True,Hybrid
CAN01592,30-39,4,Bachelor,Cologne,False,Hybrid
CAN01593,30-39,7,Other,Berlin,False,Remote
CAN01594,20-29,1,Master,Outside Germany,False,Remote
CAN01595,20-29,1,Vocational training,Cologne,False,Hybrid
CAN01596,40-49,3,Vocational training,Other Germany,True,Hybrid
CAN01597,40-49,14,Vocational training,Other Germany,False,Hybrid
CAN01598,40-49,2,Bachelor,Other Germany,False,No preference
CAN01599,50+,12,Vocational training,Other Germany,False,Hybrid
CAN01600,40-49,5,Bachelor,Frankfurt,True,Hybrid
CAN01601,30-39,7,Vocational training,Other Germany,False,Hybrid
CAN01602,50+,11,Bachelor,Outside Germany,False,Remote
CAN01603,40-49,3,Master,Frankfurt,False,Hybrid
CAN01604,20-29,2,Bachelor,Frankfurt,False,Hybrid
CAN01605,40-49,9,Vocational training,Cologne,False,Hybrid
CAN01606,30-39,4,Bachelor,Hamburg,False,Remote
CAN01607,40-49,5,Bachelor,Outside Germany,True,Hybrid
CAN01608,40-49,9,Vocational training,Berlin,False,No preference
CAN01609,30-39,8,Doctorate,Other Germany,False,Remote
CAN01610,40-49,3,Bachelor,Frankfurt,False,Hybrid
CAN01611,20-29,6,Vocational training,Munich,True,Remote
CAN01612,30-39,3,Bachelor,Berlin,True,Hybrid
CAN01613,40-49,4,Vocational training,Munich,True,Hybrid
CAN01614,30-39,8,Vocational training,Berlin,False,Hybrid
CAN01615,40-49,7,Master,Outside Germany,False,Hybrid
CAN01616,40-49,5,Master,Other Germany,True,Remote
CAN01617,40-49,2,Master,Other Germany,True,Hybrid
CAN01618,50+,24,Bachelor,Other Germany,False,Hybrid
CAN01619,30-39,7,Bachelor,Cologne,True,Hybrid
CAN01620,40-49,4,Vocational training,Berlin,False,No preference
CAN01621,20-29,3,Master,Berlin,True,Hybrid
CAN01622,50+,25,Vocational training,Other Germany,True,On-site
CAN01623,30-39,3,Master,Munich,False,Remote
CAN01624,40-49,1,Master,Frankfurt,False,No preference
CAN01625,40-49,1,Master,Munich,True,No preference
CAN01626,20-29,4,Bachelor,Frankfurt,False,Remote
CAN01627,30-39,9,Bachelor,Hamburg,False,On-site
CAN01628,40-49,11,Vocational training,Other Germany,False,Hybrid
CAN01629,40-49,2,Bachelor,Other Germany,False,Hybrid
CAN01630,20-29,2,Doctorate,Other Germany,False,Hybrid
CAN01631,40-49,6,Bachelor,Other Germany,False,Hybrid
CAN01632,20-29,2,Bachelor,Berlin,False,Remote
CAN01633,40-49,5,Vocational training,Outside Germany,True,Remote
CAN01634,20-29,5,Vocational training,Other Germany,True,Remote
CAN01635,30-39,1,Vocational training,Outside Germany,False,No preference
CAN01636,50+,16,Vocational training,Other Germany,False,Remote
CAN01637,40-49,10,Vocational training,Hamburg,False,Hybrid
CAN01638,30-39,12,Bachelor,Frankfurt,False,Hybrid
CAN01639,30-39,2,Bachelor,Other Germany,False,Remote
CAN01640,40-49,3,Bachelor,Other Germany,True,Hybrid
CAN01641,40-49,13,Vocational training,Cologne,False,Hybrid
CAN01642,30-39,7,Master,Cologne,True,No preference
CAN01643,20-29,3,Vocational training,Other Germany,False,Hybrid
CAN01644,40-49,9,Other,Other Germany,True,Hybrid
CAN01645,40-49,9,Other,Outside Germany,False,Hybrid
CAN01646,40-49,5,Vocational training,Munich,False,Remote
CAN01647,40-49,3,Bachelor,Berlin,False,On-site
CAN01648,40-49,8,Master,Berlin,False,No preference
CAN01649,40-49,6,Bachelor,Other Germany,False,Remote
CAN01650,20-29,5,Vocational training,Frankfurt,True,Remote
CAN01651,30-39,6,Vocational training,Outside Germany,False,Hybrid
CAN01652,40-49,10,Vocational training,Hamburg,False,On-site
CAN01653,40-49,9,Vocational training,Munich,True,Remote
CAN01654,40-49,17,Vocational training,Other Germany,False,Hybrid
CAN01655,50+,8,Bachelor,Other Germany,True,Remote
CAN01656,40-49,1,Bachelor,Other Germany,False,Remote
CAN01657,40-49,5,Master,Berlin,False,Hybrid
CAN01658,50+,20,Vocational training,Munich,False,Hybrid
CAN01659,40-49,3,Master,Berlin,True,Hybrid
CAN01660,40-49,3,Vocational training,Other Germany,False,Remote
CAN01661,30-39,4,Bachelor,Munich,True,No preference
CAN01662,40-49,4,Vocational training,Berlin,False,Hybrid
CAN01663,40-49,4,Doctorate,Munich,False,Hybrid
CAN01664,20-29,4,Bachelor,Frankfurt,False,Hybrid
CAN01665,50+,10,Master,Munich,False,On-site
CAN01666,50+,12,Other,Other Germany,False,Hybrid
CAN01667,30-39,14,Bachelor,Cologne,False,Hybrid
CAN01668,40-49,9,Bachelor,Frankfurt,False,Hybrid
CAN01669,40-49,10,Bachelor,Berlin,True,Remote
CAN01670,30-39,10,Bachelor,Frankfurt,False,Hybrid
CAN01671,30-39,6,Master,Berlin,False,Hybrid
CAN01672,30-39,1,Vocational training,Hamburg,False,Remote
CAN01673,40-49,15,Master,Berlin,False,On-site
CAN01674,20-29,5,Master,Frankfurt,False,Remote
CAN01675,30-39,2,Bachelor,Other Germany,False,Hybrid
CAN01676,30-39,4,Vocational training,Munich,False,Remote
CAN01677,20-29,0,Doctorate,Cologne,True,Hybrid
CAN01678,30-39,4,Vocational training,Other Germany,True,Hybrid
CAN01679,40-49,3,Other,Other Germany,False,Remote
CAN01680,30-39,12,Bachelor,Frankfurt,True,Remote
CAN01681,30-39,10,Vocational training,Outside Germany,False,Remote
CAN01682,30-39,13,Bachelor,Frankfurt,False,No preference
CAN01683,40-49,4,Master,Frankfurt,False,Hybrid
CAN01684,40-49,9,Bachelor,Other Germany,True,Remote
CAN01685,40-49,6,Bachelor,Outside Germany,False,No preference
CAN01686,50+,23,Master,Other Germany,True,Hybrid
CAN01687,30-39,7,Doctorate,Berlin,False,Hybrid
CAN01688,40-49,5,Bachelor,Cologne,True,Hybrid
CAN01689,30-39,1,Master,Munich,False,Remote
CAN01690,40-49,3,Master,Hamburg,True,Hybrid
CAN01691,40-49,10,Other,Berlin,True,Hybrid
CAN01692,40-49,6,Bachelor,Berlin,True,Hybrid
CAN01693,30-39,2,Vocational training,Other Germany,False,Hybrid
CAN01694,30-39,4,Master,Other Germany,False,No preference
CAN01695,50+,14,Vocational training,Frankfurt,False,Hybrid
CAN01696,30-39,5,Vocational training,Munich,True,Remote
CAN01697,20-29,5,Vocational training,Hamburg,True,Remote
CAN01698,20-29,0,Master,Berlin,True,Remote
CAN01699,30-39,5,Vocational training,Berlin,False,Hybrid
CAN01700,30-39,3,Vocational training,Munich,True,On-site
CAN01701,30-39,11,Vocational training,Other Germany,True,Hybrid
CAN01702,50+,13,Doctorate,Outside Germany,False,No preference
CAN01703,20-29,1,Bachelor,Berlin,True,Hybrid
CAN01704,40-49,2,Bachelor,Berlin,True,Remote
CAN01705,20-29,2,Vocational training,Other Germany,False,Hybrid
CAN01706,40-49,15,Vocational training,Hamburg,False,Hybrid
CAN01707,30-39,16,Bachelor,Frankfurt,False,Hybrid
CAN01708,30-39,8,Bachelor,Berlin,True,On-site
CAN01709,40-49,13,Bachelor,Outside Germany,False,No preference
CAN01710,40-49,6,Other,Frankfurt,False,Remote
CAN01711,40-49,2,Vocational training,Cologne,True,Hybrid
CAN01712,30-39,2,Vocational training,Cologne,False,Hybrid
CAN01713,40-49,4,Master,Frankfurt,False,No preference
CAN01714,30-39,7,Bachelor,Other Germany,True,Hybrid
CAN01715,30-39,8,Vocational training,Other Germany,False,Hybrid
CAN01716,40-49,4,Vocational training,Berlin,True,Hybrid
CAN01717,40-49,4,Bachelor,Cologne,False,Hybrid
CAN01718,20-29,6,Master,Frankfurt,True,Hybrid
CAN01719,20-29,4,Vocational training,Other Germany,True,Hybrid
CAN01720,30-39,13,Other,Other Germany,False,Hybrid
CAN01721,30-39,10,Bachelor,Munich,False,Hybrid
CAN01722,30-39,10,Bachelor,Cologne,True,Remote
CAN01723,20-29,1,Master,Other Germany,False,Hybrid
CAN01724,40-49,4,Master,Berlin,True,Hybrid
CAN01725,40-49,11,Master,Frankfurt,False,Hybrid
CAN01726,30-39,5,Other,Other Germany,False,Remote
CAN01727,30-39,4,Master,Hamburg,False,No preference
CAN01728,30-39,4,Master,Other Germany,True,Hybrid
CAN01729,20-29,2,Vocational training,Cologne,False,Remote
CAN01730,40-49,16,Bachelor,Munich,True,Hybrid
CAN01731,40-49,5,Bachelor,Hamburg,False,Remote
CAN01732,20-29,6,Bachelor,Other Germany,True,Hybrid
CAN01733,30-39,3,Vocational training,Cologne,False,Remote
CAN01734,20-29,2,Bachelor,Hamburg,True,Hybrid
CAN01735,20-29,7,Vocational training,Cologne,False,Hybrid
CAN01736,20-29,0,Vocational training,Munich,False,No preference
CAN01737,40-49,5,Bachelor,Frankfurt,False,Hybrid
CAN01738,40-49,8,Vocational training,Munich,False,Hybrid
CAN01739,30-39,4,Vocational training,Frankfurt,False,Hybrid
CAN01740,50+,18,Vocational training,Outside Germany,False,No preference
CAN01741,20-29,1,Vocational training,Outside Germany,False,No preference
CAN01742,40-49,8,Bachelor,Frankfurt,False,Remote
CAN01743,20-29,2,Bachelor,Berlin,False,Hybrid
CAN01744,40-49,2,Vocational training,Other Germany,False,Hybrid
CAN01745,40-49,3,Vocational training,Frankfurt,True,Hybrid
CAN01746,40-49,3,Vocational training,Other Germany,False,Remote
CAN01747,50+,8,Master,Berlin,False,Hybrid
CAN01748,40-49,12,Master,Berlin,True,On-site
CAN01749,40-49,11,Bachelor,Other Germany,False,No preference
CAN01750,40-49,6,Bachelor,Other Germany,False,Hybrid
CAN01751,30-39,17,Bachelor,Frankfurt,False,On-site
CAN01752,30-39,2,Bachelor,Berlin,True,Hybrid
CAN01753,30-39,9,Master,Frankfurt,False,Hybrid
CAN01754,50+,12,Vocational training,Hamburg,True,Hybrid
CAN01755,40-49,1,Bachelor,Berlin,False,Remote
CAN01756,30-39,2,Bachelor,Berlin,True,Remote
CAN01757,40-49,11,Bachelor,Frankfurt,False,No preference
CAN01758,20-29,7,Bachelor,Berlin,True,Hybrid
CAN01759,40-49,2,Master,Berlin,True,Hybrid
CAN01760,40-49,8,Bachelor,Other Germany,False,Remote
CAN01761,40-49,5,Vocational training,Frankfurt,False,Hybrid
CAN01762,20-29,6,Master,Hamburg,False,Hybrid
CAN01763,30-39,1,Vocational training,Munich,False,Hybrid
CAN01764,40-49,10,Vocational training,Other Germany,True,Hybrid
CAN01765,40-49,2,Bachelor,Munich,True,Remote
CAN01766,20-29,1,Bachelor,Frankfurt,False,No preference
CAN01767,30-39,10,Master,Berlin,False,No preference
CAN01768,40-49,10,Master,Frankfurt,True,Hybrid
CAN01769,40-49,5,Bachelor,Frankfurt,False,On-site
CAN01770,30-39,5,Bachelor,Other Germany,False,Remote
CAN01771,20-29,9,Bachelor,Berlin,False,No preference
CAN01772,40-49,3,Vocational training,Berlin,False,Hybrid
CAN01773,30-39,1,Master,Other Germany,False,Hybrid
CAN01774,40-49,4,Vocational training,Other Germany,False,Hybrid
CAN01775,40-49,6,Master,Frankfurt,False,On-site
CAN01776,20-29,0,Bachelor,Berlin,False,Remote
CAN01777,20-29,2,Bachelor,Berlin,True,Remote
CAN01778,20-29,2,Doctorate,Hamburg,False,On-site
CAN01779,30-39,3,Bachelor,Berlin,True,Remote
CAN01780,30-39,4,Vocational training,Frankfurt,False,Remote
CAN01781,40-49,6,Other,Other Germany,True,Remote
CAN01782,30-39,11,Master,Other Germany,False,Remote
CAN01783,30-39,1,Bachelor,,False,Remote
CAN01784,30-39,6,Bachelor,Outside Germany,True,Hybrid
CAN01785,50+,8,Master,Munich,True,No preference
CAN01786,40-49,2,Master,Other Germany,True,No preference
CAN01787,40-49,22,Bachelor,Other Germany,False,Hybrid
CAN01788,30-39,7,Bachelor,Frankfurt,False,Remote
CAN01789,20-29,7,Bachelor,Berlin,False,On-site
CAN01790,30-39,6,Master,Other Germany,False,No preference
CAN01791,30-39,3,Bachelor,Outside Germany,False,Remote
CAN01792,40-49,6,Bachelor,Other Germany,True,Hybrid
CAN01793,40-49,9,Bachelor,Cologne,True,Remote
CAN01794,30-39,12,Vocational training,Hamburg,True,No preference
CAN01795,30-39,5,Master,Berlin,False,On-site
CAN01796,20-29,5,Bachelor,Other Germany,True,Hybrid
CAN01797,30-39,5,Bachelor,Outside Germany,False,Remote
CAN01798,20-29,8,Master,Outside Germany,False,Hybrid
CAN01799,30-39,2,Vocational training,Other Germany,True,Remote
CAN01800,30-39,9,Master,Other Germany,False,Remote
CAN01801,40-49,8,Bachelor,Berlin,False,Remote
CAN01802,40-49,4,Other,Frankfurt,False,On-site
CAN01803,40-49,13,Vocational training,Berlin,False,Hybrid
CAN01804,40-49,4,Bachelor,Other Germany,False,Remote
CAN01805,40-49,9,Vocational training,Berlin,True,Remote
CAN01806,50+,15,Vocational training,Other Germany,True,No preference
CAN01807,40-49,4,Master,Berlin,True,Hybrid
CAN01808,30-39,1,Doctorate,Other Germany,False,On-site
CAN01809,30-39,4,Vocational training,Frankfurt,False,Hybrid
CAN01810,20-29,6,Master,Frankfurt,False,On-site
CAN01811,40-49,11,Vocational training,Outside Germany,False,Hybrid
CAN01812,20-29,1,Bachelor,Frankfurt,False,Hybrid
CAN01813,40-49,8,Other,Berlin,True,Remote
CAN01814,20-29,6,Bachelor,Berlin,False,No preference
CAN01815,30-39,7,Vocational training,Berlin,False,No preference
CAN01816,20-29,5,Bachelor,Frankfurt,True,On-site
CAN01817,30-39,5,Bachelor,Outside Germany,False,Hybrid
CAN01818,40-49,8,Bachelor,Hamburg,True,Hybrid
CAN01819,40-49,7,Bachelor,Hamburg,True,Hybrid
CAN01820,30-39,8,Bachelor,Frankfurt,True,Remote
CAN01821,20-29,1,Vocational training,Other Germany,False,No preference
CAN01822,30-39,4,Other,Other Germany,False,Hybrid
CAN01823,20-29,3,Bachelor,Hamburg,False,On-site
CAN01824,40-49,6,Bachelor,Other Germany,False,Remote
CAN01825,30-39,6,Bachelor,Munich,False,Remote
CAN01826,40-49,5,Vocational training,Other Germany,True,Remote
CAN01827,20-29,4,Other,Frankfurt,False,Remote
CAN01828,20-29,1,Vocational training,Other Germany,True,Hybrid
CAN01829,30-39,0,Master,Hamburg,False,No preference
CAN01830,40-49,2,Vocational training,Hamburg,True,Remote
CAN01831,30-39,8,Bachelor,Berlin,False,Hybrid
CAN01832,20-29,2,Master,Berlin,False,Hybrid
CAN01833,40-49,1,Doctorate,Other Germany,False,Remote
CAN01834,40-49,9,Vocational training,Frankfurt,True,On-site
CAN01835,40-49,25,Vocational training,Frankfurt,False,Remote
CAN01836,40-49,6,Bachelor,Frankfurt,False,Hybrid
CAN01837,40-49,5,Vocational training,,True,Hybrid
CAN01838,50+,14,Bachelor,Other Germany,True,On-site
CAN01839,50+,13,Vocational training,Frankfurt,False,On-site
CAN01840,30-39,13,Bachelor,Frankfurt,False,Hybrid
CAN01841,40-49,6,Master,Munich,False,No preference
CAN01842,40-49,9,Bachelor,Outside Germany,True,Hybrid
CAN01843,50+,8,Vocational training,Munich,False,Remote
CAN01844,30-39,9,Bachelor,Hamburg,True,On-site
CAN01845,20-29,1,Vocational training,Outside Germany,False,Remote
CAN01846,30-39,7,Bachelor,Berlin,False,Hybrid
CAN01847,40-49,6,Master,Berlin,False,Hybrid
CAN01848,40-49,4,Doctorate,Frankfurt,True,Hybrid
CAN01849,20-29,3,Vocational training,Berlin,False,Remote
CAN01850,40-49,7,Bachelor,Frankfurt,False,Remote
CAN01851,50+,18,Master,Berlin,False,Hybrid
CAN01852,30-39,19,Master,Other Germany,True,Remote
CAN01853,50+,9,Vocational training,Other Germany,False,No preference
CAN01854,40-49,3,Vocational training,Other Germany,True,Remote
CAN01855,30-39,8,Vocational training,Munich,False,Hybrid
CAN01856,30-39,2,Bachelor,Frankfurt,False,Hybrid
CAN01857,30-39,11,Master,Other Germany,False,Remote
CAN01858,30-39,1,Master,Frankfurt,True,Remote
CAN01859,30-39,8,Vocational training,Berlin,False,Hybrid
CAN01860,30-39,7,Bachelor,Other Germany,True,Remote
CAN01861,40-49,2,Bachelor,Cologne,False,Remote
CAN01862,30-39,3,Vocational training,Other Germany,False,Remote
CAN01863,40-49,5,Bachelor,Cologne,True,Hybrid
CAN01864,30-39,4,Other,Other Germany,True,Hybrid
CAN01865,40-49,8,Master,Berlin,False,Hybrid
CAN01866,20-29,3,Bachelor,,True,Hybrid
CAN01867,40-49,3,Vocational training,Other Germany,True,Hybrid
CAN01868,30-39,0,Master,Other Germany,False,Hybrid
CAN01869,30-39,3,Master,Other Germany,False,Hybrid
CAN01870,40-49,5,Master,Outside Germany,False,Hybrid
CAN01871,40-49,9,Bachelor,Munich,True,Hybrid
CAN01872,40-49,5,Master,Munich,False,Hybrid
CAN01873,30-39,6,Other,Outside Germany,False,Remote
CAN01874,30-39,12,Other,Other Germany,True,On-site
CAN01875,20-29,1,Master,Other Germany,False,No preference
CAN01876,20-29,3,Other,Other Germany,False,Remote
CAN01877,40-49,6,Bachelor,,False,On-site
CAN01878,40-49,8,Vocational training,Other Germany,False,Remote
CAN01879,20-29,7,Master,Berlin,False,Hybrid
CAN01880,40-49,8,Master,Munich,False,Hybrid
CAN01881,40-49,9,Bachelor,Other Germany,False,Remote
CAN01882,40-49,13,Doctorate,Other Germany,True,Hybrid
CAN01883,30-39,11,Bachelor,Other Germany,True,Hybrid
CAN01884,30-39,7,Other,Munich,False,No preference
CAN01885,40-49,1,Vocational training,Frankfurt,True,Remote
CAN01886,20-29,5,Other,Cologne,False,On-site
CAN01887,40-49,5,Bachelor,Hamburg,True,On-site
CAN01888,40-49,11,Master,Outside Germany,True,Remote
CAN01889,40-49,4,Master,Outside Germany,True,On-site
CAN01890,30-39,2,Master,Hamburg,False,No preference
CAN01891,40-49,0,Master,Hamburg,True,Hybrid
CAN01892,20-29,7,Master,Berlin,True,Hybrid
CAN01893,30-39,1,Vocational training,Hamburg,True,Remote
CAN01894,30-39,2,Bachelor,Berlin,False,No preference
CAN01895,30-39,2,Vocational training,Other Germany,False,Remote
CAN01896,30-39,6,Bachelor,Frankfurt,False,Hybrid
CAN01897,20-29,4,Bachelor,Cologne,False,Hybrid
CAN01898,30-39,1,Bachelor,Frankfurt,True,No preference
CAN01899,30-39,6,Vocational training,Other Germany,True,Hybrid
CAN01900,20-29,10,Doctorate,Frankfurt,False,Hybrid
CAN01901,30-39,8,Master,Frankfurt,False,On-site
CAN01902,30-39,11,Bachelor,Hamburg,False,Hybrid
CAN01903,20-29,7,Master,Frankfurt,False,Hybrid
CAN01904,30-39,6,Vocational training,Frankfurt,False,Hybrid
CAN01905,40-49,3,Vocational training,Other Germany,False,On-site
CAN01906,40-49,4,Master,Hamburg,True,Hybrid
CAN01907,40-49,0,Vocational training,Munich,True,No preference
CAN01908,40-49,3,Master,Berlin,False,No preference
CAN01909,40-49,10,Vocational training,Hamburg,True,No preference
CAN01910,30-39,1,Master,Other Germany,False,Hybrid
CAN01911,30-39,6,Bachelor,Munich,False,On-site
CAN01912,30-39,6,Vocational training,Other Germany,False,Remote
CAN01913,40-49,13,Master,Berlin,True,Hybrid
CAN01914,40-49,9,Bachelor,Frankfurt,False,Hybrid
CAN01915,40-49,5,Vocational training,Frankfurt,False,On-site
CAN01916,50+,19,Master,Frankfurt,False,Hybrid
CAN01917,30-39,7,Master,Hamburg,False,No preference
CAN01918,30-39,6,Master,Berlin,False,Remote
CAN01919,30-39,17,Master,Other Germany,False,Remote
CAN01920,20-29,1,Other,Other Germany,True,No preference
CAN01921,50+,15,Bachelor,Other Germany,False,Remote
CAN01922,50+,16,Vocational training,,False,Remote
CAN01923,30-39,3,Master,Frankfurt,False,Hybrid
CAN01924,30-39,2,Vocational training,Berlin,False,No preference
CAN01925,40-49,5,Vocational training,Berlin,True,Remote
CAN01926,30-39,3,Vocational training,Other Germany,False,Hybrid
CAN01927,20-29,8,Vocational training,Cologne,True,Hybrid
CAN01928,30-39,1,Bachelor,Other Germany,False,Remote
CAN01929,30-39,0,Vocational training,Munich,False,Hybrid
CAN01930,40-49,11,Bachelor,Cologne,False,Remote
CAN01931,30-39,8,Vocational training,Frankfurt,False,Hybrid
CAN01932,50+,17,Bachelor,Berlin,False,No preference
CAN01933,20-29,4,Vocational training,Outside Germany,False,Hybrid
CAN01934,40-49,8,Bachelor,Other Germany,False,No preference
CAN01935,30-39,8,Bachelor,Frankfurt,True,Remote
CAN01936,40-49,4,Master,Other Germany,True,Hybrid
CAN01937,40-49,9,Vocational training,Berlin,False,Hybrid
CAN01938,50+,16,Vocational training,Cologne,True,On-site
CAN01939,20-29,3,Other,Outside Germany,False,No preference
CAN01940,50+,17,Bachelor,Munich,False,Remote
CAN01941,40-49,6,Master,Frankfurt,True,Remote
CAN01942,30-39,4,Bachelor,Outside Germany,True,On-site
CAN01943,40-49,1,Vocational training,Frankfurt,True,Hybrid
CAN01944,20-29,8,Bachelor,Cologne,True,Hybrid
CAN01945,40-49,1,Other,Cologne,False,Hybrid
CAN01946,20-29,1,Vocational training,Berlin,False,Hybrid
CAN01947,20-29,1,Bachelor,Hamburg,False,No preference
CAN01948,30-39,1,Master,Hamburg,False,Remote
CAN01949,40-49,10,Master,Berlin,False,Hybrid
CAN01950,20-29,2,Master,Other Germany,False,No preference
CAN01951,40-49,2,Vocational training,Cologne,False,Remote
CAN01952,50+,11,Bachelor,Frankfurt,False,Hybrid
CAN01953,20-29,1,Bachelor,Other Germany,False,Hybrid
CAN01954,40-49,0,Vocational training,Munich,False,On-site
CAN01955,20-29,2,Bachelor,Other Germany,True,Remote
CAN01956,50+,10,Bachelor,Berlin,True,Hybrid
CAN01957,20-29,6,Vocational training,Outside Germany,False,Hybrid
CAN01958,30-39,2,Bachelor,Other Germany,True,On-site
CAN01959,40-49,6,Master,Munich,False,No preference
CAN01960,40-49,17,Other,Frankfurt,False,Hybrid
CAN01961,40-49,16,Vocational training,Cologne,False,On-site
CAN01962,50+,16,Vocational training,Berlin,False,Hybrid
CAN01963,40-49,3,Doctorate,Other Germany,False,Hybrid
CAN01964,30-39,8,Master,Frankfurt,False,Remote
CAN01965,50+,13,Vocational training,Frankfurt,False,Hybrid
CAN01966,30-39,7,Master,Frankfurt,True,Hybrid
CAN01967,30-39,6,Bachelor,Berlin,True,Remote
CAN01968,20-29,4,Vocational training,Berlin,False,Hybrid
CAN01969,20-29,6,Bachelor,Berlin,True,Hybrid
CAN01970,30-39,6,Bachelor,Outside Germany,True,Remote
CAN01971,50+,7,Vocational training,Other Germany,False,On-site
CAN01972,30-39,12,Master,Frankfurt,False,Hybrid
CAN01973,30-39,0,Vocational training,Other Germany,True,Hybrid
CAN01974,40-49,17,Vocational training,Cologne,True,Remote
CAN01975,30-39,5,Master,Other Germany,False,No preference
CAN01976,30-39,1,Bachelor,Outside Germany,True,Remote
CAN01977,50+,18,Vocational training,Berlin,False,Remote
CAN01978,30-39,7,Vocational training,Frankfurt,True,On-site
CAN01979,40-49,7,Vocational training,Other Germany,False,Hybrid
CAN01980,30-39,6,Vocational training,Cologne,False,Hybrid
CAN01981,30-39,2,Master,Munich,False,Hybrid
CAN01982,30-39,2,Master,Other Germany,True,Hybrid
CAN01983,50+,11,Master,Berlin,True,On-site
CAN01984,20-29,4,Bachelor,Munich,True,Hybrid
CAN01985,50+,21,Bachelor,Munich,True,No preference
CAN01986,20-29,5,Master,Hamburg,True,Remote
CAN01987,40-49,10,Master,Other Germany,False,Hybrid
CAN01988,40-49,5,Doctorate,Other Germany,False,Remote
CAN01989,30-39,3,Bachelor,Berlin,False,Remote
CAN01990,30-39,7,Bachelor,Berlin,True,Remote
CAN01991,40-49,8,Vocational training,Munich,False,No preference
CAN01992,30-39,3,Bachelor,Other Germany,True,Hybrid
CAN01993,40-49,3,Vocational training,Hamburg,False,On-site
CAN01994,50+,22,Bachelor,Other Germany,False,Hybrid
CAN01995,30-39,2,Master,Frankfurt,False,Hybrid
CAN01996,50+,14,Bachelor,Other Germany,False,Hybrid
CAN01997,50+,12,Vocational training,Other Germany,True,Hybrid
CAN01998,40-49,5,Bachelor,Munich,True,Remote
CAN01999,30-39,6,Bachelor,Hamburg,False,Hybrid
CAN02000,30-39,11,Bachelor,Other Germany,True,No preference
CAN02001,30-39,4,Bachelor,Other Germany,False,Hybrid
CAN02002,30-39,3,Master,Frankfurt,True,Hybrid
CAN02003,40-49,2,Other,Other Germany,False,On-site
CAN02004,30-39,4,Vocational training,Frankfurt,True,No preference
CAN02005,30-39,7,Bachelor,Hamburg,True,Hybrid
CAN02006,40-49,8,Bachelor,Berlin,False,Hybrid
CAN02007,30-39,14,Master,Frankfurt,False,Hybrid
CAN02008,40-49,16,Bachelor,Other Germany,True,Remote
CAN02009,40-49,4,Vocational training,Berlin,True,Remote
CAN02010,30-39,8,Other,Other Germany,True,Hybrid
CAN02011,40-49,3,Vocational training,Other Germany,False,Hybrid
CAN02012,40-49,16,Vocational training,Frankfurt,False,Hybrid
CAN02013,40-49,2,Master,Frankfurt,False,Remote
CAN02014,30-39,1,Bachelor,Other Germany,True,No preference
CAN02015,30-39,6,Bachelor,Berlin,False,Hybrid
CAN02016,30-39,6,Vocational training,Frankfurt,False,On-site
CAN02017,40-49,3,Bachelor,Other Germany,False,Hybrid
CAN02018,40-49,13,Vocational training,Frankfurt,False,Hybrid
CAN02019,30-39,7,Vocational training,Munich,True,Hybrid
CAN02020,30-39,4,Master,Berlin,True,Remote
CAN02021,40-49,6,Bachelor,Munich,False,Remote
CAN02022,30-39,9,Doctorate,Cologne,False,Hybrid
CAN02023,40-49,3,Bachelor,Other Germany,True,Hybrid
CAN02024,40-49,13,Vocational training,Berlin,False,Remote
CAN02025,40-49,12,Vocational training,Other Germany,False,Remote
CAN02026,30-39,4,Bachelor,Other Germany,False,Hybrid
CAN02027,30-39,3,Master,Munich,False,Remote
CAN02028,20-29,5,Vocational training,Other Germany,False,On-site
CAN02029,40-49,2,Other,Munich,True,Hybrid
CAN02030,30-39,16,Bachelor,Other Germany,True,Remote
CAN02031,50+,13,Bachelor,Berlin,False,On-site
CAN02032,40-49,7,Bachelor,Other Germany,True,No preference
CAN02033,50+,25,Master,Hamburg,True,Remote
CAN02034,40-49,2,Master,,False,Hybrid
CAN02035,40-49,6,Vocational training,Frankfurt,True,Hybrid
CAN02036,40-49,3,Master,Frankfurt,True,Remote
CAN02037,40-49,7,Bachelor,Other Germany,False,Remote
CAN02038,30-39,5,Vocational training,Frankfurt,True,No preference
CAN02039,50+,9,Bachelor,Outside Germany,False,On-site
CAN02040,40-49,5,Master,Other Germany,True,Remote
CAN02041,40-49,16,Vocational training,Other Germany,True,Remote
CAN02042,20-29,6,Bachelor,Hamburg,True,Hybrid
CAN02043,40-49,13,Master,Frankfurt,False,Remote
CAN02044,30-39,7,Bachelor,Frankfurt,False,On-site
CAN02045,20-29,6,Bachelor,Hamburg,True,Hybrid
CAN02046,30-39,15,Bachelor,Frankfurt,False,Hybrid
CAN02047,40-49,7,Master,Outside Germany,True,On-site
CAN02048,40-49,5,Master,Frankfurt,True,Hybrid
CAN02049,40-49,15,Bachelor,Berlin,False,Remote
CAN02050,30-39,1,Master,Munich,False,Hybrid
CAN02051,40-49,6,Bachelor,Berlin,True,No preference
CAN02052,30-39,1,Vocational training,Outside Germany,False,Hybrid
CAN02053,30-39,11,Bachelor,Other Germany,False,Hybrid
CAN02054,20-29,3,Bachelor,Berlin,True,Remote
CAN02055,30-39,4,Master,Other Germany,False,Remote
CAN02056,40-49,7,Master,Berlin,False,No preference
CAN02057,40-49,8,Master,Other Germany,False,Hybrid
CAN02058,20-29,6,Vocational training,Hamburg,False,Hybrid
CAN02059,20-29,6,Bachelor,Hamburg,True,On-site
CAN02060,30-39,7,Vocational training,Munich,False,Hybrid
CAN02061,20-29,1,Bachelor,Berlin,True,No preference
CAN02062,30-39,10,Vocational training,Berlin,False,On-site
CAN02063,50+,20,Other,Other Germany,True,Hybrid
CAN02064,30-39,4,Vocational training,Other Germany,False,Remote
CAN02065,50+,9,Master,Berlin,False,On-site
CAN02066,20-29,2,Vocational training,Frankfurt,True,Hybrid
CAN02067,40-49,6,Vocational training,Other Germany,False,Hybrid
CAN02068,30-39,9,Vocational training,Other Germany,False,Hybrid
CAN02069,30-39,6,Vocational training,Other Germany,True,Hybrid
CAN02070,40-49,10,Master,Frankfurt,True,On-site
CAN02071,40-49,18,Bachelor,Frankfurt,True,On-site
CAN02072,30-39,11,Bachelor,Frankfurt,False,Remote
CAN02073,20-29,7,Bachelor,Frankfurt,True,No preference
CAN02074,40-49,7,Master,Cologne,False,Hybrid
CAN02075,30-39,16,Vocational training,Frankfurt,False,Remote
CAN02076,20-29,4,Bachelor,Berlin,True,No preference
CAN02077,40-49,5,Bachelor,Cologne,True,No preference
CAN02078,20-29,1,Vocational training,Hamburg,True,No preference
CAN02079,50+,6,Vocational training,Other Germany,False,Remote
CAN02080,40-49,11,Master,Other Germany,False,Hybrid
CAN02081,50+,16,Vocational training,Frankfurt,True,Hybrid
CAN02082,30-39,1,Vocational training,Other Germany,True,Hybrid
CAN02083,30-39,13,Other,Berlin,True,Remote
CAN02084,30-39,5,Vocational training,Berlin,True,Hybrid
CAN02085,40-49,5,Master,Frankfurt,False,Remote
CAN02086,30-39,2,Vocational training,Munich,False,Hybrid
CAN02087,40-49,4,Vocational training,Munich,False,Hybrid
CAN02088,40-49,13,Master,Other Germany,False,Hybrid
CAN02089,20-29,5,Bachelor,Other Germany,False,On-site
CAN02090,20-29,4,Master,Cologne,False,Hybrid
CAN02091,30-39,5,Bachelor,Frankfurt,True,Remote
CAN02092,20-29,5,Other,Munich,True,Hybrid
CAN02093,50+,7,Vocational training,Other Germany,False,No preference
CAN02094,50+,19,Bachelor,Other Germany,False,Hybrid
CAN02095,40-49,4,Bachelor,Berlin,False,No preference
CAN02096,40-49,5,Vocational training,Frankfurt,False,Hybrid
CAN02097,30-39,8,Bachelor,Other Germany,False,Remote
CAN02098,40-49,4,Vocational training,Berlin,True,Remote
CAN02099,40-49,5,Master,Other Germany,False,Hybrid
CAN02100,20-29,2,Bachelor,Cologne,False,Remote
CAN02101,30-39,2,Other,Other Germany,False,Remote
CAN02102,30-39,3,Bachelor,Hamburg,True,Hybrid
CAN02103,30-39,4,Master,Hamburg,False,On-site
CAN02104,20-29,8,Bachelor,Berlin,False,No preference
CAN02105,40-49,13,Master,Hamburg,False,Hybrid
CAN02106,30-39,10,Doctorate,Frankfurt,False,Hybrid
CAN02107,40-49,1,Vocational training,Berlin,False,Remote
CAN02108,50+,19,Vocational training,Munich,False,Remote
CAN02109,40-49,5,Master,Cologne,False,Remote
CAN02110,30-39,3,Vocational training,Hamburg,False,Hybrid
CAN02111,20-29,2,Vocational training,Hamburg,False,No preference
CAN02112,30-39,8,Master,Berlin,False,Remote
CAN02113,40-49,16,Master,Outside Germany,False,Remote
CAN02114,50+,7,Other,Berlin,False,No preference
CAN02115,30-39,5,Master,Munich,False,On-site
CAN02116,40-49,13,Bachelor,Other Germany,True,Hybrid
CAN02117,20-29,9,Vocational training,Other Germany,True,Hybrid
CAN02118,30-39,4,Bachelor,Berlin,False,Hybrid
CAN02119,50+,15,Master,Hamburg,False,Remote
CAN02120,30-39,4,Vocational training,Other Germany,False,On-site
CAN02121,50+,16,Vocational training,Other Germany,False,No preference
CAN02122,30-39,11,Vocational training,Frankfurt,False,Hybrid
CAN02123,30-39,7,Bachelor,Frankfurt,False,Remote
CAN02124,40-49,0,Vocational training,Frankfurt,False,No preference
CAN02125,30-39,6,Master,Berlin,False,Hybrid
CAN02126,30-39,2,Vocational training,Frankfurt,True,Hybrid
CAN02127,30-39,11,Vocational training,Munich,False,Remote
CAN02128,30-39,5,Master,Munich,False,Remote
CAN02129,40-49,7,Doctorate,Other Germany,False,No preference
CAN02130,50+,14,Doctorate,Berlin,False,Remote
CAN02131,20-29,6,Bachelor,Frankfurt,True,Hybrid
CAN02132,20-29,4,Vocational training,Berlin,False,No preference
CAN02133,40-49,1,Vocational training,Other Germany,False,Hybrid
CAN02134,40-49,11,Master,Other Germany,False,Remote
CAN02135,30-39,0,Vocational training,Other Germany,False,Remote
CAN02136,40-49,11,Doctorate,Berlin,False,Hybrid
CAN02137,40-49,3,Master,Other Germany,False,Hybrid
CAN02138,30-39,11,Vocational training,Other Germany,True,Remote
CAN02139,40-49,15,Vocational training,Cologne,False,Hybrid
CAN02140,20-29,3,Doctorate,Cologne,False,Hybrid
CAN02141,50+,25,Master,Berlin,False,Hybrid
CAN02142,40-49,4,Other,Frankfurt,False,No preference
CAN02143,40-49,1,Vocational training,Frankfurt,True,Hybrid
CAN02144,40-49,16,Bachelor,Cologne,False,Remote
CAN02145,40-49,8,Vocational training,Berlin,False,Remote
CAN02146,20-29,1,Bachelor,Other Germany,False,Hybrid
CAN02147,40-49,13,Vocational training,Cologne,False,On-site
CAN02148,30-39,2,Vocational training,Cologne,True,Remote
CAN02149,30-39,3,Vocational training,Frankfurt,False,Remote
CAN02150,40-49,3,Master,Other Germany,True,Remote
CAN02151,30-39,4,Vocational training,Berlin,False,On-site
CAN02152,20-29,1,Bachelor,Munich,False,Hybrid
CAN02153,20-29,2,Other,Outside Germany,False,No preference
CAN02154,20-29,4,Bachelor,Frankfurt,True,Hybrid
CAN02155,20-29,2,Bachelor,Munich,True,Remote
CAN02156,20-29,0,Master,Frankfurt,True,Hybrid
CAN02157,30-39,6,Doctorate,Outside Germany,True,Hybrid
CAN02158,20-29,4,Doctorate,Frankfurt,False,Hybrid
CAN02159,20-29,5,Bachelor,Frankfurt,False,No preference
CAN02160,30-39,12,Vocational training,Berlin,False,No preference
CAN02161,20-29,3,Vocational training,Berlin,True,Hybrid
CAN02162,20-29,5,Bachelor,Berlin,False,Hybrid
CAN02163,40-49,8,Master,Frankfurt,False,Remote
CAN02164,40-49,7,Bachelor,Hamburg,False,Remote
CAN02165,30-39,13,Vocational training,Outside Germany,True,Hybrid
CAN02166,30-39,3,Vocational training,Hamburg,False,On-site
CAN02167,30-39,6,Other,Other Germany,False,On-site
CAN02168,40-49,15,Doctorate,Cologne,False,Remote
CAN02169,30-39,8,Bachelor,Other Germany,False,On-site
CAN02170,40-49,4,Bachelor,Berlin,False,Remote
CAN02171,40-49,6,Vocational training,Hamburg,False,Hybrid
CAN02172,30-39,2,Other,Hamburg,False,Hybrid
CAN02173,30-39,6,Master,Frankfurt,False,On-site
CAN02174,20-29,6,Bachelor,Munich,False,Hybrid
CAN02175,30-39,2,Bachelor,Other Germany,True,Hybrid
CAN02176,50+,15,Other,Frankfurt,True,Hybrid
CAN02177,50+,12,Vocational training,Cologne,False,Remote
CAN02178,30-39,10,Vocational training,Hamburg,True,Hybrid
CAN02179,50+,14,Bachelor,Other Germany,False,Hybrid
CAN02180,30-39,1,Other,Cologne,True,Hybrid
CAN02181,40-49,3,Bachelor,Berlin,True,No preference
CAN02182,20-29,7,Vocational training,Frankfurt,False,No preference
CAN02183,30-39,2,Bachelor,Munich,False,Hybrid
CAN02184,30-39,8,Vocational training,Hamburg,False,On-site
CAN02185,30-39,4,Master,Other Germany,True,On-site
CAN02186,40-49,7,Bachelor,Other Germany,False,Hybrid
CAN02187,20-29,2,Other,Other Germany,False,On-site
CAN02188,40-49,17,Vocational training,Munich,False,No preference
CAN02189,20-29,4,Master,Other Germany,False,On-site
CAN02190,30-39,7,Master,Munich,False,Remote
CAN02191,20-29,5,Bachelor,Other Germany,False,Remote
CAN02192,40-49,9,Master,Other Germany,False,Hybrid
CAN02193,40-49,6,Vocational training,Frankfurt,False,Hybrid
CAN02194,20-29,2,Master,Munich,False,Hybrid
CAN02195,40-49,7,Vocational training,Other Germany,False,No preference
CAN02196,30-39,11,Master,Frankfurt,False,Remote
CAN02197,20-29,6,Bachelor,Hamburg,False,Hybrid
CAN02198,40-49,2,Vocational training,Berlin,False,On-site
CAN02199,20-29,0,Master,Cologne,False,Remote
CAN02200,20-29,6,Vocational training,Hamburg,False,No preference
CAN02201,20-29,1,Vocational training,Hamburg,True,No preference
CAN02202,40-49,6,Vocational training,Munich,True,On-site
CAN02203,20-29,2,Vocational training,Hamburg,False,Hybrid
CAN02204,20-29,6,Master,Other Germany,False,No preference
CAN02205,40-49,10,Bachelor,Munich,True,Hybrid
CAN02206,20-29,3,Vocational training,Other Germany,True,Remote
CAN02207,40-49,4,Master,Hamburg,True,No preference
CAN02208,30-39,12,Vocational training,Other Germany,False,Remote
CAN02209,40-49,3,Master,Other Germany,True,Remote
CAN02210,40-49,13,Vocational training,Frankfurt,False,Remote
CAN02211,30-39,6,Vocational training,Munich,False,Remote
CAN02212,40-49,1,Bachelor,Frankfurt,True,Hybrid
CAN02213,30-39,5,Master,Outside Germany,False,Hybrid
CAN02214,20-29,2,Vocational training,Frankfurt,False,Hybrid
CAN02215,30-39,7,Other,Other Germany,False,Remote
CAN02216,40-49,6,Bachelor,Frankfurt,True,On-site
CAN02217,40-49,8,Vocational training,Berlin,True,Remote
CAN02218,40-49,4,Bachelor,Berlin,True,Hybrid
CAN02219,20-29,2,Other,Other Germany,False,Remote
CAN02220,40-49,4,Bachelor,Munich,False,Hybrid
CAN02221,20-29,3,Vocational training,Frankfurt,False,Remote
CAN02222,40-49,20,Vocational training,Berlin,True,Remote
CAN02223,40-49,13,Vocational training,Other Germany,True,Hybrid
CAN02224,20-29,2,Other,Frankfurt,False,Hybrid
CAN02225,40-49,3,Master,Frankfurt,False,Hybrid
CAN02226,30-39,1,Master,Berlin,False,On-site
CAN02227,30-39,13,Bachelor,Other Germany,True,Hybrid
CAN02228,40-49,5,Master,Hamburg,False,Remote
CAN02229,40-49,8,Master,Other Germany,False,Hybrid
CAN02230,40-49,9,Vocational training,Other Germany,False,Hybrid
CAN02231,50+,20,Bachelor,Hamburg,False,Hybrid
CAN02232,30-39,11,Vocational training,Other Germany,False,Hybrid
CAN02233,40-49,11,Vocational training,Frankfurt,False,Remote
CAN02234,40-49,3,Vocational training,Frankfurt,True,On-site
CAN02235,30-39,14,Master,Other Germany,True,No preference
CAN02236,20-29,7,Bachelor,Hamburg,False,Hybrid
CAN02237,40-49,12,Master,Frankfurt,False,No preference
CAN02238,40-49,6,Bachelor,Other Germany,False,Hybrid
CAN02239,40-49,1,Vocational training,Frankfurt,False,Hybrid
CAN02240,40-49,7,Vocational training,Frankfurt,False,Remote
CAN02241,30-39,11,Bachelor,Cologne,True,No preference
CAN02242,20-29,3,Master,Frankfurt,False,Remote
CAN02243,40-49,4,Vocational training,Frankfurt,False,Remote
CAN02244,30-39,3,Vocational training,Frankfurt,False,Hybrid
CAN02245,40-49,6,Master,Munich,False,Remote
CAN02246,30-39,2,Bachelor,Other Germany,False,Hybrid
CAN02247,30-39,4,Vocational training,Berlin,False,No preference
CAN02248,40-49,3,Bachelor,Berlin,False,No preference
CAN02249,40-49,6,Bachelor,Berlin,False,Hybrid
CAN02250,40-49,12,Vocational training,Munich,False,On-site
CAN02251,40-49,6,Vocational training,Cologne,True,Remote
CAN02252,40-49,6,Master,Munich,False,Remote
CAN02253,30-39,8,Bachelor,Frankfurt,False,Hybrid
CAN02254,40-49,1,Bachelor,Frankfurt,True,No preference
CAN02255,40-49,2,Master,Munich,False,No preference
CAN02256,50+,9,Vocational training,Berlin,False,Hybrid
CAN02257,40-49,3,Vocational training,Berlin,True,Hybrid
CAN02258,30-39,1,Bachelor,Munich,False,Hybrid
CAN02259,40-49,11,Bachelor,Cologne,False,Remote
CAN02260,40-49,4,Other,Other Germany,True,Hybrid
CAN02261,30-39,9,Bachelor,Other Germany,False,Hybrid
CAN02262,30-39,7,Bachelor,Cologne,False,Hybrid
CAN02263,40-49,10,Vocational training,Other Germany,False,Remote
CAN02264,30-39,5,Master,Frankfurt,True,Hybrid
CAN02265,40-49,2,Vocational training,Berlin,False,Hybrid
CAN02266,50+,18,Bachelor,Frankfurt,True,On-site
CAN02267,30-39,7,Vocational training,Munich,False,Hybrid
CAN02268,30-39,8,Bachelor,Munich,True,Remote
CAN02269,40-49,5,Master,Frankfurt,False,Hybrid
CAN02270,20-29,3,Bachelor,Munich,False,Hybrid
CAN02271,40-49,7,Bachelor,Cologne,False,Hybrid
CAN02272,20-29,1,Master,Cologne,True,On-site
CAN02273,30-39,5,Vocational training,Hamburg,True,Hybrid
CAN02274,40-49,7,Vocational training,Munich,True,Remote
CAN02275,40-49,3,Vocational training,Hamburg,True,Hybrid
CAN02276,50+,13,Other,Other Germany,False,Remote
CAN02277,20-29,2,Other,Other Germany,False,Hybrid
CAN02278,30-39,4,Vocational training,Cologne,False,No preference
CAN02279,50+,12,Master,Cologne,True,No preference
CAN02280,30-39,9,Vocational training,Berlin,True,No preference
CAN02281,40-49,2,Vocational training,Other Germany,False,Hybrid
CAN02282,30-39,3,Bachelor,,True,Hybrid
CAN02283,20-29,2,Bachelor,Cologne,True,Hybrid
CAN02284,20-29,10,Master,Cologne,False,On-site
CAN02285,50+,24,Bachelor,,False,Hybrid
CAN02286,50+,7,Doctorate,Frankfurt,False,Remote
CAN02287,40-49,4,Vocational training,Outside Germany,True,No preference
CAN02288,30-39,1,Other,Frankfurt,False,Hybrid
CAN02289,30-39,1,Vocational training,Other Germany,False,On-site
CAN02290,40-49,4,Vocational training,Hamburg,False,Remote
CAN02291,50+,9,Bachelor,Other Germany,False,Hybrid
CAN02292,40-49,7,Vocational training,Hamburg,False,Hybrid
CAN02293,50+,13,Master,Cologne,False,On-site
CAN02294,20-29,1,Bachelor,Frankfurt,False,On-site
CAN02295,20-29,0,Bachelor,Munich,False,Hybrid
CAN02296,30-39,3,Bachelor,Munich,False,On-site
CAN02297,40-49,1,Vocational training,Munich,False,Hybrid
CAN02298,30-39,4,Master,Frankfurt,True,Hybrid
CAN02299,40-49,9,Vocational training,Other Germany,False,No preference
CAN02300,20-29,0,Master,Munich,False,Hybrid
CAN02301,20-29,3,Bachelor,Frankfurt,False,On-site
CAN02302,30-39,4,Vocational training,Berlin,False,Hybrid
CAN02303,30-39,2,Vocational training,Frankfurt,False,Hybrid
CAN02304,40-49,12,Master,Berlin,True,Remote
CAN02305,40-49,4,Master,Berlin,False,Remote
CAN02306,30-39,1,Other,Frankfurt,False,No preference
CAN02307,30-39,6,Vocational training,Cologne,False,Hybrid
CAN02308,30-39,10,Bachelor,Hamburg,True,On-site
CAN02309,40-49,5,Vocational training,Hamburg,True,Hybrid
CAN02310,20-29,1,Vocational training,Hamburg,True,Hybrid
CAN02311,20-29,3,Master,Munich,True,No preference
CAN02312,40-49,5,Vocational training,Other Germany,True,Hybrid
CAN02313,30-39,6,Vocational training,Frankfurt,False,Hybrid
CAN02314,50+,9,Vocational training,Cologne,True,Hybrid
CAN02315,40-49,7,Bachelor,Frankfurt,False,Hybrid
CAN02316,30-39,7,Bachelor,Berlin,False,Hybrid
CAN02317,30-39,13,Bachelor,Munich,False,Remote
CAN02318,30-39,12,Bachelor,Frankfurt,True,Hybrid
CAN02319,20-29,6,Vocational training,Frankfurt,True,Hybrid
CAN02320,30-39,1,Bachelor,Other Germany,True,No preference
CAN02321,50+,13,Bachelor,Berlin,False,Remote
CAN02322,30-39,5,Bachelor,Munich,False,On-site
CAN02323,40-49,3,Bachelor,Munich,True,Hybrid
CAN02324,40-49,19,Vocational training,Berlin,False,Hybrid
CAN02325,30-39,6,Other,Other Germany,True,Hybrid
CAN02326,40-49,7,Master,Frankfurt,True,No preference
CAN02327,30-39,9,Other,Frankfurt,True,Remote
CAN02328,40-49,4,Other,Other Germany,False,Hybrid
CAN02329,30-39,5,Bachelor,Frankfurt,False,Remote
CAN02330,40-49,13,Bachelor,Frankfurt,False,No preference
CAN02331,30-39,14,Bachelor,Berlin,False,Hybrid
CAN02332,30-39,9,Bachelor,Frankfurt,False,Hybrid
CAN02333,40-49,5,Vocational training,Other Germany,False,Hybrid
CAN02334,20-29,2,Master,Hamburg,False,Hybrid
CAN02335,30-39,5,Master,Outside Germany,False,Remote
CAN02336,40-49,0,Vocational training,Other Germany,False,Hybrid
CAN02337,40-49,8,Doctorate,Cologne,True,On-site
CAN02338,40-49,2,Bachelor,Cologne,False,On-site
CAN02339,20-29,2,Vocational training,Berlin,False,Hybrid
CAN02340,40-49,15,Vocational training,Berlin,True,Hybrid
CAN02341,50+,13,Master,Other Germany,True,Remote
CAN02342,20-29,3,Vocational training,Munich,True,Remote
CAN02343,30-39,11,Bachelor,Berlin,False,Hybrid
CAN02344,30-39,2,Other,Frankfurt,False,Hybrid
CAN02345,30-39,5,Bachelor,Cologne,True,No preference
CAN02346,50+,12,Vocational training,Other Germany,True,On-site
CAN02347,20-29,3,Vocational training,Berlin,False,Hybrid
CAN02348,20-29,2,Master,Hamburg,False,Hybrid
CAN02349,40-49,5,Bachelor,Munich,False,Hybrid
CAN02350,40-49,25,Bachelor,Berlin,False,No preference
CAN02351,40-49,5,Vocational training,Frankfurt,False,Remote
CAN02352,50+,15,Bachelor,Other Germany,False,Hybrid
CAN02353,30-39,7,Master,Frankfurt,True,Hybrid
CAN02354,40-49,5,Other,Frankfurt,True,No preference
CAN02355,20-29,1,Master,Frankfurt,True,Hybrid
CAN02356,30-39,10,Vocational training,Berlin,True,Remote
CAN02357,20-29,10,Bachelor,Hamburg,True,Hybrid
CAN02358,50+,22,Master,Other Germany,True,No preference
CAN02359,40-49,1,Vocational training,Frankfurt,False,Remote
CAN02360,30-39,7,Master,Frankfurt,False,Hybrid
CAN02361,50+,23,Bachelor,Outside Germany,True,Remote
CAN02362,30-39,9,Bachelor,Other Germany,False,Hybrid
CAN02363,30-39,1,Bachelor,Frankfurt,False,No preference
CAN02364,20-29,2,Other,Berlin,False,Hybrid
CAN02365,20-29,6,Bachelor,Frankfurt,True,No preference
CAN02366,30-39,13,Vocational training,Munich,False,Hybrid
CAN02367,30-39,10,Vocational training,Frankfurt,True,No preference
CAN02368,20-29,1,Vocational training,Munich,False,No preference
CAN02369,30-39,10,Bachelor,Berlin,False,On-site
CAN02370,40-49,5,Master,Berlin,False,Hybrid
CAN02371,40-49,7,Vocational training,Other Germany,False,Hybrid
CAN02372,30-39,3,Master,Frankfurt,True,Hybrid
CAN02373,50+,9,Bachelor,Outside Germany,False,On-site
CAN02374,20-29,1,Doctorate,Frankfurt,False,No preference
CAN02375,20-29,4,Bachelor,Hamburg,False,Hybrid
CAN02376,20-29,4,Master,Berlin,True,Remote
CAN02377,40-49,2,Bachelor,Other Germany,False,Remote
CAN02378,30-39,11,Bachelor,Berlin,True,Hybrid
CAN02379,30-39,0,Bachelor,Hamburg,False,Remote
CAN02380,30-39,2,Vocational training,Hamburg,False,No preference
CAN02381,30-39,2,Bachelor,Other Germany,False,Hybrid
CAN02382,30-39,2,Master,Cologne,True,No preference
CAN02383,50+,24,Vocational training,Other Germany,False,Hybrid
CAN02384,20-29,1,Bachelor,Munich,True,Remote
CAN02385,30-39,6,Other,Munich,False,No preference
CAN02386,30-39,3,Vocational training,Outside Germany,False,Hybrid
CAN02387,40-49,2,Bachelor,Outside Germany,False,Hybrid
CAN02388,40-49,1,Vocational training,Berlin,False,Hybrid
CAN02389,30-39,3,Vocational training,Berlin,False,Remote
CAN02390,30-39,7,Master,Berlin,True,Hybrid
CAN02391,30-39,2,Bachelor,Cologne,False,On-site
CAN02392,30-39,4,Other,Munich,False,Hybrid
CAN02393,30-39,2,Vocational training,Hamburg,True,Remote
CAN02394,20-29,4,Master,Munich,False,Hybrid
CAN02395,50+,8,Bachelor,Frankfurt,True,Remote
CAN02396,40-49,9,Master,Outside Germany,False,No preference
CAN02397,30-39,7,Bachelor,Munich,False,Hybrid
CAN02398,30-39,3,Vocational training,Other Germany,True,Remote
CAN02399,40-49,8,Vocational training,Berlin,False,On-site
CAN02400,30-39,13,Other,Other Germany,True,Hybrid
CAN02401,30-39,10,Vocational training,Other Germany,False,Hybrid
CAN02402,30-39,6,Bachelor,Other Germany,False,No preference
CAN02403,40-49,9,Bachelor,Outside Germany,False,Remote
CAN02404,30-39,7,Vocational training,Berlin,False,Remote
CAN02405,30-39,10,Bachelor,Frankfurt,False,Hybrid
CAN02406,20-29,3,Vocational training,Other Germany,False,On-site
CAN02407,40-49,8,Master,Frankfurt,True,Hybrid
CAN02408,30-39,4,Bachelor,Frankfurt,False,Remote
CAN02409,50+,9,Bachelor,Hamburg,False,Hybrid
CAN02410,30-39,4,Vocational training,Other Germany,False,Remote
CAN02411,40-49,1,Master,Other Germany,False,Hybrid
CAN02412,40-49,5,Bachelor,Hamburg,False,Remote
CAN02413,40-49,3,Bachelor,Other Germany,False,On-site
CAN02414,40-49,5,Other,Outside Germany,True,No preference
CAN02415,40-49,4,Bachelor,Berlin,False,Hybrid
CAN02416,40-49,6,Vocational training,Other Germany,False,Hybrid
CAN02417,40-49,15,Master,Other Germany,False,On-site
CAN02418,20-29,1,Vocational training,Frankfurt,False,Hybrid
CAN02419,50+,6,Master,Other Germany,False,Hybrid
CAN02420,30-39,1,Other,Berlin,False,Remote
CAN02421,20-29,3,Bachelor,Hamburg,False,Hybrid
CAN02422,30-39,4,Vocational training,Frankfurt,False,No preference
CAN02423,30-39,5,Bachelor,Cologne,False,Remote
CAN02424,40-49,12,Bachelor,Outside Germany,False,Hybrid
CAN02425,20-29,5,Vocational training,Berlin,False,No preference
CAN02426,30-39,3,Master,Munich,True,Hybrid
CAN02427,30-39,8,Bachelor,Hamburg,True,Hybrid
CAN02428,40-49,7,Master,Hamburg,False,Hybrid
CAN02429,50+,7,Bachelor,Hamburg,False,On-site
CAN02430,30-39,9,Master,Outside Germany,False,On-site
CAN02431,20-29,2,Master,Hamburg,False,No preference
CAN02432,40-49,12,Vocational training,Cologne,False,Hybrid
CAN02433,40-49,2,Vocational training,Frankfurt,False,Remote
CAN02434,50+,24,Bachelor,Frankfurt,False,Hybrid
CAN02435,30-39,1,Vocational training,Hamburg,False,Hybrid
CAN02436,30-39,5,Vocational training,Berlin,False,Hybrid
CAN02437,50+,6,Vocational training,Cologne,False,Hybrid
CAN02438,30-39,0,Bachelor,Frankfurt,False,Hybrid
CAN02439,40-49,6,Vocational training,Frankfurt,False,Remote
CAN02440,20-29,7,Vocational training,Cologne,True,Remote
CAN02441,30-39,5,Doctorate,Berlin,False,Remote
CAN02442,20-29,10,Bachelor,Frankfurt,False,No preference
CAN02443,30-39,12,Vocational training,Berlin,False,Hybrid
CAN02444,20-29,3,Vocational training,Berlin,True,Hybrid
CAN02445,30-39,3,Bachelor,Other Germany,False,Hybrid
CAN02446,40-49,8,Vocational training,Frankfurt,False,Remote
CAN02447,30-39,1,Bachelor,Berlin,True,No preference
CAN02448,20-29,2,Vocational training,Berlin,False,Hybrid
CAN02449,40-49,16,Master,Frankfurt,True,Remote
CAN02450,40-49,3,Master,Frankfurt,True,Hybrid
CAN02451,40-49,4,Master,Other Germany,False,Hybrid
CAN02452,20-29,3,Master,Other Germany,False,Remote
CAN02453,30-39,7,Master,Frankfurt,False,On-site
CAN02454,30-39,1,Vocational training,Berlin,False,No preference
CAN02455,30-39,3,Vocational training,Frankfurt,True,Hybrid
CAN02456,20-29,0,Bachelor,Frankfurt,False,Hybrid
CAN02457,30-39,0,Doctorate,Cologne,False,Hybrid
CAN02458,40-49,7,Vocational training,Berlin,True,On-site
CAN02459,30-39,4,Vocational training,Other Germany,False,On-site
CAN02460,50+,13,Master,Berlin,False,Hybrid
CAN02461,30-39,2,Other,Hamburg,True,Remote
CAN02462,20-29,1,Vocational training,Other Germany,False,Remote
CAN02463,40-49,3,Bachelor,Cologne,False,Remote
CAN02464,50+,17,Bachelor,Cologne,True,Remote
CAN02465,30-39,9,Master,Outside Germany,False,Remote
CAN02466,40-49,9,Vocational training,Frankfurt,True,Hybrid
CAN02467,50+,10,Master,Other Germany,False,Hybrid
CAN02468,40-49,15,Vocational training,Other Germany,False,Hybrid
CAN02469,20-29,4,Bachelor,Other Germany,False,Hybrid
CAN02470,40-49,4,Master,Berlin,False,Remote
CAN02471,40-49,10,Bachelor,Berlin,True,Remote
CAN02472,30-39,5,Master,Berlin,False,Remote
CAN02473,50+,11,Vocational training,Munich,False,Hybrid
CAN02474,50+,12,Vocational training,Outside Germany,True,On-site
CAN02475,40-49,4,Bachelor,Frankfurt,False,Hybrid
CAN02476,20-29,5,Vocational training,Frankfurt,False,Hybrid
CAN02477,50+,17,Vocational training,Munich,False,Hybrid
CAN02478,20-29,3,Master,Hamburg,False,On-site
CAN02479,20-29,4,Other,Other Germany,False,On-site
CAN02480,30-39,4,Bachelor,Berlin,False,Hybrid
CAN02481,20-29,8,Bachelor,Berlin,True,No preference
CAN02482,50+,24,Bachelor,Frankfurt,False,On-site
CAN02483,20-29,0,Master,Hamburg,False,Remote
CAN02484,40-49,3,Bachelor,Munich,False,Hybrid
CAN02485,40-49,5,Vocational training,Frankfurt,False,Hybrid
CAN02486,40-49,10,Master,Other Germany,False,Hybrid
CAN02487,30-39,2,Vocational training,Outside Germany,False,Remote
CAN02488,20-29,2,Vocational training,Hamburg,False,Hybrid
CAN02489,40-49,11,Other,Outside Germany,False,Remote
CAN02490,30-39,6,Bachelor,Other Germany,False,On-site
CAN02491,20-29,0,Vocational training,Munich,True,Remote
CAN02492,20-29,1,Vocational training,Cologne,False,Hybrid
CAN02493,30-39,3,Bachelor,Other Germany,False,Hybrid
CAN02494,30-39,5,Bachelor,Munich,False,No preference
CAN02495,50+,8,Vocational training,Cologne,False,Remote
CAN02496,40-49,10,Master,Cologne,False,Hybrid
CAN02497,50+,25,Bachelor,Munich,False,No preference
CAN02498,30-39,7,Master,Other Germany,True,Remote
CAN02499,50+,8,Bachelor,Berlin,True,No preference
CAN02500,30-39,6,Bachelor,Cologne,False,Hybrid
CAN02501,40-49,11,Master,Other Germany,False,Remote
CAN02502,30-39,2,Vocational training,Berlin,False,Hybrid
CAN02503,30-39,4,Bachelor,Cologne,True,Hybrid
CAN02504,20-29,2,Other,Cologne,False,Hybrid
CAN02505,40-49,1,Master,Other Germany,False,Hybrid
CAN02506,40-49,4,Vocational training,Berlin,True,Remote
CAN02507,40-49,4,Vocational training,Munich,True,Hybrid
CAN02508,30-39,6,Master,Hamburg,True,Hybrid
CAN02509,40-49,2,Bachelor,Other Germany,True,Remote
CAN02510,40-49,6,Bachelor,Berlin,False,No preference
CAN02511,40-49,2,Bachelor,Frankfurt,False,Hybrid
CAN02512,40-49,3,Vocational training,Munich,False,On-site
CAN02513,30-39,16,Vocational training,Other Germany,False,Hybrid
CAN02514,40-49,4,Master,Berlin,False,Hybrid
CAN02515,30-39,8,Master,Frankfurt,True,Hybrid
CAN02516,50+,13,Master,Hamburg,True,Hybrid
CAN02517,20-29,4,Master,Berlin,True,Hybrid
CAN02518,20-29,8,Bachelor,,False,On-site
CAN02519,20-29,2,Master,Berlin,False,Hybrid
CAN02520,40-49,4,Master,Other Germany,False,Hybrid
CAN02521,40-49,10,Vocational training,Munich,True,On-site
CAN02522,40-49,3,Bachelor,Other Germany,True,Hybrid
CAN02523,30-39,3,Bachelor,Other Germany,False,Hybrid
CAN02524,30-39,5,Master,Other Germany,False,Hybrid
CAN02525,50+,15,Bachelor,Other Germany,False,Hybrid
CAN02526,40-49,6,Master,Other Germany,False,On-site
CAN02527,40-49,9,Vocational training,Other Germany,False,Hybrid
CAN02528,30-39,4,Vocational training,Hamburg,False,Remote
CAN02529,30-39,2,Vocational training,Frankfurt,True,Remote
CAN02530,40-49,10,Bachelor,Outside Germany,True,Hybrid
CAN02531,40-49,9,Vocational training,Cologne,True,Hybrid
CAN02532,20-29,4,Vocational training,Munich,False,Hybrid
CAN02533,40-49,8,Master,Berlin,False,Hybrid
CAN02534,40-49,3,Vocational training,Frankfurt,False,Remote
CAN02535,40-49,7,Bachelor,Munich,False,No preference
CAN02536,30-39,7,Master,Munich,False,Hybrid
CAN02537,40-49,15,Bachelor,Cologne,False,Hybrid
CAN02538,50+,8,Bachelor,Cologne,False,Hybrid
CAN02539,20-29,0,Vocational training,Munich,False,Hybrid
CAN02540,40-49,11,Bachelor,Frankfurt,False,No preference
CAN02541,30-39,8,Master,Frankfurt,False,Hybrid
CAN02542,40-49,9,Vocational training,Berlin,False,Remote
CAN02543,40-49,6,Bachelor,Cologne,False,Hybrid
CAN02544,20-29,0,Master,Frankfurt,False,Hybrid
CAN02545,40-49,2,Bachelor,Munich,False,Hybrid
CAN02546,50+,15,Bachelor,Munich,False,Hybrid
CAN02547,40-49,2,Master,Other Germany,False,On-site
CAN02548,40-49,1,Master,Other Germany,False,Hybrid
CAN02549,40-49,3,Master,Hamburg,False,Hybrid
CAN02550,40-49,5,Other,Frankfurt,False,Remote
CAN02551,30-39,7,Vocational training,Other Germany,False,No preference
CAN02552,30-39,9,Bachelor,Frankfurt,False,Hybrid
CAN02553,30-39,3,Master,Berlin,False,Hybrid
CAN02554,40-49,16,Vocational training,Cologne,False,Remote
CAN02555,40-49,1,Master,Hamburg,True,Remote
CAN02556,40-49,6,Bachelor,Hamburg,False,Remote
CAN02557,40-49,2,Bachelor,Other Germany,True,No preference
CAN02558,30-39,8,Other,Other Germany,False,No preference
CAN02559,30-39,6,Master,Hamburg,True,No preference
CAN02560,30-39,14,Master,Berlin,False,On-site
CAN02561,30-39,14,Vocational training,Other Germany,False,Remote
CAN02562,50+,10,Vocational training,Other Germany,False,Hybrid
CAN02563,30-39,3,Other,Munich,True,Remote
CAN02564,40-49,6,Vocational training,Frankfurt,False,Remote
CAN02565,40-49,6,Doctorate,Frankfurt,False,Hybrid
CAN02566,40-49,2,Master,Berlin,False,Remote
CAN02567,20-29,6,Vocational training,Other Germany,False,Hybrid
CAN02568,30-39,0,Vocational training,Other Germany,True,Hybrid
CAN02569,50+,11,Bachelor,Berlin,False,No preference
CAN02570,30-39,1,Bachelor,Munich,False,Remote
CAN02571,40-49,3,Vocational training,Berlin,False,No preference
CAN02572,30-39,7,Bachelor,Hamburg,False,Hybrid
CAN02573,50+,12,Vocational training,Hamburg,True,Remote
CAN02574,40-49,3,Vocational training,Other Germany,True,Hybrid
CAN02575,40-49,11,Master,Other Germany,False,Hybrid
CAN02576,30-39,11,Bachelor,Frankfurt,True,Hybrid
CAN02577,30-39,3,Bachelor,Other Germany,False,No preference
CAN02578,20-29,3,Master,Other Germany,False,On-site
CAN02579,40-49,4,Vocational training,,True,Remote
CAN02580,20-29,2,Bachelor,Frankfurt,False,Hybrid
CAN02581,30-39,7,Vocational training,Other Germany,True,Hybrid
CAN02582,40-49,5,Master,Frankfurt,False,Remote
CAN02583,40-49,12,Vocational training,Cologne,False,Remote
CAN02584,20-29,2,Vocational training,Other Germany,True,Remote
CAN02585,30-39,16,Bachelor,Frankfurt,False,Hybrid
CAN02586,40-49,5,Doctorate,Hamburg,False,Remote
CAN02587,50+,11,Other,Berlin,False,Hybrid
CAN02588,30-39,10,Bachelor,Other Germany,False,Remote
CAN02589,30-39,8,Vocational training,Cologne,False,Hybrid
CAN02590,30-39,2,Master,Hamburg,False,Hybrid
CAN02591,30-39,3,Vocational training,Frankfurt,True,Hybrid
CAN02592,20-29,3,Bachelor,Other Germany,False,Hybrid
CAN02593,40-49,9,Other,Munich,True,No preference
CAN02594,40-49,7,Master,Other Germany,True,Remote
CAN02595,50+,9,Master,Hamburg,False,Remote
CAN02596,20-29,2,Bachelor,Berlin,True,Hybrid
CAN02597,40-49,4,Vocational training,Other Germany,False,Hybrid
CAN02598,30-39,11,Vocational training,Frankfurt,False,Hybrid
CAN02599,30-39,11,Master,Frankfurt,False,Hybrid
CAN02600,40-49,2,Bachelor,Munich,False,Remote
CAN02601,30-39,5,Bachelor,Outside Germany,True,Remote
CAN02602,20-29,1,Vocational training,Outside Germany,True,Hybrid
CAN02603,40-49,2,Bachelor,Other Germany,True,Hybrid
CAN02604,40-49,5,Bachelor,Munich,True,Hybrid
CAN02605,20-29,5,Bachelor,Frankfurt,False,Hybrid
CAN02606,40-49,4,Master,Berlin,False,Hybrid
CAN02607,20-29,2,Bachelor,,False,Hybrid
CAN02608,50+,10,Vocational training,Hamburg,False,Hybrid
CAN02609,40-49,11,Master,Other Germany,False,Remote
CAN02610,50+,10,Vocational training,Other Germany,False,Remote
CAN02611,30-39,1,Bachelor,Cologne,False,No preference
CAN02612,30-39,9,Bachelor,Frankfurt,False,Hybrid
CAN02613,30-39,5,Vocational training,Berlin,False,Hybrid
CAN02614,40-49,11,Vocational training,Other Germany,False,Remote
CAN02615,40-49,8,Master,Berlin,True,Hybrid
CAN02616,30-39,2,Vocational training,Frankfurt,False,Remote
CAN02617,40-49,8,Vocational training,Frankfurt,False,Remote
CAN02618,20-29,1,Vocational training,Hamburg,True,Hybrid
CAN02619,20-29,8,Vocational training,Berlin,False,Hybrid
CAN02620,20-29,0,Master,Frankfurt,False,On-site
CAN02621,20-29,1,Master,Frankfurt,False,Remote
CAN02622,30-39,3,Bachelor,Hamburg,False,Hybrid
CAN02623,40-49,6,Vocational training,Frankfurt,True,On-site
CAN02624,40-49,2,Master,Hamburg,True,On-site
CAN02625,20-29,0,Master,Other Germany,True,Hybrid
CAN02626,30-39,10,Bachelor,Other Germany,True,Hybrid
CAN02627,30-39,7,Bachelor,Munich,True,Remote
CAN02628,40-49,19,Vocational training,Cologne,False,Remote
CAN02629,40-49,5,Other,Outside Germany,True,Hybrid
CAN02630,40-49,9,Bachelor,Other Germany,True,Hybrid
CAN02631,30-39,9,Master,Munich,False,Remote
CAN02632,40-49,3,Master,Other Germany,False,On-site
CAN02633,40-49,8,Bachelor,Berlin,False,Remote
CAN02634,40-49,2,Vocational training,Munich,False,Remote
CAN02635,20-29,6,Master,Frankfurt,False,On-site
CAN02636,30-39,1,Master,Other Germany,False,Hybrid
CAN02637,20-29,1,Bachelor,Frankfurt,False,On-site
CAN02638,40-49,11,Vocational training,Cologne,True,Remote
CAN02639,20-29,8,Master,Frankfurt,False,Hybrid
CAN02640,40-49,5,Vocational training,Berlin,True,Hybrid
CAN02641,40-49,1,Vocational training,Frankfurt,False,Hybrid
CAN02642,30-39,1,Master,Other Germany,False,Remote
CAN02643,20-29,2,Bachelor,Cologne,False,On-site
CAN02644,20-29,5,Master,Other Germany,False,Remote
CAN02645,20-29,6,Master,Frankfurt,True,On-site
CAN02646,40-49,12,Bachelor,Cologne,False,Hybrid
CAN02647,40-49,5,Other,Other Germany,False,Hybrid
CAN02648,20-29,0,Bachelor,Frankfurt,False,Hybrid
CAN02649,30-39,6,Master,Other Germany,False,Remote
CAN02650,40-49,5,Bachelor,Hamburg,True,Remote
CAN02651,40-49,4,Doctorate,Other Germany,False,Remote
CAN02652,40-49,2,Bachelor,Other Germany,True,Remote
CAN02653,30-39,10,Vocational training,Other Germany,True,On-site
CAN02654,40-49,9,Vocational training,Berlin,True,Hybrid
CAN02655,40-49,2,Bachelor,Munich,True,Hybrid
CAN02656,20-29,6,Bachelor,Cologne,False,Hybrid
CAN02657,30-39,0,Other,Other Germany,False,Remote
CAN02658,30-39,5,Vocational training,Berlin,False,Hybrid
CAN02659,40-49,6,Bachelor,Other Germany,False,Hybrid
CAN02660,30-39,10,Master,Munich,False,On-site
CAN02661,30-39,6,Vocational training,Frankfurt,False,Hybrid
CAN02662,40-49,9,Bachelor,Berlin,True,Hybrid
CAN02663,30-39,2,Bachelor,Hamburg,False,Hybrid
CAN02664,30-39,6,Bachelor,Frankfurt,False,On-site
CAN02665,30-39,6,Master,Berlin,True,On-site
CAN02666,30-39,4,Vocational training,Other Germany,False,Hybrid
CAN02667,50+,7,Bachelor,Berlin,False,No preference
CAN02668,40-49,2,Bachelor,Berlin,False,Hybrid
CAN02669,30-39,9,Bachelor,Other Germany,False,Hybrid
CAN02670,50+,11,Vocational training,Munich,False,No preference
CAN02671,40-49,15,Vocational training,Other Germany,False,Hybrid
CAN02672,30-39,6,Bachelor,Cologne,True,Hybrid
CAN02673,30-39,7,Master,Berlin,True,Hybrid
CAN02674,40-49,8,Bachelor,Other Germany,False,On-site
CAN02675,50+,21,Master,Hamburg,True,Hybrid
CAN02676,40-49,4,Master,Other Germany,False,Remote
CAN02677,30-39,5,Vocational training,Hamburg,False,Hybrid
CAN02678,30-39,5,Master,Hamburg,False,Hybrid
CAN02679,20-29,6,Bachelor,Other Germany,False,Hybrid
CAN02680,30-39,7,Bachelor,Berlin,True,Hybrid
CAN02681,20-29,5,Master,Other Germany,False,Hybrid
CAN02682,50+,18,Master,Frankfurt,True,Hybrid
CAN02683,40-49,13,Doctorate,Hamburg,False,On-site
CAN02684,40-49,7,Bachelor,Munich,True,On-site
CAN02685,40-49,7,Vocational training,Other Germany,True,On-site
CAN02686,30-39,2,Vocational training,Berlin,False,Hybrid
CAN02687,50+,9,Master,Frankfurt,False,Hybrid
CAN02688,50+,12,Bachelor,Other Germany,True,Hybrid
CAN02689,40-49,4,Vocational training,Other Germany,True,Remote
CAN02690,20-29,6,Vocational training,Cologne,True,Remote
CAN02691,30-39,1,Bachelor,Hamburg,False,Hybrid
CAN02692,20-29,5,Bachelor,Other Germany,False,Hybrid
CAN02693,20-29,4,Master,Berlin,False,Hybrid
CAN02694,40-49,5,Vocational training,Hamburg,True,Hybrid
CAN02695,40-49,3,Vocational training,Other Germany,False,On-site
CAN02696,40-49,9,Vocational training,Frankfurt,True,Hybrid
CAN02697,30-39,3,Bachelor,Berlin,False,Remote
CAN02698,50+,6,Vocational training,Other Germany,False,On-site
CAN02699,40-49,17,Vocational training,Other Germany,False,Hybrid
CAN02700,40-49,4,Bachelor,Frankfurt,True,No preference
CAN02701,40-49,2,Bachelor,Berlin,False,Hybrid
CAN02702,30-39,4,Vocational training,Munich,False,Hybrid
CAN02703,40-49,5,Bachelor,Other Germany,True,Hybrid
CAN02704,30-39,8,Other,Frankfurt,False,Remote
CAN02705,40-49,13,Vocational training,Cologne,True,On-site
CAN02706,30-39,1,Bachelor,Munich,False,Remote
CAN02707,20-29,2,Master,Frankfurt,True,Remote
CAN02708,40-49,1,Bachelor,Munich,False,No preference
CAN02709,40-49,3,Bachelor,Other Germany,True,Hybrid
CAN02710,30-39,7,Vocational training,Munich,False,Hybrid
CAN02711,30-39,10,Other,Berlin,True,On-site
CAN02712,30-39,0,Vocational training,Outside Germany,False,No preference
CAN02713,50+,7,Master,Berlin,True,On-site
CAN02714,30-39,10,Vocational training,Munich,True,Hybrid
CAN02715,20-29,4,Vocational training,Berlin,False,Remote
CAN02716,30-39,7,Bachelor,Other Germany,False,On-site
CAN02717,40-49,7,Vocational training,Other Germany,False,Hybrid
CAN02718,20-29,1,Vocational training,Other Germany,True,On-site
CAN02719,20-29,0,Bachelor,Berlin,False,Hybrid
CAN02720,30-39,1,Bachelor,Munich,False,On-site
CAN02721,40-49,2,Bachelor,Berlin,True,On-site
CAN02722,50+,6,Bachelor,Other Germany,False,Hybrid
CAN02723,20-29,4,Other,Other Germany,False,Remote
CAN02724,40-49,8,Master,Frankfurt,False,On-site
CAN02725,50+,9,Vocational training,Hamburg,False,On-site
CAN02726,30-39,2,Vocational training,Other Germany,True,No preference
CAN02727,30-39,13,Bachelor,Other Germany,True,No preference
CAN02728,40-49,5,Other,Munich,False,Hybrid
CAN02729,40-49,24,Other,Outside Germany,True,On-site
CAN02730,40-49,0,Vocational training,Other Germany,False,Remote
CAN02731,40-49,8,Master,Other Germany,True,Remote
CAN02732,20-29,1,Vocational training,Berlin,False,Hybrid
CAN02733,20-29,0,Bachelor,Outside Germany,True,Hybrid
CAN02734,20-29,2,Vocational training,Other Germany,False,No preference
CAN02735,20-29,4,Bachelor,Frankfurt,False,No preference
CAN02736,40-49,11,Vocational training,Other Germany,False,Hybrid
CAN02737,40-49,3,Master,Berlin,False,Remote
CAN02738,30-39,13,Bachelor,Frankfurt,True,Hybrid
CAN02739,20-29,7,Bachelor,Other Germany,True,Remote
CAN02740,30-39,8,Bachelor,Hamburg,False,On-site
CAN02741,40-49,3,Master,Berlin,False,On-site
CAN02742,30-39,7,Vocational training,Munich,False,Hybrid
CAN02743,20-29,3,Master,Berlin,True,Hybrid
CAN02744,20-29,3,Vocational training,Cologne,False,Hybrid
CAN02745,50+,17,Other,Frankfurt,True,Hybrid
CAN02746,40-49,8,Master,Munich,False,Hybrid
CAN02747,20-29,6,Vocational training,Outside Germany,False,Hybrid
CAN02748,40-49,5,Bachelor,Frankfurt,True,Hybrid
CAN02749,30-39,4,Master,Munich,False,Hybrid
CAN02750,20-29,4,Master,Frankfurt,True,Hybrid
CAN02751,20-29,0,Bachelor,Other Germany,True,Hybrid
CAN02752,40-49,0,Master,Berlin,False,Remote
CAN02753,30-39,4,Bachelor,Other Germany,False,Remote
CAN02754,40-49,10,Bachelor,Other Germany,True,Hybrid
CAN02755,40-49,6,Bachelor,Other Germany,False,Remote
CAN02756,20-29,3,Bachelor,Other Germany,False,Remote
CAN02757,50+,25,Bachelor,Other Germany,False,Hybrid
CAN02758,40-49,1,Vocational training,Hamburg,False,On-site
CAN02759,40-49,10,Bachelor,Other Germany,True,Hybrid
CAN02760,30-39,14,Master,Berlin,False,Hybrid
CAN02761,50+,15,Vocational training,Cologne,True,Remote
CAN02762,20-29,3,Bachelor,Frankfurt,False,On-site
CAN02763,30-39,12,Other,Frankfurt,True,Hybrid
CAN02764,40-49,9,Vocational training,Other Germany,False,Remote
CAN02765,30-39,7,Master,Cologne,True,Hybrid
CAN02766,20-29,4,Master,Frankfurt,False,Hybrid
CAN02767,30-39,1,Bachelor,Hamburg,True,Hybrid
CAN02768,20-29,1,Master,Frankfurt,False,No preference
CAN02769,40-49,6,Other,Frankfurt,False,Hybrid
CAN02770,30-39,7,Vocational training,Cologne,False,Hybrid
CAN02771,40-49,9,Bachelor,Cologne,True,Remote
CAN02772,20-29,3,Bachelor,Other Germany,True,Hybrid
CAN02773,20-29,8,Vocational training,Other Germany,True,Hybrid
CAN02774,20-29,3,Bachelor,Frankfurt,False,Hybrid
CAN02775,50+,25,Vocational training,Munich,False,Hybrid
CAN02776,20-29,8,Vocational training,Berlin,False,On-site
CAN02777,30-39,1,Bachelor,Frankfurt,True,No preference
CAN02778,40-49,4,Other,Hamburg,False,On-site
CAN02779,20-29,3,Vocational training,Berlin,False,No preference
CAN02780,30-39,9,Bachelor,Other Germany,True,Hybrid
CAN02781,40-49,16,Vocational training,Frankfurt,False,Hybrid
CAN02782,40-49,3,Master,Frankfurt,False,Remote
CAN02783,20-29,3,Master,Frankfurt,False,Hybrid
CAN02784,50+,7,Bachelor,Berlin,True,On-site
CAN02785,20-29,8,Master,Hamburg,False,No preference
CAN02786,20-29,2,Bachelor,Munich,False,Hybrid
CAN02787,40-49,5,Master,Frankfurt,False,Remote
CAN02788,30-39,9,Bachelor,Berlin,False,No preference
CAN02789,30-39,13,Bachelor,Berlin,False,Hybrid
CAN02790,20-29,5,Vocational training,Frankfurt,False,On-site
CAN02791,50+,20,Bachelor,Berlin,False,Remote
CAN02792,50+,12,Bachelor,Other Germany,False,Hybrid
CAN02793,40-49,13,Bachelor,Other Germany,False,Remote
CAN02794,30-39,10,Bachelor,Outside Germany,True,No preference
CAN02795,40-49,8,Doctorate,Cologne,True,Hybrid
CAN02796,20-29,8,Vocational training,Other Germany,False,On-site
CAN02797,50+,8,Vocational training,Cologne,False,Remote
CAN02798,40-49,7,Vocational training,Other Germany,False,Hybrid
CAN02799,20-29,3,Bachelor,Frankfurt,True,Remote
CAN02800,20-29,4,Master,Hamburg,False,Hybrid
CAN02801,40-49,8,Vocational training,Hamburg,True,Hybrid
CAN02802,30-39,4,Vocational training,Frankfurt,True,Remote
CAN02803,40-49,3,Master,Other Germany,False,Remote
CAN02804,50+,12,Master,Munich,False,Remote
CAN02805,40-49,8,Bachelor,Frankfurt,False,Hybrid
CAN02806,40-49,15,Bachelor,Other Germany,False,Hybrid
CAN02807,20-29,5,Master,Frankfurt,False,Hybrid
CAN02808,20-29,8,Master,Munich,False,Hybrid
CAN02809,50+,9,Vocational training,Frankfurt,False,Hybrid
CAN02810,40-49,13,Vocational training,Frankfurt,False,Hybrid
CAN02811,30-39,7,Master,Other Germany,True,Remote
CAN02812,40-49,5,Bachelor,Munich,True,Remote
CAN02813,40-49,2,Vocational training,Other Germany,True,No preference
CAN02814,40-49,5,Vocational training,Other Germany,False,Hybrid
CAN02815,30-39,10,Vocational training,Berlin,False,Hybrid
CAN02816,30-39,1,Bachelor,Other Germany,False,Remote
CAN02817,40-49,2,Bachelor,Other Germany,True,Hybrid
CAN02818,40-49,7,Bachelor,Hamburg,False,Hybrid
CAN02819,30-39,18,Master,Frankfurt,False,Hybrid
CAN02820,30-39,7,Bachelor,Cologne,True,Hybrid
CAN02821,20-29,3,Vocational training,Berlin,False,Hybrid
CAN02822,30-39,9,Vocational training,Other Germany,True,No preference
CAN02823,30-39,6,Bachelor,Other Germany,False,Hybrid
CAN02824,30-39,6,Bachelor,Berlin,True,Hybrid
CAN02825,40-49,8,Master,Berlin,True,Hybrid
CAN02826,40-49,12,Vocational training,Cologne,True,On-site
CAN02827,30-39,3,Bachelor,Berlin,True,Hybrid
CAN02828,30-39,8,Bachelor,Berlin,True,On-site
CAN02829,30-39,12,Vocational training,Berlin,False,Remote
CAN02830,30-39,2,Bachelor,Frankfurt,True,No preference
CAN02831,20-29,8,Bachelor,Other Germany,True,Hybrid
CAN02832,40-49,2,Other,Frankfurt,False,Hybrid
CAN02833,30-39,8,Bachelor,Other Germany,False,Hybrid
CAN02834,20-29,2,Bachelor,Berlin,True,Remote
CAN02835,30-39,1,Vocational training,Hamburg,True,Hybrid
CAN02836,40-49,5,Other,Munich,False,Remote
CAN02837,40-49,12,Bachelor,Frankfurt,False,Hybrid
CAN02838,40-49,5,Master,Other Germany,True,Remote
CAN02839,30-39,5,Master,Other Germany,False,Hybrid
CAN02840,50+,17,Master,Outside Germany,True,Remote
CAN02841,30-39,3,Master,Cologne,False,Hybrid
CAN02842,40-49,5,Vocational training,Other Germany,False,Remote
CAN02843,40-49,11,Other,Frankfurt,True,Hybrid
CAN02844,30-39,9,Master,Hamburg,True,Hybrid
CAN02845,30-39,6,Doctorate,Outside Germany,False,Remote
CAN02846,20-29,3,Bachelor,Berlin,False,Hybrid
CAN02847,30-39,4,Bachelor,Berlin,False,No preference
CAN02848,20-29,6,Master,Other Germany,False,On-site
CAN02849,20-29,7,Other,Munich,False,Remote
CAN02850,30-39,0,Master,Other Germany,True,No preference
CAN02851,50+,7,Vocational training,Munich,True,On-site
CAN02852,30-39,8,Vocational training,Munich,False,Remote
CAN02853,30-39,6,Vocational training,Berlin,False,Remote
CAN02854,30-39,3,Master,Berlin,False,No preference
CAN02855,40-49,6,Bachelor,,False,On-site
CAN02856,30-39,9,Bachelor,Frankfurt,False,Hybrid
CAN02857,40-49,10,Master,Hamburg,False,Hybrid
CAN02858,40-49,4,Vocational training,Hamburg,False,Hybrid
CAN02859,40-49,16,Bachelor,Other Germany,True,Hybrid
CAN02860,30-39,1,Other,Frankfurt,False,Hybrid
CAN02861,40-49,7,Vocational training,Munich,False,Remote
CAN02862,30-39,4,Doctorate,Berlin,False,Hybrid
CAN02863,40-49,2,Vocational training,Munich,True,Hybrid
CAN02864,20-29,6,Master,Other Germany,False,No preference
CAN02865,40-49,6,Master,Other Germany,False,Hybrid
CAN02866,40-49,9,Vocational training,Hamburg,True,Remote
CAN02867,40-49,7,Vocational training,Other Germany,False,Remote
CAN02868,20-29,4,Other,Cologne,False,Hybrid
CAN02869,30-39,8,Vocational training,Other Germany,False,Hybrid
CAN02870,40-49,14,Master,Berlin,True,Hybrid
CAN02871,20-29,3,Master,Hamburg,False,Hybrid
CAN02872,30-39,6,Bachelor,Other Germany,False,Hybrid
CAN02873,40-49,8,Bachelor,Berlin,False,Remote
CAN02874,30-39,5,Bachelor,Berlin,False,On-site
CAN02875,30-39,6,Doctorate,Frankfurt,False,Remote
CAN02876,50+,8,Master,Berlin,False,Hybrid
CAN02877,40-49,5,Bachelor,Frankfurt,False,On-site
CAN02878,30-39,13,Bachelor,Other Germany,True,Hybrid
CAN02879,30-39,2,Vocational training,Hamburg,False,Remote
CAN02880,40-49,3,Bachelor,Munich,False,Remote
CAN02881,20-29,1,Vocational training,Outside Germany,False,Hybrid
CAN02882,30-39,6,Vocational training,Other Germany,True,Hybrid
CAN02883,20-29,3,Master,Frankfurt,True,No preference
CAN02884,30-39,2,Vocational training,Frankfurt,True,Remote
CAN02885,40-49,4,Bachelor,Other Germany,True,No preference
CAN02886,30-39,2,Bachelor,Munich,True,Hybrid
CAN02887,20-29,1,Bachelor,Cologne,False,No preference
CAN02888,30-39,4,Master,Outside Germany,False,Remote
CAN02889,30-39,8,Master,Hamburg,False,Hybrid
CAN02890,20-29,2,Vocational training,Berlin,False,Remote
CAN02891,30-39,5,Bachelor,Munich,False,On-site
CAN02892,30-39,4,Bachelor,Berlin,False,Hybrid
CAN02893,20-29,2,Bachelor,Outside Germany,False,Hybrid
CAN02894,30-39,11,Vocational training,Hamburg,False,Remote
CAN02895,30-39,6,Master,Frankfurt,False,Hybrid
CAN02896,30-39,3,Master,Other Germany,False,No preference
CAN02897,30-39,7,Bachelor,Frankfurt,True,Hybrid
CAN02898,30-39,12,Vocational training,Cologne,False,Remote
CAN02899,50+,14,Vocational training,Munich,False,No preference
CAN02900,50+,11,Doctorate,,False,Hybrid
CAN02901,30-39,4,Bachelor,Outside Germany,False,On-site
CAN02902,20-29,6,Master,Other Germany,False,Hybrid
CAN02903,30-39,1,Master,Munich,True,Hybrid
CAN02904,50+,15,Master,Hamburg,False,Remote
CAN02905,20-29,7,Bachelor,Other Germany,False,Hybrid
CAN02906,50+,20,Vocational training,Frankfurt,True,On-site
CAN02907,20-29,5,Bachelor,Other Germany,False,Remote
CAN02908,20-29,7,Bachelor,Other Germany,False,No preference
CAN02909,50+,8,Vocational training,Hamburg,True,No preference
CAN02910,40-49,10,Bachelor,Hamburg,False,Hybrid
CAN02911,40-49,2,Bachelor,Hamburg,True,No preference
CAN02912,30-39,7,Bachelor,Hamburg,False,On-site
CAN02913,40-49,7,Bachelor,Other Germany,False,Remote
CAN02914,30-39,13,Bachelor,Frankfurt,True,Hybrid
CAN02915,40-49,8,Bachelor,Cologne,True,Hybrid
CAN02916,40-49,9,Bachelor,Frankfurt,False,Remote
CAN02917,20-29,7,Doctorate,Hamburg,True,Hybrid
CAN02918,30-39,2,Bachelor,Other Germany,False,Remote
CAN02919,40-49,2,Vocational training,Other Germany,False,Remote
CAN02920,30-39,1,Master,Berlin,True,Hybrid
CAN02921,50+,10,Bachelor,Other Germany,False,Hybrid
CAN02922,20-29,3,Bachelor,Frankfurt,False,Hybrid
CAN02923,50+,12,Vocational training,Munich,False,On-site
CAN02924,30-39,13,Vocational training,Other Germany,False,Hybrid
CAN02925,30-39,3,Vocational training,Other Germany,True,Remote
CAN02926,30-39,13,Other,Frankfurt,True,No preference
CAN02927,30-39,10,Master,Hamburg,False,Hybrid
CAN02928,50+,12,Master,Munich,False,Hybrid
CAN02929,20-29,4,Vocational training,Frankfurt,True,Hybrid
CAN02930,40-49,11,Bachelor,Other Germany,True,Hybrid
CAN02931,40-49,18,Vocational training,Berlin,False,No preference
CAN02932,30-39,7,Master,Munich,False,Hybrid
CAN02933,40-49,7,Bachelor,Munich,False,Hybrid
CAN02934,30-39,1,Bachelor,Munich,False,Hybrid
CAN02935,40-49,6,Bachelor,Hamburg,True,Remote
CAN02936,40-49,3,Vocational training,Hamburg,False,Hybrid
CAN02937,30-39,6,Vocational training,Hamburg,False,No preference
CAN02938,20-29,1,Vocational training,Berlin,False,No preference
CAN02939,30-39,2,Vocational training,Outside Germany,False,Remote
CAN02940,30-39,3,Vocational training,Hamburg,True,Hybrid
CAN02941,40-49,3,Bachelor,Other Germany,False,No preference
CAN02942,40-49,5,Other,Berlin,False,Hybrid
CAN02943,20-29,5,Vocational training,Outside Germany,False,Hybrid
CAN02944,40-49,8,Bachelor,Hamburg,True,No preference
CAN02945,20-29,2,Vocational training,Outside Germany,False,On-site
CAN02946,40-49,8,Vocational training,Hamburg,True,On-site
CAN02947,40-49,1,Doctorate,Cologne,False,On-site
CAN02948,40-49,4,Bachelor,Cologne,False,No preference
CAN02949,20-29,3,Vocational training,Hamburg,True,Hybrid
CAN02950,20-29,3,Other,Frankfurt,True,Hybrid
CAN02951,40-49,5,Other,Munich,True,No preference
CAN02952,30-39,3,Vocational training,Berlin,False,Hybrid
CAN02953,20-29,3,Bachelor,Outside Germany,False,Hybrid
CAN02954,40-49,7,Doctorate,Other Germany,True,No preference
CAN02955,30-39,3,Vocational training,Berlin,True,Remote
CAN02956,40-49,13,Vocational training,Munich,False,Remote
CAN02957,40-49,3,Master,Other Germany,True,Remote
CAN02958,30-39,6,Vocational training,Berlin,False,No preference
CAN02959,30-39,11,Vocational training,Other Germany,False,Hybrid
CAN02960,30-39,10,Vocational training,Other Germany,False,Hybrid
CAN02961,20-29,5,Master,Berlin,False,Hybrid
CAN02962,30-39,2,Vocational training,Berlin,False,No preference
CAN02963,40-49,11,Bachelor,Frankfurt,True,No preference
CAN02964,30-39,9,Doctorate,Frankfurt,False,On-site
CAN02965,50+,10,Vocational training,Hamburg,False,Hybrid
CAN02966,40-49,7,Vocational training,Other Germany,False,No preference
CAN02967,30-39,9,Vocational training,Berlin,False,Hybrid
CAN02968,40-49,3,Bachelor,Munich,False,Remote
CAN02969,20-29,2,Master,Frankfurt,False,Hybrid
CAN02970,30-39,3,Bachelor,Munich,False,Hybrid
CAN02971,20-29,2,Vocational training,Frankfurt,True,Hybrid
CAN02972,30-39,5,Bachelor,Frankfurt,True,Hybrid
CAN02973,30-39,9,Bachelor,Munich,False,Hybrid
CAN02974,20-29,2,Vocational training,Cologne,False,Hybrid
CAN02975,40-49,9,Master,Other Germany,True,Hybrid
CAN02976,40-49,6,Bachelor,Frankfurt,False,Hybrid
CAN02977,40-49,11,Vocational training,Frankfurt,True,Remote
CAN02978,40-49,6,Master,Outside Germany,True,Hybrid
CAN02979,30-39,16,Bachelor,Cologne,False,Remote
CAN02980,20-29,1,Vocational training,Cologne,False,Hybrid
CAN02981,50+,10,Other,Cologne,False,Hybrid
CAN02982,40-49,2,Master,Other Germany,False,On-site
CAN02983,40-49,10,Bachelor,Cologne,False,Hybrid
CAN02984,30-39,0,Bachelor,Berlin,False,Remote
CAN02985,20-29,6,Bachelor,Munich,False,Hybrid
CAN02986,30-39,3,Bachelor,Outside Germany,True,Remote
CAN02987,40-49,8,Bachelor,Other Germany,False,Hybrid
CAN02988,30-39,3,Vocational training,Other Germany,True,On-site
CAN02989,30-39,8,Bachelor,Other Germany,False,Remote
CAN02990,50+,12,Bachelor,Frankfurt,True,On-site
CAN02991,40-49,12,Vocational training,Hamburg,False,Hybrid
CAN02992,20-29,3,Master,Berlin,True,No preference
CAN02993,30-39,5,Bachelor,Berlin,False,Hybrid
CAN02994,40-49,3,Bachelor,Cologne,False,On-site
CAN02995,40-49,3,Master,Hamburg,True,Hybrid
CAN02996,30-39,2,Bachelor,Berlin,False,Remote
CAN02997,20-29,3,Bachelor,Frankfurt,False,Hybrid
CAN02998,20-29,3,Vocational training,Frankfurt,False,On-site
CAN02999,40-49,0,Bachelor,Frankfurt,False,Remote
CAN03000,30-39,12,Bachelor,Munich,False,On-site
CAN03001,40-49,5,Master,Berlin,False,Remote
CAN03002,40-49,7,Master,Frankfurt,False,No preference
CAN03003,50+,21,Master,Other Germany,False,On-site
CAN03004,20-29,3,Master,Munich,True,Hybrid
CAN03005,20-29,7,Master,Cologne,False,Hybrid
CAN03006,20-29,3,Other,Munich,False,On-site
CAN03007,40-49,2,Master,Other Germany,False,Hybrid
CAN03008,50+,6,Vocational training,Other Germany,True,No preference
CAN03009,30-39,2,Other,Frankfurt,False,Hybrid
CAN03010,30-39,2,Bachelor,Munich,False,On-site
CAN03011,40-49,9,Master,Hamburg,False,No preference
CAN03012,30-39,7,Bachelor,Munich,False,On-site
CAN03013,30-39,5,Bachelor,Other Germany,False,Remote
CAN03014,20-29,8,Vocational training,Cologne,True,Hybrid
CAN03015,30-39,11,Vocational training,Hamburg,False,Hybrid
CAN03016,30-39,9,Master,Other Germany,False,Hybrid
CAN03017,30-39,4,Other,Cologne,False,No preference
CAN03018,20-29,2,Vocational training,Outside Germany,True,Hybrid
CAN03019,20-29,1,Bachelor,Other Germany,False,Remote
CAN03020,20-29,1,Bachelor,Other Germany,False,Hybrid
CAN03021,30-39,7,Bachelor,Other Germany,True,No preference
CAN03022,30-39,5,Vocational training,Munich,False,Hybrid
CAN03023,40-49,6,Vocational training,Berlin,True,No preference
CAN03024,40-49,5,Bachelor,Other Germany,False,Remote
CAN03025,40-49,4,Master,Hamburg,False,Remote
CAN03026,30-39,13,Bachelor,Berlin,True,Hybrid
CAN03027,30-39,5,Master,Other Germany,False,No preference
CAN03028,40-49,4,Vocational training,Berlin,True,Remote
CAN03029,50+,8,Vocational training,Frankfurt,False,Hybrid
CAN03030,20-29,3,Bachelor,Frankfurt,False,Hybrid
CAN03031,40-49,7,Master,Munich,True,On-site
CAN03032,30-39,5,Vocational training,Frankfurt,True,Hybrid
CAN03033,30-39,5,Master,Frankfurt,False,Remote
CAN03034,30-39,5,Bachelor,Hamburg,False,Hybrid
CAN03035,30-39,5,Bachelor,Frankfurt,False,Remote
CAN03036,20-29,5,Master,Frankfurt,False,Remote
CAN03037,40-49,14,Bachelor,Cologne,True,Hybrid
CAN03038,20-29,5,Vocational training,Frankfurt,False,Remote
CAN03039,20-29,1,Bachelor,Frankfurt,False,Hybrid
CAN03040,40-49,7,Master,Berlin,False,Hybrid
CAN03041,40-49,7,Vocational training,Other Germany,True,No preference
CAN03042,20-29,5,Bachelor,Cologne,False,Remote
CAN03043,20-29,2,Bachelor,Frankfurt,True,Hybrid
CAN03044,40-49,12,Vocational training,Other Germany,False,Remote
CAN03045,30-39,4,Master,Other Germany,False,Remote
CAN03046,40-49,3,Vocational training,Munich,False,Remote
CAN03047,40-49,6,Bachelor,Frankfurt,False,Remote
CAN03048,30-39,4,Other,Other Germany,False,Remote
CAN03049,30-39,14,Master,Frankfurt,True,Hybrid
CAN03050,50+,8,Master,Cologne,False,Hybrid
CAN03051,40-49,3,Other,Other Germany,False,Remote
CAN03052,40-49,13,Vocational training,Frankfurt,True,Hybrid
CAN03053,40-49,11,Vocational training,Other Germany,False,Hybrid
CAN03054,40-49,5,Bachelor,Frankfurt,True,Remote
CAN03055,40-49,8,Master,Hamburg,False,Remote
CAN03056,30-39,4,Master,Berlin,False,On-site
CAN03057,20-29,10,Other,Munich,False,On-site
CAN03058,30-39,2,Master,Frankfurt,True,Hybrid
CAN03059,40-49,9,Bachelor,Outside Germany,False,Remote
CAN03060,20-29,8,Vocational training,Frankfurt,True,Hybrid
CAN03061,30-39,4,Vocational training,Berlin,True,Hybrid
CAN03062,40-49,8,Other,Frankfurt,False,Hybrid
CAN03063,40-49,18,Master,Frankfurt,False,Hybrid
CAN03064,30-39,3,Vocational training,Berlin,False,On-site
CAN03065,20-29,7,Other,Berlin,False,Hybrid
CAN03066,40-49,12,Vocational training,Munich,False,On-site
CAN03067,30-39,5,Vocational training,Berlin,False,No preference
CAN03068,40-49,6,Bachelor,Outside Germany,False,Hybrid
CAN03069,30-39,5,Vocational training,Other Germany,False,On-site
CAN03070,30-39,4,Vocational training,Other Germany,False,On-site
CAN03071,40-49,11,Master,Munich,False,No preference
CAN03072,30-39,3,Bachelor,Cologne,False,On-site
CAN03073,40-49,9,Vocational training,Munich,True,On-site
CAN03074,30-39,6,Vocational training,Other Germany,False,Hybrid
CAN03075,20-29,4,Master,Berlin,False,Hybrid
CAN03076,30-39,4,Bachelor,Other Germany,False,Hybrid
CAN03077,50+,21,Vocational training,Other Germany,True,Remote
CAN03078,30-39,2,Other,Berlin,True,No preference
CAN03079,30-39,7,Bachelor,Other Germany,False,Hybrid
CAN03080,20-29,5,Master,Munich,True,Hybrid
CAN03081,20-29,3,Bachelor,Hamburg,False,Remote
CAN03082,20-29,5,Bachelor,Frankfurt,True,Remote
CAN03083,40-49,1,Bachelor,Munich,True,On-site
CAN03084,20-29,5,Vocational training,Other Germany,False,Hybrid
CAN03085,20-29,6,Vocational training,Cologne,False,Remote
CAN03086,20-29,2,Other,Other Germany,False,On-site
CAN03087,30-39,4,Doctorate,Frankfurt,False,Hybrid
CAN03088,50+,16,Vocational training,Berlin,True,Remote
CAN03089,40-49,13,Vocational training,Berlin,True,Hybrid
CAN03090,30-39,4,Other,Frankfurt,False,Remote
CAN03091,40-49,9,Vocational training,Other Germany,True,No preference
CAN03092,20-29,2,Other,Hamburg,True,Remote
CAN03093,20-29,2,Vocational training,Frankfurt,False,Hybrid
CAN03094,40-49,6,Vocational training,Frankfurt,True,Hybrid
CAN03095,20-29,3,Bachelor,Berlin,False,Hybrid
CAN03096,40-49,14,Master,Other Germany,False,No preference
CAN03097,30-39,3,Master,Other Germany,True,Hybrid
CAN03098,40-49,14,Bachelor,Hamburg,False,Hybrid
CAN03099,20-29,7,Bachelor,Munich,True,On-site
CAN03100,50+,22,Bachelor,Other Germany,False,Hybrid
CAN03101,20-29,6,Bachelor,Cologne,False,On-site
CAN03102,20-29,4,Vocational training,Berlin,False,No preference
CAN03103,50+,19,Bachelor,Other Germany,True,Hybrid
CAN03104,20-29,1,Vocational training,Berlin,False,Hybrid
CAN03105,40-49,3,Vocational training,Other Germany,False,Hybrid
CAN03106,40-49,1,Doctorate,Outside Germany,True,Hybrid
CAN03107,30-39,2,Master,Munich,False,Hybrid
CAN03108,30-39,9,Bachelor,Frankfurt,False,Remote
CAN03109,50+,15,Master,Munich,False,Hybrid
CAN03110,30-39,5,Master,Other Germany,False,No preference
CAN03111,30-39,4,Vocational training,Other Germany,False,Remote
CAN03112,40-49,4,Vocational training,Berlin,False,Hybrid
CAN03113,30-39,11,Master,Hamburg,False,Hybrid
CAN03114,20-29,7,Vocational training,Frankfurt,False,Hybrid
CAN03115,20-29,2,Bachelor,Cologne,True,On-site
CAN03116,30-39,4,Bachelor,Cologne,True,Hybrid
CAN03117,30-39,9,Vocational training,Munich,True,Remote
CAN03118,40-49,2,Other,Munich,False,Remote
CAN03119,20-29,3,Bachelor,Outside Germany,True,Remote
CAN03120,20-29,5,Bachelor,Frankfurt,True,Hybrid
CAN03121,30-39,3,Vocational training,Outside Germany,True,Hybrid
CAN03122,30-39,4,Other,Frankfurt,False,No preference
CAN03123,40-49,18,Master,Other Germany,False,Hybrid
CAN03124,40-49,12,Vocational training,Other Germany,False,Remote
CAN03125,50+,18,Master,Munich,True,Remote
CAN03126,40-49,2,Doctorate,Frankfurt,True,Hybrid
CAN03127,40-49,2,Vocational training,Berlin,True,Hybrid
CAN03128,40-49,10,Bachelor,Other Germany,True,Hybrid
CAN03129,40-49,9,Bachelor,Munich,True,Hybrid
CAN03130,20-29,4,Bachelor,Berlin,True,Hybrid
CAN03131,40-49,5,Vocational training,Other Germany,False,On-site
CAN03132,30-39,2,Vocational training,Berlin,False,Remote
CAN03133,20-29,7,Master,Berlin,False,Hybrid
CAN03134,30-39,5,Bachelor,Other Germany,False,No preference
CAN03135,30-39,6,Bachelor,Frankfurt,False,Hybrid
CAN03136,30-39,3,Master,Frankfurt,False,No preference
CAN03137,30-39,4,Other,Other Germany,True,Hybrid
CAN03138,40-49,10,Vocational training,Berlin,False,Remote
CAN03139,40-49,5,Bachelor,Munich,False,Hybrid
CAN03140,20-29,1,Bachelor,Other Germany,True,On-site
CAN03141,40-49,3,Bachelor,Berlin,False,Remote
CAN03142,30-39,6,Vocational training,Hamburg,True,Remote
CAN03143,40-49,3,Other,Munich,False,No preference
CAN03144,30-39,2,Vocational training,Hamburg,False,Hybrid
CAN03145,50+,25,Bachelor,Other Germany,False,Hybrid
CAN03146,40-49,10,Bachelor,Other Germany,False,Hybrid
CAN03147,20-29,7,Master,Berlin,False,Hybrid
CAN03148,30-39,10,Bachelor,Frankfurt,True,Remote
CAN03149,30-39,7,Bachelor,,False,On-site
CAN03150,20-29,0,Bachelor,Other Germany,False,Remote
CAN03151,40-49,8,Vocational training,Berlin,False,On-site
CAN03152,30-39,12,Vocational training,Other Germany,True,No preference
CAN03153,30-39,15,Vocational training,Cologne,False,Remote
CAN03154,30-39,4,Master,Berlin,True,Remote
CAN03155,30-39,2,Bachelor,Berlin,False,Hybrid
CAN03156,30-39,6,Vocational training,Frankfurt,True,Remote
CAN03157,30-39,5,Vocational training,Frankfurt,False,Hybrid
CAN03158,40-49,9,Bachelor,Other Germany,False,Remote
CAN03159,30-39,2,Vocational training,Berlin,False,Hybrid
CAN03160,30-39,2,Bachelor,Hamburg,False,On-site
CAN03161,20-29,1,Vocational training,Hamburg,True,Hybrid
CAN03162,40-49,5,Other,Other Germany,False,Hybrid
CAN03163,30-39,2,Bachelor,Other Germany,True,Hybrid
CAN03164,30-39,4,Vocational training,Frankfurt,False,No preference
CAN03165,40-49,7,Bachelor,Munich,True,On-site
CAN03166,40-49,14,Vocational training,Hamburg,False,Hybrid
CAN03167,40-49,9,Bachelor,Hamburg,False,Hybrid
CAN03168,30-39,6,Vocational training,Hamburg,True,Hybrid
CAN03169,30-39,3,Master,Frankfurt,False,Hybrid
CAN03170,50+,8,Vocational training,Frankfurt,False,Remote
CAN03171,40-49,8,Vocational training,Other Germany,True,Hybrid
CAN03172,20-29,2,Master,Cologne,True,Remote
CAN03173,50+,15,Bachelor,Other Germany,False,Hybrid
CAN03174,40-49,4,Master,Cologne,True,On-site
CAN03175,30-39,1,Bachelor,Frankfurt,True,Remote
CAN03176,40-49,11,Bachelor,Other Germany,False,Remote
CAN03177,30-39,2,Vocational training,Cologne,True,Hybrid
CAN03178,20-29,5,Bachelor,Berlin,False,Hybrid
CAN03179,20-29,4,Bachelor,Berlin,True,No preference
CAN03180,40-49,3,Vocational training,Hamburg,True,Hybrid
CAN03181,40-49,18,Doctorate,Munich,False,No preference
CAN03182,20-29,5,Bachelor,Hamburg,False,Hybrid
CAN03183,20-29,5,Bachelor,Frankfurt,False,On-site
CAN03184,30-39,2,Vocational training,Other Germany,True,No preference
CAN03185,30-39,0,Master,Frankfurt,False,On-site
CAN03186,40-49,2,Doctorate,Frankfurt,False,Hybrid
CAN03187,20-29,3,Vocational training,Other Germany,False,Hybrid
CAN03188,30-39,6,Other,Frankfurt,False,On-site
CAN03189,40-49,6,Vocational training,Frankfurt,True,No preference
CAN03190,30-39,1,Bachelor,Other Germany,False,Hybrid
CAN03191,20-29,1,Master,Cologne,False,Hybrid
CAN03192,30-39,6,Vocational training,Berlin,False,Remote
CAN03193,50+,8,Bachelor,Frankfurt,False,Hybrid
CAN03194,40-49,2,Other,Munich,True,Hybrid
CAN03195,40-49,9,Master,Cologne,True,Remote
CAN03196,30-39,3,Vocational training,Other Germany,False,Remote
CAN03197,30-39,5,Bachelor,Hamburg,True,Hybrid
CAN03198,40-49,5,Vocational training,Munich,True,Hybrid
CAN03199,20-29,2,Vocational training,Munich,False,Remote
CAN03200,50+,15,Bachelor,Cologne,True,Hybrid
CAN03201,30-39,8,Vocational training,Frankfurt,True,Hybrid
CAN03202,40-49,4,Bachelor,Hamburg,False,Hybrid
CAN03203,40-49,3,Vocational training,Munich,True,Remote
CAN03204,40-49,25,Bachelor,Frankfurt,False,Hybrid
CAN03205,20-29,2,Vocational training,Berlin,False,On-site
CAN03206,40-49,11,Doctorate,Berlin,True,Hybrid
CAN03207,30-39,12,Vocational training,Cologne,True,Hybrid
CAN03208,30-39,5,Vocational training,Hamburg,False,No preference
CAN03209,30-39,6,Bachelor,Other Germany,False,On-site
CAN03210,40-49,8,Vocational training,Berlin,False,On-site
CAN03211,40-49,5,Bachelor,Hamburg,False,Hybrid
CAN03212,50+,11,Bachelor,Munich,True,Hybrid
CAN03213,40-49,4,Bachelor,Other Germany,True,Remote
CAN03214,30-39,5,Vocational training,Other Germany,False,Hybrid
CAN03215,30-39,1,Vocational training,Frankfurt,False,Hybrid
CAN03216,40-49,11,Vocational training,Other Germany,False,Hybrid
CAN03217,30-39,3,Bachelor,Cologne,False,Hybrid
CAN03218,40-49,8,Master,Other Germany,True,Hybrid
CAN03219,30-39,10,Master,Frankfurt,False,On-site
CAN03220,50+,12,Bachelor,Other Germany,False,No preference
CAN03221,30-39,13,Vocational training,Cologne,False,Remote
CAN03222,40-49,16,Bachelor,Cologne,False,On-site
CAN03223,40-49,8,Vocational training,Outside Germany,False,Remote
CAN03224,20-29,6,Bachelor,Other Germany,False,On-site
CAN03225,40-49,6,Vocational training,Outside Germany,False,Hybrid
CAN03226,40-49,10,Bachelor,Cologne,False,Hybrid
CAN03227,30-39,6,Other,Frankfurt,False,Hybrid
CAN03228,50+,14,Vocational training,Other Germany,True,Hybrid
CAN03229,20-29,6,Master,Berlin,True,Hybrid
CAN03230,30-39,6,Other,Berlin,True,Hybrid
CAN03231,50+,9,Bachelor,Berlin,False,On-site
CAN03232,20-29,2,Bachelor,Frankfurt,False,No preference
CAN03233,30-39,2,Vocational training,Berlin,False,Remote
CAN03234,20-29,0,Bachelor,Munich,True,Hybrid
CAN03235,20-29,1,Master,Frankfurt,False,Hybrid
CAN03236,30-39,11,Master,Munich,False,Hybrid
CAN03237,40-49,5,Bachelor,Munich,False,Remote
CAN03238,50+,18,Master,Cologne,False,On-site
CAN03239,30-39,1,Vocational training,Frankfurt,False,No preference
CAN03240,20-29,4,Bachelor,Berlin,False,Hybrid
CAN03241,40-49,7,Bachelor,Outside Germany,True,Hybrid
CAN03242,50+,15,Master,Other Germany,False,No preference
CAN03243,30-39,0,Other,Frankfurt,False,Remote
CAN03244,50+,12,Vocational training,Frankfurt,True,Hybrid
CAN03245,30-39,0,Vocational training,Other Germany,True,Remote
CAN03246,20-29,3,Vocational training,Other Germany,False,Hybrid
CAN03247,40-49,2,Other,Other Germany,False,Hybrid
CAN03248,30-39,13,Bachelor,Cologne,False,Hybrid
CAN03249,30-39,11,Doctorate,Outside Germany,False,Hybrid
CAN03250,20-29,9,Vocational training,Cologne,True,Hybrid
CAN03251,20-29,4,Master,Frankfurt,True,Hybrid
CAN03252,30-39,2,Vocational training,Berlin,False,No preference
CAN03253,50+,11,Bachelor,Other Germany,True,No preference
CAN03254,20-29,8,Other,Munich,False,Hybrid
CAN03255,20-29,8,Vocational training,Frankfurt,True,Hybrid
CAN03256,20-29,6,Master,Munich,True,On-site
CAN03257,30-39,15,Bachelor,Frankfurt,False,Remote
CAN03258,30-39,3,Other,Other Germany,True,Remote
CAN03259,40-49,1,Bachelor,Hamburg,False,Hybrid
CAN03260,30-39,7,Master,Other Germany,True,Hybrid
CAN03261,30-39,4,Vocational training,Hamburg,False,Remote
CAN03262,30-39,2,Master,Outside Germany,False,Hybrid
CAN03263,30-39,6,Master,Frankfurt,True,Hybrid
CAN03264,50+,17,Vocational training,Hamburg,True,Hybrid
CAN03265,40-49,12,Bachelor,Hamburg,False,Remote
CAN03266,30-39,2,Bachelor,Munich,False,Hybrid
CAN03267,30-39,2,Bachelor,Hamburg,False,Remote
CAN03268,40-49,4,Vocational training,Frankfurt,False,No preference
CAN03269,30-39,3,Bachelor,Frankfurt,False,On-site
CAN03270,20-29,3,Bachelor,Frankfurt,False,No preference
CAN03271,20-29,9,Master,Other Germany,True,On-site
CAN03272,40-49,21,Other,Other Germany,False,On-site
CAN03273,40-49,11,Master,Other Germany,False,Remote
CAN03274,30-39,8,Vocational training,Berlin,False,No preference
CAN03275,30-39,9,Bachelor,Other Germany,True,On-site
CAN03276,40-49,7,Bachelor,Berlin,False,Hybrid
CAN03277,50+,12,Vocational training,Other Germany,False,No preference
CAN03278,30-39,1,Bachelor,Munich,False,Hybrid
CAN03279,30-39,8,Bachelor,Hamburg,False,Hybrid
CAN03280,40-49,3,Vocational training,Other Germany,True,Remote
CAN03281,30-39,5,Bachelor,Berlin,True,Remote
CAN03282,30-39,2,Master,Munich,False,Remote
CAN03283,40-49,4,Bachelor,Other Germany,False,Remote
CAN03284,50+,11,Bachelor,Other Germany,False,On-site
CAN03285,30-39,1,Bachelor,Other Germany,False,On-site
CAN03286,30-39,2,Master,Other Germany,False,Hybrid
CAN03287,40-49,1,Master,Hamburg,False,Remote
CAN03288,30-39,8,Vocational training,Hamburg,True,Hybrid
CAN03289,30-39,13,Master,Other Germany,True,Hybrid
CAN03290,20-29,3,Bachelor,Frankfurt,False,Hybrid
CAN03291,30-39,6,Vocational training,Cologne,False,Remote
CAN03292,30-39,2,Vocational training,Other Germany,True,Remote
CAN03293,50+,11,Master,Other Germany,False,On-site
CAN03294,30-39,9,Bachelor,Frankfurt,True,No preference
CAN03295,20-29,5,Bachelor,Other Germany,True,Hybrid
CAN03296,40-49,9,Bachelor,Berlin,True,No preference
CAN03297,30-39,5,Bachelor,Cologne,True,Hybrid
CAN03298,30-39,1,Vocational training,Cologne,True,Hybrid
CAN03299,40-49,1,Doctorate,Berlin,True,On-site
CAN03300,20-29,4,Vocational training,Frankfurt,True,Hybrid
CAN03301,40-49,3,Master,Hamburg,True,Remote
CAN03302,20-29,5,Master,Berlin,True,Hybrid
CAN03303,20-29,3,Master,Other Germany,True,Hybrid
CAN03304,30-39,5,Vocational training,Berlin,False,Remote
CAN03305,30-39,4,Master,Other Germany,False,No preference
CAN03306,50+,8,Bachelor,Munich,False,Hybrid
CAN03307,50+,11,Bachelor,Berlin,False,No preference
CAN03308,40-49,3,Vocational training,Outside Germany,False,On-site
CAN03309,40-49,11,Bachelor,Other Germany,True,Hybrid
CAN03310,50+,13,Bachelor,Munich,False,Remote
CAN03311,40-49,3,Bachelor,Other Germany,False,On-site
CAN03312,20-29,4,Vocational training,Cologne,False,No preference
CAN03313,50+,22,Bachelor,Hamburg,False,Hybrid
CAN03314,40-49,6,Master,Berlin,False,On-site
CAN03315,40-49,3,Vocational training,Hamburg,False,Hybrid
CAN03316,30-39,5,Bachelor,Hamburg,True,Hybrid
CAN03317,30-39,2,Bachelor,Munich,False,Remote
CAN03318,50+,25,Vocational training,Hamburg,False,No preference
CAN03319,40-49,20,Doctorate,Frankfurt,False,No preference
CAN03320,30-39,5,Bachelor,Frankfurt,False,Hybrid
CAN03321,20-29,4,Bachelor,Other Germany,False,No preference
CAN03322,40-49,9,Vocational training,Other Germany,True,Hybrid
CAN03323,20-29,1,Bachelor,Other Germany,False,Hybrid
CAN03324,20-29,4,Vocational training,Frankfurt,False,Hybrid
CAN03325,20-29,2,Master,Frankfurt,False,Hybrid
CAN03326,30-39,2,Vocational training,Other Germany,True,No preference
CAN03327,40-49,10,Bachelor,Other Germany,True,Hybrid
CAN03328,30-39,7,Master,Frankfurt,False,Hybrid
CAN03329,40-49,4,Other,,False,Remote
CAN03330,30-39,4,Bachelor,Outside Germany,True,No preference
CAN03331,30-39,3,Bachelor,Other Germany,False,On-site
CAN03332,30-39,10,Bachelor,Berlin,True,Hybrid
CAN03333,30-39,5,Master,Munich,False,Hybrid
CAN03334,30-39,7,Master,Frankfurt,False,Remote
CAN03335,50+,11,Bachelor,Other Germany,True,On-site
CAN03336,40-49,7,Master,Outside Germany,False,Hybrid
CAN03337,30-39,6,Vocational training,Other Germany,False,Remote
CAN03338,30-39,0,Bachelor,Outside Germany,True,Remote
CAN03339,50+,9,Master,Berlin,False,Hybrid
CAN03340,30-39,1,Vocational training,Munich,True,Remote
CAN03341,40-49,10,Vocational training,Frankfurt,False,Remote
CAN03342,20-29,2,Vocational training,Munich,False,No preference
CAN03343,20-29,3,Vocational training,Hamburg,False,On-site
CAN03344,20-29,3,Vocational training,,False,Remote
CAN03345,30-39,5,Master,Other Germany,False,Hybrid
CAN03346,20-29,5,Bachelor,Frankfurt,True,On-site
CAN03347,30-39,6,Bachelor,Frankfurt,True,No preference
CAN03348,40-49,20,Bachelor,Munich,True,On-site
CAN03349,40-49,13,Doctorate,Hamburg,True,Remote
CAN03350,40-49,11,Bachelor,Munich,False,Hybrid
CAN03351,40-49,17,Bachelor,Frankfurt,False,Hybrid
CAN03352,30-39,4,Vocational training,Other Germany,False,Remote
CAN03353,20-29,4,Master,Frankfurt,False,On-site
CAN03354,20-29,6,Vocational training,Munich,True,Hybrid
CAN03355,40-49,12,Master,Frankfurt,False,On-site
CAN03356,50+,7,Vocational training,Other Germany,False,Remote
CAN03357,20-29,4,Vocational training,Other Germany,True,On-site
CAN03358,40-49,6,Vocational training,Berlin,False,No preference
CAN03359,50+,12,Bachelor,Berlin,False,Hybrid
CAN03360,40-49,11,Bachelor,Berlin,False,On-site
CAN03361,50+,12,Bachelor,Hamburg,False,Remote
CAN03362,50+,14,Master,Other Germany,False,Hybrid
CAN03363,30-39,7,Vocational training,Munich,True,Hybrid
CAN03364,40-49,7,Bachelor,Hamburg,True,Hybrid
CAN03365,30-39,3,Bachelor,Frankfurt,False,Remote
CAN03366,30-39,2,Vocational training,Cologne,False,Remote
CAN03367,30-39,2,Master,Other Germany,True,Remote
CAN03368,40-49,18,Bachelor,Berlin,False,On-site
CAN03369,50+,7,Vocational training,Frankfurt,True,Hybrid
CAN03370,30-39,2,Vocational training,Cologne,False,Remote
CAN03371,40-49,4,Other,Other Germany,False,Remote
CAN03372,40-49,6,Other,Other Germany,False,Hybrid
CAN03373,30-39,9,Master,Cologne,False,Hybrid
CAN03374,20-29,8,Bachelor,Hamburg,False,Hybrid
CAN03375,50+,14,Bachelor,Munich,True,Hybrid
CAN03376,40-49,1,Bachelor,Munich,True,Remote
CAN03377,20-29,3,Vocational training,Cologne,False,Remote
CAN03378,40-49,14,Bachelor,Other Germany,False,Remote
CAN03379,30-39,6,Vocational training,Hamburg,False,No preference
CAN03380,30-39,9,Vocational training,Frankfurt,False,Hybrid
CAN03381,40-49,5,Bachelor,Cologne,True,No preference
CAN03382,40-49,8,Bachelor,Frankfurt,True,On-site
CAN03383,50+,15,Bachelor,Frankfurt,False,On-site
CAN03384,20-29,5,Bachelor,Hamburg,False,Hybrid
CAN03385,30-39,6,Bachelor,Hamburg,True,Remote
CAN03386,30-39,6,Bachelor,Munich,False,No preference
CAN03387,30-39,9,Vocational training,Hamburg,False,Remote
CAN03388,30-39,8,Other,Frankfurt,False,No preference
CAN03389,40-49,6,Master,Frankfurt,True,Remote
CAN03390,40-49,11,Vocational training,Other Germany,False,Hybrid
CAN03391,30-39,3,Vocational training,Berlin,True,Hybrid
CAN03392,40-49,9,Vocational training,Frankfurt,False,Hybrid
CAN03393,30-39,2,Bachelor,Other Germany,False,Hybrid
CAN03394,40-49,5,Bachelor,Outside Germany,False,No preference
CAN03395,20-29,1,Bachelor,Outside Germany,True,On-site
CAN03396,40-49,3,Vocational training,Munich,True,Hybrid
CAN03397,20-29,5,Bachelor,Other Germany,False,No preference
CAN03398,20-29,4,Master,Frankfurt,True,No preference
CAN03399,30-39,3,Master,Other Germany,False,Hybrid
CAN03400,30-39,4,Bachelor,Munich,False,No preference
CAN03401,20-29,4,Master,Berlin,False,Hybrid
CAN03402,40-49,15,Vocational training,Berlin,False,On-site
CAN03403,30-39,15,Doctorate,Other Germany,False,Hybrid
CAN03404,20-29,4,Bachelor,Frankfurt,False,Remote
CAN03405,20-29,8,Master,Other Germany,False,Remote
CAN03406,30-39,3,Bachelor,Berlin,False,Hybrid
CAN03407,30-39,0,Vocational training,Other Germany,True,No preference
CAN03408,50+,10,Bachelor,Berlin,True,Hybrid
CAN03409,30-39,2,Master,Frankfurt,True,Remote
CAN03410,30-39,5,Master,Frankfurt,True,Hybrid
CAN03411,40-49,4,Master,Berlin,True,Hybrid
CAN03412,40-49,5,Vocational training,Berlin,False,Hybrid
CAN03413,40-49,8,Bachelor,Cologne,False,No preference
CAN03414,40-49,5,Bachelor,Hamburg,True,Hybrid
CAN03415,30-39,7,Bachelor,Berlin,False,Hybrid
CAN03416,20-29,5,Doctorate,Hamburg,False,Hybrid
CAN03417,40-49,4,Bachelor,Cologne,False,Remote
CAN03418,40-49,9,Master,Frankfurt,False,No preference
CAN03419,30-39,5,Master,Other Germany,False,Hybrid
CAN03420,30-39,2,Master,Outside Germany,False,No preference
CAN03421,40-49,8,Master,Frankfurt,True,Hybrid
CAN03422,20-29,4,Master,Frankfurt,True,Hybrid
CAN03423,30-39,4,Master,Other Germany,False,Hybrid
CAN03424,40-49,8,Vocational training,Other Germany,False,On-site
CAN03425,40-49,12,Bachelor,Frankfurt,False,Remote
CAN03426,40-49,7,Bachelor,Munich,False,Hybrid
CAN03427,20-29,3,Vocational training,Berlin,True,Hybrid
CAN03428,50+,17,Bachelor,Munich,False,Remote
CAN03429,20-29,2,Bachelor,Munich,False,Hybrid
CAN03430,20-29,7,Bachelor,Berlin,False,Remote
CAN03431,30-39,0,Vocational training,Other Germany,True,No preference
CAN03432,40-49,5,Bachelor,Outside Germany,True,No preference
CAN03433,30-39,7,Bachelor,Munich,False,Hybrid
CAN03434,50+,11,Master,Berlin,True,Remote
CAN03435,20-29,6,Other,Cologne,False,Remote
CAN03436,20-29,4,Bachelor,Hamburg,False,No preference
CAN03437,40-49,17,Vocational training,Cologne,True,Remote
CAN03438,40-49,2,Master,Frankfurt,False,Hybrid
CAN03439,50+,14,Bachelor,Other Germany,True,Hybrid
CAN03440,40-49,2,Bachelor,Frankfurt,True,Remote
CAN03441,30-39,5,Vocational training,Other Germany,False,No preference
CAN03442,40-49,15,Vocational training,Munich,False,Remote
CAN03443,20-29,6,Vocational training,Cologne,False,Remote
CAN03444,50+,10,Vocational training,Frankfurt,False,No preference
CAN03445,30-39,3,Bachelor,Munich,False,No preference
CAN03446,40-49,5,Bachelor,Munich,False,Hybrid
CAN03447,30-39,6,Bachelor,Outside Germany,True,On-site
CAN03448,30-39,7,Master,Berlin,False,Hybrid
CAN03449,20-29,3,Master,Other Germany,True,Remote
CAN03450,30-39,7,Bachelor,Cologne,False,Remote
CAN03451,30-39,9,Master,Hamburg,True,Remote
CAN03452,50+,8,Bachelor,Other Germany,False,Hybrid
CAN03453,40-49,3,Bachelor,Other Germany,False,Remote
CAN03454,30-39,0,Vocational training,Berlin,False,On-site
CAN03455,30-39,1,Master,Other Germany,False,Remote
CAN03456,30-39,11,Vocational training,Frankfurt,False,On-site
CAN03457,40-49,11,Vocational training,Frankfurt,False,Hybrid
CAN03458,40-49,7,Bachelor,Hamburg,True,Remote
CAN03459,40-49,25,Master,Other Germany,False,Remote
CAN03460,30-39,3,Bachelor,Hamburg,False,Hybrid
CAN03461,30-39,2,Bachelor,Munich,False,Hybrid
CAN03462,30-39,0,Vocational training,Frankfurt,True,On-site
CAN03463,40-49,1,Bachelor,Berlin,False,Remote
CAN03464,30-39,2,Master,Munich,False,No preference
CAN03465,40-49,22,Master,Frankfurt,False,On-site
CAN03466,20-29,3,Vocational training,Munich,False,Remote
CAN03467,40-49,8,Master,Frankfurt,False,Remote
CAN03468,40-49,4,Vocational training,Frankfurt,True,Hybrid
CAN03469,30-39,14,Bachelor,Cologne,True,Remote
CAN03470,20-29,7,Bachelor,Frankfurt,False,On-site
CAN03471,50+,15,Vocational training,Berlin,False,Remote
CAN03472,40-49,0,Bachelor,Munich,False,Remote
CAN03473,40-49,3,Master,Frankfurt,False,No preference
CAN03474,30-39,2,Master,Outside Germany,False,Remote
CAN03475,30-39,2,Vocational training,Frankfurt,False,On-site
CAN03476,40-49,5,Bachelor,Berlin,False,No preference
CAN03477,20-29,0,Vocational training,Other Germany,False,Remote
CAN03478,30-39,14,Vocational training,Other Germany,True,Hybrid
CAN03479,20-29,0,Vocational training,Other Germany,True,No preference
CAN03480,40-49,10,Master,Other Germany,True,On-site
CAN03481,50+,23,Bachelor,Frankfurt,False,On-site
CAN03482,20-29,2,Bachelor,Other Germany,False,No preference
CAN03483,50+,18,Vocational training,Hamburg,False,No preference
CAN03484,30-39,3,Bachelor,Frankfurt,False,On-site
CAN03485,40-49,5,Bachelor,Frankfurt,False,Hybrid
CAN03486,20-29,4,Vocational training,Berlin,False,No preference
CAN03487,30-39,3,Vocational training,Munich,False,Hybrid
CAN03488,20-29,3,Bachelor,Other Germany,True,Hybrid
CAN03489,30-39,7,Vocational training,Munich,False,Remote
CAN03490,20-29,9,Vocational training,Other Germany,True,Hybrid
CAN03491,30-39,0,Vocational training,Other Germany,True,Remote
CAN03492,30-39,3,Bachelor,Other Germany,True,Hybrid
CAN03493,30-39,6,Doctorate,Other Germany,False,Remote
CAN03494,20-29,5,Vocational training,Hamburg,False,Hybrid
CAN03495,30-39,3,Vocational training,Other Germany,False,Remote
CAN03496,40-49,5,Vocational training,Frankfurt,False,No preference
CAN03497,30-39,7,Vocational training,Other Germany,False,Remote
CAN03498,40-49,8,Vocational training,Berlin,True,Remote
CAN03499,30-39,5,Master,Munich,False,Hybrid
CAN03500,30-39,3,Master,Frankfurt,True,Remote
CAN03501,30-39,1,Bachelor,Other Germany,True,Remote
CAN03502,30-39,2,Master,Hamburg,False,No preference
CAN03503,50+,16,Master,Outside Germany,True,On-site
CAN03504,30-39,5,Bachelor,Hamburg,True,No preference
CAN03505,40-49,10,Bachelor,Other Germany,False,Hybrid
CAN03506,30-39,11,Vocational training,Other Germany,True,Hybrid
CAN03507,30-39,9,Other,Other Germany,False,Hybrid
CAN03508,40-49,19,Bachelor,Frankfurt,False,Hybrid
CAN03509,30-39,2,Bachelor,Other Germany,True,Hybrid
CAN03510,30-39,8,Vocational training,Munich,False,Hybrid
CAN03511,40-49,5,Master,Other Germany,True,Hybrid
CAN03512,30-39,4,Master,Frankfurt,True,On-site
CAN03513,50+,7,Vocational training,Other Germany,True,Remote
CAN03514,40-49,6,Vocational training,Munich,False,Hybrid
CAN03515,40-49,8,Bachelor,Other Germany,False,Hybrid
CAN03516,50+,10,Bachelor,Hamburg,True,Hybrid
CAN03517,40-49,8,Bachelor,Berlin,True,On-site
CAN03518,30-39,5,Bachelor,Munich,False,No preference
CAN03519,30-39,11,Master,Munich,True,No preference
CAN03520,40-49,4,Vocational training,Cologne,False,Hybrid
CAN03521,30-39,9,Master,Frankfurt,False,Hybrid
CAN03522,50+,22,Bachelor,Hamburg,False,Remote
CAN03523,30-39,6,Bachelor,Hamburg,False,Remote
CAN03524,40-49,11,Bachelor,Other Germany,True,Hybrid
CAN03525,30-39,13,Vocational training,Frankfurt,False,On-site
CAN03526,40-49,11,Master,Berlin,True,Hybrid
CAN03527,20-29,3,Vocational training,Frankfurt,False,Hybrid
CAN03528,30-39,5,Other,Outside Germany,False,Remote
CAN03529,30-39,2,Master,Other Germany,True,Hybrid
CAN03530,40-49,5,Vocational training,Cologne,False,On-site
CAN03531,40-49,15,Vocational training,Berlin,True,Hybrid
CAN03532,30-39,4,Vocational training,Hamburg,False,Remote
CAN03533,20-29,2,Bachelor,Berlin,False,Remote
CAN03534,50+,11,Bachelor,Berlin,False,Hybrid
CAN03535,30-39,3,Vocational training,Outside Germany,False,On-site
CAN03536,50+,19,Vocational training,Frankfurt,False,No preference
CAN03537,50+,12,Master,Munich,True,Hybrid
CAN03538,40-49,4,Bachelor,Cologne,True,Remote
CAN03539,40-49,11,Bachelor,Other Germany,False,No preference
CAN03540,20-29,5,Vocational training,Frankfurt,False,Hybrid
CAN03541,20-29,9,Vocational training,Other Germany,True,Hybrid
CAN03542,30-39,11,Vocational training,Berlin,False,Hybrid
CAN03543,40-49,2,Bachelor,Hamburg,False,Hybrid
CAN03544,40-49,15,Bachelor,Cologne,True,No preference
CAN03545,40-49,4,Vocational training,Hamburg,False,Remote
CAN03546,20-29,4,Bachelor,Munich,False,No preference
CAN03547,30-39,5,Master,Berlin,True,On-site
CAN03548,40-49,9,Bachelor,Hamburg,False,Hybrid
CAN03549,40-49,4,Other,Berlin,False,Hybrid
CAN03550,20-29,6,Vocational training,Hamburg,False,Hybrid
CAN03551,20-29,3,Master,Other Germany,False,Hybrid
CAN03552,40-49,13,Bachelor,Munich,True,Hybrid
CAN03553,50+,8,Bachelor,Frankfurt,False,Hybrid
CAN03554,30-39,5,Vocational training,Outside Germany,False,Remote
CAN03555,50+,11,Vocational training,Hamburg,True,Hybrid
CAN03556,30-39,12,Vocational training,Other Germany,False,Hybrid
CAN03557,40-49,2,Doctorate,Other Germany,False,No preference
CAN03558,40-49,12,Vocational training,Berlin,False,On-site
CAN03559,40-49,4,Master,Berlin,False,Remote
CAN03560,50+,7,Master,Cologne,True,On-site
CAN03561,20-29,4,Bachelor,Hamburg,False,On-site
CAN03562,30-39,5,Master,Other Germany,True,No preference
CAN03563,30-39,7,Bachelor,Hamburg,False,Remote
CAN03564,40-49,4,Bachelor,,False,Hybrid
CAN03565,30-39,6,Bachelor,Frankfurt,False,On-site
CAN03566,40-49,11,Bachelor,Frankfurt,True,Remote
CAN03567,20-29,4,Master,Berlin,False,Hybrid
CAN03568,50+,9,Vocational training,,False,On-site
CAN03569,50+,13,Bachelor,Frankfurt,False,No preference
CAN03570,40-49,17,Bachelor,Munich,False,Hybrid
CAN03571,20-29,2,Other,Munich,False,Remote
CAN03572,40-49,15,Vocational training,Hamburg,False,No preference
CAN03573,20-29,2,Bachelor,Cologne,False,Hybrid
CAN03574,40-49,5,Master,Munich,True,No preference
CAN03575,40-49,3,Other,Hamburg,False,No preference
CAN03576,20-29,1,Bachelor,Hamburg,False,Hybrid
CAN03577,30-39,12,Vocational training,Outside Germany,False,Remote
CAN03578,40-49,5,Bachelor,Other Germany,True,Remote
CAN03579,40-49,4,Bachelor,Frankfurt,False,No preference
CAN03580,40-49,8,Bachelor,Hamburg,False,Hybrid
CAN03581,20-29,3,Master,Munich,False,Hybrid
CAN03582,30-39,1,Vocational training,Other Germany,False,No preference
CAN03583,30-39,2,Bachelor,Berlin,False,Hybrid
CAN03584,20-29,5,Bachelor,Frankfurt,True,Hybrid
CAN03585,30-39,7,Master,Outside Germany,False,Hybrid
CAN03586,40-49,3,Bachelor,Berlin,False,Hybrid
CAN03587,50+,13,Master,Frankfurt,False,Hybrid
CAN03588,30-39,3,Vocational training,Other Germany,False,Hybrid
CAN03589,40-49,1,Bachelor,Frankfurt,False,On-site
CAN03590,30-39,4,Other,Frankfurt,False,Hybrid
CAN03591,40-49,10,Vocational training,Outside Germany,False,No preference
CAN03592,20-29,0,Bachelor,Other Germany,False,No preference
CAN03593,30-39,8,Master,Frankfurt,False,On-site
CAN03594,20-29,2,Bachelor,Frankfurt,True,On-site
CAN03595,30-39,4,Bachelor,Hamburg,True,Hybrid
CAN03596,50+,16,Vocational training,Berlin,False,Hybrid
CAN03597,20-29,1,Master,Frankfurt,False,Hybrid
CAN03598,40-49,6,Vocational training,Hamburg,True,Remote
CAN03599,30-39,10,Vocational training,Hamburg,False,Remote
CAN03600,20-29,4,Master,Munich,True,On-site
CAN03601,20-29,4,Vocational training,Cologne,False,Hybrid
CAN03602,40-49,9,Master,Hamburg,False,Hybrid
CAN03603,30-39,6,Bachelor,Cologne,True,Remote
CAN03604,20-29,5,Bachelor,Berlin,False,Hybrid
CAN03605,40-49,4,Master,Other Germany,False,Remote
CAN03606,30-39,0,Vocational training,Frankfurt,True,No preference
CAN03607,30-39,6,Master,Other Germany,False,Hybrid
CAN03608,30-39,10,Vocational training,Cologne,False,Hybrid
CAN03609,40-49,5,Vocational training,Other Germany,False,Hybrid
CAN03610,30-39,2,Master,Berlin,False,Hybrid
CAN03611,30-39,11,Master,Outside Germany,False,No preference
CAN03612,40-49,4,Bachelor,Hamburg,False,No preference
CAN03613,40-49,9,Bachelor,Hamburg,True,Hybrid
CAN03614,30-39,8,Vocational training,Frankfurt,False,Remote
CAN03615,40-49,12,Master,Frankfurt,True,Remote
CAN03616,40-49,5,Vocational training,Munich,True,Remote
CAN03617,20-29,8,Other,Hamburg,False,Remote
CAN03618,30-39,6,Master,Berlin,False,Remote
CAN03619,20-29,4,Master,Munich,False,Remote
CAN03620,20-29,1,Other,Munich,False,Remote
CAN03621,30-39,4,Bachelor,Frankfurt,False,On-site
CAN03622,20-29,2,Vocational training,Munich,False,Hybrid
CAN03623,40-49,9,Bachelor,Hamburg,False,No preference
CAN03624,40-49,15,Bachelor,Berlin,True,Hybrid
CAN03625,40-49,3,Vocational training,Other Germany,True,No preference
CAN03626,40-49,8,Vocational training,Other Germany,False,Remote
CAN03627,20-29,6,Vocational training,Munich,False,Hybrid
CAN03628,40-49,6,Master,Other Germany,False,Hybrid
CAN03629,40-49,15,Master,Cologne,True,Remote
CAN03630,20-29,4,Bachelor,Outside Germany,False,Hybrid
CAN03631,40-49,2,Vocational training,Berlin,False,No preference
CAN03632,30-39,4,Vocational training,Berlin,True,On-site
CAN03633,30-39,4,Vocational training,Berlin,True,Hybrid
CAN03634,20-29,6,Bachelor,Hamburg,False,No preference
CAN03635,30-39,7,Vocational training,Frankfurt,True,No preference
CAN03636,30-39,7,Bachelor,Berlin,True,Hybrid
CAN03637,30-39,7,Doctorate,Munich,True,Hybrid
CAN03638,40-49,4,Master,Hamburg,True,Remote
CAN03639,40-49,10,Master,Other Germany,False,Hybrid
CAN03640,40-49,9,Master,Other Germany,False,Hybrid
CAN03641,30-39,15,Vocational training,Hamburg,True,Hybrid
CAN03642,30-39,4,Vocational training,Cologne,False,Hybrid
CAN03643,40-49,1,Master,Cologne,True,No preference
CAN03644,30-39,9,Vocational training,Cologne,True,Hybrid
CAN03645,30-39,13,Other,Berlin,False,Hybrid
CAN03646,40-49,9,Bachelor,Berlin,False,No preference
CAN03647,40-49,21,Bachelor,Berlin,False,Hybrid
CAN03648,40-49,4,Master,Frankfurt,False,Remote
CAN03649,40-49,2,Master,Other Germany,False,Hybrid
CAN03650,40-49,11,Vocational training,Berlin,True,Hybrid
CAN03651,30-39,14,Vocational training,Cologne,False,Hybrid
CAN03652,30-39,3,Bachelor,Other Germany,False,Remote
CAN03653,40-49,9,Vocational training,Hamburg,False,No preference
CAN03654,40-49,5,Vocational training,Hamburg,False,On-site
CAN03655,40-49,5,Master,Cologne,False,Hybrid
CAN03656,30-39,10,Vocational training,Munich,False,Hybrid
CAN03657,20-29,5,Bachelor,Hamburg,False,No preference
CAN03658,30-39,13,Bachelor,Hamburg,False,Hybrid
CAN03659,20-29,2,Bachelor,Outside Germany,False,Hybrid
CAN03660,20-29,1,Bachelor,Berlin,False,No preference
CAN03661,30-39,3,Master,Frankfurt,False,On-site
CAN03662,40-49,2,Vocational training,Frankfurt,False,No preference
CAN03663,20-29,4,Master,Munich,False,Hybrid
CAN03664,30-39,10,Master,Berlin,False,Remote
CAN03665,40-49,5,Bachelor,Hamburg,True,Hybrid
CAN03666,20-29,2,Bachelor,Munich,False,Remote
CAN03667,20-29,0,Master,Frankfurt,True,Remote
CAN03668,50+,12,Master,Other Germany,False,On-site
CAN03669,30-39,9,Bachelor,Other Germany,False,Remote
CAN03670,40-49,6,Vocational training,Munich,False,On-site
CAN03671,30-39,13,Vocational training,Frankfurt,True,On-site
CAN03672,30-39,13,Other,Berlin,False,Remote
CAN03673,30-39,10,Bachelor,Berlin,True,Hybrid
CAN03674,40-49,8,Master,Other Germany,False,Remote
CAN03675,40-49,14,Master,Other Germany,False,Remote
CAN03676,30-39,6,Doctorate,Hamburg,True,No preference
CAN03677,40-49,9,Bachelor,Berlin,False,Hybrid
CAN03678,30-39,13,Bachelor,Hamburg,True,Hybrid
CAN03679,30-39,5,Vocational training,Frankfurt,True,Remote
CAN03680,20-29,6,Master,Hamburg,True,Hybrid
CAN03681,30-39,4,Vocational training,Other Germany,True,Hybrid
CAN03682,20-29,6,Master,Other Germany,True,Remote
CAN03683,50+,8,Bachelor,Other Germany,False,Hybrid
CAN03684,30-39,10,Master,Frankfurt,False,No preference
CAN03685,40-49,4,Bachelor,Frankfurt,False,Hybrid
CAN03686,40-49,21,Bachelor,Frankfurt,True,No preference
CAN03687,40-49,8,Bachelor,Other Germany,True,No preference
CAN03688,20-29,1,Master,Frankfurt,False,Remote
CAN03689,40-49,1,Vocational training,Frankfurt,False,Hybrid
CAN03690,40-49,6,Master,Hamburg,False,Remote
CAN03691,30-39,11,Vocational training,Berlin,False,On-site
CAN03692,40-49,1,Bachelor,Other Germany,False,Hybrid
CAN03693,30-39,11,Vocational training,Hamburg,True,Remote
CAN03694,30-39,6,Master,Munich,False,No preference
CAN03695,30-39,4,Master,Berlin,True,Hybrid
CAN03696,30-39,6,Master,Hamburg,False,No preference
CAN03697,30-39,0,Master,Berlin,True,Hybrid
CAN03698,20-29,4,Bachelor,Outside Germany,False,Hybrid
CAN03699,40-49,18,Bachelor,Munich,False,No preference
CAN03700,40-49,2,Vocational training,Munich,False,Remote
CAN03701,30-39,8,Vocational training,Munich,False,Hybrid
CAN03702,30-39,3,Master,Other Germany,True,On-site
CAN03703,30-39,5,Bachelor,Other Germany,False,Hybrid
CAN03704,40-49,4,Bachelor,Berlin,True,Hybrid
CAN03705,40-49,6,Vocational training,Other Germany,False,No preference
CAN03706,30-39,5,Bachelor,Frankfurt,False,No preference
CAN03707,30-39,5,Vocational training,Other Germany,False,Hybrid
CAN03708,40-49,3,Bachelor,Frankfurt,False,Remote
CAN03709,20-29,6,Master,Cologne,True,Hybrid
CAN03710,50+,8,Vocational training,Munich,True,No preference
CAN03711,30-39,8,Vocational training,Other Germany,False,On-site
CAN03712,30-39,3,Vocational training,Frankfurt,True,On-site
CAN03713,30-39,2,Master,Other Germany,False,Hybrid
CAN03714,40-49,5,Vocational training,Frankfurt,True,Hybrid
CAN03715,40-49,24,Bachelor,Other Germany,False,No preference
CAN03716,30-39,3,Doctorate,Berlin,True,Hybrid
CAN03717,30-39,3,Master,Hamburg,True,Remote
CAN03718,30-39,3,Bachelor,Other Germany,True,No preference
CAN03719,30-39,6,Master,Munich,False,Remote
CAN03720,40-49,1,Bachelor,Berlin,False,On-site
CAN03721,30-39,8,Vocational training,Berlin,False,Hybrid
CAN03722,30-39,3,Bachelor,Frankfurt,False,Remote
CAN03723,40-49,7,Master,Other Germany,True,On-site
CAN03724,50+,9,Master,Berlin,True,Hybrid
CAN03725,30-39,9,Bachelor,Hamburg,True,Remote
CAN03726,20-29,1,Master,Munich,False,Hybrid
CAN03727,50+,8,Vocational training,Other Germany,True,Remote
CAN03728,30-39,6,Vocational training,Hamburg,False,Remote
CAN03729,20-29,0,Vocational training,Hamburg,False,No preference
CAN03730,30-39,3,Bachelor,Other Germany,False,Hybrid
CAN03731,30-39,8,Vocational training,,False,Hybrid
CAN03732,50+,10,Vocational training,Other Germany,True,Hybrid
CAN03733,40-49,4,Master,Other Germany,False,Hybrid
CAN03734,30-39,5,Other,Other Germany,False,On-site
CAN03735,30-39,2,Master,Berlin,False,Hybrid
CAN03736,20-29,5,Other,Other Germany,False,No preference
CAN03737,30-39,4,Master,Berlin,False,Remote
CAN03738,40-49,5,Vocational training,Frankfurt,True,On-site
CAN03739,40-49,10,Bachelor,Other Germany,False,Hybrid
CAN03740,40-49,5,Bachelor,Frankfurt,False,On-site
CAN03741,30-39,3,Bachelor,Other Germany,False,Remote
CAN03742,30-39,5,Other,Berlin,False,Remote
CAN03743,40-49,3,Master,Munich,True,Hybrid
CAN03744,40-49,10,Master,Hamburg,False,Remote
CAN03745,30-39,7,Bachelor,Cologne,False,Remote
CAN03746,20-29,7,Master,Hamburg,False,On-site
CAN03747,30-39,5,Bachelor,Hamburg,True,On-site
CAN03748,20-29,8,Bachelor,Hamburg,False,Hybrid
CAN03749,20-29,7,Vocational training,Frankfurt,False,No preference
CAN03750,40-49,1,Vocational training,Hamburg,True,No preference
CAN03751,20-29,5,Vocational training,Cologne,False,No preference
CAN03752,40-49,18,Vocational training,Munich,True,Hybrid
CAN03753,30-39,4,Bachelor,Munich,True,Remote
CAN03754,30-39,5,Bachelor,Other Germany,False,Hybrid
CAN03755,20-29,1,Doctorate,Hamburg,True,Remote
CAN03756,50+,9,Vocational training,Frankfurt,True,No preference
CAN03757,30-39,9,Bachelor,Munich,True,Hybrid
CAN03758,40-49,6,Vocational training,Other Germany,False,On-site
CAN03759,50+,13,Master,Hamburg,False,Remote
CAN03760,40-49,12,Bachelor,Cologne,False,Hybrid
CAN03761,30-39,4,Vocational training,Other Germany,False,No preference
CAN03762,40-49,3,Doctorate,Other Germany,False,On-site
CAN03763,30-39,4,Master,Munich,False,Remote
CAN03764,40-49,8,Bachelor,Munich,True,Remote
CAN03765,20-29,2,Bachelor,Berlin,True,Remote
CAN03766,20-29,3,Master,Other Germany,False,Hybrid
CAN03767,20-29,9,Bachelor,Other Germany,False,Hybrid
CAN03768,40-49,10,Vocational training,Outside Germany,True,Hybrid
CAN03769,30-39,3,Bachelor,Munich,True,Hybrid
CAN03770,20-29,1,Master,Frankfurt,False,No preference
CAN03771,20-29,4,Bachelor,Berlin,False,On-site
CAN03772,20-29,1,Master,Other Germany,False,On-site
CAN03773,30-39,1,Master,Munich,False,Hybrid
CAN03774,20-29,4,Bachelor,Other Germany,False,Remote
CAN03775,20-29,5,Master,Other Germany,False,Hybrid
CAN03776,30-39,13,Other,Berlin,False,No preference
CAN03777,20-29,8,Bachelor,Other Germany,False,Hybrid
CAN03778,20-29,5,Vocational training,Cologne,False,Hybrid
CAN03779,30-39,7,Vocational training,Other Germany,False,No preference
CAN03780,40-49,4,Bachelor,Frankfurt,False,No preference
CAN03781,50+,24,Vocational training,Munich,True,No preference
CAN03782,20-29,4,Other,Munich,True,Remote
CAN03783,40-49,6,Bachelor,Outside Germany,True,Hybrid
CAN03784,40-49,1,Vocational training,Frankfurt,False,No preference
CAN03785,30-39,6,Vocational training,Berlin,False,Hybrid
CAN03786,40-49,12,Master,Frankfurt,False,Remote
CAN03787,30-39,6,Vocational training,Outside Germany,False,Remote
CAN03788,40-49,4,Vocational training,Hamburg,False,Hybrid
CAN03789,30-39,6,Vocational training,Other Germany,True,No preference
CAN03790,20-29,3,Vocational training,Frankfurt,False,Remote
CAN03791,40-49,8,Bachelor,Frankfurt,False,Hybrid
CAN03792,40-49,3,Master,Frankfurt,True,Remote
CAN03793,20-29,4,Vocational training,Frankfurt,True,On-site
CAN03794,40-49,7,Vocational training,Outside Germany,False,Hybrid
CAN03795,20-29,3,Master,Cologne,False,No preference
CAN03796,40-49,2,Master,Other Germany,True,Hybrid
CAN03797,40-49,8,Bachelor,Frankfurt,True,On-site
CAN03798,20-29,6,Master,Munich,False,On-site
CAN03799,40-49,12,Vocational training,Munich,False,Remote
CAN03800,40-49,3,Master,Berlin,True,On-site
CAN03801,20-29,3,Master,Other Germany,True,Hybrid
CAN03802,30-39,5,Bachelor,Berlin,False,On-site
CAN03803,50+,10,Master,Berlin,True,Hybrid
CAN03804,20-29,5,Master,Outside Germany,True,Hybrid
CAN03805,40-49,7,Master,Munich,False,Hybrid
CAN03806,40-49,3,Bachelor,Other Germany,True,Hybrid
CAN03807,30-39,6,Vocational training,Cologne,True,Hybrid
CAN03808,40-49,5,Master,Berlin,False,Hybrid
CAN03809,40-49,3,Bachelor,Frankfurt,False,Hybrid
CAN03810,30-39,1,Bachelor,Munich,False,Hybrid
CAN03811,40-49,7,Bachelor,Cologne,False,Hybrid
CAN03812,30-39,4,Vocational training,Other Germany,True,On-site
CAN03813,40-49,7,Bachelor,Hamburg,True,Hybrid
CAN03814,50+,16,Doctorate,Cologne,True,Hybrid
CAN03815,40-49,5,Master,Other Germany,True,Hybrid
CAN03816,20-29,3,Bachelor,Berlin,False,On-site
CAN03817,40-49,8,Bachelor,Munich,False,Hybrid
CAN03818,20-29,1,Bachelor,Frankfurt,False,On-site
CAN03819,30-39,7,Bachelor,Frankfurt,True,On-site
CAN03820,20-29,6,Master,Other Germany,False,No preference
CAN03821,20-29,3,Bachelor,Munich,False,Hybrid
CAN03822,20-29,2,Vocational training,Other Germany,True,Hybrid
CAN03823,30-39,6,Vocational training,Other Germany,False,Remote
CAN03824,50+,7,Master,Hamburg,False,Remote
CAN03825,30-39,6,Doctorate,Outside Germany,False,Hybrid
CAN03826,20-29,2,Vocational training,Other Germany,True,Hybrid
CAN03827,40-49,8,Other,Other Germany,True,Hybrid
CAN03828,40-49,5,Vocational training,Other Germany,False,Hybrid
CAN03829,50+,11,Bachelor,Other Germany,False,Hybrid
CAN03830,40-49,3,Bachelor,Munich,False,Hybrid
CAN03831,20-29,0,Vocational training,Other Germany,False,Remote
CAN03832,30-39,0,Master,Cologne,False,Hybrid
CAN03833,50+,22,Vocational training,Cologne,True,Hybrid
CAN03834,30-39,6,Master,Munich,False,No preference
CAN03835,30-39,1,Vocational training,Berlin,False,Remote
CAN03836,30-39,6,Master,Outside Germany,False,On-site
CAN03837,30-39,16,Vocational training,Berlin,True,Remote
CAN03838,40-49,25,Master,Other Germany,False,Remote
CAN03839,20-29,3,Bachelor,Other Germany,False,Hybrid
CAN03840,30-39,3,Vocational training,Outside Germany,True,Hybrid
CAN03841,50+,16,Master,Cologne,True,Hybrid
CAN03842,40-49,8,Master,Frankfurt,False,No preference
CAN03843,30-39,0,Bachelor,Munich,False,Hybrid
CAN03844,40-49,6,Vocational training,Outside Germany,True,Remote
CAN03845,40-49,5,Bachelor,Hamburg,False,Remote
CAN03846,40-49,8,Bachelor,Berlin,True,Hybrid
CAN03847,40-49,9,Bachelor,Frankfurt,False,Hybrid
CAN03848,40-49,2,Master,Munich,False,Remote
CAN03849,40-49,4,Bachelor,Cologne,False,Hybrid
CAN03850,40-49,5,Bachelor,Other Germany,False,No preference
CAN03851,30-39,4,Bachelor,Hamburg,True,Remote
CAN03852,40-49,4,Bachelor,Other Germany,True,Hybrid
CAN03853,30-39,6,Master,Munich,False,Hybrid
CAN03854,30-39,3,Bachelor,Frankfurt,True,Hybrid
CAN03855,30-39,7,Vocational training,Berlin,False,Hybrid
CAN03856,40-49,16,Bachelor,Frankfurt,False,No preference
CAN03857,20-29,9,Bachelor,Frankfurt,True,Remote
CAN03858,20-29,3,Master,Frankfurt,True,Hybrid
CAN03859,40-49,6,Vocational training,Other Germany,False,Remote
CAN03860,30-39,2,Bachelor,Munich,False,Hybrid
CAN03861,40-49,1,Master,Frankfurt,False,No preference
CAN03862,30-39,17,Master,Cologne,False,Hybrid
CAN03863,30-39,8,Vocational training,Hamburg,True,Remote
CAN03864,30-39,0,Master,Frankfurt,False,Hybrid
CAN03865,20-29,10,Vocational training,Other Germany,False,Hybrid
CAN03866,40-49,5,Other,Hamburg,True,On-site
CAN03867,50+,25,Master,Other Germany,False,Hybrid
CAN03868,50+,12,Bachelor,Hamburg,False,No preference
CAN03869,50+,9,Master,Other Germany,True,Hybrid
CAN03870,20-29,2,Bachelor,Frankfurt,True,Hybrid
CAN03871,30-39,3,Vocational training,Cologne,False,On-site
CAN03872,20-29,1,Bachelor,Munich,True,No preference
CAN03873,30-39,6,Vocational training,Other Germany,False,No preference
CAN03874,20-29,5,Bachelor,Frankfurt,False,Hybrid
CAN03875,40-49,3,Bachelor,Frankfurt,True,On-site
CAN03876,50+,10,Bachelor,Frankfurt,False,Hybrid
CAN03877,40-49,5,Bachelor,Berlin,True,No preference
CAN03878,30-39,2,Vocational training,Other Germany,False,Hybrid
CAN03879,40-49,1,Vocational training,Hamburg,False,Remote
CAN03880,20-29,2,Bachelor,Cologne,False,No preference
CAN03881,40-49,3,Master,Munich,True,On-site
CAN03882,30-39,2,Bachelor,Berlin,True,Hybrid
CAN03883,40-49,7,Bachelor,Other Germany,False,Remote
CAN03884,20-29,4,Master,Other Germany,False,No preference
CAN03885,40-49,6,Bachelor,Other Germany,False,Hybrid
CAN03886,40-49,1,Bachelor,Cologne,False,Hybrid
CAN03887,40-49,7,Vocational training,Berlin,True,Hybrid
CAN03888,40-49,8,Master,Hamburg,True,Hybrid
CAN03889,50+,20,Master,Frankfurt,True,Hybrid
CAN03890,40-49,6,Bachelor,Other Germany,False,Hybrid
CAN03891,40-49,7,Bachelor,Berlin,True,Remote
CAN03892,40-49,11,Other,Other Germany,True,Remote
CAN03893,50+,12,Vocational training,Frankfurt,True,On-site
CAN03894,40-49,9,Bachelor,Hamburg,False,Remote
CAN03895,40-49,13,Vocational training,Other Germany,False,No preference
CAN03896,30-39,12,Vocational training,Munich,False,Hybrid
CAN03897,40-49,0,Bachelor,Frankfurt,False,Hybrid
CAN03898,40-49,6,Vocational training,Other Germany,False,Hybrid
CAN03899,20-29,7,Bachelor,Frankfurt,True,Hybrid
CAN03900,40-49,11,Bachelor,Frankfurt,False,Remote
CAN03901,30-39,2,Vocational training,Cologne,True,No preference
CAN03902,30-39,1,Bachelor,Munich,False,Remote
CAN03903,20-29,2,Other,Other Germany,True,Hybrid
CAN03904,20-29,5,Bachelor,Other Germany,True,Hybrid
CAN03905,40-49,9,Master,Cologne,False,Remote
CAN03906,20-29,1,Vocational training,Other Germany,True,Hybrid
CAN03907,20-29,2,Master,Frankfurt,True,Hybrid
CAN03908,30-39,8,Master,Hamburg,True,On-site
CAN03909,20-29,0,Vocational training,Other Germany,False,On-site
CAN03910,40-49,7,Master,Cologne,False,No preference
CAN03911,40-49,9,Vocational training,Munich,False,No preference
CAN03912,40-49,4,Doctorate,Frankfurt,False,Remote
CAN03913,40-49,4,Bachelor,Berlin,True,Hybrid
CAN03914,30-39,5,Master,Hamburg,False,On-site
CAN03915,30-39,4,Vocational training,Frankfurt,True,Hybrid
CAN03916,30-39,2,Bachelor,Munich,True,Hybrid
CAN03917,30-39,4,Master,Outside Germany,False,Hybrid
CAN03918,20-29,5,Vocational training,Hamburg,True,Remote
CAN03919,40-49,2,Other,Other Germany,False,Remote
CAN03920,50+,12,Vocational training,Frankfurt,False,Hybrid
CAN03921,30-39,7,Other,Hamburg,False,Hybrid
CAN03922,40-49,11,Bachelor,Munich,False,Hybrid
CAN03923,40-49,10,Master,Berlin,True,Remote
CAN03924,40-49,5,Vocational training,Berlin,False,On-site
CAN03925,30-39,3,Vocational training,Hamburg,False,Hybrid
CAN03926,20-29,3,Vocational training,Other Germany,False,Hybrid
CAN03927,40-49,18,Bachelor,Other Germany,False,Hybrid
CAN03928,30-39,7,Vocational training,Frankfurt,True,Hybrid
CAN03929,20-29,2,Master,Frankfurt,False,On-site
CAN03930,30-39,10,Vocational training,Other Germany,False,Hybrid
CAN03931,30-39,1,Bachelor,Munich,False,Hybrid
CAN03932,30-39,5,Vocational training,Hamburg,True,Remote
CAN03933,40-49,7,Bachelor,Cologne,False,No preference
CAN03934,30-39,5,Bachelor,Other Germany,True,Remote
CAN03935,20-29,7,Bachelor,Outside Germany,False,No preference
CAN03936,20-29,7,Vocational training,Hamburg,False,Hybrid
CAN03937,40-49,5,Bachelor,Other Germany,False,No preference
CAN03938,30-39,1,Vocational training,Munich,False,Hybrid
CAN03939,50+,12,Bachelor,Hamburg,True,Hybrid
CAN03940,30-39,4,Bachelor,Hamburg,False,On-site
CAN03941,30-39,1,Master,Other Germany,False,Remote
CAN03942,30-39,2,Bachelor,Other Germany,True,Hybrid
CAN03943,50+,16,Bachelor,Other Germany,False,Remote
CAN03944,50+,13,Vocational training,Frankfurt,True,Hybrid
CAN03945,30-39,11,Bachelor,Munich,False,Remote
CAN03946,40-49,2,Vocational training,Berlin,True,Hybrid
CAN03947,20-29,5,Master,Other Germany,False,Hybrid
CAN03948,40-49,5,Vocational training,Hamburg,True,Hybrid
CAN03949,30-39,8,Master,Frankfurt,True,Hybrid
CAN03950,30-39,1,Vocational training,Munich,True,Hybrid
CAN03951,40-49,8,Vocational training,Cologne,False,No preference
CAN03952,20-29,0,Master,Hamburg,False,Hybrid
CAN03953,30-39,14,Master,Outside Germany,False,Hybrid
CAN03954,30-39,6,Master,Other Germany,False,On-site
CAN03955,30-39,11,Bachelor,Berlin,True,Hybrid
CAN03956,50+,22,Bachelor,Outside Germany,False,Hybrid
CAN03957,50+,9,Bachelor,Berlin,False,No preference
CAN03958,30-39,12,Doctorate,Other Germany,False,Remote
CAN03959,40-49,2,Vocational training,Hamburg,False,Remote
CAN03960,40-49,7,Bachelor,Other Germany,True,Hybrid
CAN03961,40-49,19,Vocational training,Berlin,True,Hybrid
CAN03962,50+,12,Bachelor,Other Germany,True,Remote
CAN03963,20-29,2,Master,Other Germany,False,Hybrid
CAN03964,40-49,3,Vocational training,Frankfurt,True,Hybrid
CAN03965,50+,9,Other,Cologne,True,Hybrid
CAN03966,40-49,2,Bachelor,Other Germany,True,Hybrid
CAN03967,20-29,3,Master,Outside Germany,False,Hybrid
CAN03968,40-49,11,Bachelor,Other Germany,True,No preference
CAN03969,30-39,11,Master,Hamburg,False,On-site
CAN03970,20-29,1,Bachelor,Cologne,True,Remote
CAN03971,40-49,12,Vocational training,Frankfurt,True,Remote
CAN03972,40-49,7,Vocational training,Outside Germany,False,Hybrid
CAN03973,30-39,8,Vocational training,Berlin,False,Hybrid
CAN03974,30-39,1,Vocational training,Berlin,True,Remote
CAN03975,50+,11,Master,Frankfurt,False,On-site
CAN03976,40-49,8,Other,Frankfurt,False,Remote
CAN03977,20-29,1,Vocational training,Other Germany,True,Hybrid
CAN03978,50+,13,Master,Other Germany,False,Remote
CAN03979,40-49,5,Vocational training,Frankfurt,False,Hybrid
CAN03980,30-39,6,Vocational training,Other Germany,False,Hybrid
CAN03981,40-49,4,Vocational training,Hamburg,True,Hybrid
CAN03982,20-29,5,Bachelor,Frankfurt,False,Remote
CAN03983,20-29,1,Vocational training,Other Germany,True,Remote
CAN03984,50+,12,Bachelor,Frankfurt,False,Remote
CAN03985,30-39,7,Bachelor,Hamburg,True,Remote
CAN03986,30-39,15,Bachelor,Munich,False,Hybrid
CAN03987,20-29,3,Vocational training,Cologne,False,Hybrid
CAN03988,30-39,3,Master,Munich,False,No preference
CAN03989,20-29,0,Master,Other Germany,False,Hybrid
CAN03990,40-49,7,Bachelor,Berlin,False,Remote
CAN03991,40-49,9,Bachelor,Berlin,False,Hybrid
CAN03992,40-49,6,Other,,True,Hybrid
CAN03993,40-49,3,Vocational training,Other Germany,True,On-site
CAN03994,40-49,5,Bachelor,Munich,False,Remote
CAN03995,20-29,4,Master,Berlin,False,Remote
CAN03996,30-39,3,Master,Other Germany,True,Hybrid
CAN03997,20-29,4,Vocational training,Hamburg,False,On-site
CAN03998,40-49,7,Vocational training,Other Germany,False,No preference
CAN03999,40-49,2,Vocational training,Munich,True,Hybrid
CAN04000,20-29,2,Vocational training,Cologne,True,On-site
CAN04001,40-49,4,Bachelor,Munich,True,Hybrid
CAN04002,30-39,8,Bachelor,Cologne,True,Hybrid
CAN04003,30-39,7,Master,Other Germany,False,Hybrid
CAN04004,30-39,7,Bachelor,Frankfurt,False,Hybrid
CAN04005,50+,17,Vocational training,Berlin,False,No preference
CAN04006,40-49,11,Bachelor,Munich,True,Hybrid
CAN04007,20-29,3,Bachelor,Other Germany,True,Remote
CAN04008,50+,21,Vocational training,Munich,False,Hybrid
CAN04009,20-29,2,Vocational training,Frankfurt,False,Remote
CAN04010,20-29,7,Bachelor,Munich,True,Hybrid
CAN04011,30-39,5,Bachelor,Munich,False,Remote
CAN04012,30-39,1,Doctorate,Hamburg,False,Remote
CAN04013,40-49,5,Vocational training,Munich,True,On-site
CAN04014,40-49,7,Bachelor,Munich,True,No preference
CAN04015,40-49,6,Vocational training,Munich,False,Hybrid
CAN04016,20-29,5,Vocational training,Berlin,False,Remote
CAN04017,30-39,0,Vocational training,Other Germany,True,Hybrid
CAN04018,40-49,5,Other,Cologne,True,On-site
CAN04019,40-49,5,Master,Frankfurt,False,Hybrid
CAN04020,30-39,6,Vocational training,Other Germany,False,Remote
CAN04021,40-49,3,Master,Other Germany,False,No preference
CAN04022,40-49,11,Vocational training,Frankfurt,False,Hybrid
CAN04023,40-49,7,Other,Munich,False,Hybrid
CAN04024,30-39,7,Bachelor,Other Germany,False,No preference
CAN04025,40-49,14,Master,Frankfurt,False,Hybrid
CAN04026,30-39,6,Vocational training,Hamburg,True,Hybrid
CAN04027,20-29,1,Bachelor,Berlin,False,Remote
CAN04028,30-39,1,Vocational training,Hamburg,False,Remote
CAN04029,30-39,5,Vocational training,Cologne,False,Hybrid
CAN04030,50+,16,Vocational training,Cologne,True,No preference
CAN04031,40-49,8,Bachelor,Hamburg,False,Hybrid
CAN04032,40-49,6,Bachelor,Other Germany,False,Hybrid
CAN04033,30-39,7,Master,Other Germany,True,Hybrid
CAN04034,40-49,2,Bachelor,Frankfurt,True,Hybrid
CAN04035,30-39,2,Bachelor,Munich,True,On-site
CAN04036,30-39,4,Bachelor,Berlin,False,On-site
CAN04037,40-49,9,Vocational training,Frankfurt,True,Hybrid
CAN04038,50+,8,Vocational training,Berlin,False,On-site
CAN04039,30-39,9,Bachelor,Hamburg,True,Hybrid
CAN04040,30-39,8,Vocational training,Other Germany,True,Hybrid
CAN04041,40-49,10,Vocational training,Frankfurt,False,Hybrid
CAN04042,40-49,9,Bachelor,Frankfurt,False,Hybrid
CAN04043,40-49,0,Vocational training,Outside Germany,False,Hybrid
CAN04044,30-39,9,Bachelor,Outside Germany,False,Remote
CAN04045,30-39,5,Master,Cologne,False,Remote
CAN04046,50+,11,Vocational training,Other Germany,True,Hybrid
CAN04047,40-49,13,Bachelor,Hamburg,False,Remote
CAN04048,30-39,6,Bachelor,Other Germany,False,Remote
CAN04049,30-39,7,Bachelor,Frankfurt,False,Remote
CAN04050,40-49,10,Bachelor,Other Germany,True,Remote
CAN04051,30-39,6,Master,Frankfurt,True,Hybrid
CAN04052,30-39,11,Bachelor,Hamburg,True,Remote
CAN04053,20-29,6,Vocational training,Berlin,False,Hybrid
CAN04054,40-49,10,Bachelor,Cologne,False,Remote
CAN04055,40-49,3,Bachelor,Other Germany,False,No preference
CAN04056,40-49,12,Master,Other Germany,True,No preference
CAN04057,40-49,3,Bachelor,Other Germany,False,Hybrid
CAN04058,30-39,2,Bachelor,Berlin,False,Hybrid
CAN04059,50+,25,Master,Frankfurt,False,Hybrid
CAN04060,20-29,4,Bachelor,Cologne,False,On-site
CAN04061,30-39,3,Vocational training,Frankfurt,True,On-site
CAN04062,30-39,7,Master,Berlin,False,No preference
CAN04063,40-49,12,Vocational training,Berlin,True,Hybrid
CAN04064,50+,23,Bachelor,Cologne,False,No preference
CAN04065,50+,24,Vocational training,Hamburg,True,Remote
CAN04066,40-49,5,Bachelor,Cologne,False,Hybrid
CAN04067,40-49,5,Vocational training,Frankfurt,True,Hybrid
CAN04068,40-49,5,Master,Munich,False,Hybrid
CAN04069,20-29,3,Vocational training,Hamburg,False,Hybrid
CAN04070,50+,19,Bachelor,Other Germany,False,On-site
CAN04071,50+,6,Bachelor,Frankfurt,False,Remote
CAN04072,40-49,4,Bachelor,Other Germany,False,Remote
CAN04073,30-39,3,Vocational training,Berlin,True,Remote
CAN04074,30-39,7,Bachelor,Cologne,False,Hybrid
CAN04075,40-49,6,Vocational training,Frankfurt,True,Hybrid
CAN04076,30-39,4,Master,Munich,False,Remote
CAN04077,30-39,10,Bachelor,Other Germany,False,Hybrid
CAN04078,20-29,4,Master,Frankfurt,False,Hybrid
CAN04079,20-29,2,Bachelor,Frankfurt,False,No preference
CAN04080,50+,8,Vocational training,Munich,True,Hybrid
CAN04081,30-39,8,Vocational training,Cologne,True,Hybrid
CAN04082,30-39,2,Master,Munich,False,No preference
CAN04083,20-29,4,Vocational training,Other Germany,True,Hybrid
CAN04084,30-39,4,Vocational training,Other Germany,False,Hybrid
CAN04085,20-29,10,Master,Frankfurt,False,Hybrid
CAN04086,40-49,2,Bachelor,Frankfurt,True,On-site
CAN04087,40-49,12,Master,Cologne,True,Remote
CAN04088,30-39,4,Master,Other Germany,True,On-site
CAN04089,30-39,13,Vocational training,Frankfurt,False,Hybrid
CAN04090,30-39,6,Bachelor,Frankfurt,False,Hybrid
CAN04091,30-39,8,Vocational training,Munich,False,Remote
CAN04092,20-29,3,Master,,True,On-site
CAN04093,40-49,6,Bachelor,Frankfurt,False,Hybrid
CAN04094,40-49,1,Doctorate,Other Germany,False,Hybrid
CAN04095,20-29,2,Master,Other Germany,False,Hybrid
CAN04096,40-49,5,Bachelor,Other Germany,True,Hybrid
CAN04097,30-39,8,Vocational training,Other Germany,False,Hybrid
CAN04098,30-39,14,Vocational training,Berlin,False,Hybrid
CAN04099,20-29,3,Bachelor,Frankfurt,False,Remote
CAN04100,40-49,4,Vocational training,Hamburg,False,Remote
CAN04101,40-49,4,Vocational training,Other Germany,False,On-site
CAN04102,30-39,1,Other,Cologne,False,No preference
CAN04103,40-49,10,Vocational training,Other Germany,False,On-site
CAN04104,20-29,3,Vocational training,Cologne,True,Remote
CAN04105,20-29,2,Bachelor,Other Germany,True,Hybrid
CAN04106,40-49,19,Vocational training,,False,Hybrid
CAN04107,40-49,11,Master,Other Germany,False,No preference
CAN04108,30-39,5,Master,Cologne,False,Hybrid
CAN04109,30-39,8,Vocational training,Frankfurt,False,On-site
CAN04110,20-29,6,Other,Other Germany,False,Hybrid
CAN04111,30-39,12,Vocational training,Hamburg,False,Hybrid
CAN04112,20-29,3,Master,Berlin,True,Remote
CAN04113,30-39,2,Master,Frankfurt,False,Hybrid
CAN04114,30-39,7,Master,Other Germany,True,Hybrid
CAN04115,40-49,6,Other,Hamburg,True,No preference
CAN04116,40-49,8,Vocational training,Berlin,False,Remote
CAN04117,40-49,6,Vocational training,Other Germany,True,Hybrid
CAN04118,40-49,9,Bachelor,Outside Germany,True,Hybrid
CAN04119,50+,20,Bachelor,Munich,True,Remote
CAN04120,30-39,9,Vocational training,Munich,False,On-site
CAN04121,30-39,4,Master,Hamburg,True,Hybrid
CAN04122,40-49,2,Master,Outside Germany,False,On-site
CAN04123,50+,25,Master,Other Germany,False,No preference
CAN04124,40-49,11,Doctorate,Other Germany,False,Hybrid
CAN04125,20-29,0,Master,Other Germany,False,Hybrid
CAN04126,50+,7,Vocational training,Berlin,True,Remote
CAN04127,40-49,21,Bachelor,Berlin,True,No preference
CAN04128,50+,11,Vocational training,Other Germany,True,Hybrid
CAN04129,40-49,5,Doctorate,Cologne,True,On-site
CAN04130,30-39,6,Bachelor,Frankfurt,True,No preference
CAN04131,20-29,7,Other,Berlin,False,Remote
CAN04132,30-39,1,Other,,False,No preference
CAN04133,20-29,2,Master,Other Germany,False,Hybrid
CAN04134,20-29,0,Bachelor,Other Germany,True,Hybrid
CAN04135,40-49,9,Master,Munich,True,On-site
CAN04136,30-39,7,Master,Frankfurt,True,No preference
CAN04137,40-49,5,Bachelor,Hamburg,False,No preference
CAN04138,40-49,6,Bachelor,Other Germany,True,Hybrid
CAN04139,40-49,4,Vocational training,Berlin,False,Hybrid
CAN04140,50+,10,Vocational training,Munich,False,No preference
CAN04141,50+,11,Vocational training,Frankfurt,True,Hybrid
CAN04142,50+,9,Master,Other Germany,False,Hybrid
CAN04143,30-39,9,Other,Outside Germany,False,Hybrid
CAN04144,40-49,2,Master,Munich,False,Hybrid
CAN04145,20-29,2,Bachelor,Berlin,False,On-site
CAN04146,20-29,3,Vocational training,Cologne,False,No preference
CAN04147,20-29,2,Master,Frankfurt,False,Remote
CAN04148,30-39,5,Master,Other Germany,False,On-site
CAN04149,20-29,5,Vocational training,Hamburg,False,Hybrid
CAN04150,40-49,6,Bachelor,Berlin,False,Remote
CAN04151,40-49,9,Bachelor,Frankfurt,False,Hybrid
CAN04152,20-29,4,Bachelor,Hamburg,True,Remote
CAN04153,40-49,6,Other,Other Germany,False,On-site
CAN04154,20-29,1,Other,Cologne,False,Hybrid
CAN04155,30-39,7,Vocational training,Berlin,True,Remote
CAN04156,20-29,2,Master,Hamburg,True,Remote
CAN04157,40-49,11,Bachelor,Other Germany,False,On-site
CAN04158,30-39,4,Bachelor,Other Germany,True,Remote
CAN04159,20-29,6,Master,Hamburg,False,On-site
CAN04160,40-49,8,Master,Other Germany,False,Hybrid
CAN04161,40-49,10,Bachelor,Other Germany,True,On-site
CAN04162,30-39,5,Vocational training,Other Germany,False,Hybrid
CAN04163,40-49,8,Bachelor,Hamburg,True,No preference
CAN04164,20-29,8,Vocational training,Other Germany,False,Remote
CAN04165,30-39,9,Vocational training,Berlin,True,Hybrid
CAN04166,40-49,5,Bachelor,Frankfurt,True,Remote
CAN04167,30-39,8,Bachelor,Munich,True,On-site
CAN04168,40-49,4,Other,Hamburg,False,Hybrid
CAN04169,30-39,2,Other,Frankfurt,False,Hybrid
CAN04170,20-29,6,Master,Other Germany,True,Hybrid
CAN04171,20-29,3,Bachelor,Hamburg,False,Hybrid
CAN04172,40-49,4,Vocational training,Frankfurt,True,Hybrid
CAN04173,40-49,4,Vocational training,Frankfurt,True,Hybrid
CAN04174,30-39,3,Bachelor,Hamburg,False,Hybrid
CAN04175,40-49,18,Doctorate,Hamburg,True,On-site
CAN04176,40-49,11,Vocational training,Berlin,True,Hybrid
CAN04177,40-49,12,Bachelor,Berlin,False,On-site
CAN04178,20-29,3,Vocational training,Berlin,False,Hybrid
CAN04179,30-39,5,Master,Other Germany,True,Hybrid
CAN04180,40-49,8,Vocational training,Berlin,False,Hybrid
CAN04181,30-39,7,Bachelor,Other Germany,False,Hybrid
CAN04182,30-39,3,Bachelor,Frankfurt,True,No preference
CAN04183,50+,7,Bachelor,Berlin,False,On-site
CAN04184,40-49,2,Bachelor,Other Germany,True,Remote
CAN04185,30-39,4,Vocational training,Munich,True,No preference
CAN04186,40-49,25,Bachelor,Cologne,False,Remote
CAN04187,20-29,2,Vocational training,Hamburg,False,No preference
CAN04188,30-39,7,Vocational training,Berlin,False,Remote
CAN04189,30-39,9,Bachelor,Frankfurt,False,No preference
CAN04190,20-29,3,Bachelor,Berlin,False,Hybrid
CAN04191,30-39,5,Bachelor,Frankfurt,False,Hybrid
CAN04192,30-39,12,Other,Berlin,False,On-site
CAN04193,40-49,4,Bachelor,Frankfurt,True,Hybrid
CAN04194,40-49,5,Master,Hamburg,False,Remote
CAN04195,30-39,9,Master,Other Germany,True,Hybrid
CAN04196,30-39,4,Master,Other Germany,False,Remote
CAN04197,40-49,5,Vocational training,Other Germany,True,On-site
CAN04198,40-49,1,Bachelor,Berlin,False,Hybrid
CAN04199,30-39,11,Vocational training,Frankfurt,False,Hybrid
CAN04200,20-29,4,Bachelor,Other Germany,False,No preference
CAN04201,50+,12,Vocational training,Berlin,True,No preference
CAN04202,30-39,3,Master,Cologne,True,Remote
CAN04203,30-39,3,Bachelor,,True,Hybrid
CAN04204,30-39,2,Other,Munich,False,On-site
CAN04205,20-29,2,Master,Cologne,False,Remote
CAN04206,20-29,4,Bachelor,Other Germany,True,Hybrid
CAN04207,30-39,0,Master,Outside Germany,False,Hybrid
CAN04208,30-39,5,Bachelor,Other Germany,False,Hybrid
CAN04209,30-39,8,Vocational training,Berlin,False,Hybrid
CAN04210,50+,21,Doctorate,Cologne,False,Remote
CAN04211,30-39,7,Vocational training,Frankfurt,True,Hybrid
CAN04212,30-39,2,Bachelor,Other Germany,False,Hybrid
CAN04213,40-49,4,Vocational training,Other Germany,True,No preference
CAN04214,40-49,12,Bachelor,Berlin,False,Remote
CAN04215,50+,15,Vocational training,Other Germany,False,Hybrid
CAN04216,50+,12,Master,Hamburg,True,Remote
CAN04217,30-39,1,Vocational training,Other Germany,True,Hybrid
CAN04218,40-49,19,Vocational training,Munich,False,No preference
CAN04219,40-49,8,Master,Berlin,False,Remote
CAN04220,30-39,4,Vocational training,Hamburg,True,No preference
CAN04221,20-29,3,Vocational training,Outside Germany,False,Hybrid
CAN04222,30-39,7,Bachelor,Other Germany,False,Hybrid
CAN04223,40-49,6,Vocational training,Other Germany,False,Hybrid
CAN04224,40-49,1,Master,Other Germany,False,No preference
CAN04225,20-29,1,Vocational training,Frankfurt,True,No preference
CAN04226,40-49,9,Master,Munich,False,Hybrid
CAN04227,20-29,4,Other,Other Germany,False,Remote
CAN04228,30-39,2,Vocational training,Hamburg,False,Remote
CAN04229,50+,10,Bachelor,Berlin,False,No preference
CAN04230,30-39,7,Bachelor,Hamburg,False,On-site
CAN04231,20-29,8,Vocational training,Berlin,False,Remote
CAN04232,50+,13,Vocational training,Frankfurt,True,Hybrid
CAN04233,30-39,2,Vocational training,Frankfurt,True,Remote
CAN04234,40-49,12,Vocational training,Other Germany,True,Hybrid
CAN04235,30-39,0,Vocational training,Frankfurt,False,Hybrid
CAN04236,30-39,8,Bachelor,Frankfurt,False,Hybrid
CAN04237,40-49,13,Master,Cologne,False,Hybrid
CAN04238,20-29,4,Bachelor,Hamburg,True,Hybrid
CAN04239,50+,13,Master,Berlin,True,Hybrid
CAN04240,20-29,8,Vocational training,Other Germany,False,Remote
CAN04241,50+,13,Vocational training,Other Germany,False,Remote
CAN04242,40-49,9,Bachelor,Outside Germany,False,Hybrid
CAN04243,20-29,2,Bachelor,Frankfurt,True,Hybrid
CAN04244,40-49,3,Other,Frankfurt,False,No preference
CAN04245,40-49,3,Other,Other Germany,False,Hybrid
CAN04246,20-29,2,Other,Hamburg,False,Hybrid
CAN04247,30-39,9,Master,Munich,False,Hybrid
CAN04248,50+,16,Bachelor,Munich,False,No preference
CAN04249,50+,8,Other,Other Germany,False,Hybrid
CAN04250,30-39,3,Master,Frankfurt,True,Hybrid
CAN04251,40-49,6,Bachelor,Berlin,False,On-site
CAN04252,50+,7,Bachelor,Other Germany,False,No preference
CAN04253,50+,12,Vocational training,Berlin,True,Remote
CAN04254,40-49,2,Vocational training,Other Germany,False,Remote
CAN04255,30-39,4,Vocational training,Other Germany,False,No preference
CAN04256,20-29,1,Master,Frankfurt,False,Hybrid
CAN04257,50+,12,Bachelor,Other Germany,False,Hybrid
CAN04258,40-49,5,Master,Other Germany,False,Hybrid
CAN04259,50+,13,Other,Frankfurt,False,Hybrid
CAN04260,30-39,0,Bachelor,Cologne,True,Remote
CAN04261,50+,9,Vocational training,Berlin,False,On-site
CAN04262,20-29,2,Vocational training,Other Germany,True,No preference
CAN04263,20-29,4,Bachelor,Other Germany,False,Hybrid
CAN04264,30-39,9,Vocational training,Munich,False,Hybrid
CAN04265,20-29,6,Master,Berlin,False,No preference
CAN04266,30-39,10,Bachelor,Frankfurt,False,No preference
CAN04267,20-29,3,Master,Other Germany,True,No preference
CAN04268,30-39,0,Vocational training,Frankfurt,True,No preference
CAN04269,30-39,10,Master,Other Germany,False,No preference
CAN04270,50+,15,Bachelor,Hamburg,False,Hybrid
CAN04271,30-39,1,Vocational training,Other Germany,True,Remote
CAN04272,20-29,3,Doctorate,Other Germany,False,Remote
CAN04273,40-49,8,Other,Frankfurt,True,Remote
CAN04274,40-49,2,Vocational training,Berlin,False,On-site
CAN04275,30-39,8,Vocational training,Outside Germany,False,No preference
CAN04276,40-49,4,Vocational training,Cologne,False,Remote
CAN04277,20-29,2,Vocational training,Munich,False,No preference
CAN04278,50+,11,Vocational training,Outside Germany,False,Hybrid
CAN04279,40-49,7,Bachelor,Cologne,True,Hybrid
CAN04280,40-49,8,Vocational training,Cologne,False,On-site
CAN04281,30-39,15,Vocational training,Other Germany,True,Hybrid
CAN04282,50+,25,Other,Munich,False,On-site
CAN04283,40-49,10,Vocational training,Outside Germany,True,Hybrid
CAN04284,20-29,2,Vocational training,Cologne,True,No preference
CAN04285,40-49,13,Bachelor,Munich,True,Hybrid
CAN04286,20-29,7,Other,Frankfurt,False,Hybrid
CAN04287,20-29,6,Master,Frankfurt,True,Remote
CAN04288,50+,13,Master,Hamburg,False,Hybrid
CAN04289,40-49,14,Vocational training,Cologne,True,On-site
CAN04290,50+,8,Vocational training,Frankfurt,False,Hybrid
CAN04291,30-39,8,Master,Other Germany,False,Hybrid
CAN04292,30-39,11,Bachelor,Cologne,False,Hybrid
CAN04293,20-29,4,Master,Cologne,True,Hybrid
CAN04294,50+,14,Doctorate,Other Germany,False,No preference
CAN04295,30-39,7,Vocational training,Other Germany,False,No preference
CAN04296,30-39,4,Vocational training,Berlin,False,Hybrid
CAN04297,50+,19,Vocational training,Other Germany,False,No preference
CAN04298,30-39,3,Vocational training,Berlin,True,Hybrid
CAN04299,20-29,6,Vocational training,Hamburg,False,Hybrid
CAN04300,40-49,9,Master,Munich,False,No preference
CAN04301,30-39,6,Bachelor,Other Germany,False,Remote
CAN04302,30-39,7,Vocational training,Cologne,False,Remote
CAN04303,20-29,5,Vocational training,Frankfurt,True,No preference
CAN04304,30-39,8,Bachelor,Berlin,True,Remote
CAN04305,30-39,5,Vocational training,Hamburg,True,Remote
CAN04306,40-49,8,Master,Munich,True,Remote
CAN04307,30-39,8,Bachelor,Frankfurt,False,Remote
CAN04308,40-49,6,Vocational training,Hamburg,False,Hybrid
CAN04309,20-29,8,Vocational training,Other Germany,False,Hybrid
CAN04310,40-49,2,Other,,False,Remote
CAN04311,20-29,4,Bachelor,Hamburg,False,On-site
CAN04312,20-29,6,Bachelor,Hamburg,True,Hybrid
CAN04313,40-49,0,Bachelor,Other Germany,False,Hybrid
CAN04314,30-39,10,Bachelor,Berlin,True,Hybrid
CAN04315,40-49,11,Other,Hamburg,False,Hybrid
CAN04316,40-49,10,Vocational training,Frankfurt,False,Hybrid
CAN04317,30-39,8,Master,Other Germany,False,Hybrid
CAN04318,30-39,11,Vocational training,Cologne,False,Hybrid
CAN04319,50+,16,Vocational training,Other Germany,False,On-site
CAN04320,30-39,1,Bachelor,Frankfurt,False,Hybrid
CAN04321,40-49,4,Bachelor,Other Germany,False,Remote
CAN04322,20-29,2,Bachelor,Frankfurt,True,Hybrid
CAN04323,20-29,4,Doctorate,Munich,True,Remote
CAN04324,40-49,7,Other,Other Germany,False,Remote
CAN04325,40-49,2,Vocational training,Outside Germany,True,Remote
CAN04326,30-39,11,Other,Other Germany,False,Remote
CAN04327,50+,14,Bachelor,Hamburg,False,On-site
CAN04328,40-49,4,Vocational training,Hamburg,False,Hybrid
CAN04329,30-39,4,Vocational training,Berlin,False,Hybrid
CAN04330,40-49,16,Master,Frankfurt,False,No preference
CAN04331,20-29,7,Bachelor,Frankfurt,True,Remote
CAN04332,40-49,21,Master,Cologne,False,Hybrid
CAN04333,30-39,8,Master,Other Germany,True,Hybrid
CAN04334,20-29,0,Master,Frankfurt,False,Hybrid
CAN04335,20-29,0,Bachelor,Other Germany,True,Remote
CAN04336,50+,16,Vocational training,Other Germany,False,Hybrid
CAN04337,50+,8,Other,Hamburg,True,No preference
CAN04338,30-39,13,Vocational training,Other Germany,False,Remote
CAN04339,20-29,2,Master,Other Germany,True,On-site
CAN04340,30-39,11,Vocational training,Hamburg,True,Hybrid
CAN04341,40-49,9,Bachelor,Frankfurt,False,On-site
CAN04342,40-49,6,Master,Berlin,True,Remote
CAN04343,30-39,3,Vocational training,Berlin,False,Hybrid
CAN04344,40-49,3,Other,Hamburg,False,No preference
CAN04345,40-49,16,Bachelor,Berlin,False,Hybrid
CAN04346,30-39,7,Vocational training,Frankfurt,True,Hybrid
CAN04347,30-39,1,Master,Munich,True,Remote
CAN04348,20-29,4,Vocational training,Hamburg,False,Hybrid
CAN04349,30-39,4,Vocational training,Berlin,False,Hybrid
CAN04350,30-39,8,Vocational training,Berlin,False,No preference
CAN04351,30-39,5,Vocational training,Outside Germany,False,No preference
CAN04352,30-39,4,Bachelor,Other Germany,False,On-site
CAN04353,20-29,5,Bachelor,Other Germany,True,Remote
CAN04354,20-29,4,Vocational training,Frankfurt,False,Hybrid
CAN04355,50+,20,Master,Hamburg,False,Remote
CAN04356,40-49,3,Bachelor,Munich,False,Hybrid
CAN04357,30-39,5,Bachelor,Hamburg,True,Remote
CAN04358,30-39,2,Vocational training,Outside Germany,False,Remote
CAN04359,30-39,5,Bachelor,,True,Hybrid
CAN04360,50+,22,Master,Frankfurt,False,On-site
CAN04361,30-39,1,Vocational training,Other Germany,False,Hybrid
CAN04362,30-39,4,Bachelor,Frankfurt,False,Hybrid
CAN04363,20-29,8,Master,Hamburg,False,Remote
CAN04364,40-49,6,Bachelor,Other Germany,False,Hybrid
CAN04365,20-29,1,Bachelor,Other Germany,False,On-site
CAN04366,50+,13,Bachelor,Other Germany,False,Remote
CAN04367,30-39,3,Master,Cologne,False,On-site
CAN04368,30-39,7,Vocational training,Munich,False,Remote
CAN04369,40-49,6,Bachelor,Munich,False,Remote
CAN04370,40-49,5,Vocational training,Berlin,True,Hybrid
CAN04371,30-39,2,Master,Frankfurt,False,Hybrid
CAN04372,30-39,9,Bachelor,Berlin,False,Hybrid
CAN04373,50+,21,Bachelor,Berlin,True,Remote
CAN04374,30-39,1,Vocational training,Berlin,False,Remote
CAN04375,30-39,7,Vocational training,Berlin,True,Hybrid
CAN04376,30-39,1,Vocational training,Frankfurt,True,No preference
CAN04377,20-29,4,Vocational training,Other Germany,True,Remote
CAN04378,30-39,7,Bachelor,Cologne,True,On-site
CAN04379,30-39,7,Master,Frankfurt,False,Remote
CAN04380,30-39,6,Bachelor,Other Germany,True,Remote
CAN04381,40-49,23,Bachelor,Other Germany,True,On-site
CAN04382,30-39,2,Master,Berlin,False,On-site
CAN04383,30-39,0,Other,Berlin,True,No preference
CAN04384,40-49,9,Master,Berlin,True,Hybrid
CAN04385,40-49,22,Bachelor,Munich,False,Remote
CAN04386,20-29,6,Bachelor,Other Germany,False,On-site
CAN04387,40-49,3,Bachelor,Other Germany,True,Hybrid
CAN04388,40-49,5,Bachelor,Other Germany,False,Hybrid
CAN04389,30-39,3,Master,Frankfurt,False,Remote
CAN04390,40-49,5,Master,Cologne,False,Hybrid
CAN04391,40-49,7,Bachelor,Hamburg,True,On-site
CAN04392,30-39,1,Master,Berlin,False,No preference
CAN04393,40-49,16,Bachelor,Frankfurt,False,No preference
CAN04394,40-49,0,Bachelor,Outside Germany,False,Hybrid
CAN04395,30-39,9,Doctorate,Frankfurt,True,Hybrid
CAN04396,50+,13,Master,Munich,False,Remote
CAN04397,30-39,2,Vocational training,Cologne,False,Hybrid
CAN04398,40-49,1,Vocational training,Other Germany,True,Remote
CAN04399,40-49,9,Master,Berlin,True,Remote
CAN04400,40-49,5,Bachelor,Munich,True,Hybrid
CAN04401,40-49,11,Vocational training,Frankfurt,False,No preference
CAN04402,30-39,7,Vocational training,Frankfurt,False,Hybrid
CAN04403,30-39,12,Vocational training,Berlin,False,Remote
CAN04404,30-39,5,Master,Outside Germany,True,Hybrid
CAN04405,30-39,8,Vocational training,Other Germany,False,Hybrid
CAN04406,40-49,17,Vocational training,Frankfurt,False,No preference
CAN04407,40-49,5,Master,Other Germany,True,Hybrid
CAN04408,40-49,19,Other,Munich,False,No preference
CAN04409,30-39,7,Vocational training,Frankfurt,True,Remote
CAN04410,50+,10,Vocational training,Frankfurt,False,On-site
CAN04411,30-39,1,Bachelor,Cologne,False,Remote
CAN04412,30-39,3,Master,Other Germany,False,No preference
CAN04413,20-29,4,Bachelor,Berlin,True,Remote
CAN04414,20-29,0,Vocational training,Munich,False,No preference
CAN04415,50+,13,Bachelor,Munich,False,No preference
CAN04416,30-39,10,Vocational training,Outside Germany,False,Remote
CAN04417,20-29,1,Bachelor,Frankfurt,False,Remote
CAN04418,40-49,4,Master,Other Germany,True,Hybrid
CAN04419,20-29,1,Vocational training,Hamburg,True,Hybrid
CAN04420,30-39,2,Doctorate,Frankfurt,True,On-site
CAN04421,30-39,4,Vocational training,Berlin,True,No preference
CAN04422,20-29,1,Vocational training,Other Germany,False,On-site
CAN04423,40-49,7,Bachelor,Other Germany,True,Hybrid
CAN04424,20-29,6,Vocational training,Berlin,False,Hybrid
CAN04425,20-29,4,Bachelor,Berlin,False,On-site
CAN04426,30-39,9,Bachelor,Other Germany,True,Hybrid
CAN04427,30-39,5,Bachelor,Cologne,True,No preference
CAN04428,40-49,9,Vocational training,Other Germany,False,Hybrid
CAN04429,40-49,6,Bachelor,Other Germany,False,Hybrid
CAN04430,40-49,11,Bachelor,Berlin,False,Remote
CAN04431,40-49,3,Vocational training,Munich,True,Hybrid
CAN04432,30-39,10,Bachelor,Other Germany,False,On-site
CAN04433,40-49,9,Other,Frankfurt,True,No preference
CAN04434,40-49,1,Bachelor,Cologne,True,On-site
CAN04435,30-39,2,Bachelor,Cologne,True,No preference
CAN04436,40-49,7,Vocational training,Cologne,False,No preference
CAN04437,20-29,6,Vocational training,Other Germany,False,Hybrid
CAN04438,40-49,5,Master,Munich,False,On-site
CAN04439,40-49,9,Master,Other Germany,False,Hybrid
CAN04440,30-39,6,Vocational training,Frankfurt,True,Hybrid
CAN04441,40-49,9,Vocational training,Berlin,False,Remote
CAN04442,40-49,17,Master,Munich,True,Hybrid
CAN04443,30-39,4,Master,Berlin,True,On-site
CAN04444,20-29,2,Master,Cologne,True,Hybrid
CAN04445,20-29,3,Other,Cologne,False,No preference
CAN04446,30-39,2,Vocational training,Outside Germany,True,Hybrid
CAN04447,40-49,20,Vocational training,Other Germany,True,On-site
CAN04448,30-39,10,Bachelor,Cologne,False,On-site
CAN04449,40-49,10,Master,Other Germany,False,Hybrid
CAN04450,40-49,6,Bachelor,Cologne,True,Hybrid
CAN04451,50+,13,Bachelor,Frankfurt,False,Hybrid
CAN04452,50+,12,Bachelor,Other Germany,False,No preference
CAN04453,50+,6,Other,Munich,False,On-site
CAN04454,40-49,7,Bachelor,Frankfurt,False,Hybrid
CAN04455,40-49,13,Bachelor,Frankfurt,False,No preference
CAN04456,40-49,2,Bachelor,Other Germany,True,Remote
CAN04457,30-39,5,Master,Other Germany,True,Hybrid
CAN04458,40-49,7,Bachelor,Frankfurt,False,Hybrid
CAN04459,50+,15,Bachelor,Cologne,True,Remote
CAN04460,30-39,3,Vocational training,Munich,True,Hybrid
CAN04461,30-39,8,Bachelor,Other Germany,True,On-site
CAN04462,20-29,4,Master,Berlin,True,On-site
CAN04463,50+,16,Vocational training,Cologne,False,Hybrid
CAN04464,40-49,9,Vocational training,Other Germany,False,Hybrid
CAN04465,20-29,3,Vocational training,Frankfurt,False,Hybrid
CAN04466,40-49,5,Bachelor,Berlin,False,Hybrid
CAN04467,30-39,2,Vocational training,Hamburg,True,Hybrid
CAN04468,40-49,16,Master,Other Germany,True,Hybrid
CAN04469,30-39,11,Bachelor,Frankfurt,False,Hybrid
CAN04470,30-39,19,Vocational training,Frankfurt,False,Hybrid
CAN04471,20-29,8,Master,Cologne,False,Hybrid
CAN04472,40-49,6,Vocational training,Hamburg,True,Hybrid
CAN04473,40-49,3,Bachelor,Other Germany,True,Hybrid
CAN04474,30-39,2,Bachelor,Other Germany,False,Hybrid
CAN04475,20-29,3,Vocational training,Other Germany,False,No preference
CAN04476,20-29,2,Master,Berlin,True,No preference
CAN04477,50+,16,Bachelor,Berlin,False,Remote
CAN04478,20-29,2,Vocational training,Other Germany,False,Hybrid
CAN04479,40-49,16,Bachelor,Other Germany,True,Hybrid
CAN04480,20-29,9,Vocational training,Berlin,False,No preference
CAN04481,40-49,21,Master,Hamburg,True,Remote
CAN04482,30-39,1,Other,Berlin,False,No preference
CAN04483,30-39,1,Vocational training,Frankfurt,False,Hybrid
CAN04484,20-29,5,Master,Other Germany,False,Remote
CAN04485,40-49,2,Bachelor,Cologne,False,Hybrid
CAN04486,40-49,13,Vocational training,Berlin,False,Remote
CAN04487,40-49,4,Master,Hamburg,False,Hybrid
CAN04488,20-29,2,Vocational training,Munich,False,Hybrid
CAN04489,40-49,12,Master,Berlin,True,Remote
CAN04490,30-39,11,Vocational training,Berlin,False,Remote
CAN04491,40-49,11,Vocational training,Frankfurt,False,No preference
CAN04492,20-29,5,Vocational training,Other Germany,False,No preference
CAN04493,30-39,9,Bachelor,Cologne,False,No preference
CAN04494,20-29,7,Master,Munich,False,Hybrid
CAN04495,30-39,6,Bachelor,Outside Germany,False,No preference
CAN04496,50+,13,Bachelor,Hamburg,False,Hybrid
CAN04497,40-49,8,Bachelor,Other Germany,False,Remote
CAN04498,40-49,11,Bachelor,Other Germany,False,No preference
CAN04499,40-49,4,Vocational training,Outside Germany,False,Remote
CAN04500,30-39,9,Vocational training,Frankfurt,True,Hybrid
CAN04501,30-39,3,Bachelor,Munich,False,Hybrid
CAN04502,30-39,15,Vocational training,Berlin,False,Remote
CAN04503,30-39,5,Bachelor,Other Germany,False,Hybrid
CAN04504,30-39,8,Master,Outside Germany,False,Remote
CAN04505,40-49,2,Master,Hamburg,True,No preference
CAN04506,20-29,1,Bachelor,Other Germany,True,No preference
CAN04507,30-39,2,Vocational training,Berlin,False,Hybrid
CAN04508,40-49,2,Doctorate,Other Germany,False,No preference
CAN04509,40-49,1,Bachelor,Hamburg,False,On-site
CAN04510,40-49,7,Master,Cologne,False,Remote
CAN04511,30-39,10,Vocational training,Other Germany,True,No preference
CAN04512,40-49,8,Other,Frankfurt,True,Hybrid
CAN04513,20-29,3,Vocational training,Berlin,False,Hybrid
CAN04514,40-49,8,Master,Hamburg,True,Hybrid
CAN04515,20-29,5,Master,Frankfurt,False,No preference
CAN04516,40-49,7,Bachelor,Hamburg,True,Hybrid
CAN04517,40-49,11,Bachelor,Other Germany,True,No preference
CAN04518,30-39,5,Vocational training,Berlin,False,Remote
CAN04519,30-39,9,Bachelor,Munich,True,Hybrid
CAN04520,20-29,4,Bachelor,Hamburg,False,Hybrid
CAN04521,30-39,9,Vocational training,Munich,False,Remote
CAN04522,40-49,12,Vocational training,Other Germany,True,Hybrid
CAN04523,30-39,5,Other,Frankfurt,True,Hybrid
CAN04524,50+,17,Vocational training,Munich,False,Hybrid
CAN04525,30-39,1,Bachelor,Other Germany,False,Remote
CAN04526,40-49,15,Vocational training,Cologne,False,No preference
CAN04527,20-29,4,Bachelor,Other Germany,False,Remote
CAN04528,30-39,9,Vocational training,Cologne,True,On-site
CAN04529,50+,6,Master,Frankfurt,True,Hybrid
CAN04530,30-39,7,Vocational training,Berlin,False,Remote
CAN04531,30-39,10,Master,Frankfurt,False,Hybrid
CAN04532,30-39,3,Bachelor,Cologne,True,Remote
CAN04533,20-29,8,Master,Hamburg,True,Hybrid
CAN04534,30-39,7,Master,Frankfurt,True,Remote
CAN04535,30-39,6,Master,Cologne,True,No preference
CAN04536,40-49,11,Bachelor,Hamburg,True,On-site
CAN04537,20-29,0,Master,Hamburg,True,Hybrid
CAN04538,40-49,3,Bachelor,Outside Germany,False,Hybrid
CAN04539,40-49,4,Bachelor,Other Germany,False,No preference
CAN04540,40-49,4,Bachelor,Cologne,False,No preference
CAN04541,30-39,11,Vocational training,Outside Germany,False,Remote
CAN04542,40-49,5,Vocational training,Berlin,True,Remote
CAN04543,50+,12,Other,Other Germany,False,Hybrid
CAN04544,30-39,7,Other,Other Germany,False,No preference
CAN04545,40-49,5,Vocational training,Berlin,True,Remote
CAN04546,30-39,2,Master,Frankfurt,True,No preference
CAN04547,40-49,1,Master,Frankfurt,False,No preference
CAN04548,50+,15,Other,Cologne,False,Hybrid
CAN04549,40-49,21,Vocational training,Other Germany,False,Remote
CAN04550,30-39,10,Bachelor,Munich,False,No preference
CAN04551,20-29,4,Vocational training,Frankfurt,False,Hybrid
CAN04552,40-49,8,Master,Munich,False,No preference
CAN04553,40-49,18,Vocational training,Munich,True,Hybrid
CAN04554,40-49,9,Vocational training,Berlin,True,No preference
CAN04555,30-39,6,Master,Frankfurt,False,Remote
CAN04556,30-39,8,Other,Frankfurt,False,Hybrid
CAN04557,40-49,14,Master,Other Germany,True,Hybrid
CAN04558,30-39,4,Master,Frankfurt,True,Remote
CAN04559,30-39,10,Other,Outside Germany,False,Hybrid
CAN04560,30-39,3,Bachelor,Hamburg,False,Remote
CAN04561,40-49,9,Bachelor,Other Germany,True,Hybrid
CAN04562,30-39,9,Bachelor,Other Germany,False,Remote
CAN04563,40-49,12,Master,Other Germany,False,Hybrid
CAN04564,30-39,7,Master,Frankfurt,True,Remote
CAN04565,30-39,7,Vocational training,Other Germany,True,Hybrid
CAN04566,40-49,8,Vocational training,Outside Germany,True,Hybrid
CAN04567,30-39,6,Bachelor,Berlin,False,On-site
CAN04568,30-39,9,Vocational training,Frankfurt,False,Remote
CAN04569,40-49,10,Bachelor,Frankfurt,True,Hybrid
CAN04570,50+,7,Bachelor,Frankfurt,False,Remote
CAN04571,20-29,4,Bachelor,Frankfurt,False,On-site
CAN04572,40-49,13,Bachelor,Cologne,True,Hybrid
CAN04573,40-49,3,Bachelor,Hamburg,False,Remote
CAN04574,30-39,2,Bachelor,Other Germany,False,Hybrid
CAN04575,30-39,8,Bachelor,Outside Germany,True,No preference
CAN04576,40-49,4,Other,Outside Germany,True,Hybrid
CAN04577,30-39,4,Other,Berlin,False,No preference
CAN04578,40-49,3,Doctorate,Munich,False,Hybrid
CAN04579,30-39,6,Master,Frankfurt,False,Remote
CAN04580,30-39,4,Bachelor,Frankfurt,True,Hybrid
CAN04581,50+,20,Other,Other Germany,False,Remote
CAN04582,40-49,6,Doctorate,Frankfurt,True,Hybrid
CAN04583,30-39,4,Doctorate,Hamburg,True,Remote
CAN04584,40-49,4,Other,Cologne,False,Hybrid
CAN04585,30-39,7,Bachelor,Other Germany,True,Remote
CAN04586,30-39,7,Bachelor,Berlin,True,Hybrid
CAN04587,20-29,4,Vocational training,Hamburg,False,Remote
CAN04588,40-49,1,Master,Frankfurt,False,Hybrid
CAN04589,40-49,13,Other,Berlin,False,Remote
CAN04590,20-29,1,Vocational training,Other Germany,True,Hybrid
CAN04591,20-29,8,Master,Frankfurt,False,Hybrid
CAN04592,30-39,1,Master,Frankfurt,False,Hybrid
CAN04593,30-39,4,Master,Berlin,True,Remote
CAN04594,20-29,4,Master,Other Germany,True,Hybrid
CAN04595,30-39,9,Vocational training,Berlin,False,Hybrid
CAN04596,30-39,3,Vocational training,Other Germany,False,Hybrid
CAN04597,20-29,5,Bachelor,Frankfurt,True,Remote
CAN04598,30-39,9,Master,Berlin,True,Remote
CAN04599,50+,14,Bachelor,Munich,False,Hybrid
CAN04600,40-49,7,Vocational training,Berlin,False,No preference
CAN04601,30-39,1,Vocational training,Berlin,True,Hybrid
CAN04602,30-39,11,Bachelor,Hamburg,True,Hybrid
CAN04603,30-39,14,Master,Other Germany,False,Hybrid
CAN04604,40-49,12,Master,Other Germany,False,Hybrid
CAN04605,20-29,3,Vocational training,Berlin,True,On-site
CAN04606,30-39,2,Other,Other Germany,True,Remote
CAN04607,40-49,4,Vocational training,Other Germany,False,Hybrid
CAN04608,20-29,3,Bachelor,,False,Remote
CAN04609,30-39,8,Master,Frankfurt,False,Hybrid
CAN04610,40-49,5,Vocational training,Other Germany,False,No preference
CAN04611,30-39,7,Vocational training,Berlin,False,Hybrid
CAN04612,30-39,1,Vocational training,Berlin,False,Hybrid
CAN04613,40-49,4,Vocational training,Frankfurt,False,Hybrid
CAN04614,40-49,11,Master,Other Germany,True,Remote
CAN04615,40-49,17,Bachelor,Hamburg,False,Remote
CAN04616,50+,17,Master,Hamburg,False,Hybrid
CAN04617,30-39,7,Vocational training,Other Germany,False,Remote
CAN04618,40-49,3,Other,Hamburg,False,Hybrid
CAN04619,40-49,11,Doctorate,Outside Germany,True,Hybrid
CAN04620,40-49,5,Doctorate,Frankfurt,False,On-site
CAN04621,30-39,9,Vocational training,Frankfurt,False,No preference
CAN04622,30-39,2,Bachelor,Berlin,False,Hybrid
CAN04623,50+,25,Bachelor,Other Germany,False,Remote
CAN04624,30-39,9,Vocational training,Hamburg,False,No preference
CAN04625,40-49,12,Vocational training,Outside Germany,False,Hybrid
CAN04626,30-39,0,Vocational training,,False,Hybrid
CAN04627,50+,9,Bachelor,Frankfurt,False,Remote
CAN04628,20-29,7,Master,Munich,True,On-site
CAN04629,30-39,11,Vocational training,Hamburg,False,Hybrid
CAN04630,20-29,3,Bachelor,Frankfurt,True,On-site
CAN04631,30-39,14,Vocational training,Berlin,True,Remote
CAN04632,30-39,9,Bachelor,Other Germany,False,Hybrid
CAN04633,50+,14,Other,Other Germany,False,On-site
CAN04634,30-39,8,Master,Other Germany,False,Hybrid
CAN04635,30-39,0,Master,Berlin,False,Hybrid
CAN04636,30-39,9,Other,Berlin,False,Remote
CAN04637,40-49,5,Bachelor,Cologne,False,Remote
CAN04638,50+,16,Bachelor,Munich,False,Remote
CAN04639,40-49,4,Vocational training,Outside Germany,False,Remote
CAN04640,30-39,3,Bachelor,Berlin,False,No preference
CAN04641,40-49,7,Bachelor,Other Germany,False,Remote
CAN04642,30-39,5,Master,,False,No preference
CAN04643,30-39,6,Vocational training,Frankfurt,True,No preference
CAN04644,40-49,2,Vocational training,Other Germany,False,Remote
CAN04645,30-39,5,Bachelor,Frankfurt,False,Hybrid
CAN04646,40-49,3,Bachelor,Cologne,False,Hybrid
CAN04647,30-39,4,Vocational training,Other Germany,False,Hybrid
CAN04648,30-39,4,Bachelor,Frankfurt,False,Hybrid
CAN04649,20-29,1,Vocational training,Hamburg,False,Hybrid
CAN04650,20-29,2,Vocational training,Other Germany,False,Hybrid
CAN04651,50+,7,Vocational training,Hamburg,False,Remote
CAN04652,30-39,9,Master,Other Germany,True,Hybrid
CAN04653,30-39,3,Vocational training,Other Germany,True,Remote
CAN04654,40-49,1,Master,Other Germany,False,No preference
CAN04655,20-29,0,Vocational training,Berlin,False,Hybrid
CAN04656,40-49,5,Vocational training,Hamburg,False,Hybrid
CAN04657,40-49,10,Vocational training,Frankfurt,False,Hybrid
CAN04658,20-29,4,Other,Hamburg,False,Remote
CAN04659,30-39,16,Master,Frankfurt,True,Remote
CAN04660,20-29,3,Master,Other Germany,False,Hybrid
CAN04661,40-49,12,Master,,False,Hybrid
CAN04662,20-29,0,Master,Other Germany,False,Hybrid
CAN04663,50+,13,Bachelor,Frankfurt,True,Hybrid
CAN04664,40-49,4,Master,Munich,False,Hybrid
CAN04665,40-49,2,Other,Hamburg,True,Remote
CAN04666,30-39,6,Master,Berlin,False,Remote
CAN04667,30-39,7,Doctorate,Other Germany,False,Remote
CAN04668,40-49,3,Vocational training,Berlin,False,Remote
CAN04669,20-29,4,Master,Other Germany,True,Hybrid
CAN04670,30-39,3,Vocational training,Hamburg,False,No preference
CAN04671,30-39,6,Doctorate,Berlin,False,Remote
CAN04672,40-49,5,Other,Berlin,False,On-site
CAN04673,40-49,5,Vocational training,Other Germany,True,Remote
CAN04674,20-29,4,Bachelor,Other Germany,True,No preference
CAN04675,30-39,0,Vocational training,Berlin,False,Hybrid
CAN04676,20-29,1,Vocational training,Hamburg,False,Hybrid
CAN04677,40-49,3,Other,Frankfurt,False,Remote
CAN04678,30-39,2,Vocational training,Frankfurt,False,Hybrid
CAN04679,30-39,1,Bachelor,Cologne,True,Hybrid
CAN04680,20-29,2,Vocational training,Frankfurt,True,Remote
CAN04681,30-39,4,Master,Other Germany,False,Hybrid
CAN04682,30-39,2,Other,Hamburg,False,On-site
CAN04683,50+,13,Bachelor,Frankfurt,False,No preference
CAN04684,20-29,4,Vocational training,Berlin,False,On-site
CAN04685,40-49,13,Bachelor,Hamburg,False,Hybrid
CAN04686,40-49,7,Vocational training,Frankfurt,False,No preference
CAN04687,40-49,3,Master,Other Germany,False,On-site
CAN04688,20-29,7,Bachelor,Outside Germany,False,Hybrid
CAN04689,40-49,8,Master,Outside Germany,False,Hybrid
CAN04690,20-29,2,Bachelor,Other Germany,False,Hybrid
CAN04691,40-49,6,Bachelor,Berlin,False,No preference
CAN04692,30-39,3,Vocational training,Munich,False,Hybrid
CAN04693,20-29,6,Master,Hamburg,False,Hybrid
CAN04694,40-49,7,Vocational training,Other Germany,False,Hybrid
CAN04695,40-49,9,Other,Other Germany,True,Hybrid
CAN04696,20-29,4,Bachelor,Outside Germany,False,Hybrid
CAN04697,50+,10,Other,Cologne,False,On-site
CAN04698,30-39,7,Vocational training,Other Germany,False,On-site
CAN04699,20-29,2,Vocational training,Munich,False,Hybrid
CAN04700,40-49,7,Other,Outside Germany,False,Hybrid
CAN04701,30-39,4,Bachelor,Other Germany,True,Remote
CAN04702,40-49,19,Doctorate,Other Germany,True,Remote
CAN04703,30-39,14,Master,Hamburg,False,Remote
CAN04704,30-39,10,Other,Outside Germany,False,Hybrid
CAN04705,30-39,8,Master,Frankfurt,False,Hybrid
CAN04706,30-39,12,Master,Frankfurt,False,Hybrid
CAN04707,40-49,0,Bachelor,Cologne,False,On-site
CAN04708,50+,17,Bachelor,Hamburg,False,Remote
CAN04709,40-49,4,Other,Munich,False,No preference
CAN04710,40-49,12,Master,Other Germany,True,Hybrid
CAN04711,30-39,2,Bachelor,Other Germany,False,Hybrid
CAN04712,30-39,8,Bachelor,Frankfurt,False,Remote
CAN04713,40-49,8,Vocational training,Frankfurt,False,On-site
CAN04714,20-29,5,Vocational training,Other Germany,False,On-site
CAN04715,30-39,6,Bachelor,Hamburg,False,On-site
CAN04716,40-49,19,Vocational training,Berlin,True,On-site
CAN04717,30-39,3,Vocational training,Munich,False,Remote
CAN04718,40-49,9,Vocational training,Other Germany,False,Remote
CAN04719,30-39,12,Master,Berlin,False,Remote
CAN04720,30-39,7,Vocational training,Berlin,False,Hybrid
CAN04721,40-49,3,Bachelor,Frankfurt,False,No preference
CAN04722,40-49,6,Master,Other Germany,True,Hybrid
CAN04723,40-49,7,Bachelor,Outside Germany,False,On-site
CAN04724,40-49,10,Bachelor,Other Germany,False,No preference
CAN04725,20-29,7,Vocational training,Other Germany,False,Remote
CAN04726,40-49,8,Bachelor,Other Germany,True,Remote
CAN04727,20-29,5,Vocational training,Other Germany,True,Hybrid
CAN04728,20-29,5,Vocational training,Frankfurt,False,Hybrid
CAN04729,20-29,6,Vocational training,Other Germany,False,Hybrid
CAN04730,30-39,6,Bachelor,Berlin,False,On-site
CAN04731,20-29,2,Vocational training,Frankfurt,False,Hybrid
CAN04732,40-49,6,Master,Frankfurt,False,Hybrid
CAN04733,30-39,3,Bachelor,Frankfurt,False,Hybrid
CAN04734,30-39,4,Vocational training,Cologne,False,Hybrid
CAN04735,40-49,8,Vocational training,Other Germany,True,On-site
CAN04736,40-49,8,Vocational training,Other Germany,True,Hybrid
CAN04737,40-49,10,Vocational training,Frankfurt,False,Hybrid
CAN04738,30-39,10,Bachelor,Berlin,True,Hybrid
CAN04739,40-49,5,Bachelor,Berlin,True,Remote
CAN04740,30-39,1,Vocational training,Other Germany,True,No preference
CAN04741,30-39,1,Vocational training,Berlin,True,Hybrid
CAN04742,30-39,10,Vocational training,Munich,False,Remote
CAN04743,40-49,1,Bachelor,Other Germany,True,No preference
CAN04744,40-49,2,Bachelor,Frankfurt,False,Hybrid
CAN04745,40-49,6,Vocational training,Frankfurt,False,Hybrid
CAN04746,20-29,9,Vocational training,Hamburg,True,On-site
CAN04747,40-49,11,Bachelor,Other Germany,True,Hybrid
CAN04748,30-39,9,Master,Other Germany,True,Hybrid
CAN04749,20-29,3,Bachelor,Other Germany,False,No preference
CAN04750,20-29,1,Doctorate,Other Germany,False,Hybrid
CAN04751,30-39,2,Vocational training,Other Germany,True,Hybrid
CAN04752,50+,9,Master,Munich,False,Hybrid
CAN04753,30-39,3,Vocational training,Cologne,False,Hybrid
CAN04754,40-49,5,Master,Berlin,True,Hybrid
CAN04755,20-29,3,Vocational training,Berlin,False,Hybrid
CAN04756,20-29,5,Other,Frankfurt,False,No preference
CAN04757,20-29,3,Vocational training,Outside Germany,False,Remote
CAN04758,40-49,6,Master,Munich,True,On-site
CAN04759,40-49,4,Master,Munich,False,Remote
CAN04760,20-29,1,Vocational training,Other Germany,True,Remote
CAN04761,40-49,4,Bachelor,Munich,False,Hybrid
CAN04762,40-49,6,Master,Cologne,True,Hybrid
CAN04763,40-49,1,Master,Other Germany,False,Hybrid
CAN04764,40-49,6,Master,Hamburg,False,Remote
CAN04765,30-39,2,Bachelor,Frankfurt,False,Hybrid
CAN04766,40-49,4,Bachelor,Cologne,True,Remote
CAN04767,40-49,24,Master,Other Germany,True,Remote
CAN04768,40-49,3,Bachelor,Frankfurt,False,Hybrid
CAN04769,40-49,6,Bachelor,Frankfurt,False,Remote
CAN04770,40-49,9,Vocational training,Frankfurt,False,Hybrid
CAN04771,40-49,13,Bachelor,Cologne,False,Remote
CAN04772,40-49,6,Other,Frankfurt,True,No preference
CAN04773,30-39,9,Master,Berlin,True,Hybrid
CAN04774,30-39,10,Vocational training,Other Germany,True,Hybrid
CAN04775,20-29,3,Bachelor,Berlin,True,No preference
CAN04776,20-29,3,Bachelor,Other Germany,True,No preference
CAN04777,50+,19,Bachelor,Berlin,False,Hybrid
CAN04778,20-29,1,Vocational training,Berlin,True,No preference
CAN04779,40-49,6,Master,Frankfurt,True,Hybrid
CAN04780,30-39,8,Vocational training,Munich,False,Hybrid
CAN04781,40-49,4,Bachelor,Other Germany,False,Hybrid
CAN04782,20-29,2,Bachelor,Berlin,False,No preference
CAN04783,40-49,7,Other,Munich,False,Hybrid
CAN04784,40-49,6,Vocational training,Munich,False,No preference
CAN04785,20-29,2,Vocational training,Munich,False,Remote
CAN04786,30-39,12,Master,Berlin,False,Remote
CAN04787,30-39,4,Vocational training,Cologne,True,Hybrid
CAN04788,40-49,10,Other,Frankfurt,False,Remote
CAN04789,30-39,12,Bachelor,Hamburg,True,No preference
CAN04790,30-39,3,Bachelor,Frankfurt,False,No preference
CAN04791,30-39,4,Vocational training,Frankfurt,False,No preference
CAN04792,30-39,9,Other,Cologne,False,No preference
CAN04793,30-39,10,Master,Other Germany,False,Remote
CAN04794,40-49,8,Bachelor,,True,Remote
CAN04795,50+,7,Bachelor,Other Germany,True,No preference
CAN04796,20-29,1,Vocational training,Frankfurt,True,Hybrid
CAN04797,50+,15,Bachelor,Outside Germany,False,Hybrid
CAN04798,30-39,7,Other,Frankfurt,False,Remote
CAN04799,40-49,2,Doctorate,Berlin,True,Remote
CAN04800,20-29,2,Master,Hamburg,False,No preference
CAN04801,40-49,3,Bachelor,Other Germany,False,On-site
CAN04802,30-39,7,Vocational training,Other Germany,True,Hybrid
CAN04803,30-39,3,Master,Hamburg,False,Hybrid
CAN04804,20-29,1,Vocational training,Outside Germany,True,On-site
CAN04805,20-29,3,Vocational training,Cologne,False,Hybrid
CAN04806,20-29,0,Vocational training,Berlin,True,No preference
CAN04807,20-29,10,Vocational training,Other Germany,False,Remote
CAN04808,20-29,3,Vocational training,Frankfurt,False,Hybrid
CAN04809,30-39,4,Master,Frankfurt,True,Hybrid
CAN04810,40-49,8,Vocational training,Berlin,False,Hybrid
CAN04811,20-29,2,Vocational training,Berlin,False,Hybrid
CAN04812,50+,15,Master,Outside Germany,False,Hybrid
CAN04813,40-49,1,Master,Cologne,False,Hybrid
CAN04814,40-49,22,Bachelor,Frankfurt,False,Remote
CAN04815,40-49,1,Vocational training,Other Germany,False,Remote
CAN04816,40-49,6,Bachelor,Other Germany,True,Remote
CAN04817,30-39,5,Vocational training,Berlin,True,Hybrid
CAN04818,40-49,3,Bachelor,Munich,False,Remote
CAN04819,40-49,1,Vocational training,Other Germany,False,Hybrid
CAN04820,40-49,1,Master,Hamburg,True,On-site
CAN04821,50+,9,Master,Berlin,True,On-site
CAN04822,20-29,4,Vocational training,Other Germany,True,No preference
CAN04823,50+,22,Other,Outside Germany,True,Hybrid
CAN04824,30-39,9,Bachelor,Hamburg,False,Hybrid
CAN04825,30-39,5,Bachelor,Hamburg,False,Remote
CAN04826,30-39,6,Vocational training,Munich,False,No preference
CAN04827,30-39,4,Vocational training,Other Germany,True,Hybrid
CAN04828,20-29,1,Master,Berlin,False,Hybrid
CAN04829,40-49,12,Master,Frankfurt,True,Hybrid
CAN04830,30-39,7,Master,Munich,False,Hybrid
CAN04831,40-49,6,Bachelor,Hamburg,False,No preference
CAN04832,30-39,3,Master,Berlin,False,Hybrid
CAN04833,40-49,0,Vocational training,Frankfurt,False,On-site
CAN04834,20-29,7,Master,Munich,False,Hybrid
CAN04835,40-49,12,Vocational training,Berlin,True,No preference
CAN04836,40-49,2,Vocational training,Berlin,True,Hybrid
CAN04837,40-49,0,Other,Other Germany,False,Remote
CAN04838,30-39,2,Bachelor,Munich,True,Hybrid
CAN04839,20-29,1,Bachelor,Berlin,False,No preference
CAN04840,30-39,7,Bachelor,Berlin,True,Hybrid
CAN04841,20-29,1,Bachelor,Berlin,False,Hybrid
CAN04842,20-29,4,Master,Hamburg,True,Hybrid
CAN04843,30-39,6,Bachelor,Hamburg,True,Hybrid
CAN04844,30-39,3,Master,Outside Germany,False,Hybrid
CAN04845,20-29,2,Bachelor,Berlin,False,Hybrid
CAN04846,30-39,1,Bachelor,Frankfurt,False,Hybrid
CAN04847,40-49,14,Master,Other Germany,False,Hybrid
CAN04848,20-29,0,Vocational training,Cologne,True,Remote
CAN04849,40-49,5,Master,Frankfurt,True,Hybrid
CAN04850,30-39,9,Master,Frankfurt,False,On-site
CAN04851,30-39,6,Bachelor,Outside Germany,False,Hybrid
CAN04852,20-29,7,Vocational training,Other Germany,False,Hybrid
CAN04853,30-39,12,Vocational training,Berlin,False,On-site
CAN04854,30-39,7,Master,Munich,False,Remote
CAN04855,40-49,8,Bachelor,Frankfurt,False,Hybrid
CAN04856,30-39,5,Bachelor,Hamburg,False,On-site
CAN04857,30-39,3,Master,Berlin,False,Hybrid
CAN04858,40-49,7,Vocational training,Frankfurt,False,Remote
CAN04859,20-29,3,Vocational training,Berlin,True,Remote
CAN04860,30-39,2,Bachelor,Berlin,False,No preference
CAN04861,40-49,5,Master,Munich,False,Hybrid
CAN04862,40-49,4,Bachelor,Other Germany,False,On-site
CAN04863,30-39,1,Vocational training,Other Germany,False,Remote
CAN04864,30-39,3,Doctorate,Hamburg,True,Remote
CAN04865,30-39,8,Vocational training,Other Germany,False,On-site
CAN04866,20-29,8,Vocational training,Other Germany,True,Remote
CAN04867,20-29,5,Master,Frankfurt,True,Remote
CAN04868,30-39,10,Doctorate,Frankfurt,True,Remote
CAN04869,30-39,12,Bachelor,Berlin,False,Hybrid
CAN04870,30-39,9,Vocational training,Cologne,False,Hybrid
CAN04871,40-49,13,Bachelor,Cologne,True,On-site
CAN04872,20-29,6,Bachelor,Cologne,False,Hybrid
CAN04873,30-39,2,Bachelor,Berlin,False,No preference
CAN04874,30-39,10,Master,Outside Germany,False,Hybrid
CAN04875,40-49,14,Vocational training,Berlin,False,Hybrid
CAN04876,30-39,0,Vocational training,Outside Germany,False,No preference
CAN04877,40-49,3,Bachelor,Hamburg,False,No preference
CAN04878,40-49,7,Vocational training,Munich,False,Remote
CAN04879,50+,12,Vocational training,Berlin,True,Remote
CAN04880,30-39,3,Vocational training,Berlin,False,No preference
CAN04881,50+,6,Bachelor,Frankfurt,False,Remote
CAN04882,30-39,3,Bachelor,Other Germany,False,Remote
CAN04883,50+,13,Vocational training,Hamburg,True,No preference
CAN04884,30-39,6,Master,Frankfurt,True,Hybrid
CAN04885,30-39,3,Vocational training,Cologne,False,Hybrid
CAN04886,30-39,6,Vocational training,Other Germany,False,Hybrid
CAN04887,40-49,3,Other,Munich,False,No preference
CAN04888,20-29,3,Vocational training,Other Germany,False,Remote
CAN04889,20-29,8,Vocational training,Cologne,True,Hybrid
CAN04890,30-39,3,Vocational training,Cologne,False,On-site
CAN04891,20-29,5,Bachelor,Hamburg,False,Remote
CAN04892,40-49,6,Bachelor,Other Germany,False,On-site
CAN04893,50+,25,Vocational training,Munich,False,Remote
CAN04894,20-29,2,Master,Outside Germany,False,On-site
CAN04895,50+,16,Master,Other Germany,True,Remote
CAN04896,20-29,2,Master,Berlin,False,Hybrid
CAN04897,40-49,6,Bachelor,Cologne,False,Remote
CAN04898,50+,12,Bachelor,Berlin,False,Hybrid
CAN04899,40-49,19,Master,Other Germany,True,Remote
CAN04900,20-29,5,Master,Other Germany,False,Hybrid
CAN04901,20-29,3,Bachelor,Cologne,False,Hybrid
CAN04902,20-29,3,Vocational training,Berlin,False,Hybrid
CAN04903,50+,15,Master,Frankfurt,False,Hybrid
CAN04904,40-49,3,Vocational training,Frankfurt,False,Hybrid
CAN04905,30-39,6,Bachelor,Berlin,False,Hybrid
CAN04906,50+,6,Vocational training,Berlin,True,On-site
CAN04907,40-49,12,Vocational training,Other Germany,False,Hybrid
CAN04908,50+,24,Bachelor,Other Germany,True,Remote
CAN04909,50+,6,Master,Cologne,False,Hybrid
CAN04910,20-29,6,Master,Other Germany,True,Remote
CAN04911,40-49,8,Vocational training,Berlin,False,Hybrid
CAN04912,30-39,10,Master,Other Germany,False,Remote
CAN04913,30-39,11,Master,Berlin,False,Hybrid
CAN04914,40-49,15,Bachelor,,True,Hybrid
CAN04915,20-29,5,Bachelor,Outside Germany,False,Remote
CAN04916,30-39,5,Doctorate,Other Germany,False,Remote
CAN04917,30-39,13,Bachelor,Berlin,False,Hybrid
CAN04918,20-29,2,Master,Hamburg,False,Hybrid
CAN04919,40-49,1,Bachelor,Frankfurt,False,On-site
CAN04920,20-29,4,Bachelor,Berlin,False,Remote
CAN04921,40-49,2,Bachelor,Munich,False,No preference
CAN04922,50+,25,Vocational training,Other Germany,False,Hybrid
CAN04923,30-39,5,Other,Hamburg,False,On-site
CAN04924,50+,13,Master,Other Germany,False,Hybrid
CAN04925,30-39,8,Other,Other Germany,False,Remote
CAN04926,40-49,3,Bachelor,Other Germany,False,Hybrid
CAN04927,40-49,11,Vocational training,Cologne,True,Hybrid
CAN04928,40-49,3,Vocational training,Hamburg,False,Remote
CAN04929,40-49,12,Bachelor,Outside Germany,False,Remote
CAN04930,50+,13,Bachelor,Berlin,False,Hybrid
CAN04931,40-49,6,Vocational training,Cologne,False,On-site
CAN04932,20-29,3,Master,Other Germany,True,Hybrid
CAN04933,30-39,7,Vocational training,Berlin,False,Remote
CAN04934,20-29,4,Master,Other Germany,True,Hybrid
CAN04935,40-49,9,Bachelor,Other Germany,False,Hybrid
CAN04936,40-49,11,Bachelor,Frankfurt,False,Hybrid
CAN04937,20-29,2,Other,Berlin,False,Hybrid
CAN04938,50+,7,Master,Hamburg,False,Hybrid
CAN04939,30-39,5,Vocational training,Berlin,True,Remote
CAN04940,50+,14,Bachelor,Frankfurt,False,Remote
CAN04941,40-49,2,Vocational training,Frankfurt,False,Hybrid
CAN04942,40-49,7,Bachelor,Other Germany,False,No preference
CAN04943,40-49,18,Vocational training,Hamburg,True,Hybrid
CAN04944,40-49,5,Vocational training,Other Germany,True,Hybrid
CAN04945,30-39,12,Bachelor,Frankfurt,True,Hybrid
CAN04946,20-29,3,Vocational training,Frankfurt,False,Hybrid
CAN04947,20-29,1,Bachelor,Other Germany,False,Hybrid
CAN04948,40-49,12,Vocational training,Berlin,True,Hybrid
CAN04949,40-49,11,Vocational training,Other Germany,True,Hybrid
CAN04950,50+,7,Vocational training,Cologne,False,No preference
CAN04951,30-39,0,Bachelor,Munich,True,No preference
CAN04952,40-49,6,Vocational training,Hamburg,False,No preference
CAN04953,40-49,5,Vocational training,Munich,True,Hybrid
CAN04954,50+,8,Master,Other Germany,True,Remote
CAN04955,20-29,1,Master,Cologne,False,Hybrid
CAN04956,50+,9,Bachelor,Other Germany,False,Hybrid
CAN04957,50+,9,Master,Outside Germany,True,Hybrid
CAN04958,20-29,0,Doctorate,Frankfurt,False,Remote
CAN04959,20-29,3,Bachelor,Other Germany,False,Remote
CAN04960,40-49,7,Vocational training,Hamburg,False,Remote
CAN04961,30-39,1,Master,Munich,False,Hybrid
CAN04962,30-39,5,Bachelor,Other Germany,False,Remote
CAN04963,20-29,2,Bachelor,Berlin,False,Remote
CAN04964,20-29,2,Bachelor,Berlin,True,Hybrid
CAN04965,20-29,5,Bachelor,Hamburg,False,Hybrid
CAN04966,40-49,4,Vocational training,Cologne,False,Hybrid
CAN04967,40-49,19,Vocational training,Hamburg,False,Hybrid
CAN04968,30-39,7,Master,Other Germany,False,Hybrid
CAN04969,30-39,7,Master,Berlin,False,Remote
CAN04970,40-49,8,Bachelor,Outside Germany,False,Remote
CAN04971,30-39,4,Vocational training,Berlin,False,On-site
CAN04972,40-49,12,Master,Munich,False,No preference
CAN04973,30-39,3,Bachelor,Other Germany,True,Hybrid
CAN04974,40-49,3,Other,Berlin,False,Hybrid
CAN04975,30-39,4,Master,Frankfurt,False,Remote
CAN04976,30-39,4,Master,Other Germany,True,Hybrid
CAN04977,30-39,5,Master,Cologne,False,Hybrid
CAN04978,30-39,8,Master,Frankfurt,False,Remote
CAN04979,20-29,0,Vocational training,Frankfurt,True,Remote
CAN04980,50+,12,Doctorate,Other Germany,True,Remote
CAN04981,40-49,6,Vocational training,Outside Germany,False,On-site
CAN04982,40-49,16,Bachelor,Hamburg,False,Hybrid
CAN04983,40-49,6,Vocational training,Berlin,False,Hybrid
CAN04984,30-39,7,Master,Berlin,True,Hybrid
CAN04985,30-39,11,Vocational training,Munich,False,Remote
CAN04986,50+,12,Bachelor,Other Germany,False,Hybrid
CAN04987,50+,11,Vocational training,Other Germany,False,Hybrid
CAN04988,50+,9,Bachelor,Berlin,False,Hybrid
CAN04989,50+,16,Vocational training,Frankfurt,False,Remote
CAN04990,40-49,5,Vocational training,Other Germany,False,On-site
CAN04991,30-39,9,Doctorate,Berlin,True,Hybrid
CAN04992,30-39,3,Vocational training,Berlin,True,Hybrid
CAN04993,30-39,11,Vocational training,Other Germany,False,Hybrid
CAN04994,30-39,10,Bachelor,Frankfurt,False,No preference
CAN04995,50+,14,Bachelor,Frankfurt,True,Hybrid
CAN04996,40-49,8,Other,Frankfurt,True,No preference
CAN04997,30-39,5,Master,Hamburg,True,Hybrid
CAN04998,30-39,8,Bachelor,Other Germany,False,No preference
CAN04999,30-39,1,Master,Munich,False,Hybrid
CAN05000,30-39,5,Bachelor,Other Germany,False,Hybrid
CAN05001,30-39,11,Vocational training,Cologne,False,Hybrid
CAN05002,40-49,2,Bachelor,Other Germany,True,On-site
CAN05003,40-49,4,Bachelor,Frankfurt,False,Hybrid
CAN05004,20-29,2,Other,Frankfurt,True,Remote
CAN05005,30-39,3,Master,Berlin,True,Hybrid
CAN05006,30-39,6,Bachelor,Other Germany,True,No preference
CAN05007,30-39,5,Master,Frankfurt,False,Remote
CAN05008,40-49,3,Master,Frankfurt,True,No preference
CAN05009,30-39,3,Master,Munich,True,Hybrid
CAN05010,40-49,5,Master,Munich,False,Hybrid
CAN05011,20-29,1,Bachelor,Other Germany,False,Hybrid
CAN05012,30-39,11,Bachelor,Other Germany,False,Remote
CAN05013,30-39,6,Bachelor,Cologne,False,Remote
CAN05014,50+,13,Vocational training,Hamburg,False,Hybrid
CAN05015,30-39,6,Vocational training,Other Germany,False,Remote
CAN05016,40-49,11,Bachelor,Hamburg,False,Hybrid
CAN05017,50+,14,Bachelor,Berlin,False,Remote
CAN05018,30-39,11,Vocational training,Other Germany,False,On-site
CAN05019,20-29,1,Vocational training,Cologne,False,No preference
CAN05020,20-29,7,Bachelor,Frankfurt,False,Remote
CAN05021,40-49,3,Vocational training,Other Germany,True,Remote
CAN05022,30-39,5,Bachelor,Other Germany,False,Remote
CAN05023,30-39,0,Bachelor,Other Germany,True,No preference
CAN05024,30-39,4,Bachelor,Other Germany,False,Hybrid
CAN05025,50+,8,Vocational training,Other Germany,True,No preference
CAN05026,40-49,7,Bachelor,Other Germany,False,Remote
CAN05027,40-49,1,Bachelor,Berlin,True,Remote
CAN05028,20-29,7,Master,Berlin,True,Remote
CAN05029,50+,24,Bachelor,Hamburg,True,Hybrid
CAN05030,30-39,3,Bachelor,Other Germany,False,No preference
CAN05031,40-49,12,Master,Berlin,False,On-site
CAN05032,40-49,11,Vocational training,Munich,False,Remote
CAN05033,40-49,21,Vocational training,Munich,False,Hybrid
CAN05034,30-39,3,Bachelor,Cologne,False,Hybrid
CAN05035,40-49,8,Bachelor,Hamburg,True,Hybrid
CAN05036,30-39,7,Bachelor,Cologne,True,On-site
CAN05037,50+,10,Vocational training,Other Germany,False,Remote
CAN05038,40-49,1,Vocational training,Frankfurt,False,Hybrid
CAN05039,20-29,4,Bachelor,Other Germany,True,Hybrid
CAN05040,30-39,3,Bachelor,Berlin,False,Remote
CAN05041,20-29,3,Other,Munich,False,Hybrid
CAN05042,30-39,7,Vocational training,Frankfurt,True,On-site
CAN05043,40-49,5,Vocational training,Other Germany,False,Remote
CAN05044,30-39,6,Bachelor,Berlin,False,Hybrid
CAN05045,30-39,10,Vocational training,Other Germany,True,On-site
CAN05046,50+,20,Bachelor,Berlin,True,Hybrid
CAN05047,40-49,5,Bachelor,Other Germany,False,On-site
CAN05048,30-39,2,Vocational training,Berlin,True,Hybrid
CAN05049,30-39,1,Vocational training,Hamburg,True,Hybrid
CAN05050,40-49,9,Bachelor,Other Germany,False,No preference
CAN05051,40-49,5,Bachelor,Berlin,True,Hybrid
CAN05052,40-49,10,Bachelor,Munich,True,No preference
CAN05053,30-39,7,Master,Other Germany,False,Hybrid
CAN05054,30-39,5,Master,Frankfurt,False,On-site
CAN05055,40-49,5,Master,Berlin,False,No preference
CAN05056,50+,10,Other,Frankfurt,False,Remote
CAN05057,50+,9,Bachelor,Munich,True,Hybrid
CAN05058,50+,13,Bachelor,Other Germany,False,On-site
CAN05059,30-39,5,Vocational training,Berlin,False,Remote
CAN05060,40-49,6,Bachelor,Munich,False,Hybrid
CAN05061,40-49,3,Other,Other Germany,False,On-site
CAN05062,40-49,8,Vocational training,Munich,False,Remote
CAN05063,30-39,5,Master,Cologne,False,Hybrid
CAN05064,20-29,3,Vocational training,Munich,False,Hybrid
CAN05065,30-39,6,Vocational training,Hamburg,True,On-site
CAN05066,40-49,1,Master,Other Germany,False,Remote
CAN05067,40-49,2,Master,Other Germany,True,No preference
CAN05068,20-29,5,Bachelor,Other Germany,False,No preference
CAN05069,30-39,8,Bachelor,Other Germany,False,Hybrid
CAN05070,30-39,4,Vocational training,Hamburg,True,No preference
CAN05071,20-29,1,Master,Munich,False,Hybrid
CAN05072,30-39,5,Bachelor,Cologne,False,On-site
CAN05073,30-39,10,Vocational training,Other Germany,False,On-site
CAN05074,20-29,2,Master,Outside Germany,True,Hybrid
CAN05075,40-49,6,Other,Other Germany,False,Hybrid
CAN05076,30-39,5,Master,Berlin,False,Remote
CAN05077,40-49,3,Doctorate,Other Germany,True,No preference
CAN05078,40-49,6,Bachelor,Hamburg,False,Hybrid
CAN05079,40-49,5,Master,Cologne,False,Remote
CAN05080,40-49,8,Bachelor,Cologne,False,No preference
CAN05081,40-49,6,Bachelor,Berlin,True,Hybrid
CAN05082,40-49,14,Vocational training,Cologne,True,On-site
CAN05083,30-39,6,Vocational training,Other Germany,True,No preference
CAN05084,30-39,9,Bachelor,Hamburg,False,On-site
CAN05085,40-49,4,Bachelor,Berlin,False,No preference
CAN05086,30-39,6,Bachelor,Other Germany,False,Hybrid
CAN05087,40-49,17,Bachelor,Berlin,True,No preference
CAN05088,30-39,0,Bachelor,Other Germany,False,Hybrid
CAN05089,50+,13,Master,Other Germany,False,On-site
CAN05090,30-39,6,Vocational training,Other Germany,False,Remote
CAN05091,40-49,3,Vocational training,Hamburg,True,Hybrid
CAN05092,30-39,0,Vocational training,Munich,False,Hybrid
CAN05093,50+,13,Master,Other Germany,False,Remote
CAN05094,30-39,4,Bachelor,Other Germany,False,Remote
CAN05095,40-49,10,Other,,True,Hybrid
CAN05096,30-39,7,Bachelor,Other Germany,False,Remote
CAN05097,30-39,9,Vocational training,Cologne,True,On-site
CAN05098,40-49,4,Other,Other Germany,False,Remote
CAN05099,40-49,4,Vocational training,Other Germany,True,Hybrid
CAN05100,20-29,2,Other,Frankfurt,False,Hybrid
CAN05101,20-29,7,Vocational training,Hamburg,True,Hybrid
CAN05102,30-39,7,Vocational training,Berlin,False,Remote
CAN05103,40-49,6,Master,Berlin,False,On-site
CAN05104,30-39,6,Bachelor,Other Germany,False,Hybrid
CAN05105,30-39,7,Bachelor,Other Germany,False,Remote
CAN05106,30-39,7,Vocational training,Other Germany,True,Hybrid
CAN05107,30-39,10,Bachelor,Frankfurt,True,On-site
CAN05108,20-29,4,Bachelor,Berlin,True,Hybrid
CAN05109,20-29,5,Vocational training,Other Germany,False,No preference
CAN05110,40-49,4,Bachelor,Outside Germany,True,Hybrid
CAN05111,20-29,3,Other,Other Germany,True,Hybrid
CAN05112,20-29,2,Vocational training,Frankfurt,False,Remote
CAN05113,50+,7,Master,Hamburg,False,Hybrid
CAN05114,40-49,1,Doctorate,Hamburg,False,Hybrid
CAN05115,40-49,7,Master,Cologne,False,Remote
CAN05116,50+,11,Bachelor,Frankfurt,False,Remote
CAN05117,50+,13,Master,Other Germany,True,Hybrid
CAN05118,40-49,19,Bachelor,Hamburg,False,Hybrid
CAN05119,50+,13,Vocational training,Berlin,True,Remote
CAN05120,30-39,5,Bachelor,Other Germany,True,No preference
CAN05121,30-39,4,Master,Other Germany,False,Hybrid
CAN05122,30-39,2,Master,Munich,True,Remote
CAN05123,30-39,9,Bachelor,Berlin,False,Hybrid
CAN05124,50+,9,Other,Frankfurt,True,On-site
CAN05125,30-39,7,Bachelor,Berlin,False,Hybrid
CAN05126,50+,20,Bachelor,Frankfurt,False,Remote
CAN05127,20-29,2,Bachelor,Cologne,False,Hybrid
CAN05128,40-49,11,Vocational training,Other Germany,False,Hybrid
CAN05129,40-49,1,Vocational training,Other Germany,False,Hybrid
CAN05130,30-39,5,Vocational training,Hamburg,True,On-site
CAN05131,20-29,2,Bachelor,Munich,True,No preference
CAN05132,20-29,8,Bachelor,Berlin,False,On-site
CAN05133,50+,13,Vocational training,Other Germany,True,Hybrid
CAN05134,40-49,8,Vocational training,Other Germany,False,Remote
CAN05135,40-49,8,Bachelor,Frankfurt,True,Hybrid
CAN05136,30-39,5,Bachelor,Frankfurt,True,No preference
CAN05137,40-49,6,Vocational training,Outside Germany,False,Hybrid
CAN05138,30-39,6,Other,Frankfurt,False,Hybrid
CAN05139,30-39,9,Bachelor,Cologne,False,Remote
CAN05140,20-29,2,Bachelor,Munich,False,Remote
CAN05141,40-49,4,Master,Other Germany,False,Hybrid
CAN05142,50+,8,Master,Berlin,False,Remote
CAN05143,30-39,7,Bachelor,Other Germany,False,Remote
CAN05144,30-39,1,Vocational training,Other Germany,False,Hybrid
CAN05145,40-49,8,Bachelor,Other Germany,False,Remote
CAN05146,30-39,14,Vocational training,Cologne,False,Hybrid
CAN05147,40-49,6,Vocational training,Other Germany,True,Remote
CAN05148,40-49,5,Bachelor,Berlin,True,Remote
CAN05149,20-29,4,Vocational training,Cologne,False,Hybrid
CAN05150,40-49,12,Bachelor,Munich,False,Hybrid
CAN05151,30-39,10,Bachelor,Frankfurt,False,Remote
CAN05152,40-49,8,Vocational training,Outside Germany,False,Remote
CAN05153,40-49,10,Master,Frankfurt,False,Hybrid
CAN05154,40-49,12,Vocational training,Munich,True,On-site
CAN05155,40-49,5,Bachelor,Frankfurt,True,No preference
CAN05156,40-49,0,Bachelor,Berlin,False,No preference
CAN05157,30-39,4,Bachelor,Cologne,False,Hybrid
CAN05158,40-49,1,Doctorate,Outside Germany,False,Hybrid
CAN05159,30-39,17,Master,Frankfurt,False,No preference
CAN05160,40-49,8,Vocational training,Other Germany,False,Remote
CAN05161,40-49,10,Vocational training,Berlin,True,Hybrid
CAN05162,40-49,1,Vocational training,Other Germany,False,No preference
CAN05163,20-29,4,Bachelor,Frankfurt,False,Remote
CAN05164,30-39,13,Master,Munich,True,No preference
CAN05165,40-49,3,Master,Berlin,False,Hybrid
CAN05166,40-49,2,Bachelor,Frankfurt,True,Hybrid
CAN05167,30-39,10,Other,Other Germany,False,Remote
CAN05168,20-29,0,Vocational training,Berlin,True,Remote
CAN05169,30-39,4,Bachelor,Other Germany,True,Remote
CAN05170,30-39,3,Vocational training,Other Germany,False,No preference
CAN05171,30-39,1,Other,Frankfurt,False,Hybrid
CAN05172,30-39,2,Master,Cologne,False,Hybrid
CAN05173,40-49,6,Vocational training,Munich,False,Remote
CAN05174,40-49,10,Vocational training,Berlin,False,On-site
CAN05175,20-29,2,Vocational training,Berlin,True,Hybrid
CAN05176,40-49,8,Other,Other Germany,True,Hybrid
CAN05177,30-39,17,Vocational training,Other Germany,False,Hybrid
CAN05178,20-29,1,Vocational training,Frankfurt,False,On-site
CAN05179,30-39,7,Vocational training,Other Germany,False,Remote
CAN05180,40-49,15,Bachelor,Munich,True,Hybrid
CAN05181,40-49,11,Vocational training,Other Germany,True,On-site
CAN05182,30-39,3,Vocational training,Berlin,False,Hybrid
CAN05183,50+,16,Master,Other Germany,True,Hybrid
CAN05184,30-39,8,Vocational training,Cologne,False,Hybrid
CAN05185,30-39,10,Master,Berlin,True,Hybrid
CAN05186,50+,13,Vocational training,Frankfurt,True,Hybrid
CAN05187,30-39,2,Master,Berlin,False,Remote
CAN05188,30-39,6,Vocational training,Berlin,False,Hybrid
CAN05189,40-49,6,Vocational training,Berlin,False,Hybrid
CAN05190,40-49,7,Bachelor,Other Germany,False,Remote
CAN05191,30-39,2,Vocational training,Other Germany,False,Hybrid
CAN05192,30-39,8,Vocational training,Other Germany,True,Hybrid
CAN05193,30-39,6,Bachelor,Other Germany,True,Hybrid
CAN05194,40-49,18,Vocational training,Berlin,False,On-site
CAN05195,30-39,4,Master,Frankfurt,False,Hybrid
CAN05196,50+,24,Vocational training,Other Germany,False,Remote
CAN05197,40-49,15,Bachelor,Frankfurt,True,Hybrid
CAN05198,30-39,4,Bachelor,Munich,True,Remote
CAN05199,20-29,8,Vocational training,Other Germany,False,No preference
CAN05200,40-49,10,Vocational training,Hamburg,False,Remote
CAN05201,50+,15,Bachelor,Berlin,True,Hybrid
CAN05202,40-49,7,Doctorate,Cologne,True,Hybrid
CAN05203,20-29,2,Bachelor,Munich,True,Hybrid
CAN05204,40-49,7,Bachelor,Other Germany,False,Remote
CAN05205,40-49,2,Bachelor,Cologne,False,On-site
CAN05206,40-49,8,Master,,True,Hybrid
CAN05207,50+,8,Master,Berlin,False,Hybrid
CAN05208,40-49,4,Master,Cologne,False,No preference
CAN05209,50+,25,Master,Hamburg,False,Remote
CAN05210,30-39,16,Bachelor,Frankfurt,False,Remote
CAN05211,30-39,4,Vocational training,Frankfurt,False,Remote
CAN05212,50+,21,Bachelor,Other Germany,True,Hybrid
CAN05213,30-39,5,Doctorate,Munich,True,Hybrid
CAN05214,40-49,6,Bachelor,,True,Hybrid
CAN05215,30-39,1,Bachelor,Hamburg,False,No preference
CAN05216,40-49,6,Doctorate,Berlin,False,Hybrid
CAN05217,40-49,5,Master,Munich,False,Remote
CAN05218,30-39,7,Vocational training,Berlin,True,Hybrid
CAN05219,50+,6,Vocational training,Cologne,False,Hybrid
CAN05220,50+,16,Other,Berlin,True,Hybrid
CAN05221,30-39,6,Bachelor,Cologne,True,No preference
CAN05222,40-49,4,Bachelor,Frankfurt,True,Hybrid
CAN05223,30-39,9,Vocational training,Berlin,False,Remote
CAN05224,20-29,2,Vocational training,Other Germany,False,Hybrid
CAN05225,40-49,13,Vocational training,,True,Hybrid
CAN05226,30-39,6,Bachelor,Hamburg,True,Remote
CAN05227,30-39,1,Master,Munich,False,Remote
CAN05228,30-39,8,Vocational training,Berlin,False,Hybrid
CAN05229,40-49,5,Master,Frankfurt,True,No preference
CAN05230,20-29,1,Vocational training,Outside Germany,False,Hybrid
CAN05231,30-39,5,Bachelor,Berlin,False,Hybrid
CAN05232,30-39,4,Master,Berlin,False,Hybrid
CAN05233,30-39,6,Master,Berlin,True,Hybrid
CAN05234,30-39,3,Vocational training,Munich,False,Hybrid
CAN05235,40-49,7,Bachelor,Other Germany,False,Remote
CAN05236,20-29,1,Master,Berlin,False,No preference
CAN05237,40-49,10,Master,Frankfurt,False,On-site
CAN05238,30-39,9,Vocational training,Munich,False,Remote
CAN05239,20-29,3,Bachelor,Outside Germany,False,On-site
CAN05240,40-49,9,Vocational training,Cologne,False,Hybrid
CAN05241,30-39,7,Bachelor,Berlin,False,On-site
CAN05242,30-39,5,Vocational training,Other Germany,False,Hybrid
CAN05243,20-29,7,Other,Cologne,False,On-site
CAN05244,30-39,1,Master,Other Germany,False,On-site
CAN05245,20-29,1,Master,Other Germany,True,No preference
CAN05246,30-39,2,Bachelor,Frankfurt,False,Hybrid
CAN05247,20-29,0,Bachelor,Frankfurt,True,Remote
CAN05248,40-49,8,Vocational training,Other Germany,False,Hybrid
CAN05249,20-29,3,Vocational training,Other Germany,False,Remote
CAN05250,40-49,5,Doctorate,Munich,True,On-site
CAN05251,30-39,3,Master,Frankfurt,False,Remote
CAN05252,40-49,3,Bachelor,Berlin,False,Hybrid
CAN05253,30-39,9,Vocational training,Other Germany,False,Hybrid
CAN05254,40-49,2,Master,Berlin,False,No preference
CAN05255,30-39,3,Bachelor,Berlin,True,Hybrid
CAN05256,40-49,8,Master,Berlin,False,Hybrid
CAN05257,30-39,0,Bachelor,Berlin,True,On-site
CAN05258,50+,7,Other,Berlin,False,Hybrid
CAN05259,20-29,4,Master,Other Germany,False,Remote
CAN05260,20-29,8,Bachelor,Berlin,False,Hybrid
CAN05261,50+,10,Vocational training,Hamburg,True,On-site
CAN05262,50+,7,Vocational training,Frankfurt,False,Hybrid
CAN05263,40-49,8,Bachelor,Frankfurt,True,Hybrid
CAN05264,40-49,11,Master,Berlin,False,Remote
CAN05265,40-49,10,Vocational training,Other Germany,False,Hybrid
CAN05266,40-49,12,Bachelor,Berlin,True,No preference
CAN05267,50+,9,Bachelor,Other Germany,False,Remote
CAN05268,30-39,9,Vocational training,,True,Hybrid
CAN05269,50+,14,Master,Other Germany,False,Hybrid
CAN05270,50+,14,Doctorate,Munich,True,Remote
CAN05271,50+,9,Bachelor,Cologne,False,Remote
CAN05272,40-49,11,Master,Frankfurt,True,Hybrid
CAN05273,20-29,4,Master,Munich,False,Hybrid
CAN05274,30-39,1,Other,Other Germany,True,Hybrid
CAN05275,40-49,11,Other,Hamburg,False,On-site
CAN05276,30-39,9,Bachelor,Berlin,True,Remote
CAN05277,50+,10,Master,Other Germany,False,On-site
CAN05278,40-49,1,Master,Munich,False,Remote
CAN05279,20-29,6,Bachelor,Hamburg,False,No preference
CAN05280,30-39,3,Master,Hamburg,False,Hybrid
CAN05281,40-49,2,Vocational training,Other Germany,False,Hybrid
CAN05282,40-49,9,Bachelor,Other Germany,True,No preference
CAN05283,30-39,3,Bachelor,Frankfurt,True,No preference
CAN05284,50+,9,Bachelor,Other Germany,True,Hybrid
CAN05285,40-49,13,Bachelor,Other Germany,False,On-site
CAN05286,40-49,0,Bachelor,Berlin,False,On-site
CAN05287,30-39,13,Other,Other Germany,False,Hybrid
CAN05288,40-49,3,Bachelor,Frankfurt,False,Remote
CAN05289,50+,9,Doctorate,Cologne,False,On-site
CAN05290,20-29,2,Vocational training,Frankfurt,True,Hybrid
CAN05291,40-49,11,Vocational training,Other Germany,False,Hybrid
CAN05292,20-29,6,Other,Other Germany,True,Remote
CAN05293,30-39,3,Bachelor,Munich,True,Remote
CAN05294,40-49,10,Vocational training,Munich,True,Remote
CAN05295,50+,22,Vocational training,Other Germany,False,Remote
CAN05296,30-39,4,Vocational training,Frankfurt,False,No preference
CAN05297,20-29,1,Master,Berlin,False,No preference
CAN05298,40-49,8,Master,Hamburg,False,On-site
CAN05299,30-39,5,Bachelor,Hamburg,True,Hybrid
CAN05300,20-29,3,Bachelor,Berlin,True,No preference
CAN05301,40-49,14,Bachelor,Outside Germany,False,No preference
CAN05302,30-39,10,Master,Other Germany,False,On-site
CAN05303,40-49,5,Master,Berlin,True,Remote
CAN05304,40-49,6,Master,Cologne,True,Hybrid
CAN05305,20-29,2,Vocational training,Other Germany,False,Hybrid
CAN05306,50+,17,Master,Outside Germany,False,Hybrid
CAN05307,30-39,5,Vocational training,Other Germany,False,No preference
CAN05308,20-29,3,Other,Berlin,False,Hybrid
CAN05309,30-39,2,Vocational training,Outside Germany,True,No preference
CAN05310,40-49,3,Bachelor,Hamburg,False,Hybrid
CAN05311,40-49,4,Bachelor,Cologne,False,Hybrid
CAN05312,40-49,6,Bachelor,Frankfurt,False,Hybrid
CAN05313,30-39,4,Bachelor,Frankfurt,False,Remote
CAN05314,20-29,7,Bachelor,Frankfurt,False,Remote
CAN05315,20-29,5,Vocational training,Frankfurt,False,Hybrid
CAN05316,50+,25,Bachelor,Other Germany,False,No preference
CAN05317,20-29,2,Vocational training,Hamburg,True,Remote
CAN05318,40-49,4,Bachelor,Munich,False,On-site
CAN05319,40-49,9,Vocational training,Munich,False,Remote
CAN05320,30-39,12,Doctorate,Cologne,True,On-site
CAN05321,50+,11,Bachelor,Cologne,False,Hybrid
CAN05322,30-39,7,Bachelor,Frankfurt,False,Remote
CAN05323,30-39,4,Bachelor,Hamburg,False,Remote
CAN05324,50+,8,Bachelor,Cologne,False,Hybrid
CAN05325,30-39,5,Bachelor,Frankfurt,False,On-site
CAN05326,30-39,2,Bachelor,Berlin,True,Hybrid
CAN05327,40-49,2,Master,Berlin,False,Hybrid
CAN05328,30-39,7,Master,Berlin,False,Hybrid
CAN05329,30-39,10,Vocational training,Frankfurt,False,Remote
CAN05330,20-29,4,Vocational training,Other Germany,False,On-site
CAN05331,40-49,4,Master,Berlin,True,Hybrid
CAN05332,40-49,2,Bachelor,Other Germany,False,Hybrid
CAN05333,20-29,8,Vocational training,Hamburg,False,Hybrid
CAN05334,40-49,4,Vocational training,Frankfurt,False,Hybrid
CAN05335,30-39,1,Other,Cologne,False,On-site
CAN05336,40-49,3,Master,Munich,True,No preference
CAN05337,30-39,8,Doctorate,Other Germany,True,No preference
CAN05338,30-39,2,Master,Frankfurt,True,Remote
CAN05339,20-29,8,Bachelor,Hamburg,False,No preference
CAN05340,30-39,2,Other,Hamburg,False,Remote
CAN05341,30-39,2,Vocational training,Frankfurt,False,No preference
CAN05342,40-49,6,Bachelor,Cologne,False,Remote
CAN05343,50+,10,Vocational training,Cologne,False,No preference
CAN05344,30-39,8,Bachelor,Cologne,False,Hybrid
CAN05345,50+,7,Other,Berlin,False,No preference
CAN05346,50+,13,Doctorate,Outside Germany,False,No preference
CAN05347,30-39,4,Vocational training,Cologne,False,Hybrid
CAN05348,40-49,9,Master,Other Germany,True,Remote
CAN05349,50+,14,Other,Other Germany,False,Remote
CAN05350,30-39,2,Vocational training,Hamburg,False,Remote
CAN05351,40-49,6,Master,Other Germany,False,Hybrid
CAN05352,40-49,9,Master,Frankfurt,False,On-site
CAN05353,20-29,2,Vocational training,Frankfurt,False,Hybrid
CAN05354,30-39,3,Vocational training,Other Germany,True,Hybrid
CAN05355,40-49,7,Master,Cologne,False,Hybrid
CAN05356,30-39,10,Doctorate,Other Germany,False,Remote
CAN05357,30-39,17,Bachelor,Berlin,True,Hybrid
CAN05358,30-39,9,Master,Frankfurt,False,Remote
CAN05359,50+,25,Bachelor,Frankfurt,True,On-site
CAN05360,40-49,1,Bachelor,Other Germany,True,On-site
CAN05361,30-39,9,Master,Other Germany,False,Hybrid
CAN05362,50+,13,Vocational training,Other Germany,False,Remote
CAN05363,30-39,5,Vocational training,Munich,False,No preference
CAN05364,30-39,7,Other,Frankfurt,True,Hybrid
CAN05365,40-49,16,Vocational training,Frankfurt,False,Hybrid
CAN05366,40-49,0,Vocational training,Berlin,True,Hybrid
CAN05367,20-29,0,Master,Frankfurt,False,Remote
CAN05368,30-39,3,Bachelor,Other Germany,False,Hybrid
CAN05369,30-39,4,Vocational training,Other Germany,True,On-site
CAN05370,20-29,1,Other,Frankfurt,False,Hybrid
CAN05371,50+,8,Bachelor,Frankfurt,False,Remote
CAN05372,30-39,10,Bachelor,Other Germany,True,Hybrid
CAN05373,40-49,9,Vocational training,Berlin,True,Hybrid
CAN05374,30-39,9,Bachelor,Other Germany,False,Hybrid
CAN05375,30-39,8,Bachelor,Other Germany,False,No preference
CAN05376,30-39,2,Vocational training,Frankfurt,True,Hybrid
CAN05377,30-39,4,Other,Other Germany,False,On-site
CAN05378,20-29,3,Doctorate,Other Germany,True,Remote
CAN05379,20-29,3,Bachelor,Other Germany,False,Hybrid
CAN05380,20-29,2,Other,Munich,False,Hybrid
CAN05381,40-49,9,Master,Frankfurt,False,On-site
CAN05382,40-49,11,Bachelor,Other Germany,False,On-site
CAN05383,40-49,6,Master,Frankfurt,False,Remote
CAN05384,20-29,4,Vocational training,Berlin,False,On-site
CAN05385,40-49,10,Vocational training,Berlin,True,No preference
CAN05386,30-39,12,Master,Frankfurt,False,Remote
CAN05387,40-49,5,Bachelor,Cologne,True,Remote
CAN05388,20-29,4,Vocational training,Berlin,False,Hybrid
CAN05389,30-39,0,Other,Other Germany,False,Remote
CAN05390,20-29,3,Bachelor,Other Germany,True,On-site
CAN05391,30-39,8,Vocational training,Cologne,False,No preference
CAN05392,30-39,3,Master,Hamburg,True,No preference
CAN05393,30-39,11,Master,Hamburg,False,No preference
CAN05394,40-49,10,Master,Berlin,True,Hybrid
CAN05395,40-49,6,Bachelor,Other Germany,True,Hybrid
CAN05396,40-49,1,Master,Frankfurt,False,No preference
CAN05397,20-29,5,Other,Berlin,False,Remote
CAN05398,40-49,3,Vocational training,Other Germany,False,Hybrid
CAN05399,40-49,0,Bachelor,Cologne,True,Hybrid
CAN05400,30-39,6,Other,Other Germany,False,Hybrid
CAN05401,30-39,6,Vocational training,Hamburg,True,Hybrid
CAN05402,30-39,6,Bachelor,Frankfurt,False,Hybrid
CAN05403,20-29,3,Vocational training,Other Germany,True,Remote
CAN05404,30-39,6,Master,Berlin,False,Hybrid
CAN05405,20-29,6,Vocational training,Berlin,False,On-site
CAN05406,30-39,17,Vocational training,Munich,False,No preference
CAN05407,30-39,6,Other,Hamburg,False,Remote
CAN05408,30-39,4,Vocational training,Berlin,True,Remote
CAN05409,40-49,6,Bachelor,Frankfurt,False,Remote
CAN05410,40-49,4,Master,Other Germany,False,Remote
CAN05411,20-29,4,Master,Other Germany,False,No preference
CAN05412,50+,18,Vocational training,Outside Germany,False,No preference
CAN05413,30-39,7,Master,Other Germany,False,No preference
CAN05414,30-39,2,Vocational training,Berlin,True,Hybrid
CAN05415,40-49,2,Master,Munich,True,Hybrid
CAN05416,50+,11,Bachelor,Outside Germany,True,Remote
CAN05417,40-49,8,Master,Outside Germany,False,Remote
CAN05418,40-49,4,Bachelor,Munich,False,Hybrid
CAN05419,20-29,6,Vocational training,Outside Germany,False,Hybrid
CAN05420,40-49,12,Bachelor,Frankfurt,True,On-site
CAN05421,30-39,13,Vocational training,Other Germany,False,On-site
CAN05422,40-49,11,Bachelor,Berlin,False,Remote
CAN05423,40-49,3,Doctorate,Other Germany,True,No preference
CAN05424,40-49,4,Vocational training,Outside Germany,False,Hybrid
CAN05425,50+,11,Vocational training,Outside Germany,False,Hybrid
CAN05426,30-39,12,Master,Outside Germany,False,No preference
CAN05427,40-49,2,Other,Munich,True,Remote
CAN05428,50+,11,Vocational training,Other Germany,False,Remote
CAN05429,30-39,5,Bachelor,Other Germany,False,No preference
CAN05430,40-49,3,Master,Munich,False,On-site
CAN05431,20-29,3,Vocational training,Berlin,False,Hybrid
CAN05432,20-29,3,Bachelor,Berlin,True,Remote
CAN05433,20-29,3,Master,Other Germany,False,Remote
CAN05434,30-39,0,Bachelor,Other Germany,False,Remote
CAN05435,20-29,3,Bachelor,Hamburg,False,Remote
CAN05436,40-49,5,Vocational training,Frankfurt,False,No preference
CAN05437,20-29,2,Other,Berlin,False,Remote
CAN05438,50+,12,Vocational training,Other Germany,False,Hybrid
CAN05439,40-49,1,Other,Berlin,True,Remote
CAN05440,40-49,5,Vocational training,Other Germany,True,Remote
CAN05441,40-49,19,Vocational training,Hamburg,False,On-site
CAN05442,30-39,6,Vocational training,Berlin,False,Hybrid
CAN05443,30-39,8,Other,Frankfurt,False,No preference
CAN05444,30-39,8,Master,Other Germany,False,Remote
CAN05445,30-39,0,Vocational training,Other Germany,False,Remote
CAN05446,30-39,5,Vocational training,Berlin,False,Hybrid
CAN05447,20-29,10,Vocational training,Other Germany,False,On-site
CAN05448,20-29,5,Master,Cologne,True,No preference
CAN05449,30-39,5,Bachelor,Frankfurt,True,Hybrid
CAN05450,30-39,5,Master,Munich,False,Remote
CAN05451,30-39,4,Vocational training,Other Germany,False,Hybrid
CAN05452,30-39,2,Bachelor,Hamburg,True,No preference
CAN05453,40-49,9,Bachelor,Frankfurt,False,Hybrid
CAN05454,30-39,10,Bachelor,Hamburg,True,No preference
CAN05455,40-49,9,Vocational training,Hamburg,True,Hybrid
CAN05456,20-29,1,Doctorate,Frankfurt,False,Remote
CAN05457,20-29,6,Vocational training,Other Germany,True,Hybrid
CAN05458,40-49,4,Bachelor,Hamburg,False,No preference
CAN05459,50+,17,Bachelor,Hamburg,False,Hybrid
CAN05460,20-29,2,Bachelor,Munich,False,Hybrid
CAN05461,50+,9,Master,Berlin,True,On-site
CAN05462,30-39,7,Bachelor,Munich,False,Hybrid
CAN05463,50+,8,Bachelor,Other Germany,True,On-site
CAN05464,30-39,1,Other,Other Germany,False,On-site
CAN05465,20-29,0,Master,Munich,False,Hybrid
CAN05466,30-39,5,Vocational training,Frankfurt,True,Hybrid
CAN05467,30-39,4,Bachelor,Frankfurt,False,No preference
CAN05468,20-29,6,Vocational training,Berlin,True,Hybrid
CAN05469,30-39,6,Bachelor,Berlin,True,Hybrid
CAN05470,20-29,6,Bachelor,Other Germany,False,Hybrid
CAN05471,30-39,3,Vocational training,Frankfurt,True,No preference
CAN05472,30-39,7,Vocational training,Frankfurt,False,Hybrid
CAN05473,20-29,2,Other,Other Germany,False,Hybrid
CAN05474,50+,13,Bachelor,Other Germany,True,Remote
CAN05475,50+,16,Doctorate,Hamburg,False,Hybrid
CAN05476,30-39,8,Bachelor,Berlin,False,On-site
CAN05477,50+,11,Vocational training,Other Germany,False,Hybrid
CAN05478,20-29,6,Vocational training,Other Germany,False,Hybrid
CAN05479,40-49,3,Bachelor,Other Germany,False,Remote
CAN05480,20-29,6,Bachelor,Munich,False,Hybrid
CAN05481,20-29,2,Bachelor,Other Germany,False,Remote
CAN05482,20-29,7,Vocational training,Munich,False,Hybrid
CAN05483,40-49,13,Bachelor,Munich,False,Remote
CAN05484,50+,25,Vocational training,Munich,False,Remote
CAN05485,40-49,5,Bachelor,Other Germany,False,Remote
CAN05486,30-39,3,Bachelor,Berlin,False,Hybrid
CAN05487,30-39,1,Master,Hamburg,False,Hybrid
CAN05488,20-29,0,Vocational training,Berlin,False,Hybrid
CAN05489,30-39,5,Bachelor,Munich,True,Hybrid
CAN05490,40-49,6,Master,Hamburg,False,Hybrid
CAN05491,30-39,12,Bachelor,Other Germany,False,Hybrid
CAN05492,20-29,4,Master,Cologne,False,Remote
CAN05493,20-29,3,Master,Other Germany,False,Remote
CAN05494,30-39,4,Other,Munich,False,Hybrid
CAN05495,30-39,1,Vocational training,Hamburg,False,Hybrid
CAN05496,30-39,7,Bachelor,Other Germany,False,On-site
CAN05497,20-29,9,Master,Other Germany,True,Remote
CAN05498,50+,11,Master,Cologne,False,Hybrid
CAN05499,30-39,5,Vocational training,Frankfurt,True,Remote
CAN05500,40-49,8,Master,,True,On-site
CAN05501,30-39,5,Vocational training,Frankfurt,True,No preference
CAN05502,30-39,8,Vocational training,Frankfurt,False,Hybrid
CAN05503,40-49,4,Vocational training,Other Germany,True,On-site
CAN05504,20-29,1,Doctorate,Cologne,True,Remote
CAN05505,40-49,4,Master,Frankfurt,True,Hybrid
CAN05506,30-39,1,Vocational training,Munich,False,On-site
CAN05507,40-49,9,Vocational training,Hamburg,True,Hybrid
CAN05508,40-49,5,Vocational training,Frankfurt,False,Remote
CAN05509,20-29,0,Master,Other Germany,False,On-site
CAN05510,30-39,1,Vocational training,Other Germany,True,No preference
CAN05511,50+,14,Vocational training,Hamburg,False,No preference
CAN05512,20-29,3,Bachelor,Berlin,True,Hybrid
CAN05513,30-39,2,Doctorate,Hamburg,False,Remote
CAN05514,40-49,3,Master,Other Germany,True,On-site
CAN05515,40-49,4,Vocational training,Cologne,False,Hybrid
CAN05516,30-39,4,Vocational training,Other Germany,False,Hybrid
CAN05517,30-39,6,Vocational training,Munich,True,Hybrid
CAN05518,30-39,9,Vocational training,Frankfurt,True,On-site
CAN05519,30-39,5,Other,Berlin,False,Hybrid
CAN05520,20-29,2,Other,Hamburg,False,Hybrid
CAN05521,20-29,4,Bachelor,Berlin,False,Hybrid
CAN05522,40-49,6,Vocational training,Frankfurt,False,Hybrid
CAN05523,40-49,2,Bachelor,Cologne,True,No preference
CAN05524,40-49,11,Master,Outside Germany,False,Remote
CAN05525,30-39,3,Bachelor,Munich,True,On-site
CAN05526,20-29,6,Vocational training,Other Germany,False,Hybrid
CAN05527,30-39,10,Master,Other Germany,False,Remote
CAN05528,40-49,12,Other,Other Germany,True,No preference
CAN05529,40-49,9,Vocational training,Other Germany,False,Hybrid
CAN05530,40-49,13,Vocational training,Other Germany,False,Remote
CAN05531,30-39,3,Bachelor,Munich,False,On-site
CAN05532,40-49,16,Vocational training,Other Germany,True,Hybrid
CAN05533,30-39,13,Master,Munich,True,Hybrid
CAN05534,20-29,0,Master,Berlin,True,Hybrid
CAN05535,40-49,5,Master,Munich,False,Hybrid
CAN05536,20-29,2,Bachelor,Outside Germany,False,Hybrid
CAN05537,30-39,5,Other,Munich,False,Remote
CAN05538,30-39,3,Bachelor,Hamburg,True,On-site
CAN05539,20-29,6,Bachelor,Munich,False,Hybrid
CAN05540,40-49,14,Bachelor,Hamburg,False,On-site
CAN05541,30-39,1,Vocational training,Other Germany,False,On-site
CAN05542,40-49,9,Bachelor,Cologne,False,Remote
CAN05543,50+,11,Vocational training,Other Germany,False,Hybrid
CAN05544,40-49,3,Bachelor,Frankfurt,False,On-site
CAN05545,40-49,5,Bachelor,Other Germany,True,Hybrid
CAN05546,40-49,10,Master,Outside Germany,True,Remote
CAN05547,50+,11,Bachelor,Berlin,True,On-site
CAN05548,40-49,2,Master,Outside Germany,False,Remote
CAN05549,40-49,3,Vocational training,Outside Germany,True,Hybrid
CAN05550,50+,6,Vocational training,Other Germany,False,Hybrid
CAN05551,30-39,1,Vocational training,Hamburg,True,No preference
CAN05552,20-29,2,Vocational training,Cologne,True,No preference
CAN05553,30-39,14,Bachelor,Cologne,False,Hybrid
CAN05554,40-49,3,Doctorate,,True,Hybrid
CAN05555,40-49,4,Master,Hamburg,True,Remote
CAN05556,40-49,7,Bachelor,Frankfurt,True,Remote
CAN05557,50+,11,Bachelor,Other Germany,False,No preference
CAN05558,50+,8,Vocational training,Other Germany,True,Remote
CAN05559,30-39,6,Master,Berlin,False,Remote
CAN05560,40-49,7,Vocational training,Munich,True,Remote
CAN05561,40-49,3,Bachelor,Munich,False,Remote
CAN05562,40-49,6,Master,Cologne,True,Remote
CAN05563,40-49,6,Vocational training,Munich,False,Remote
CAN05564,40-49,2,Bachelor,Hamburg,False,Remote
CAN05565,50+,10,Vocational training,Berlin,True,Remote
CAN05566,40-49,15,Vocational training,Other Germany,False,No preference
CAN05567,20-29,1,Bachelor,Frankfurt,False,Hybrid
CAN05568,40-49,5,Other,Other Germany,False,Hybrid
CAN05569,40-49,12,Bachelor,Munich,False,Hybrid
CAN05570,40-49,6,Master,Munich,False,Remote
CAN05571,50+,9,Master,Other Germany,True,Hybrid
CAN05572,40-49,7,Bachelor,Frankfurt,False,No preference
CAN05573,30-39,0,Bachelor,Other Germany,True,No preference
CAN05574,40-49,7,Master,Munich,True,Hybrid
CAN05575,20-29,0,Vocational training,Berlin,False,Hybrid
CAN05576,30-39,3,Vocational training,Berlin,True,Hybrid
CAN05577,40-49,1,Master,Berlin,False,Hybrid
CAN05578,30-39,7,Bachelor,Munich,False,Hybrid
CAN05579,40-49,13,Master,Berlin,False,Remote
CAN05580,30-39,6,Vocational training,Frankfurt,False,No preference
CAN05581,40-49,2,Bachelor,Hamburg,False,Hybrid
CAN05582,50+,17,Master,Frankfurt,False,On-site
CAN05583,40-49,9,Doctorate,Munich,False,Hybrid
CAN05584,40-49,7,Vocational training,Hamburg,False,No preference
CAN05585,30-39,5,Bachelor,Cologne,True,Remote
CAN05586,50+,16,Vocational training,Berlin,False,Hybrid
CAN05587,30-39,4,Master,Frankfurt,False,Remote
CAN05588,30-39,5,Doctorate,Munich,True,Hybrid
CAN05589,40-49,9,Vocational training,Munich,True,No preference
CAN05590,40-49,7,Vocational training,Berlin,True,Hybrid
CAN05591,30-39,4,Vocational training,Other Germany,True,No preference
CAN05592,20-29,6,Bachelor,Other Germany,False,Hybrid
CAN05593,30-39,4,Bachelor,Frankfurt,False,Remote
CAN05594,30-39,2,Bachelor,Other Germany,True,No preference
CAN05595,30-39,2,Doctorate,Other Germany,False,Remote
CAN05596,30-39,2,Bachelor,Other Germany,True,Remote
CAN05597,50+,16,Bachelor,Cologne,False,Hybrid
CAN05598,30-39,2,Vocational training,Other Germany,False,Hybrid
CAN05599,40-49,4,Bachelor,Berlin,False,Hybrid
CAN05600,30-39,4,Vocational training,Frankfurt,False,No preference
CAN05601,30-39,2,Master,Outside Germany,True,Hybrid
CAN05602,30-39,6,Bachelor,Outside Germany,False,On-site
CAN05603,30-39,4,Doctorate,Munich,False,On-site
CAN05604,30-39,6,Master,Other Germany,False,Hybrid
CAN05605,30-39,6,Master,Berlin,False,Remote
CAN05606,40-49,6,Master,Outside Germany,False,Hybrid
CAN05607,20-29,4,Master,Frankfurt,False,Hybrid
CAN05608,20-29,1,Bachelor,Hamburg,True,Remote
CAN05609,30-39,9,Bachelor,Other Germany,True,Hybrid
CAN05610,40-49,9,Bachelor,Cologne,False,Hybrid
CAN05611,40-49,6,Vocational training,Other Germany,False,Hybrid
CAN05612,20-29,7,Vocational training,Berlin,False,Hybrid
CAN05613,50+,9,Vocational training,Berlin,False,Hybrid
CAN05614,40-49,4,Master,Cologne,True,On-site
CAN05615,40-49,12,Vocational training,Other Germany,False,Hybrid
CAN05616,40-49,3,Vocational training,Cologne,False,Remote
CAN05617,40-49,2,Bachelor,Other Germany,False,Hybrid
CAN05618,20-29,4,Bachelor,Hamburg,False,On-site
CAN05619,50+,8,Vocational training,Hamburg,False,No preference
CAN05620,30-39,6,Bachelor,Berlin,False,No preference
CAN05621,30-39,4,Vocational training,Outside Germany,False,No preference
CAN05622,40-49,3,Vocational training,Berlin,False,Hybrid
CAN05623,20-29,8,Bachelor,Other Germany,False,Hybrid
CAN05624,20-29,2,Master,Frankfurt,True,Remote
CAN05625,40-49,4,Master,Cologne,True,No preference
CAN05626,20-29,3,Vocational training,Other Germany,False,Hybrid
CAN05627,40-49,8,Master,Cologne,False,Hybrid
CAN05628,30-39,3,Vocational training,Hamburg,False,Hybrid
CAN05629,30-39,4,Bachelor,Outside Germany,False,Hybrid
CAN05630,40-49,3,Master,Other Germany,False,Hybrid
CAN05631,50+,10,Bachelor,Hamburg,True,Remote
CAN05632,40-49,1,Master,Frankfurt,False,Hybrid
CAN05633,30-39,13,Bachelor,Other Germany,True,Hybrid
CAN05634,30-39,4,Bachelor,Other Germany,False,Hybrid
CAN05635,40-49,4,Bachelor,Frankfurt,True,Remote
CAN05636,20-29,3,Vocational training,Hamburg,False,Hybrid
CAN05637,20-29,4,Bachelor,Outside Germany,False,Hybrid
CAN05638,40-49,8,Master,Frankfurt,False,Hybrid
CAN05639,30-39,3,Master,Frankfurt,False,Hybrid
CAN05640,30-39,14,Vocational training,Hamburg,False,Hybrid
CAN05641,40-49,8,Master,Frankfurt,False,Hybrid
CAN05642,40-49,7,Bachelor,Munich,True,Remote
CAN05643,40-49,4,Doctorate,Frankfurt,True,No preference
CAN05644,40-49,5,Other,Outside Germany,True,Hybrid
CAN05645,40-49,4,Master,Frankfurt,True,No preference
CAN05646,20-29,2,Vocational training,Hamburg,True,On-site
CAN05647,20-29,2,Doctorate,Other Germany,True,No preference
CAN05648,40-49,5,Master,Other Germany,False,Hybrid
CAN05649,30-39,3,Doctorate,Outside Germany,True,No preference
CAN05650,50+,11,Master,Hamburg,False,Hybrid
CAN05651,30-39,4,Bachelor,Cologne,False,Hybrid
CAN05652,50+,11,Bachelor,Hamburg,False,Remote
CAN05653,20-29,6,Bachelor,Hamburg,False,Hybrid
CAN05654,30-39,7,Master,Cologne,False,Hybrid
CAN05655,30-39,4,Bachelor,Other Germany,True,Hybrid
CAN05656,40-49,11,Bachelor,Other Germany,False,Remote
CAN05657,40-49,6,Bachelor,Other Germany,True,On-site
CAN05658,20-29,1,Bachelor,Other Germany,True,Remote
CAN05659,40-49,8,Bachelor,Munich,False,On-site
CAN05660,30-39,5,Vocational training,Munich,False,Hybrid
CAN05661,30-39,1,Master,Cologne,True,No preference
CAN05662,40-49,8,Bachelor,Other Germany,True,Hybrid
CAN05663,40-49,7,Vocational training,Other Germany,False,Hybrid
CAN05664,20-29,4,Bachelor,Frankfurt,False,Hybrid
CAN05665,20-29,1,Vocational training,Berlin,False,Hybrid
CAN05666,30-39,0,Vocational training,Berlin,True,Remote
CAN05667,40-49,8,Master,Munich,False,On-site
CAN05668,30-39,5,Doctorate,Outside Germany,False,Remote
CAN05669,20-29,4,Vocational training,Frankfurt,False,Hybrid
CAN05670,30-39,2,Doctorate,Berlin,True,On-site
CAN05671,30-39,5,Bachelor,Frankfurt,False,Hybrid
CAN05672,20-29,2,Bachelor,Other Germany,False,Hybrid
CAN05673,20-29,3,Vocational training,Frankfurt,True,No preference
CAN05674,30-39,9,Doctorate,Hamburg,False,On-site
CAN05675,50+,21,Master,Other Germany,False,Remote
CAN05676,30-39,7,Bachelor,Cologne,False,Hybrid
CAN05677,20-29,3,Bachelor,Outside Germany,True,Hybrid
CAN05678,40-49,2,Vocational training,Munich,True,Hybrid
CAN05679,50+,14,Master,Frankfurt,False,Hybrid
CAN05680,30-39,11,Bachelor,Cologne,True,Hybrid
CAN05681,40-49,1,Vocational training,Munich,False,On-site
CAN05682,40-49,4,Bachelor,Berlin,True,Hybrid
CAN05683,30-39,9,Bachelor,Outside Germany,True,Hybrid
CAN05684,40-49,4,Vocational training,Cologne,False,On-site
CAN05685,50+,12,Vocational training,Munich,True,Remote
CAN05686,40-49,7,Master,Munich,True,No preference
CAN05687,30-39,4,Bachelor,Outside Germany,True,On-site
CAN05688,30-39,1,Master,Other Germany,True,On-site
CAN05689,40-49,2,Bachelor,Frankfurt,False,No preference
CAN05690,20-29,1,Other,Other Germany,False,Remote
CAN05691,30-39,4,Vocational training,Outside Germany,False,No preference
CAN05692,30-39,16,Bachelor,Berlin,True,Hybrid
CAN05693,20-29,7,Other,Munich,False,No preference
CAN05694,20-29,1,Vocational training,Outside Germany,True,Hybrid
CAN05695,20-29,2,Other,Berlin,False,Remote
CAN05696,30-39,2,Vocational training,Other Germany,False,Hybrid
CAN05697,40-49,5,Master,Frankfurt,True,Hybrid
CAN05698,50+,10,Bachelor,Other Germany,True,On-site
CAN05699,50+,8,Vocational training,Other Germany,True,On-site
CAN05700,30-39,6,Vocational training,Frankfurt,True,No preference
CAN05701,30-39,6,Bachelor,Berlin,False,On-site
CAN05702,40-49,9,Vocational training,Frankfurt,False,Remote
CAN05703,50+,14,Other,Frankfurt,False,No preference
CAN05704,40-49,4,Other,Frankfurt,False,Remote
CAN05705,40-49,8,Vocational training,Berlin,False,Hybrid
CAN05706,40-49,12,Bachelor,Hamburg,False,No preference
CAN05707,20-29,5,Doctorate,Outside Germany,True,No preference
CAN05708,40-49,10,Master,Munich,False,Remote
CAN05709,30-39,8,Bachelor,Berlin,False,No preference
CAN05710,30-39,12,Master,Hamburg,False,Hybrid
CAN05711,50+,8,Master,Hamburg,False,On-site
CAN05712,40-49,4,Master,Cologne,False,Remote
CAN05713,40-49,2,Other,Hamburg,False,Remote
CAN05714,20-29,1,Vocational training,Other Germany,False,Hybrid
CAN05715,30-39,12,Bachelor,Other Germany,False,No preference
CAN05716,40-49,2,Vocational training,Other Germany,False,Hybrid
CAN05717,40-49,12,Bachelor,Other Germany,True,On-site
CAN05718,30-39,4,Master,Cologne,True,Hybrid
CAN05719,40-49,5,Bachelor,Frankfurt,False,Hybrid
CAN05720,30-39,0,Master,Frankfurt,False,Hybrid
CAN05721,40-49,4,Master,Hamburg,True,On-site
CAN05722,50+,8,Bachelor,,False,Hybrid
CAN05723,30-39,10,Doctorate,Munich,True,Hybrid
CAN05724,30-39,8,Vocational training,Munich,False,Remote
CAN05725,20-29,2,Bachelor,Other Germany,False,Hybrid
CAN05726,30-39,3,Bachelor,Other Germany,False,No preference
CAN05727,30-39,8,Vocational training,Hamburg,False,Hybrid
CAN05728,30-39,9,Bachelor,Munich,True,Hybrid
CAN05729,30-39,1,Vocational training,Hamburg,True,No preference
CAN05730,30-39,1,Master,Other Germany,True,Hybrid
CAN05731,40-49,4,Doctorate,Cologne,True,No preference
CAN05732,20-29,0,Bachelor,Hamburg,False,No preference
CAN05733,40-49,4,Vocational training,Berlin,True,Remote
CAN05734,20-29,9,Bachelor,Other Germany,True,Remote
CAN05735,50+,6,Doctorate,Munich,True,Hybrid
CAN05736,40-49,11,Vocational training,Frankfurt,False,On-site
CAN05737,40-49,12,Master,Outside Germany,True,On-site
CAN05738,40-49,25,Vocational training,Hamburg,False,Hybrid
CAN05739,20-29,6,Master,Munich,False,No preference
CAN05740,30-39,4,Vocational training,Hamburg,False,Hybrid
CAN05741,50+,20,Bachelor,Frankfurt,False,Remote
CAN05742,30-39,8,Vocational training,Hamburg,False,No preference
CAN05743,30-39,2,Vocational training,Cologne,False,Remote
CAN05744,20-29,1,Master,Frankfurt,False,Remote
CAN05745,20-29,3,Vocational training,Berlin,True,On-site
CAN05746,30-39,5,Master,Other Germany,True,Hybrid
CAN05747,30-39,4,Bachelor,Berlin,True,No preference
CAN05748,40-49,5,Master,Cologne,False,Remote
CAN05749,50+,17,Bachelor,Hamburg,False,Hybrid
CAN05750,50+,10,Bachelor,Frankfurt,False,Remote
CAN05751,40-49,7,Vocational training,Outside Germany,False,Hybrid
CAN05752,50+,25,Bachelor,Munich,False,Hybrid
CAN05753,20-29,1,Bachelor,Other Germany,True,On-site
CAN05754,30-39,5,Doctorate,Frankfurt,False,Remote
CAN05755,30-39,2,Bachelor,Munich,False,Hybrid
CAN05756,20-29,1,Bachelor,Berlin,True,No preference
CAN05757,40-49,7,Master,Hamburg,False,Hybrid
CAN05758,30-39,5,Vocational training,Munich,False,On-site
CAN05759,30-39,9,Doctorate,Berlin,False,Hybrid
CAN05760,40-49,1,Master,Berlin,False,Hybrid
CAN05761,30-39,6,Bachelor,Munich,False,Hybrid
CAN05762,50+,10,Bachelor,Munich,False,Hybrid
CAN05763,40-49,11,Bachelor,Frankfurt,True,Hybrid
CAN05764,20-29,4,Bachelor,Other Germany,False,Hybrid
CAN05765,30-39,7,Other,Hamburg,False,No preference
CAN05766,30-39,3,Bachelor,Outside Germany,True,Hybrid
CAN05767,30-39,18,Master,Hamburg,False,Hybrid
CAN05768,50+,17,Master,Hamburg,True,Hybrid
CAN05769,40-49,7,Vocational training,Berlin,False,Hybrid
CAN05770,20-29,4,Master,Frankfurt,False,No preference
CAN05771,40-49,4,Master,Hamburg,False,Remote
CAN05772,40-49,8,Bachelor,Munich,False,Remote
CAN05773,30-39,11,Master,Berlin,True,Hybrid
CAN05774,30-39,8,Bachelor,Hamburg,False,Hybrid
CAN05775,20-29,2,Master,Other Germany,False,On-site
CAN05776,40-49,3,Vocational training,Berlin,True,Remote
CAN05777,40-49,8,Bachelor,Munich,True,Hybrid
CAN05778,50+,8,Vocational training,Munich,False,Hybrid
CAN05779,40-49,10,Bachelor,Frankfurt,False,Hybrid
CAN05780,30-39,4,Bachelor,Hamburg,False,Remote
CAN05781,20-29,4,Bachelor,Outside Germany,False,Hybrid
CAN05782,30-39,3,Vocational training,Berlin,True,Hybrid
CAN05783,30-39,7,Doctorate,Other Germany,True,Hybrid
CAN05784,40-49,19,Bachelor,Frankfurt,False,Remote
CAN05785,20-29,7,Vocational training,Hamburg,False,Hybrid
CAN05786,30-39,6,Vocational training,Berlin,True,Hybrid
CAN05787,20-29,4,Bachelor,Outside Germany,False,Hybrid
CAN05788,30-39,12,Bachelor,Other Germany,False,No preference
CAN05789,30-39,6,Bachelor,Munich,False,Hybrid
CAN05790,50+,15,Vocational training,Other Germany,False,Hybrid
CAN05791,30-39,10,Vocational training,Cologne,False,On-site
CAN05792,40-49,17,Doctorate,Frankfurt,False,Hybrid
CAN05793,30-39,5,Master,Cologne,False,Hybrid
CAN05794,40-49,0,Master,Other Germany,False,Remote
CAN05795,20-29,5,Vocational training,Berlin,False,Remote
CAN05796,30-39,10,Bachelor,Hamburg,True,Hybrid
CAN05797,30-39,7,Bachelor,Hamburg,False,Hybrid
CAN05798,30-39,2,Bachelor,Other Germany,True,On-site
CAN05799,30-39,4,Vocational training,Frankfurt,True,No preference
CAN05800,30-39,6,Other,Berlin,False,Remote
CAN05801,30-39,5,Vocational training,Berlin,False,Hybrid
CAN05802,30-39,13,Other,Cologne,False,Remote
CAN05803,30-39,6,Vocational training,Outside Germany,False,Hybrid
CAN05804,30-39,4,Bachelor,Berlin,False,Remote
CAN05805,30-39,3,Bachelor,Berlin,True,Hybrid
CAN05806,30-39,9,Master,Frankfurt,False,No preference
CAN05807,40-49,3,Vocational training,Hamburg,True,Hybrid
CAN05808,30-39,2,Vocational training,Frankfurt,False,Hybrid
CAN05809,30-39,15,Bachelor,Munich,True,Remote
CAN05810,30-39,1,Bachelor,Cologne,False,Hybrid
CAN05811,30-39,9,Bachelor,Hamburg,True,Hybrid
CAN05812,30-39,6,Bachelor,Frankfurt,False,Remote
CAN05813,40-49,5,Vocational training,Munich,False,Hybrid
CAN05814,30-39,3,Bachelor,Frankfurt,False,Hybrid
CAN05815,30-39,6,Vocational training,Munich,False,Remote
CAN05816,20-29,3,Bachelor,Berlin,False,Hybrid
CAN05817,30-39,5,Master,Berlin,True,Remote
CAN05818,50+,7,Vocational training,Other Germany,True,Hybrid
CAN05819,40-49,7,Other,Hamburg,False,On-site
CAN05820,20-29,1,Vocational training,Other Germany,False,On-site
CAN05821,30-39,1,Bachelor,Berlin,False,Hybrid
CAN05822,20-29,6,Vocational training,Berlin,False,Remote
CAN05823,30-39,1,Vocational training,Other Germany,False,Hybrid
CAN05824,20-29,3,Master,Frankfurt,True,On-site
CAN05825,20-29,2,Vocational training,Other Germany,False,Remote
CAN05826,30-39,0,Master,Munich,False,No preference
CAN05827,30-39,3,Master,Other Germany,False,Remote
CAN05828,20-29,6,Master,Berlin,False,Remote
CAN05829,40-49,8,Vocational training,Hamburg,False,Remote
CAN05830,40-49,11,Vocational training,Munich,True,Hybrid
CAN05831,30-39,0,Master,Other Germany,False,Hybrid
CAN05832,40-49,8,Other,Berlin,False,Remote
CAN05833,40-49,8,Doctorate,Other Germany,True,Hybrid
CAN05834,30-39,0,Bachelor,Berlin,False,Hybrid
CAN05835,30-39,12,Master,Other Germany,False,Hybrid
CAN05836,30-39,2,Vocational training,Berlin,False,Hybrid
CAN05837,20-29,1,Master,Outside Germany,True,Hybrid
CAN05838,40-49,1,Bachelor,Cologne,True,Hybrid
CAN05839,30-39,3,Vocational training,Berlin,False,Hybrid
CAN05840,30-39,7,Vocational training,Frankfurt,False,Remote
CAN05841,20-29,2,Vocational training,Hamburg,True,No preference
CAN05842,30-39,4,Bachelor,Frankfurt,False,Hybrid
CAN05843,30-39,4,Other,Cologne,True,On-site
CAN05844,20-29,2,Bachelor,Munich,False,Hybrid
CAN05845,50+,9,Bachelor,Hamburg,False,Hybrid
CAN05846,30-39,13,Vocational training,Cologne,False,Hybrid
CAN05847,20-29,4,Master,Frankfurt,True,Remote
CAN05848,40-49,18,Vocational training,Hamburg,False,Remote
CAN05849,30-39,4,Bachelor,Berlin,False,Remote
CAN05850,30-39,4,Bachelor,Hamburg,False,On-site
CAN05851,40-49,8,Master,Hamburg,False,Hybrid
CAN05852,30-39,0,Vocational training,Berlin,True,Hybrid
CAN05853,30-39,5,Bachelor,Other Germany,False,Hybrid
CAN05854,40-49,5,Master,Cologne,False,No preference
CAN05855,40-49,5,Bachelor,Frankfurt,False,Hybrid
CAN05856,40-49,6,Bachelor,Other Germany,False,Remote
CAN05857,20-29,2,Bachelor,Frankfurt,False,Hybrid
CAN05858,40-49,1,Vocational training,Munich,False,Hybrid
CAN05859,20-29,1,Vocational training,Cologne,True,Hybrid
CAN05860,40-49,0,Master,Berlin,True,On-site
CAN05861,30-39,10,Master,Other Germany,False,Remote
CAN05862,30-39,6,Bachelor,Munich,False,No preference
CAN05863,20-29,3,Vocational training,Other Germany,False,Remote
CAN05864,20-29,4,Master,Other Germany,False,Hybrid
CAN05865,30-39,4,Vocational training,Cologne,True,Hybrid
CAN05866,30-39,9,Vocational training,Outside Germany,False,On-site
CAN05867,20-29,3,Master,Outside Germany,False,Remote
CAN05868,40-49,14,Master,Hamburg,False,Hybrid
CAN05869,40-49,7,Vocational training,Berlin,False,Hybrid
CAN05870,30-39,9,Master,Hamburg,False,Hybrid
CAN05871,30-39,6,Master,Hamburg,False,Hybrid
CAN05872,30-39,2,Vocational training,Frankfurt,False,Hybrid
CAN05873,40-49,9,Vocational training,Other Germany,False,Hybrid
CAN05874,50+,15,Bachelor,Other Germany,True,Hybrid
CAN05875,30-39,4,Master,Cologne,False,Hybrid
CAN05876,40-49,1,Other,Cologne,False,Remote
CAN05877,50+,12,Bachelor,Berlin,False,No preference
CAN05878,40-49,8,Doctorate,Berlin,False,Hybrid
CAN05879,30-39,12,Master,Other Germany,False,Remote
CAN05880,20-29,0,Master,Other Germany,True,Remote
CAN05881,40-49,5,Doctorate,Outside Germany,False,Hybrid
CAN05882,30-39,3,Vocational training,Berlin,True,Hybrid
CAN05883,40-49,5,Doctorate,Frankfurt,True,Remote
CAN05884,40-49,4,Master,Berlin,False,On-site
CAN05885,40-49,5,Master,Berlin,False,Hybrid
CAN05886,30-39,5,Bachelor,Other Germany,True,Hybrid
CAN05887,20-29,2,Vocational training,Other Germany,False,Remote
CAN05888,30-39,9,Vocational training,Frankfurt,True,Remote
CAN05889,50+,19,Vocational training,Berlin,True,Remote
CAN05890,40-49,3,Vocational training,Other Germany,False,Remote
CAN05891,50+,9,Bachelor,Frankfurt,True,On-site
CAN05892,30-39,9,Vocational training,Berlin,False,Hybrid
CAN05893,30-39,7,Vocational training,Munich,False,On-site
CAN05894,30-39,5,Bachelor,Hamburg,False,Hybrid
CAN05895,40-49,5,Master,Berlin,False,Remote
CAN05896,20-29,2,Bachelor,Other Germany,False,No preference
CAN05897,30-39,5,Vocational training,Hamburg,False,Hybrid
CAN05898,30-39,4,Master,Hamburg,True,Hybrid
CAN05899,50+,10,Vocational training,Berlin,False,On-site
CAN05900,20-29,3,Vocational training,Frankfurt,False,Hybrid
CAN05901,40-49,4,Vocational training,Other Germany,False,On-site
CAN05902,20-29,2,Vocational training,Frankfurt,False,No preference
CAN05903,40-49,7,Bachelor,Frankfurt,False,Hybrid
CAN05904,30-39,10,Vocational training,Munich,False,Remote
CAN05905,40-49,4,Vocational training,Munich,False,On-site
CAN05906,40-49,23,Master,Munich,False,Hybrid
CAN05907,20-29,0,Bachelor,Berlin,False,Remote
CAN05908,40-49,6,Master,,True,Hybrid
CAN05909,20-29,2,Bachelor,Outside Germany,False,Hybrid
CAN05910,40-49,2,Bachelor,Frankfurt,True,Remote
CAN05911,30-39,7,Vocational training,Outside Germany,True,On-site
CAN05912,40-49,14,Bachelor,Other Germany,False,On-site
CAN05913,50+,15,Master,Hamburg,False,Remote
CAN05914,30-39,5,Master,Frankfurt,True,Remote
CAN05915,20-29,0,Vocational training,Cologne,False,No preference
CAN05916,30-39,2,Bachelor,Outside Germany,False,No preference
CAN05917,30-39,4,Bachelor,Munich,False,Remote
CAN05918,30-39,3,Other,Berlin,False,No preference
CAN05919,20-29,3,Vocational training,Frankfurt,True,Hybrid
CAN05920,50+,10,Other,Hamburg,True,Remote
CAN05921,30-39,2,Vocational training,Other Germany,False,On-site
CAN05922,40-49,12,Master,Cologne,True,Remote
CAN05923,30-39,3,Master,Berlin,False,No preference
CAN05924,30-39,4,Bachelor,Frankfurt,False,Remote
CAN05925,30-39,4,Other,Munich,False,Hybrid
CAN05926,40-49,8,Vocational training,Munich,False,Hybrid
CAN05927,40-49,1,Bachelor,Frankfurt,False,Remote
CAN05928,30-39,3,Bachelor,Other Germany,False,Remote
CAN05929,50+,12,Bachelor,Other Germany,False,Hybrid
CAN05930,20-29,2,Bachelor,Other Germany,False,Remote
CAN05931,40-49,7,Bachelor,Berlin,False,Hybrid
CAN05932,30-39,5,Master,Munich,False,Remote
CAN05933,30-39,9,Bachelor,Frankfurt,False,On-site
CAN05934,40-49,5,Bachelor,Frankfurt,False,No preference
CAN05935,30-39,6,Bachelor,Frankfurt,False,Hybrid
CAN05936,40-49,20,Master,Other Germany,False,On-site
CAN05937,20-29,4,Master,Berlin,False,On-site
CAN05938,30-39,3,Bachelor,Munich,False,Hybrid
CAN05939,40-49,11,Vocational training,Cologne,False,On-site
CAN05940,50+,14,Master,Berlin,False,Remote
CAN05941,50+,25,Vocational training,Berlin,True,Remote
CAN05942,40-49,13,Vocational training,Munich,True,Hybrid
CAN05943,30-39,3,Bachelor,Hamburg,True,Hybrid
CAN05944,20-29,0,Vocational training,Cologne,False,No preference
CAN05945,30-39,4,Vocational training,Munich,False,Remote
CAN05946,20-29,1,Vocational training,Other Germany,False,No preference
CAN05947,20-29,4,Bachelor,Other Germany,False,Hybrid
CAN05948,30-39,2,Bachelor,Frankfurt,False,No preference
CAN05949,20-29,1,Vocational training,Other Germany,True,On-site
CAN05950,30-39,9,Bachelor,Other Germany,True,Remote
CAN05951,30-39,11,Other,Frankfurt,False,Hybrid
CAN05952,20-29,2,Bachelor,Frankfurt,True,Hybrid
CAN05953,20-29,4,Bachelor,Other Germany,True,Hybrid
CAN05954,20-29,3,Vocational training,Frankfurt,True,Hybrid
CAN05955,20-29,4,Master,Hamburg,False,Remote
CAN05956,30-39,0,Vocational training,Frankfurt,False,Hybrid
CAN05957,50+,22,Vocational training,Hamburg,False,Remote
CAN05958,30-39,11,Master,Cologne,True,Hybrid
CAN05959,30-39,6,Doctorate,Hamburg,False,On-site
CAN05960,40-49,7,Bachelor,Other Germany,False,No preference
CAN05961,30-39,6,Master,Other Germany,False,Remote
CAN05962,20-29,1,Doctorate,Munich,False,Hybrid
CAN05963,30-39,4,Vocational training,Hamburg,True,Hybrid
CAN05964,40-49,12,Vocational training,Hamburg,False,Hybrid
CAN05965,40-49,6,Master,Other Germany,False,Remote
CAN05966,40-49,3,Vocational training,Hamburg,False,Remote
CAN05967,30-39,3,Bachelor,Frankfurt,False,On-site
CAN05968,40-49,8,Master,Hamburg,False,Hybrid
CAN05969,40-49,6,Other,Munich,False,Hybrid
CAN05970,40-49,6,Bachelor,Frankfurt,True,Hybrid
CAN05971,40-49,10,Vocational training,Other Germany,True,Hybrid
CAN05972,40-49,12,Doctorate,Cologne,True,Remote
CAN05973,30-39,6,Vocational training,Hamburg,False,Hybrid
CAN05974,30-39,5,Vocational training,Other Germany,True,No preference
CAN05975,50+,16,Vocational training,Berlin,True,Hybrid
CAN05976,40-49,3,Vocational training,Munich,False,On-site
CAN05977,40-49,8,Vocational training,Other Germany,False,Hybrid
CAN05978,30-39,3,Vocational training,Hamburg,False,Hybrid
CAN05979,30-39,6,Vocational training,Hamburg,False,Hybrid
CAN05980,30-39,7,Vocational training,Munich,True,Hybrid
CAN05981,40-49,9,Master,Munich,False,Hybrid
CAN05982,30-39,6,Vocational training,Other Germany,False,Remote
CAN05983,30-39,2,Master,Other Germany,True,Hybrid
CAN05984,50+,11,Other,Other Germany,True,No preference
CAN05985,40-49,11,Master,Hamburg,False,No preference
CAN05986,20-29,4,Bachelor,Cologne,False,Hybrid
CAN05987,50+,9,Vocational training,Frankfurt,False,On-site
CAN05988,40-49,11,Vocational training,Other Germany,False,Hybrid
CAN05989,40-49,12,Vocational training,Other Germany,True,No preference
CAN05990,30-39,4,Vocational training,Frankfurt,False,Hybrid
CAN05991,30-39,3,Vocational training,Berlin,False,On-site
CAN05992,20-29,0,Bachelor,Hamburg,False,No preference
CAN05993,40-49,15,Vocational training,Munich,True,On-site
CAN05994,30-39,6,Master,Other Germany,False,Hybrid
CAN05995,40-49,2,Bachelor,Berlin,True,No preference
CAN05996,50+,9,Master,Berlin,True,On-site
CAN05997,30-39,4,Vocational training,Berlin,True,Hybrid
CAN05998,30-39,8,Bachelor,Other Germany,True,Remote
CAN05999,50+,17,Vocational training,Berlin,False,No preference
CAN06000,30-39,1,Vocational training,Other Germany,False,No preference
CAN06001,40-49,3,Bachelor,Munich,False,No preference
CAN06002,40-49,12,Bachelor,Outside Germany,False,Hybrid
CAN06003,30-39,4,Vocational training,Frankfurt,True,Hybrid
CAN06004,40-49,12,Vocational training,Munich,False,Hybrid
CAN06005,30-39,1,Vocational training,Berlin,False,No preference
CAN06006,50+,7,Bachelor,Cologne,True,Hybrid
CAN06007,20-29,6,Vocational training,Hamburg,True,Hybrid
CAN06008,50+,12,Bachelor,Munich,False,Hybrid
CAN06009,30-39,3,Vocational training,Frankfurt,False,Hybrid
CAN06010,30-39,1,Vocational training,Berlin,False,Remote
CAN06011,30-39,3,Vocational training,Hamburg,True,Hybrid
CAN06012,20-29,3,Bachelor,Other Germany,False,Remote
CAN06013,50+,13,Bachelor,Frankfurt,False,Hybrid
CAN06014,40-49,13,Other,Munich,True,Hybrid
CAN06015,40-49,7,Vocational training,Munich,False,Hybrid
CAN06016,30-39,15,Bachelor,Cologne,False,No preference
CAN06017,40-49,4,Master,Berlin,True,On-site
CAN06018,30-39,13,Master,Cologne,False,On-site
CAN06019,40-49,4,Master,Other Germany,False,Remote
CAN06020,40-49,6,Master,Munich,False,Hybrid
CAN06021,20-29,3,Master,Outside Germany,False,No preference
CAN06022,40-49,1,Vocational training,Outside Germany,True,Hybrid
CAN06023,30-39,7,Vocational training,Hamburg,False,Hybrid
CAN06024,30-39,2,Bachelor,Other Germany,False,No preference
CAN06025,30-39,17,Master,Other Germany,False,Hybrid
CAN06026,20-29,7,Vocational training,Hamburg,False,Hybrid
CAN06027,40-49,4,Vocational training,Munich,False,Hybrid
CAN06028,30-39,2,Bachelor,Other Germany,True,Remote
CAN06029,50+,6,Master,Other Germany,False,Remote
CAN06030,50+,11,Bachelor,Cologne,True,Remote
CAN06031,40-49,5,Vocational training,Berlin,False,No preference
CAN06032,50+,17,Master,Frankfurt,False,Hybrid
CAN06033,20-29,2,Bachelor,Frankfurt,False,Hybrid
CAN06034,20-29,5,Master,Munich,False,Remote
CAN06035,30-39,7,Master,Other Germany,False,Remote
CAN06036,40-49,6,Master,Other Germany,False,Remote
CAN06037,20-29,2,Master,Hamburg,True,On-site
CAN06038,30-39,6,Master,Berlin,False,On-site
CAN06039,30-39,5,Bachelor,Other Germany,False,Hybrid
CAN06040,20-29,8,Vocational training,Frankfurt,True,Hybrid
CAN06041,40-49,6,Master,Other Germany,False,Hybrid
CAN06042,40-49,4,Bachelor,Hamburg,True,Hybrid
CAN06043,20-29,2,Master,Other Germany,False,Remote
CAN06044,40-49,12,Master,Other Germany,False,No preference
CAN06045,40-49,12,Vocational training,Frankfurt,False,Remote
CAN06046,40-49,3,Vocational training,Other Germany,True,Remote
CAN06047,40-49,1,Master,Berlin,True,Remote
CAN06048,30-39,4,Master,Frankfurt,True,Remote
CAN06049,20-29,1,Master,Frankfurt,True,Remote
CAN06050,40-49,2,Bachelor,Frankfurt,False,No preference
CAN06051,40-49,2,Master,Hamburg,False,Hybrid
CAN06052,40-49,3,Vocational training,Cologne,False,No preference
CAN06053,40-49,1,Master,Hamburg,False,Hybrid
CAN06054,30-39,4,Doctorate,Other Germany,False,Remote
CAN06055,20-29,6,Bachelor,Cologne,False,No preference
CAN06056,20-29,2,Bachelor,Berlin,True,No preference
CAN06057,40-49,11,Bachelor,Frankfurt,True,Remote
CAN06058,30-39,8,Vocational training,Munich,False,On-site
CAN06059,40-49,3,Master,Other Germany,False,On-site
CAN06060,20-29,0,Master,Cologne,False,Remote
CAN06061,30-39,1,Other,Other Germany,False,No preference
CAN06062,50+,16,Vocational training,Other Germany,False,Hybrid
CAN06063,20-29,9,Master,Frankfurt,True,Hybrid
CAN06064,40-49,1,Vocational training,Munich,True,Remote
CAN06065,30-39,9,Master,Frankfurt,False,Hybrid
CAN06066,20-29,4,Vocational training,Other Germany,False,Hybrid
CAN06067,20-29,1,Bachelor,Frankfurt,False,Remote
CAN06068,20-29,7,Bachelor,Cologne,True,Remote
CAN06069,40-49,7,Vocational training,Berlin,True,On-site
CAN06070,20-29,2,Bachelor,Hamburg,True,Hybrid
CAN06071,50+,7,Vocational training,Munich,False,Remote
CAN06072,30-39,6,Bachelor,,False,Hybrid
CAN06073,40-49,1,Master,Other Germany,False,No preference
CAN06074,30-39,7,Bachelor,Hamburg,False,Hybrid
CAN06075,20-29,4,Master,Other Germany,True,Hybrid
CAN06076,30-39,10,Bachelor,Other Germany,True,Remote
CAN06077,40-49,12,Vocational training,Other Germany,False,On-site
CAN06078,30-39,12,Bachelor,Hamburg,False,Hybrid
CAN06079,40-49,2,Vocational training,Frankfurt,False,No preference
CAN06080,50+,11,Other,Frankfurt,True,Hybrid
CAN06081,30-39,9,Bachelor,Berlin,False,Hybrid
CAN06082,40-49,7,Bachelor,Other Germany,False,Hybrid
CAN06083,50+,12,Vocational training,Berlin,True,Hybrid
CAN06084,30-39,6,Bachelor,Other Germany,True,Remote
CAN06085,20-29,0,Vocational training,Berlin,True,Remote
CAN06086,50+,10,Vocational training,Berlin,False,Hybrid
CAN06087,40-49,5,Vocational training,Munich,False,Hybrid
CAN06088,30-39,3,Vocational training,Frankfurt,False,On-site
CAN06089,40-49,4,Bachelor,Cologne,False,Remote
CAN06090,40-49,8,Bachelor,Other Germany,False,Remote
CAN06091,30-39,3,Vocational training,Berlin,False,Hybrid
CAN06092,40-49,7,Vocational training,Berlin,False,Remote
CAN06093,40-49,5,Vocational training,Berlin,False,No preference
CAN06094,40-49,5,Bachelor,Munich,False,Hybrid
CAN06095,30-39,2,Vocational training,Hamburg,False,No preference
CAN06096,30-39,13,Bachelor,Berlin,False,Remote
CAN06097,30-39,9,Doctorate,Outside Germany,True,Remote
CAN06098,20-29,8,Vocational training,Other Germany,False,Remote
CAN06099,30-39,9,Vocational training,Berlin,False,Hybrid
CAN06100,40-49,4,Vocational training,Berlin,True,Remote
CAN06101,40-49,8,Bachelor,Cologne,False,Remote
CAN06102,40-49,9,Vocational training,Frankfurt,False,Hybrid
CAN06103,30-39,9,Bachelor,Hamburg,True,Remote
CAN06104,20-29,3,Vocational training,Frankfurt,False,No preference
CAN06105,40-49,6,Bachelor,Berlin,True,Hybrid
CAN06106,20-29,0,Vocational training,Frankfurt,False,On-site
CAN06107,40-49,9,Vocational training,Frankfurt,False,Remote
CAN06108,30-39,5,Bachelor,Frankfurt,False,Hybrid
CAN06109,30-39,4,Other,Munich,True,Hybrid
CAN06110,40-49,4,Master,Cologne,False,Hybrid
CAN06111,40-49,2,Master,Munich,False,On-site
CAN06112,20-29,3,Master,Cologne,False,Remote
CAN06113,40-49,10,Vocational training,Other Germany,False,Hybrid
CAN06114,20-29,9,Bachelor,Frankfurt,False,Hybrid
CAN06115,20-29,2,Vocational training,Outside Germany,True,Hybrid
CAN06116,40-49,4,Bachelor,Frankfurt,True,Hybrid
CAN06117,40-49,6,Vocational training,Munich,False,Hybrid
CAN06118,40-49,11,Bachelor,Other Germany,False,Hybrid
CAN06119,40-49,9,Master,Other Germany,False,Hybrid
CAN06120,40-49,5,Vocational training,Munich,False,Remote
CAN06121,50+,8,Bachelor,Munich,False,On-site
CAN06122,30-39,12,Vocational training,Berlin,False,Hybrid
CAN06123,40-49,4,Vocational training,Frankfurt,False,Hybrid
CAN06124,30-39,5,Vocational training,Cologne,False,Hybrid
CAN06125,40-49,1,Bachelor,Frankfurt,True,Hybrid
CAN06126,40-49,8,Bachelor,Outside Germany,False,Remote
CAN06127,30-39,10,Other,Hamburg,True,Remote
CAN06128,20-29,1,Vocational training,Cologne,True,Remote
CAN06129,30-39,10,Master,Other Germany,True,Remote
CAN06130,30-39,0,Master,Frankfurt,False,No preference
CAN06131,30-39,15,Vocational training,Outside Germany,True,Hybrid
CAN06132,50+,12,Bachelor,Frankfurt,False,Hybrid
CAN06133,40-49,5,Bachelor,Berlin,False,Remote
CAN06134,30-39,8,Bachelor,Frankfurt,False,Hybrid
CAN06135,40-49,2,Master,Frankfurt,True,Hybrid
CAN06136,30-39,2,Vocational training,Other Germany,True,Remote
CAN06137,30-39,6,Vocational training,Frankfurt,False,Hybrid
CAN06138,30-39,6,Vocational training,Frankfurt,False,Hybrid
CAN06139,40-49,3,Bachelor,Frankfurt,True,Remote
CAN06140,30-39,6,Vocational training,Other Germany,True,Hybrid
CAN06141,30-39,1,Master,Berlin,False,On-site
CAN06142,50+,18,Bachelor,Munich,True,Hybrid
CAN06143,40-49,5,Master,Munich,False,Remote
CAN06144,40-49,3,Doctorate,Other Germany,True,No preference
CAN06145,40-49,2,Master,Frankfurt,False,Hybrid
CAN06146,20-29,9,Vocational training,Other Germany,False,Remote
CAN06147,40-49,7,Vocational training,Cologne,True,Hybrid
CAN06148,20-29,4,Bachelor,Berlin,False,No preference
CAN06149,40-49,4,Other,Berlin,False,Hybrid
CAN06150,30-39,6,Vocational training,Hamburg,True,On-site
CAN06151,50+,14,Master,Berlin,False,On-site
CAN06152,30-39,2,Master,Berlin,False,Hybrid
CAN06153,50+,10,Bachelor,Hamburg,False,Hybrid
CAN06154,50+,7,Bachelor,Berlin,False,Remote
CAN06155,20-29,1,Bachelor,Hamburg,True,On-site
CAN06156,30-39,12,Vocational training,Other Germany,True,Hybrid
CAN06157,50+,8,Bachelor,Cologne,True,Hybrid
CAN06158,30-39,7,Master,,True,Remote
CAN06159,40-49,4,Vocational training,Cologne,True,Hybrid
CAN06160,40-49,5,Master,Frankfurt,False,On-site
CAN06161,30-39,12,Master,Cologne,True,Hybrid
CAN06162,30-39,9,Doctorate,Hamburg,False,Hybrid
CAN06163,30-39,2,Vocational training,Frankfurt,False,Hybrid
CAN06164,50+,13,Other,Hamburg,False,Remote
CAN06165,30-39,13,Master,Berlin,False,Hybrid
CAN06166,40-49,2,Vocational training,Other Germany,False,Remote
CAN06167,20-29,1,Bachelor,Frankfurt,False,Hybrid
CAN06168,40-49,17,Bachelor,Other Germany,True,On-site
CAN06169,30-39,11,Vocational training,Cologne,False,Remote
CAN06170,30-39,3,Vocational training,Frankfurt,True,Hybrid
CAN06171,50+,12,Doctorate,Frankfurt,True,Remote
CAN06172,40-49,7,Bachelor,Munich,False,On-site
CAN06173,30-39,2,Master,Munich,False,Hybrid
CAN06174,30-39,9,Master,Other Germany,False,Hybrid
CAN06175,30-39,2,Bachelor,Cologne,True,Remote
CAN06176,40-49,6,Bachelor,Outside Germany,False,Hybrid
CAN06177,30-39,5,Other,Outside Germany,False,Hybrid
CAN06178,40-49,5,Bachelor,Other Germany,True,Remote
CAN06179,40-49,8,Bachelor,Frankfurt,False,Hybrid
CAN06180,40-49,14,Bachelor,Frankfurt,False,Hybrid
CAN06181,30-39,4,Bachelor,Frankfurt,False,Hybrid
CAN06182,40-49,5,Vocational training,Frankfurt,True,Hybrid
CAN06183,40-49,5,Vocational training,Hamburg,False,No preference
CAN06184,30-39,12,Master,Frankfurt,False,No preference
CAN06185,30-39,6,Bachelor,Frankfurt,True,Remote
CAN06186,30-39,4,Master,Frankfurt,False,Remote
CAN06187,50+,14,Bachelor,Hamburg,False,No preference
CAN06188,30-39,11,Vocational training,Frankfurt,True,Hybrid
CAN06189,50+,19,Master,Frankfurt,True,Remote
CAN06190,40-49,13,Bachelor,Frankfurt,True,No preference
CAN06191,30-39,4,Bachelor,Frankfurt,False,Hybrid
CAN06192,30-39,6,Vocational training,Other Germany,True,Hybrid
CAN06193,30-39,5,Bachelor,Frankfurt,False,Remote
CAN06194,50+,20,Master,Frankfurt,False,No preference
CAN06195,20-29,3,Bachelor,Other Germany,False,On-site
CAN06196,40-49,11,Bachelor,Frankfurt,False,No preference
CAN06197,40-49,10,Master,Other Germany,True,Remote
CAN06198,20-29,4,Vocational training,Berlin,False,On-site
CAN06199,40-49,11,Master,Frankfurt,False,Hybrid
CAN06200,30-39,11,Master,Munich,False,On-site
CAN06201,30-39,8,Other,Hamburg,True,No preference
CAN06202,40-49,4,Vocational training,Other Germany,False,Hybrid
CAN06203,50+,21,Vocational training,Other Germany,True,Hybrid
CAN06204,40-49,5,Master,Berlin,False,Hybrid
CAN06205,30-39,3,Bachelor,Frankfurt,True,Remote
CAN06206,30-39,11,Vocational training,Munich,False,Hybrid
CAN06207,30-39,2,Master,Frankfurt,False,Remote
CAN06208,40-49,8,Vocational training,Frankfurt,False,Hybrid
CAN06209,40-49,12,Vocational training,Frankfurt,False,Remote
CAN06210,20-29,8,Vocational training,Berlin,False,No preference
CAN06211,40-49,6,Master,Munich,False,Hybrid
CAN06212,40-49,5,Bachelor,Hamburg,False,Hybrid
CAN06213,20-29,5,Vocational training,Other Germany,False,Remote
CAN06214,30-39,9,Master,Other Germany,False,No preference
CAN06215,40-49,6,Vocational training,Outside Germany,False,Hybrid
CAN06216,30-39,3,Bachelor,Other Germany,False,Hybrid
CAN06217,30-39,7,Vocational training,Cologne,False,Hybrid
CAN06218,30-39,4,Vocational training,,True,No preference
CAN06219,40-49,3,Vocational training,Other Germany,True,Remote
CAN06220,40-49,9,Bachelor,Other Germany,True,Hybrid
CAN06221,30-39,0,Bachelor,Other Germany,True,No preference
CAN06222,30-39,8,Bachelor,Berlin,False,Hybrid
CAN06223,30-39,5,Bachelor,Other Germany,True,Remote
CAN06224,30-39,7,Bachelor,Munich,False,On-site
CAN06225,20-29,3,Bachelor,Munich,False,No preference
CAN06226,20-29,1,Master,Frankfurt,False,On-site
CAN06227,50+,21,Master,Hamburg,True,Remote
CAN06228,40-49,11,Vocational training,Frankfurt,False,Hybrid
CAN06229,20-29,3,Master,Frankfurt,False,On-site
CAN06230,40-49,6,Vocational training,Other Germany,False,Hybrid
CAN06231,30-39,4,Other,Berlin,False,Hybrid
CAN06232,30-39,13,Bachelor,Frankfurt,True,Hybrid
CAN06233,40-49,7,Vocational training,Hamburg,True,Remote
CAN06234,50+,8,Vocational training,Other Germany,False,Hybrid
CAN06235,30-39,7,Vocational training,Frankfurt,True,No preference
CAN06236,30-39,2,Vocational training,Cologne,True,Hybrid
CAN06237,20-29,2,Bachelor,Other Germany,True,No preference
CAN06238,30-39,14,Vocational training,Hamburg,False,Hybrid
CAN06239,40-49,21,Bachelor,Other Germany,False,Remote
CAN06240,50+,25,Bachelor,Outside Germany,False,Hybrid
CAN06241,30-39,6,Vocational training,Hamburg,True,Remote
CAN06242,40-49,5,Vocational training,Berlin,False,Hybrid
CAN06243,30-39,5,Vocational training,Berlin,True,On-site
CAN06244,40-49,15,Bachelor,Frankfurt,True,Hybrid
CAN06245,30-39,3,Vocational training,Other Germany,True,Remote
CAN06246,40-49,5,Vocational training,Other Germany,False,Hybrid
CAN06247,30-39,10,Master,Hamburg,True,Hybrid
CAN06248,20-29,5,Vocational training,Other Germany,False,No preference
CAN06249,20-29,1,Vocational training,Cologne,True,Hybrid
CAN06250,30-39,9,Vocational training,Other Germany,True,No preference
CAN06251,40-49,10,Bachelor,Other Germany,False,Hybrid
CAN06252,30-39,3,Master,Frankfurt,False,Hybrid
CAN06253,30-39,6,Master,Other Germany,False,Hybrid
CAN06254,30-39,1,Vocational training,Frankfurt,False,Hybrid
CAN06255,40-49,6,Master,Berlin,False,Hybrid
CAN06256,40-49,7,Vocational training,Berlin,True,On-site
CAN06257,40-49,9,Master,Other Germany,True,On-site
CAN06258,40-49,11,Bachelor,Frankfurt,True,Remote
CAN06259,30-39,7,Other,Outside Germany,False,Hybrid
CAN06260,40-49,9,Bachelor,Berlin,True,Hybrid
CAN06261,50+,7,Bachelor,Other Germany,False,Hybrid
CAN06262,40-49,9,Master,Berlin,True,Hybrid
CAN06263,30-39,10,Vocational training,Berlin,True,Hybrid
CAN06264,30-39,5,Bachelor,Munich,True,Hybrid
CAN06265,30-39,7,Bachelor,Cologne,False,Remote
CAN06266,50+,6,Other,Other Germany,False,Hybrid
CAN06267,40-49,3,Bachelor,Hamburg,False,Remote
CAN06268,40-49,8,Master,Munich,False,No preference
CAN06269,50+,8,Vocational training,Berlin,False,Remote
CAN06270,20-29,5,Vocational training,Other Germany,True,Hybrid
CAN06271,20-29,4,Vocational training,Berlin,False,No preference
CAN06272,50+,25,Vocational training,Frankfurt,True,Hybrid
CAN06273,20-29,5,Master,Cologne,False,On-site
CAN06274,40-49,6,Vocational training,Berlin,True,Remote
CAN06275,30-39,1,Bachelor,Munich,True,Hybrid
CAN06276,40-49,6,Vocational training,Berlin,True,Hybrid
CAN06277,30-39,3,Master,Frankfurt,False,Hybrid
CAN06278,20-29,4,Bachelor,Cologne,False,No preference
CAN06279,20-29,7,Other,Frankfurt,True,Hybrid
CAN06280,20-29,1,Master,Berlin,False,No preference
CAN06281,20-29,4,Vocational training,Berlin,True,Hybrid
CAN06282,40-49,2,Vocational training,Hamburg,False,No preference
CAN06283,30-39,6,Master,Outside Germany,True,Remote
CAN06284,40-49,6,Vocational training,Other Germany,False,Hybrid
CAN06285,40-49,5,Other,Other Germany,True,Remote
CAN06286,30-39,7,Bachelor,Frankfurt,True,Hybrid
CAN06287,20-29,7,Master,Frankfurt,False,Remote
CAN06288,20-29,3,Bachelor,Munich,False,Hybrid
CAN06289,20-29,8,Vocational training,Hamburg,False,Hybrid
CAN06290,40-49,5,Vocational training,Cologne,True,On-site
CAN06291,50+,15,Bachelor,Frankfurt,False,Remote
CAN06292,30-39,13,Master,Other Germany,False,On-site
CAN06293,30-39,12,Vocational training,Outside Germany,True,On-site
CAN06294,40-49,3,Bachelor,Berlin,False,Hybrid
CAN06295,50+,7,Master,Berlin,False,Remote
CAN06296,20-29,2,Bachelor,Other Germany,False,Remote
CAN06297,30-39,4,Other,Munich,True,Hybrid
CAN06298,40-49,13,Doctorate,Cologne,True,Remote
CAN06299,40-49,2,Master,Hamburg,True,Remote
CAN06300,30-39,4,Master,Munich,True,Hybrid
CAN06301,20-29,2,Bachelor,Outside Germany,False,Hybrid
CAN06302,40-49,10,Bachelor,Other Germany,False,Remote
CAN06303,40-49,6,Vocational training,Frankfurt,False,Remote
CAN06304,20-29,4,Vocational training,Outside Germany,False,Hybrid
CAN06305,40-49,1,Master,Other Germany,True,Hybrid
CAN06306,30-39,3,Vocational training,Frankfurt,False,Remote
CAN06307,40-49,5,Bachelor,Other Germany,True,On-site
CAN06308,20-29,4,Bachelor,Cologne,False,Hybrid
CAN06309,30-39,4,Bachelor,Frankfurt,False,Remote
CAN06310,30-39,4,Vocational training,Munich,True,Hybrid
CAN06311,30-39,9,Vocational training,Hamburg,False,Hybrid
CAN06312,40-49,0,Bachelor,Outside Germany,True,Remote
CAN06313,30-39,12,Bachelor,Munich,False,Remote
CAN06314,30-39,13,Vocational training,Cologne,False,Hybrid
CAN06315,30-39,2,Vocational training,Munich,False,Hybrid
CAN06316,30-39,2,Bachelor,Frankfurt,True,Hybrid
CAN06317,30-39,9,Master,Munich,False,No preference
CAN06318,30-39,6,Vocational training,Hamburg,False,Hybrid
CAN06319,30-39,16,Bachelor,Other Germany,True,Hybrid
CAN06320,50+,11,Bachelor,Other Germany,False,No preference
CAN06321,30-39,7,Master,Other Germany,False,No preference
CAN06322,30-39,5,Master,Other Germany,False,Remote
CAN06323,20-29,8,Bachelor,Cologne,False,No preference
CAN06324,40-49,3,Bachelor,Berlin,False,On-site
CAN06325,30-39,12,Bachelor,Munich,True,Remote
CAN06326,20-29,6,Vocational training,Other Germany,False,Hybrid
CAN06327,20-29,8,Vocational training,Outside Germany,False,On-site
CAN06328,20-29,5,Vocational training,Frankfurt,True,Hybrid
CAN06329,30-39,9,Master,Frankfurt,False,Hybrid
CAN06330,20-29,4,Bachelor,Berlin,False,Hybrid
CAN06331,40-49,3,Bachelor,Munich,False,No preference
CAN06332,40-49,9,Vocational training,Frankfurt,False,Remote
CAN06333,40-49,4,Bachelor,Hamburg,False,No preference
CAN06334,30-39,6,Bachelor,Other Germany,False,Hybrid
CAN06335,30-39,4,Master,Other Germany,False,Hybrid
CAN06336,40-49,7,Vocational training,Hamburg,False,Remote
CAN06337,40-49,3,Other,Berlin,True,On-site
CAN06338,50+,10,Vocational training,Other Germany,True,Remote
CAN06339,20-29,2,Vocational training,Other Germany,False,Hybrid
CAN06340,40-49,15,Master,Hamburg,False,Hybrid
CAN06341,40-49,11,Master,Munich,False,On-site
CAN06342,30-39,4,Vocational training,Munich,True,Hybrid
CAN06343,30-39,1,Bachelor,Other Germany,True,No preference
CAN06344,20-29,5,Vocational training,Other Germany,True,Remote
CAN06345,50+,13,Bachelor,Other Germany,False,Hybrid
CAN06346,40-49,2,Vocational training,Frankfurt,False,Remote
CAN06347,30-39,10,Master,Other Germany,False,Remote
CAN06348,40-49,2,Master,Cologne,True,No preference
CAN06349,30-39,8,Bachelor,Other Germany,False,Remote
CAN06350,30-39,6,Master,Berlin,False,On-site
CAN06351,30-39,4,Vocational training,Frankfurt,True,Hybrid
CAN06352,30-39,8,Vocational training,Other Germany,True,Remote
CAN06353,30-39,1,Bachelor,Other Germany,True,No preference
CAN06354,30-39,8,Bachelor,Outside Germany,True,Remote
CAN06355,30-39,2,Master,Berlin,True,Remote
CAN06356,40-49,5,Master,Berlin,True,On-site
CAN06357,40-49,4,Bachelor,Munich,False,Remote
CAN06358,30-39,3,Master,Berlin,False,Hybrid
CAN06359,20-29,2,Vocational training,Cologne,True,Remote
CAN06360,40-49,4,Bachelor,Munich,True,Remote
CAN06361,20-29,5,Other,Cologne,True,Hybrid
CAN06362,50+,25,Bachelor,Berlin,True,Hybrid
CAN06363,50+,13,Vocational training,Berlin,False,Hybrid
CAN06364,30-39,9,Vocational training,Other Germany,False,Remote
CAN06365,20-29,5,Vocational training,Berlin,False,Remote
CAN06366,30-39,1,Vocational training,Frankfurt,True,No preference
CAN06367,30-39,9,Master,Other Germany,True,Remote
CAN06368,20-29,2,Vocational training,Other Germany,True,On-site
CAN06369,40-49,8,Master,Munich,True,Hybrid
CAN06370,20-29,3,Bachelor,Other Germany,False,No preference
CAN06371,50+,14,Bachelor,Other Germany,False,Hybrid
CAN06372,20-29,0,Vocational training,Other Germany,True,On-site
CAN06373,20-29,8,Bachelor,Berlin,True,Remote
CAN06374,30-39,8,Vocational training,Other Germany,False,Hybrid
CAN06375,40-49,7,Vocational training,Other Germany,False,On-site
CAN06376,30-39,5,Vocational training,Other Germany,False,Hybrid
CAN06377,20-29,5,Other,Frankfurt,False,Remote
CAN06378,20-29,1,Vocational training,Other Germany,False,Hybrid
CAN06379,40-49,9,Doctorate,Munich,True,Remote
CAN06380,40-49,2,Vocational training,Other Germany,True,Hybrid
CAN06381,40-49,4,Master,Hamburg,False,Remote
CAN06382,40-49,3,Vocational training,Cologne,True,On-site
CAN06383,30-39,10,Bachelor,Other Germany,True,Remote
CAN06384,30-39,5,Bachelor,Other Germany,True,Hybrid
CAN06385,40-49,8,Bachelor,Berlin,True,No preference
CAN06386,20-29,3,Master,Other Germany,True,Remote
CAN06387,40-49,9,Vocational training,Other Germany,False,No preference
CAN06388,20-29,1,Bachelor,Munich,False,No preference
CAN06389,40-49,7,Other,Frankfurt,False,No preference
CAN06390,50+,15,Bachelor,Frankfurt,True,Hybrid
CAN06391,20-29,9,Bachelor,Other Germany,True,Hybrid
CAN06392,40-49,14,Bachelor,Hamburg,False,Remote
CAN06393,50+,25,Master,Other Germany,False,Hybrid
CAN06394,30-39,2,Bachelor,Other Germany,False,Remote
CAN06395,40-49,6,Vocational training,Berlin,False,Hybrid
CAN06396,30-39,1,Bachelor,Cologne,False,Remote
CAN06397,20-29,3,Master,Frankfurt,True,Hybrid
CAN06398,40-49,5,Vocational training,Berlin,True,Remote
CAN06399,30-39,2,Doctorate,Other Germany,True,No preference
CAN06400,20-29,5,Master,Hamburg,True,Hybrid
CAN06401,20-29,7,Doctorate,Other Germany,True,Remote
CAN06402,30-39,0,Bachelor,Other Germany,True,Remote
CAN06403,30-39,10,Vocational training,Other Germany,True,On-site
CAN06404,30-39,7,Master,Other Germany,False,Hybrid
CAN06405,20-29,8,Bachelor,Berlin,False,No preference
CAN06406,40-49,3,Master,Other Germany,True,No preference
CAN06407,30-39,1,Bachelor,Frankfurt,False,Hybrid
CAN06408,30-39,1,Master,Cologne,True,Remote
CAN06409,40-49,4,Bachelor,Berlin,True,Hybrid
CAN06410,40-49,7,Bachelor,Munich,True,Remote
CAN06411,30-39,3,Master,Munich,False,Hybrid
CAN06412,20-29,3,Bachelor,Berlin,False,Remote
CAN06413,40-49,7,Master,Other Germany,False,Hybrid
CAN06414,30-39,6,Vocational training,Cologne,True,Hybrid
CAN06415,40-49,7,Vocational training,Other Germany,True,Remote
CAN06416,30-39,6,Vocational training,Other Germany,False,Hybrid
CAN06417,50+,11,Other,Munich,True,No preference
CAN06418,30-39,1,Vocational training,Frankfurt,False,Hybrid
CAN06419,30-39,15,Other,Other Germany,False,Hybrid
CAN06420,30-39,1,Bachelor,Frankfurt,False,No preference
CAN06421,30-39,8,Vocational training,Munich,False,On-site
CAN06422,40-49,5,Other,Frankfurt,False,On-site
CAN06423,40-49,6,Bachelor,Cologne,True,Hybrid
CAN06424,20-29,1,Vocational training,Hamburg,False,Hybrid
CAN06425,40-49,4,Bachelor,Other Germany,False,Remote
CAN06426,30-39,2,Bachelor,Hamburg,True,Hybrid
CAN06427,40-49,6,Bachelor,Other Germany,False,No preference
CAN06428,30-39,7,Other,Other Germany,False,Hybrid
CAN06429,50+,11,Master,Cologne,False,Hybrid
CAN06430,30-39,11,Vocational training,Munich,False,Hybrid
CAN06431,40-49,3,Bachelor,Berlin,True,Remote
CAN06432,40-49,2,Vocational training,Frankfurt,False,Remote
CAN06433,30-39,8,Vocational training,Berlin,False,Remote
CAN06434,40-49,8,Master,Other Germany,True,Hybrid
CAN06435,40-49,5,Master,Hamburg,False,Hybrid
CAN06436,40-49,9,Master,Other Germany,False,Hybrid
CAN06437,50+,15,Vocational training,Frankfurt,False,Hybrid
CAN06438,20-29,3,Vocational training,Munich,False,Remote
CAN06439,40-49,4,Bachelor,Other Germany,True,Hybrid
CAN06440,30-39,3,Vocational training,Other Germany,True,Remote
CAN06441,20-29,3,Vocational training,Other Germany,True,On-site
CAN06442,20-29,6,Bachelor,Munich,False,Hybrid
CAN06443,30-39,7,Bachelor,Hamburg,False,Hybrid
CAN06444,30-39,10,Master,Munich,False,Hybrid
CAN06445,50+,14,Other,Munich,False,Hybrid
CAN06446,30-39,9,Vocational training,Outside Germany,False,No preference
CAN06447,50+,10,Bachelor,Outside Germany,True,Remote
CAN06448,40-49,25,Master,Berlin,True,Hybrid
CAN06449,30-39,14,Bachelor,Cologne,True,On-site
CAN06450,30-39,3,Master,Other Germany,True,Hybrid
CAN06451,30-39,4,Vocational training,Other Germany,True,Hybrid
CAN06452,30-39,8,Master,Berlin,False,No preference
CAN06453,30-39,5,Master,Frankfurt,False,Hybrid
CAN06454,20-29,0,Bachelor,Cologne,False,Hybrid
CAN06455,30-39,8,Vocational training,Berlin,True,Hybrid
CAN06456,30-39,1,Vocational training,Other Germany,True,Hybrid
CAN06457,40-49,2,Master,Munich,True,Remote
CAN06458,30-39,3,Master,Other Germany,False,On-site
CAN06459,40-49,14,Bachelor,Munich,False,Hybrid
CAN06460,30-39,7,Master,Other Germany,True,Hybrid
CAN06461,20-29,1,Vocational training,Berlin,False,No preference
CAN06462,30-39,9,Bachelor,Other Germany,True,Hybrid
CAN06463,40-49,3,Bachelor,Frankfurt,False,Remote
CAN06464,40-49,11,Other,Other Germany,False,No preference
CAN06465,40-49,2,Bachelor,Outside Germany,True,Remote
CAN06466,20-29,3,Bachelor,Munich,False,Hybrid
CAN06467,30-39,5,Vocational training,Frankfurt,False,Hybrid
CAN06468,40-49,16,Vocational training,Munich,True,Hybrid
CAN06469,50+,17,Master,Other Germany,False,Hybrid
CAN06470,30-39,4,Vocational training,Berlin,False,Hybrid
CAN06471,30-39,3,Vocational training,Hamburg,False,No preference
CAN06472,40-49,6,Master,Other Germany,True,Remote
CAN06473,40-49,5,Vocational training,Frankfurt,True,Hybrid
CAN06474,30-39,1,Master,Other Germany,False,Hybrid
CAN06475,30-39,5,Vocational training,Outside Germany,False,Hybrid
CAN06476,30-39,5,Master,Berlin,False,On-site
CAN06477,20-29,9,Doctorate,Berlin,False,On-site
CAN06478,40-49,5,Vocational training,Hamburg,False,Hybrid
CAN06479,30-39,1,Other,Berlin,False,No preference
CAN06480,50+,7,Bachelor,Frankfurt,False,Remote
CAN06481,30-39,7,Vocational training,Other Germany,True,Hybrid
CAN06482,40-49,4,Vocational training,Berlin,True,Hybrid
CAN06483,40-49,6,Vocational training,Berlin,False,Hybrid
CAN06484,30-39,10,Vocational training,Other Germany,True,No preference
CAN06485,30-39,6,Vocational training,Other Germany,False,Remote
CAN06486,30-39,3,Bachelor,Cologne,True,Hybrid
CAN06487,20-29,1,Bachelor,Berlin,False,No preference
CAN06488,30-39,3,Bachelor,Other Germany,True,Remote
CAN06489,30-39,7,Vocational training,Cologne,False,Remote
CAN06490,50+,19,Bachelor,Cologne,False,Hybrid
CAN06491,40-49,3,Bachelor,Frankfurt,False,Hybrid
CAN06492,20-29,9,Bachelor,Hamburg,True,Hybrid
CAN06493,40-49,8,Bachelor,Other Germany,False,On-site
CAN06494,30-39,3,Vocational training,Frankfurt,True,Hybrid
CAN06495,30-39,4,Master,Munich,False,Hybrid
CAN06496,40-49,5,Doctorate,Other Germany,False,Remote
CAN06497,40-49,6,Vocational training,Frankfurt,False,Hybrid
CAN06498,30-39,8,Vocational training,Frankfurt,True,Hybrid
CAN06499,50+,10,Bachelor,Berlin,False,On-site
CAN06500,20-29,5,Vocational training,Other Germany,False,On-site
CAN06501,30-39,3,Other,Hamburg,True,Remote
CAN06502,30-39,2,Bachelor,Munich,False,Remote
CAN06503,30-39,4,Vocational training,Other Germany,False,Remote
CAN06504,30-39,7,Vocational training,Other Germany,False,On-site
CAN06505,30-39,2,Master,Cologne,False,Hybrid
CAN06506,20-29,2,Vocational training,Other Germany,False,Hybrid
CAN06507,20-29,1,Master,Munich,False,Hybrid
CAN06508,30-39,3,Vocational training,Munich,True,On-site
CAN06509,30-39,1,Vocational training,Munich,False,Hybrid
CAN06510,40-49,7,Bachelor,Berlin,True,Hybrid
CAN06511,40-49,10,Other,Berlin,False,Remote
CAN06512,20-29,3,Vocational training,Frankfurt,False,Remote
CAN06513,30-39,6,Vocational training,Hamburg,False,Remote
CAN06514,20-29,2,Master,Munich,True,On-site
CAN06515,30-39,2,Other,Munich,True,On-site
CAN06516,40-49,4,Vocational training,Hamburg,False,No preference
CAN06517,30-39,10,Bachelor,Frankfurt,False,Hybrid
CAN06518,20-29,0,Bachelor,Munich,False,On-site
CAN06519,20-29,5,Vocational training,Other Germany,True,No preference
CAN06520,30-39,3,Bachelor,Other Germany,True,Hybrid
CAN06521,50+,16,Vocational training,Frankfurt,False,Hybrid
CAN06522,30-39,7,Master,Outside Germany,True,Hybrid
CAN06523,40-49,2,Bachelor,Berlin,True,On-site
CAN06524,40-49,12,Bachelor,Hamburg,False,Remote
CAN06525,20-29,2,Doctorate,Cologne,True,No preference
CAN06526,30-39,2,Bachelor,Other Germany,True,Hybrid
CAN06527,40-49,3,Master,Other Germany,False,Remote
CAN06528,40-49,10,Vocational training,Berlin,True,Hybrid
CAN06529,50+,19,Bachelor,Frankfurt,False,Hybrid
CAN06530,40-49,16,Vocational training,Berlin,True,On-site
CAN06531,30-39,2,Vocational training,Other Germany,False,No preference
CAN06532,40-49,14,Master,Frankfurt,False,No preference
CAN06533,40-49,3,Vocational training,Other Germany,False,Remote
CAN06534,40-49,0,Vocational training,Berlin,False,Remote
CAN06535,40-49,6,Vocational training,,True,Hybrid
CAN06536,40-49,15,Bachelor,Munich,True,On-site
CAN06537,40-49,4,Bachelor,Berlin,False,Hybrid
CAN06538,30-39,7,Master,Hamburg,True,Remote
CAN06539,40-49,10,Vocational training,Frankfurt,False,Hybrid
CAN06540,30-39,10,Bachelor,Other Germany,False,On-site
CAN06541,20-29,3,Vocational training,Munich,False,Remote
CAN06542,20-29,6,Vocational training,Other Germany,True,Remote
CAN06543,30-39,6,Master,Outside Germany,False,On-site
CAN06544,40-49,4,Vocational training,Munich,True,Remote
CAN06545,30-39,16,Bachelor,Other Germany,False,On-site
CAN06546,30-39,8,Doctorate,Other Germany,True,Remote
CAN06547,20-29,4,Master,Frankfurt,False,No preference
CAN06548,40-49,10,Vocational training,Hamburg,False,On-site
CAN06549,50+,11,Vocational training,Frankfurt,False,Remote
CAN06550,30-39,12,Vocational training,Other Germany,False,Hybrid
CAN06551,20-29,2,Bachelor,Other Germany,False,On-site
CAN06552,30-39,3,Vocational training,Berlin,False,No preference
CAN06553,40-49,4,Vocational training,Frankfurt,False,Remote
CAN06554,40-49,2,Bachelor,Outside Germany,False,On-site
CAN06555,40-49,4,Bachelor,Outside Germany,False,Hybrid
CAN06556,40-49,7,Master,Other Germany,False,Hybrid
CAN06557,30-39,14,Vocational training,Cologne,False,Hybrid
CAN06558,20-29,0,Master,Hamburg,True,Hybrid
CAN06559,40-49,4,Vocational training,Berlin,False,No preference
CAN06560,30-39,2,Vocational training,Berlin,False,Hybrid
CAN06561,30-39,5,Vocational training,Hamburg,True,Remote
CAN06562,30-39,3,Master,Berlin,True,No preference
CAN06563,40-49,3,Other,Munich,True,Remote
CAN06564,40-49,5,Bachelor,Other Germany,True,Remote
CAN06565,40-49,2,Vocational training,Other Germany,False,Hybrid
CAN06566,20-29,4,Vocational training,Frankfurt,False,Hybrid
CAN06567,40-49,3,Vocational training,Berlin,False,Hybrid
CAN06568,30-39,3,Master,Hamburg,False,Hybrid
CAN06569,30-39,7,Vocational training,Frankfurt,False,Remote
CAN06570,40-49,10,Bachelor,Other Germany,False,Hybrid
CAN06571,20-29,2,Vocational training,Berlin,False,On-site
CAN06572,40-49,2,Master,Berlin,False,Hybrid
CAN06573,30-39,5,Vocational training,Hamburg,True,On-site
CAN06574,20-29,2,Doctorate,Outside Germany,False,Remote
CAN06575,20-29,2,Other,Frankfurt,False,Remote
CAN06576,30-39,11,Master,Hamburg,False,Remote
CAN06577,20-29,3,Master,Cologne,True,Remote
CAN06578,30-39,10,Vocational training,Berlin,True,Remote
CAN06579,20-29,3,Bachelor,Berlin,True,No preference
CAN06580,30-39,6,Master,Berlin,False,Hybrid
CAN06581,40-49,4,Vocational training,Hamburg,True,Remote
CAN06582,40-49,8,Bachelor,Berlin,False,No preference
CAN06583,30-39,15,Bachelor,Other Germany,True,Hybrid
CAN06584,30-39,11,Vocational training,Munich,True,Remote
CAN06585,40-49,6,Vocational training,Hamburg,False,Hybrid
CAN06586,20-29,4,Vocational training,Frankfurt,False,Hybrid
CAN06587,40-49,6,Bachelor,Frankfurt,False,Hybrid
CAN06588,20-29,2,Vocational training,Berlin,False,Remote
CAN06589,40-49,3,Master,Frankfurt,False,Hybrid
CAN06590,40-49,12,Bachelor,Hamburg,False,Hybrid
CAN06591,40-49,1,Master,Other Germany,True,Hybrid
CAN06592,40-49,9,Bachelor,Berlin,False,No preference
CAN06593,30-39,4,Bachelor,Munich,False,Hybrid
CAN06594,40-49,3,Vocational training,Other Germany,True,No preference
CAN06595,30-39,15,Bachelor,Hamburg,False,No preference
CAN06596,40-49,6,Master,Hamburg,False,Hybrid
CAN06597,40-49,8,Master,Munich,False,Hybrid
CAN06598,40-49,3,Bachelor,Frankfurt,False,Hybrid
CAN06599,40-49,3,Vocational training,Munich,False,Hybrid
CAN06600,30-39,2,Master,Frankfurt,False,Hybrid
CAN06601,30-39,2,Other,Other Germany,False,Remote
CAN06602,30-39,2,Bachelor,Berlin,False,Hybrid
CAN06603,50+,8,Vocational training,Outside Germany,False,Hybrid
CAN06604,40-49,15,Vocational training,Berlin,True,Hybrid
CAN06605,30-39,2,Bachelor,Hamburg,True,Hybrid
CAN06606,40-49,11,Master,Hamburg,True,Remote
CAN06607,30-39,8,Bachelor,Frankfurt,True,Remote
CAN06608,50+,7,Master,Frankfurt,False,Remote
CAN06609,30-39,1,Other,Munich,False,Hybrid
CAN06610,30-39,8,Vocational training,Cologne,False,Hybrid
CAN06611,40-49,11,Vocational training,Frankfurt,False,Hybrid
CAN06612,40-49,7,Vocational training,Outside Germany,False,Hybrid
CAN06613,30-39,3,Bachelor,Frankfurt,True,Hybrid
CAN06614,30-39,8,Bachelor,Munich,True,Remote
CAN06615,20-29,1,Bachelor,Other Germany,False,No preference
CAN06616,40-49,8,Bachelor,Other Germany,False,Hybrid
CAN06617,40-49,6,Vocational training,Munich,False,On-site
CAN06618,30-39,7,Vocational training,Other Germany,True,Hybrid
CAN06619,30-39,2,Bachelor,Other Germany,True,Remote
CAN06620,50+,7,Vocational training,Berlin,False,Remote
CAN06621,40-49,4,Master,Hamburg,True,Hybrid
CAN06622,20-29,6,Bachelor,Berlin,True,Hybrid
CAN06623,30-39,10,Vocational training,Cologne,False,Hybrid
CAN06624,40-49,2,Bachelor,Hamburg,True,Hybrid
CAN06625,40-49,19,Vocational training,Cologne,False,Hybrid
CAN06626,40-49,6,Master,Berlin,False,On-site
CAN06627,50+,10,Bachelor,Berlin,True,Hybrid
CAN06628,30-39,1,Vocational training,Berlin,False,Hybrid
CAN06629,30-39,8,Master,Berlin,True,Hybrid
CAN06630,40-49,3,Vocational training,Hamburg,True,Hybrid
CAN06631,20-29,5,Master,Berlin,False,Remote
CAN06632,30-39,6,Bachelor,Other Germany,True,Remote
CAN06633,30-39,16,Master,Berlin,False,Hybrid
CAN06634,40-49,9,Vocational training,Cologne,True,No preference
CAN06635,40-49,4,Bachelor,Other Germany,False,Hybrid
CAN06636,20-29,0,Bachelor,Other Germany,False,Remote
CAN06637,50+,7,Bachelor,Frankfurt,False,Remote
CAN06638,30-39,1,Vocational training,Berlin,False,Hybrid
CAN06639,30-39,15,Bachelor,Other Germany,False,Hybrid
CAN06640,30-39,5,Bachelor,Other Germany,True,Remote
CAN06641,30-39,15,Master,Outside Germany,True,Hybrid
CAN06642,40-49,5,Bachelor,Cologne,False,On-site
CAN06643,30-39,2,Master,Frankfurt,True,Hybrid
CAN06644,30-39,5,Vocational training,Munich,True,Hybrid
CAN06645,30-39,13,Vocational training,Frankfurt,False,Hybrid
CAN06646,40-49,8,Master,Other Germany,False,No preference
CAN06647,30-39,4,Master,Other Germany,False,Remote
CAN06648,20-29,5,Bachelor,Frankfurt,False,Hybrid
CAN06649,50+,6,Vocational training,Outside Germany,False,Remote
CAN06650,40-49,7,Vocational training,Frankfurt,False,Hybrid
CAN06651,30-39,1,Bachelor,Other Germany,True,Hybrid
CAN06652,20-29,9,Vocational training,Frankfurt,False,Remote
CAN06653,40-49,10,Bachelor,Other Germany,False,Hybrid
CAN06654,20-29,4,Master,Hamburg,False,Remote
CAN06655,30-39,8,Bachelor,Other Germany,True,Remote
CAN06656,30-39,8,Other,Berlin,False,Hybrid
CAN06657,30-39,5,Vocational training,Hamburg,True,On-site
CAN06658,40-49,6,Bachelor,Frankfurt,False,No preference
CAN06659,40-49,0,Bachelor,Cologne,False,Hybrid
CAN06660,30-39,6,Bachelor,Berlin,False,Hybrid
CAN06661,40-49,4,Vocational training,Frankfurt,False,No preference
CAN06662,30-39,1,Vocational training,Munich,False,Hybrid
CAN06663,40-49,5,Master,Berlin,False,On-site
CAN06664,40-49,7,Vocational training,Other Germany,False,Remote
CAN06665,30-39,4,Vocational training,Frankfurt,False,Hybrid
CAN06666,30-39,2,Vocational training,Other Germany,True,Hybrid
CAN06667,40-49,7,Master,Berlin,False,Hybrid
CAN06668,30-39,10,Master,Berlin,True,Remote
CAN06669,30-39,4,Vocational training,Berlin,False,Hybrid
CAN06670,40-49,4,Master,Hamburg,False,Hybrid
CAN06671,20-29,5,Bachelor,Frankfurt,False,Hybrid
CAN06672,30-39,13,Vocational training,Munich,False,Hybrid
CAN06673,40-49,11,Bachelor,Cologne,False,On-site
CAN06674,20-29,4,Bachelor,Frankfurt,False,No preference
CAN06675,40-49,14,Other,Munich,False,Remote
CAN06676,30-39,4,Master,Munich,False,Remote
CAN06677,20-29,8,Bachelor,Berlin,False,No preference
CAN06678,40-49,17,Vocational training,Cologne,False,Remote
CAN06679,30-39,1,Bachelor,Other Germany,False,Remote
CAN06680,20-29,1,Master,Other Germany,False,Remote
CAN06681,50+,14,Master,Other Germany,False,Remote
CAN06682,20-29,0,Bachelor,Outside Germany,False,No preference
CAN06683,20-29,0,Vocational training,Berlin,False,Hybrid
CAN06684,40-49,11,Vocational training,Cologne,False,Hybrid
CAN06685,40-49,6,Bachelor,Berlin,False,Remote
CAN06686,30-39,13,Master,Berlin,False,No preference
CAN06687,40-49,18,Bachelor,Hamburg,False,Remote
CAN06688,30-39,6,Master,Frankfurt,False,Remote
CAN06689,20-29,7,Vocational training,Other Germany,True,On-site
CAN06690,30-39,10,Bachelor,Outside Germany,False,On-site
CAN06691,30-39,4,Bachelor,Cologne,False,No preference
CAN06692,30-39,1,Vocational training,Outside Germany,False,Remote
CAN06693,40-49,8,Bachelor,Other Germany,False,Hybrid
CAN06694,40-49,9,Vocational training,Frankfurt,False,Remote
CAN06695,30-39,7,Vocational training,Hamburg,False,On-site
CAN06696,40-49,7,Master,Frankfurt,False,Hybrid
CAN06697,20-29,6,Master,Berlin,False,Hybrid
CAN06698,30-39,14,Vocational training,Munich,False,Remote
CAN06699,50+,10,Master,Other Germany,False,No preference
CAN06700,30-39,14,Master,Hamburg,False,Remote
CAN06701,30-39,9,Bachelor,Other Germany,False,No preference
CAN06702,40-49,4,Bachelor,Munich,False,Remote
CAN06703,40-49,14,Master,Frankfurt,False,Remote
CAN06704,30-39,7,Master,Berlin,True,Hybrid
CAN06705,30-39,9,Bachelor,Other Germany,False,Remote
CAN06706,20-29,3,Master,Other Germany,False,Hybrid
CAN06707,20-29,3,Master,Cologne,False,Hybrid
CAN06708,20-29,2,Vocational training,Berlin,False,No preference
CAN06709,30-39,12,Vocational training,Other Germany,True,Remote
CAN06710,40-49,23,Master,Frankfurt,True,Hybrid
CAN06711,40-49,6,Vocational training,Berlin,True,On-site
CAN06712,30-39,1,Bachelor,Cologne,True,On-site
CAN06713,40-49,9,Master,Other Germany,True,Remote
CAN06714,40-49,5,Vocational training,Berlin,False,On-site
CAN06715,40-49,1,Master,Other Germany,False,Hybrid
CAN06716,40-49,0,Bachelor,,False,Remote
CAN06717,30-39,2,Bachelor,Frankfurt,False,On-site
CAN06718,40-49,2,Vocational training,Berlin,False,Hybrid
CAN06719,40-49,10,Bachelor,Other Germany,False,Hybrid
CAN06720,30-39,4,Bachelor,Other Germany,False,Hybrid
CAN06721,20-29,4,Master,Other Germany,True,Hybrid
CAN06722,20-29,8,Other,Frankfurt,False,No preference
CAN06723,40-49,7,Vocational training,Berlin,False,Hybrid
CAN06724,40-49,7,Bachelor,Munich,True,No preference
CAN06725,40-49,3,Master,Munich,False,Remote
CAN06726,20-29,6,Bachelor,Hamburg,True,Remote
CAN06727,30-39,2,Master,Berlin,False,Remote
CAN06728,50+,6,Vocational training,Berlin,True,Hybrid
CAN06729,30-39,1,Bachelor,Cologne,False,Remote
CAN06730,30-39,7,Vocational training,Other Germany,True,Hybrid
CAN06731,40-49,2,Master,Berlin,False,Hybrid
CAN06732,40-49,1,Vocational training,Munich,False,No preference
CAN06733,30-39,6,Bachelor,Frankfurt,False,Hybrid
CAN06734,40-49,2,Master,Outside Germany,False,On-site
CAN06735,20-29,3,Bachelor,Frankfurt,True,Hybrid
CAN06736,40-49,4,Bachelor,Munich,True,Hybrid
CAN06737,40-49,3,Master,Hamburg,False,Hybrid
CAN06738,20-29,3,Master,Berlin,False,On-site
CAN06739,50+,17,Bachelor,Frankfurt,True,Hybrid
CAN06740,20-29,0,Vocational training,Berlin,False,Hybrid
CAN06741,40-49,9,Vocational training,Munich,False,Hybrid
CAN06742,30-39,5,Master,Munich,False,Remote
CAN06743,20-29,6,Bachelor,Frankfurt,True,No preference
CAN06744,20-29,3,Vocational training,Other Germany,True,Remote
CAN06745,40-49,12,Bachelor,Hamburg,False,No preference
CAN06746,30-39,2,Vocational training,Berlin,True,Hybrid
CAN06747,30-39,2,Bachelor,Berlin,True,Remote
CAN06748,20-29,7,Bachelor,Berlin,False,No preference
CAN06749,50+,10,Bachelor,Other Germany,True,Hybrid
CAN06750,50+,9,Bachelor,Cologne,False,Hybrid
CAN06751,40-49,19,Other,Other Germany,False,Remote
CAN06752,30-39,6,Vocational training,Other Germany,True,Hybrid
CAN06753,40-49,9,Bachelor,Berlin,False,No preference
CAN06754,50+,12,Master,Frankfurt,True,Hybrid
CAN06755,30-39,4,Master,Berlin,True,Remote
CAN06756,30-39,11,Other,Outside Germany,False,Remote
CAN06757,30-39,9,Master,Frankfurt,False,Hybrid
CAN06758,40-49,6,Vocational training,Outside Germany,False,Hybrid
CAN06759,30-39,7,Master,Munich,False,Remote
CAN06760,20-29,6,Bachelor,Berlin,True,Hybrid
CAN06761,50+,14,Doctorate,Other Germany,False,Hybrid
CAN06762,20-29,2,Master,Munich,False,Remote
CAN06763,40-49,9,Other,Munich,False,Hybrid
CAN06764,40-49,20,Vocational training,Other Germany,False,No preference
CAN06765,50+,19,Master,Hamburg,True,On-site
CAN06766,30-39,1,Vocational training,Frankfurt,False,No preference
CAN06767,30-39,5,Vocational training,Outside Germany,False,Hybrid
CAN06768,40-49,19,Master,Munich,False,No preference
CAN06769,30-39,2,Doctorate,Frankfurt,False,On-site
CAN06770,20-29,7,Vocational training,Munich,False,On-site
CAN06771,30-39,6,Bachelor,Other Germany,False,Hybrid
CAN06772,30-39,14,Bachelor,Other Germany,True,On-site
CAN06773,30-39,1,Master,Other Germany,True,No preference
CAN06774,30-39,8,Bachelor,Berlin,False,Remote
CAN06775,30-39,13,Doctorate,Berlin,False,Hybrid
CAN06776,20-29,5,Vocational training,Berlin,True,Remote
CAN06777,40-49,5,Master,Other Germany,False,On-site
CAN06778,40-49,9,Master,Other Germany,False,Hybrid
CAN06779,20-29,5,Vocational training,Berlin,False,No preference
CAN06780,30-39,5,Master,Outside Germany,False,Hybrid
CAN06781,30-39,5,Bachelor,Other Germany,False,Hybrid
CAN06782,20-29,2,Vocational training,Hamburg,False,No preference
CAN06783,40-49,2,Vocational training,Cologne,False,Hybrid
CAN06784,30-39,3,Bachelor,Berlin,False,No preference
CAN06785,30-39,3,Bachelor,Munich,False,Remote
CAN06786,40-49,6,Master,Outside Germany,True,Hybrid
CAN06787,50+,12,Bachelor,Berlin,False,Hybrid
CAN06788,30-39,6,Other,Munich,True,No preference
CAN06789,30-39,7,Vocational training,Frankfurt,False,No preference
CAN06790,50+,10,Vocational training,,False,Hybrid
CAN06791,30-39,1,Bachelor,Hamburg,False,Hybrid
CAN06792,30-39,17,Bachelor,Munich,True,Hybrid
CAN06793,40-49,4,Bachelor,Hamburg,False,Hybrid
CAN06794,40-49,5,Vocational training,Hamburg,False,Hybrid
CAN06795,40-49,4,Master,Other Germany,True,Remote
CAN06796,40-49,3,Bachelor,Outside Germany,True,Hybrid
CAN06797,30-39,7,Other,Hamburg,False,Remote
CAN06798,20-29,6,Other,Munich,False,Hybrid
CAN06799,50+,22,Master,Munich,True,Hybrid
CAN06800,30-39,3,Other,Outside Germany,False,Hybrid
CAN06801,40-49,14,Bachelor,Berlin,True,Remote
CAN06802,30-39,3,Master,Hamburg,False,Hybrid
CAN06803,50+,14,Master,Munich,True,No preference
CAN06804,30-39,3,Vocational training,Outside Germany,False,Hybrid
CAN06805,30-39,4,Master,Berlin,True,Hybrid
CAN06806,40-49,3,Vocational training,Outside Germany,False,Remote
CAN06807,40-49,2,Master,Munich,True,Hybrid
CAN06808,40-49,21,Bachelor,Other Germany,False,Hybrid
CAN06809,30-39,6,Vocational training,Hamburg,True,Remote
CAN06810,50+,13,Bachelor,Munich,False,Remote
CAN06811,30-39,2,Vocational training,Berlin,False,Hybrid
CAN06812,40-49,8,Master,Frankfurt,True,On-site
CAN06813,30-39,3,Master,Munich,True,On-site
CAN06814,30-39,5,Bachelor,Frankfurt,False,No preference
CAN06815,50+,7,Bachelor,Hamburg,False,Remote
CAN06816,40-49,11,Master,Other Germany,True,Remote
CAN06817,20-29,7,Bachelor,Frankfurt,True,Remote
CAN06818,30-39,8,Other,Other Germany,False,No preference
CAN06819,40-49,6,Vocational training,Other Germany,False,Hybrid
CAN06820,40-49,4,Vocational training,Munich,True,No preference
CAN06821,30-39,2,Master,Munich,False,Hybrid
CAN06822,40-49,4,Bachelor,Other Germany,False,Hybrid
CAN06823,40-49,9,Vocational training,Berlin,True,Remote
CAN06824,20-29,1,Bachelor,Other Germany,True,Hybrid
CAN06825,30-39,4,Other,Hamburg,False,Hybrid
CAN06826,40-49,6,Bachelor,Frankfurt,False,Hybrid
CAN06827,40-49,6,Doctorate,Other Germany,False,Remote
CAN06828,30-39,2,Bachelor,Cologne,False,No preference
CAN06829,30-39,13,Vocational training,Cologne,False,Hybrid
CAN06830,20-29,6,Bachelor,Frankfurt,False,Remote
CAN06831,30-39,5,Vocational training,Berlin,False,No preference
CAN06832,20-29,2,Vocational training,Other Germany,False,No preference
CAN06833,40-49,10,Master,Hamburg,False,Hybrid
CAN06834,20-29,6,Bachelor,Other Germany,True,Hybrid
CAN06835,30-39,7,Vocational training,Other Germany,False,On-site
CAN06836,50+,13,Vocational training,Frankfurt,False,Hybrid
CAN06837,40-49,7,Bachelor,Frankfurt,False,Remote
CAN06838,40-49,6,Master,Other Germany,False,On-site
CAN06839,50+,12,Vocational training,Berlin,False,Remote
CAN06840,40-49,4,Other,Munich,True,Remote
CAN06841,40-49,5,Vocational training,Berlin,False,On-site
CAN06842,40-49,3,Other,Other Germany,False,Hybrid
CAN06843,40-49,7,Vocational training,Cologne,False,Hybrid
CAN06844,30-39,5,Vocational training,Frankfurt,False,On-site
CAN06845,40-49,11,Vocational training,Frankfurt,False,Hybrid
CAN06846,30-39,5,Doctorate,Munich,False,Hybrid
CAN06847,20-29,2,Bachelor,Hamburg,True,No preference
CAN06848,30-39,4,Bachelor,Cologne,True,No preference
CAN06849,20-29,1,Master,Frankfurt,False,Hybrid
CAN06850,50+,12,Bachelor,Berlin,True,Hybrid
CAN06851,40-49,13,Vocational training,Frankfurt,True,Hybrid
CAN06852,40-49,10,Master,Munich,False,Hybrid
CAN06853,40-49,8,Bachelor,Other Germany,False,Remote
CAN06854,40-49,6,Vocational training,Munich,False,No preference
CAN06855,30-39,7,Master,Frankfurt,False,Remote
CAN06856,30-39,6,Bachelor,Berlin,False,Hybrid
CAN06857,40-49,8,Vocational training,Frankfurt,False,No preference
CAN06858,50+,10,Bachelor,Cologne,True,Remote
CAN06859,20-29,3,Vocational training,Munich,True,Hybrid
CAN06860,30-39,1,Vocational training,Other Germany,True,On-site
CAN06861,50+,7,Bachelor,Frankfurt,False,Hybrid
CAN06862,30-39,10,Bachelor,Frankfurt,False,Remote
CAN06863,40-49,8,Master,Cologne,True,Remote
CAN06864,40-49,8,Master,Cologne,False,Hybrid
CAN06865,30-39,5,Master,Other Germany,False,Hybrid
CAN06866,30-39,2,Vocational training,Frankfurt,False,On-site
CAN06867,40-49,11,Bachelor,Other Germany,True,Hybrid
CAN06868,40-49,7,Master,Frankfurt,False,On-site
CAN06869,30-39,3,Bachelor,Outside Germany,True,Remote
CAN06870,30-39,7,Master,Munich,False,Hybrid
CAN06871,30-39,1,Bachelor,Hamburg,True,No preference
CAN06872,30-39,16,Master,Frankfurt,False,Hybrid
CAN06873,20-29,0,Master,Berlin,True,Remote
CAN06874,40-49,15,Master,Hamburg,False,No preference
CAN06875,40-49,25,Vocational training,Cologne,False,Hybrid
CAN06876,40-49,1,Master,Munich,False,Hybrid
CAN06877,40-49,5,Bachelor,Munich,False,No preference
CAN06878,30-39,11,Master,Berlin,False,On-site
CAN06879,40-49,12,Doctorate,Other Germany,True,On-site
CAN06880,30-39,3,Master,Cologne,False,Remote
CAN06881,40-49,8,Master,Other Germany,False,Hybrid
CAN06882,40-49,2,Vocational training,Berlin,False,No preference
CAN06883,40-49,3,Vocational training,Frankfurt,False,Hybrid
CAN06884,50+,13,Bachelor,Hamburg,False,Hybrid
CAN06885,20-29,3,Bachelor,Munich,True,No preference
CAN06886,30-39,7,Bachelor,Cologne,False,Hybrid
CAN06887,20-29,3,Vocational training,Berlin,True,Remote
CAN06888,30-39,6,Master,Other Germany,True,Remote
CAN06889,50+,16,Vocational training,Other Germany,True,Remote
CAN06890,40-49,7,Bachelor,Other Germany,False,Hybrid
CAN06891,20-29,2,Vocational training,Frankfurt,False,No preference
CAN06892,30-39,8,Bachelor,Frankfurt,True,Remote
CAN06893,50+,17,Bachelor,Other Germany,True,Hybrid
CAN06894,40-49,6,Vocational training,Frankfurt,True,Remote
CAN06895,50+,19,Vocational training,Other Germany,False,Remote
CAN06896,30-39,6,Vocational training,Other Germany,False,Hybrid
CAN06897,50+,10,Bachelor,,False,Remote
CAN06898,40-49,8,Bachelor,Other Germany,True,Hybrid
CAN06899,40-49,1,Vocational training,Berlin,False,Hybrid
CAN06900,40-49,8,Master,Frankfurt,True,On-site
CAN06901,40-49,11,Vocational training,Other Germany,False,On-site
CAN06902,40-49,4,Vocational training,Munich,True,Remote
CAN06903,30-39,4,Vocational training,Berlin,False,Hybrid
CAN06904,40-49,4,Vocational training,Other Germany,False,Hybrid
CAN06905,50+,14,Master,Other Germany,True,Remote
CAN06906,20-29,2,Master,Munich,True,Hybrid
CAN06907,20-29,3,Bachelor,Hamburg,False,Hybrid
CAN06908,30-39,3,Bachelor,Hamburg,False,Hybrid
CAN06909,30-39,8,Master,Other Germany,False,Hybrid
CAN06910,20-29,4,Master,Frankfurt,True,Remote
CAN06911,30-39,12,Bachelor,Munich,True,Hybrid
CAN06912,20-29,4,Vocational training,Munich,True,Hybrid
CAN06913,30-39,7,Master,Other Germany,True,Remote
CAN06914,20-29,3,Master,Hamburg,False,No preference
CAN06915,40-49,4,Vocational training,Frankfurt,False,Remote
CAN06916,40-49,13,Bachelor,Frankfurt,False,Hybrid
CAN06917,40-49,6,Vocational training,Berlin,False,No preference
CAN06918,40-49,5,Bachelor,Hamburg,False,On-site
CAN06919,30-39,4,Vocational training,Munich,False,Hybrid
CAN06920,30-39,8,Bachelor,Munich,False,No preference
CAN06921,20-29,3,Master,Other Germany,False,Remote
CAN06922,30-39,13,Vocational training,Frankfurt,False,Hybrid
CAN06923,40-49,9,Bachelor,Frankfurt,False,Remote
CAN06924,40-49,17,Master,Berlin,False,Hybrid
CAN06925,30-39,2,Master,Other Germany,False,Remote
CAN06926,40-49,3,Master,Cologne,False,Hybrid
CAN06927,20-29,7,Bachelor,Frankfurt,False,Hybrid
CAN06928,30-39,10,Vocational training,Frankfurt,False,On-site
CAN06929,50+,11,Bachelor,Berlin,True,Hybrid
CAN06930,40-49,8,Vocational training,Berlin,False,Hybrid
CAN06931,40-49,9,Bachelor,Berlin,False,No preference
CAN06932,50+,13,Master,Other Germany,False,Hybrid
CAN06933,20-29,7,Master,Hamburg,False,On-site
CAN06934,30-39,0,Bachelor,Other Germany,False,No preference
CAN06935,30-39,3,Other,Hamburg,True,Remote
CAN06936,30-39,8,Doctorate,Outside Germany,True,Remote
CAN06937,20-29,3,Vocational training,Frankfurt,False,Hybrid
CAN06938,50+,13,Master,Frankfurt,False,No preference
CAN06939,20-29,3,Vocational training,Berlin,True,Hybrid
CAN06940,30-39,0,Vocational training,Frankfurt,False,Hybrid
CAN06941,30-39,1,Vocational training,Other Germany,True,Hybrid
CAN06942,30-39,5,Master,Frankfurt,False,No preference
CAN06943,40-49,7,Bachelor,Munich,False,Hybrid
CAN06944,30-39,12,Bachelor,Hamburg,False,Hybrid
CAN06945,20-29,3,Bachelor,Other Germany,False,Hybrid
CAN06946,40-49,13,Vocational training,Hamburg,False,Hybrid
CAN06947,20-29,1,Master,Frankfurt,True,No preference
CAN06948,40-49,7,Vocational training,Cologne,False,Hybrid
CAN06949,30-39,4,Master,Berlin,False,Hybrid
CAN06950,30-39,9,Other,Other Germany,False,Remote
CAN06951,40-49,4,Bachelor,Frankfurt,False,Hybrid
CAN06952,40-49,6,Bachelor,Berlin,True,Hybrid
CAN06953,20-29,6,Bachelor,Other Germany,False,No preference
CAN06954,30-39,4,Vocational training,Other Germany,False,Hybrid
CAN06955,20-29,4,Vocational training,Frankfurt,True,Hybrid
CAN06956,30-39,3,Vocational training,Munich,False,On-site
CAN06957,30-39,8,Bachelor,Frankfurt,False,Hybrid
CAN06958,30-39,2,Vocational training,Munich,True,No preference
CAN06959,40-49,7,Bachelor,Berlin,False,Remote
CAN06960,40-49,6,Master,Other Germany,False,No preference
CAN06961,30-39,11,Vocational training,Berlin,False,Hybrid
CAN06962,40-49,6,Master,Other Germany,False,Hybrid
CAN06963,30-39,9,Other,Hamburg,False,No preference
CAN06964,30-39,4,Bachelor,Munich,False,Hybrid
CAN06965,20-29,3,Vocational training,Hamburg,False,Hybrid
CAN06966,40-49,5,Bachelor,Frankfurt,False,On-site
CAN06967,30-39,5,Bachelor,Frankfurt,False,Hybrid
CAN06968,40-49,3,Bachelor,Frankfurt,False,Hybrid
CAN06969,40-49,11,Bachelor,Hamburg,False,Hybrid
CAN06970,30-39,3,Master,Hamburg,True,Hybrid
CAN06971,30-39,6,Vocational training,Munich,False,Hybrid
CAN06972,30-39,6,Vocational training,Other Germany,False,On-site
CAN06973,30-39,12,Bachelor,Other Germany,True,Remote
CAN06974,20-29,2,Bachelor,Berlin,False,Hybrid
CAN06975,30-39,10,Bachelor,Other Germany,True,Hybrid
CAN06976,40-49,0,Bachelor,Frankfurt,False,Remote
CAN06977,30-39,0,Master,Frankfurt,True,Hybrid
CAN06978,40-49,4,Bachelor,Berlin,True,On-site
CAN06979,40-49,4,Vocational training,Hamburg,False,Hybrid
CAN06980,30-39,17,Vocational training,Frankfurt,True,No preference
CAN06981,20-29,0,Vocational training,Munich,False,Hybrid
CAN06982,20-29,0,Bachelor,Frankfurt,False,Hybrid
CAN06983,40-49,9,Vocational training,Outside Germany,False,Hybrid
CAN06984,40-49,3,Vocational training,Hamburg,True,Hybrid
CAN06985,40-49,5,Bachelor,Outside Germany,True,Hybrid
CAN06986,30-39,8,Vocational training,Frankfurt,True,No preference
CAN06987,40-49,9,Bachelor,Hamburg,False,Hybrid
CAN06988,40-49,1,Bachelor,Munich,False,Hybrid
CAN06989,40-49,9,Bachelor,Other Germany,False,Remote
CAN06990,20-29,5,Bachelor,Outside Germany,False,Remote
CAN06991,30-39,1,Master,Other Germany,False,Hybrid
CAN06992,20-29,6,Master,Hamburg,False,Hybrid
CAN06993,40-49,5,Vocational training,Other Germany,True,Hybrid
CAN06994,20-29,4,Bachelor,Other Germany,True,Remote
CAN06995,30-39,14,Master,Hamburg,False,Hybrid
CAN06996,30-39,4,Other,Other Germany,True,No preference
CAN06997,30-39,12,Vocational training,Frankfurt,True,Remote
CAN06998,20-29,3,Vocational training,Berlin,False,On-site
CAN06999,40-49,7,Bachelor,Frankfurt,True,Remote
CAN07000,30-39,16,Master,Munich,True,Hybrid
CAN07001,30-39,11,Master,Hamburg,False,Hybrid
CAN07002,50+,7,Vocational training,Hamburg,False,Hybrid
CAN07003,30-39,3,Bachelor,Frankfurt,False,Hybrid
CAN07004,30-39,8,Vocational training,Hamburg,True,Hybrid
CAN07005,40-49,11,Bachelor,Hamburg,True,Remote
CAN07006,30-39,11,Bachelor,Other Germany,True,Hybrid
CAN07007,30-39,4,Vocational training,Hamburg,False,Hybrid
CAN07008,30-39,2,Vocational training,Berlin,False,No preference
CAN07009,30-39,1,Vocational training,Hamburg,True,Hybrid
CAN07010,20-29,2,Vocational training,Berlin,False,Hybrid
CAN07011,20-29,4,Bachelor,Other Germany,False,On-site
CAN07012,30-39,2,Other,Cologne,False,Hybrid
CAN07013,30-39,2,Vocational training,Other Germany,False,Hybrid
CAN07014,30-39,6,Vocational training,Berlin,False,Hybrid
CAN07015,30-39,4,Bachelor,Munich,True,Hybrid
CAN07016,30-39,6,Master,Other Germany,True,Hybrid
CAN07017,30-39,6,Master,Frankfurt,False,Hybrid
CAN07018,30-39,5,Vocational training,Cologne,True,Hybrid
CAN07019,30-39,17,Master,Other Germany,True,No preference
CAN07020,20-29,2,Vocational training,Cologne,False,Hybrid
CAN07021,20-29,2,Bachelor,Other Germany,False,Hybrid
CAN07022,50+,14,Vocational training,Frankfurt,False,On-site
CAN07023,20-29,1,Bachelor,Other Germany,False,Remote
CAN07024,30-39,10,Master,Outside Germany,False,Remote
CAN07025,30-39,8,Master,Other Germany,True,Remote
CAN07026,30-39,2,Master,Other Germany,False,Hybrid
CAN07027,40-49,9,Bachelor,Frankfurt,False,Hybrid
CAN07028,30-39,8,Master,Other Germany,True,Hybrid
CAN07029,30-39,8,Vocational training,Other Germany,False,Hybrid
CAN07030,50+,17,Bachelor,Berlin,True,Remote
CAN07031,30-39,1,Bachelor,Other Germany,False,Remote
CAN07032,30-39,2,Bachelor,Hamburg,True,Hybrid
CAN07033,20-29,0,Other,Frankfurt,False,Hybrid
CAN07034,30-39,3,Vocational training,Other Germany,True,Remote
CAN07035,40-49,4,Vocational training,Other Germany,True,Hybrid
CAN07036,30-39,2,Bachelor,Other Germany,True,Hybrid
CAN07037,30-39,2,Other,Frankfurt,False,Hybrid
CAN07038,30-39,4,Vocational training,Cologne,False,Hybrid
CAN07039,40-49,3,Master,Munich,True,Hybrid
CAN07040,40-49,10,Bachelor,Cologne,False,Remote
CAN07041,20-29,1,Master,Munich,False,Hybrid
CAN07042,30-39,3,Master,Hamburg,False,Remote
CAN07043,50+,7,Bachelor,Frankfurt,True,On-site
CAN07044,40-49,3,Vocational training,Other Germany,False,Hybrid
CAN07045,30-39,4,Vocational training,Other Germany,False,Hybrid
CAN07046,20-29,5,Vocational training,Berlin,False,Remote
CAN07047,30-39,6,Bachelor,Hamburg,False,Hybrid
CAN07048,30-39,11,Master,Other Germany,False,On-site
CAN07049,50+,11,Bachelor,Frankfurt,False,No preference
CAN07050,30-39,5,Bachelor,Munich,False,No preference
CAN07051,30-39,6,Master,Munich,False,Remote
CAN07052,30-39,14,Vocational training,Berlin,False,Hybrid
CAN07053,50+,15,Bachelor,Berlin,False,Hybrid
CAN07054,30-39,5,Bachelor,Munich,False,Hybrid
CAN07055,30-39,3,Master,Other Germany,True,On-site
CAN07056,40-49,19,Master,Hamburg,False,On-site
CAN07057,20-29,3,Vocational training,Outside Germany,False,No preference
CAN07058,30-39,5,Other,Munich,True,No preference
CAN07059,50+,9,Master,Other Germany,True,Hybrid
CAN07060,30-39,0,Vocational training,Munich,False,No preference
CAN07061,50+,6,Master,Berlin,True,On-site
CAN07062,30-39,2,Doctorate,Frankfurt,True,Remote
CAN07063,40-49,6,Bachelor,Other Germany,False,Hybrid
CAN07064,20-29,7,Bachelor,Frankfurt,False,Hybrid
CAN07065,30-39,8,Master,Other Germany,False,Hybrid
CAN07066,40-49,7,Bachelor,Outside Germany,True,No preference
CAN07067,30-39,3,Master,Cologne,False,Hybrid
CAN07068,20-29,8,Vocational training,Berlin,False,Hybrid
CAN07069,40-49,10,Bachelor,Other Germany,False,On-site
CAN07070,40-49,8,Bachelor,Munich,False,Remote
CAN07071,30-39,7,Vocational training,Berlin,False,Hybrid
CAN07072,20-29,5,Master,Frankfurt,False,Hybrid
CAN07073,30-39,2,Bachelor,Berlin,False,Remote
CAN07074,30-39,1,Vocational training,Berlin,False,No preference
CAN07075,30-39,6,Vocational training,Other Germany,False,Remote
CAN07076,30-39,6,Master,Frankfurt,False,Remote
CAN07077,40-49,5,Vocational training,Hamburg,False,Remote
CAN07078,20-29,7,Vocational training,Frankfurt,True,No preference
CAN07079,40-49,4,Bachelor,Frankfurt,True,On-site
CAN07080,20-29,1,Vocational training,Frankfurt,False,No preference
CAN07081,30-39,6,Master,Other Germany,True,Hybrid
CAN07082,40-49,7,Vocational training,Hamburg,True,Hybrid
CAN07083,30-39,12,Doctorate,Cologne,True,No preference
CAN07084,30-39,6,Vocational training,Hamburg,False,Remote
CAN07085,20-29,2,Bachelor,Munich,False,No preference
CAN07086,20-29,0,Bachelor,Frankfurt,False,Hybrid
CAN07087,20-29,6,Vocational training,Other Germany,False,On-site
CAN07088,50+,20,Bachelor,Hamburg,False,On-site
CAN07089,30-39,7,Vocational training,Frankfurt,True,No preference
CAN07090,20-29,4,Vocational training,Other Germany,True,Hybrid
CAN07091,30-39,8,Vocational training,Hamburg,False,Hybrid
CAN07092,30-39,4,Vocational training,Frankfurt,False,Hybrid
CAN07093,20-29,0,Other,Berlin,True,Hybrid
CAN07094,30-39,2,Bachelor,Frankfurt,True,Remote
CAN07095,50+,9,Vocational training,Other Germany,True,Hybrid
CAN07096,30-39,5,Bachelor,Frankfurt,True,Remote
CAN07097,40-49,8,Bachelor,Cologne,False,Remote
CAN07098,30-39,0,Bachelor,Berlin,True,Hybrid
CAN07099,20-29,3,Vocational training,Frankfurt,False,Hybrid
CAN07100,50+,13,Other,Other Germany,True,Hybrid
CAN07101,30-39,3,Vocational training,Munich,False,No preference
CAN07102,20-29,2,Master,Berlin,True,On-site
CAN07103,30-39,11,Bachelor,Hamburg,False,Remote
CAN07104,40-49,1,Bachelor,Hamburg,False,Hybrid
CAN07105,40-49,13,Bachelor,Berlin,False,Hybrid
CAN07106,20-29,4,Vocational training,Munich,True,Hybrid
CAN07107,30-39,8,Vocational training,Other Germany,True,Remote
CAN07108,40-49,5,Bachelor,Frankfurt,False,Remote
CAN07109,40-49,2,Vocational training,Munich,False,Hybrid
CAN07110,40-49,10,Vocational training,Frankfurt,False,No preference
CAN07111,30-39,5,Bachelor,Frankfurt,True,Remote
CAN07112,20-29,3,Vocational training,Outside Germany,True,Hybrid
CAN07113,30-39,4,Bachelor,Cologne,False,Hybrid
CAN07114,50+,19,Doctorate,Munich,False,Hybrid
CAN07115,40-49,2,Bachelor,Munich,True,Hybrid
CAN07116,40-49,6,Master,Munich,False,Remote
CAN07117,50+,17,Master,Berlin,False,Hybrid
CAN07118,50+,8,Bachelor,Other Germany,False,Hybrid
CAN07119,50+,23,Vocational training,Hamburg,False,No preference
CAN07120,40-49,7,Bachelor,Hamburg,False,Hybrid
CAN07121,30-39,3,Vocational training,Frankfurt,False,Remote
CAN07122,20-29,4,Bachelor,Other Germany,False,On-site
CAN07123,30-39,5,Other,Hamburg,False,Hybrid
CAN07124,40-49,5,Bachelor,Other Germany,False,Hybrid
CAN07125,40-49,8,Vocational training,Hamburg,False,Hybrid
CAN07126,40-49,3,Master,Frankfurt,False,Hybrid
CAN07127,50+,9,Bachelor,Outside Germany,True,No preference
CAN07128,30-39,2,Bachelor,Munich,False,On-site
CAN07129,20-29,5,Master,Frankfurt,False,Hybrid
CAN07130,50+,18,Bachelor,Hamburg,True,Remote
CAN07131,50+,8,Bachelor,Cologne,False,Remote
CAN07132,40-49,4,Master,Cologne,True,Remote
CAN07133,30-39,6,Bachelor,Other Germany,False,Remote
CAN07134,20-29,1,Bachelor,Berlin,True,Remote
CAN07135,30-39,3,Master,Other Germany,False,Remote
CAN07136,20-29,6,Bachelor,Frankfurt,False,Hybrid
CAN07137,30-39,2,Bachelor,Berlin,False,No preference
CAN07138,20-29,1,Vocational training,Other Germany,False,Remote
CAN07139,50+,18,Bachelor,Frankfurt,True,No preference
CAN07140,40-49,6,Vocational training,Berlin,False,No preference
CAN07141,20-29,4,Vocational training,Hamburg,True,Hybrid
CAN07142,40-49,13,Vocational training,Other Germany,False,Hybrid
CAN07143,40-49,3,Vocational training,Berlin,False,Remote
CAN07144,50+,23,Vocational training,Other Germany,False,On-site
CAN07145,20-29,1,Vocational training,Frankfurt,False,On-site
CAN07146,40-49,5,Other,Berlin,True,On-site
CAN07147,40-49,6,Bachelor,Berlin,False,Hybrid
CAN07148,40-49,10,Bachelor,Outside Germany,True,Hybrid
CAN07149,30-39,3,Bachelor,Cologne,False,Hybrid
CAN07150,50+,13,Master,Other Germany,False,Hybrid
CAN07151,30-39,5,Other,Cologne,True,Remote
CAN07152,50+,10,Bachelor,Other Germany,True,Hybrid
CAN07153,30-39,1,Master,Munich,False,Hybrid
CAN07154,30-39,3,Vocational training,Other Germany,False,On-site
CAN07155,40-49,11,Vocational training,Other Germany,True,On-site
CAN07156,40-49,3,Bachelor,Munich,False,Hybrid
CAN07157,30-39,9,Vocational training,Cologne,False,On-site
CAN07158,20-29,1,Bachelor,Hamburg,False,Remote
CAN07159,50+,19,Bachelor,Munich,False,Hybrid
CAN07160,30-39,2,Vocational training,Cologne,False,Remote
CAN07161,30-39,10,Vocational training,Cologne,True,Hybrid
CAN07162,50+,8,Bachelor,Munich,False,Hybrid
CAN07163,20-29,3,Master,Hamburg,False,Hybrid
CAN07164,30-39,2,Bachelor,Other Germany,True,Hybrid
CAN07165,20-29,0,Master,Frankfurt,False,Remote
CAN07166,50+,20,Master,Cologne,True,Hybrid
CAN07167,40-49,7,Bachelor,Other Germany,False,Hybrid
CAN07168,30-39,8,Bachelor,Other Germany,False,Hybrid
CAN07169,30-39,5,Bachelor,Other Germany,False,No preference
CAN07170,40-49,11,Master,Hamburg,True,Remote
CAN07171,40-49,7,Vocational training,Hamburg,False,Remote
CAN07172,30-39,5,Vocational training,Other Germany,False,On-site
CAN07173,20-29,3,Bachelor,Berlin,True,Hybrid
CAN07174,30-39,3,Bachelor,Munich,False,Hybrid
CAN07175,40-49,3,Vocational training,Munich,True,No preference
CAN07176,40-49,6,Other,Other Germany,False,Hybrid
CAN07177,30-39,13,Master,Other Germany,True,Remote
CAN07178,30-39,7,Master,Frankfurt,False,Hybrid
CAN07179,30-39,5,Vocational training,Hamburg,False,Hybrid
CAN07180,30-39,6,Master,Berlin,True,No preference
CAN07181,30-39,2,Master,Berlin,False,Hybrid
CAN07182,40-49,8,Other,Frankfurt,False,Remote
CAN07183,20-29,2,Vocational training,Munich,False,Hybrid
CAN07184,40-49,3,Bachelor,Hamburg,False,Hybrid
CAN07185,40-49,6,Doctorate,Other Germany,False,No preference
CAN07186,40-49,3,Vocational training,Other Germany,True,Hybrid
CAN07187,30-39,5,Bachelor,Hamburg,True,Hybrid
CAN07188,40-49,4,Other,Hamburg,False,Hybrid
CAN07189,30-39,14,Doctorate,Frankfurt,False,Remote
CAN07190,30-39,11,Bachelor,Outside Germany,False,On-site
CAN07191,30-39,11,Other,Berlin,False,No preference
CAN07192,30-39,4,Vocational training,Munich,False,On-site
CAN07193,20-29,7,Bachelor,Frankfurt,False,Remote
CAN07194,20-29,3,Vocational training,Cologne,False,Hybrid
CAN07195,30-39,6,Bachelor,Frankfurt,True,No preference
CAN07196,50+,7,Master,Berlin,False,Hybrid
CAN07197,40-49,5,Bachelor,Frankfurt,False,Hybrid
CAN07198,30-39,6,Bachelor,Frankfurt,False,Hybrid
CAN07199,40-49,9,Other,Berlin,False,Hybrid
CAN07200,40-49,15,Vocational training,Frankfurt,True,No preference
CAN07201,30-39,8,Bachelor,Hamburg,False,Remote
CAN07202,40-49,20,Vocational training,Other Germany,False,Hybrid
CAN07203,30-39,3,Bachelor,Berlin,False,Hybrid
CAN07204,30-39,2,Vocational training,Hamburg,False,Hybrid
CAN07205,20-29,6,Other,Berlin,False,Remote
CAN07206,40-49,10,Vocational training,Hamburg,True,Remote
CAN07207,40-49,6,Doctorate,Munich,False,Hybrid
CAN07208,30-39,1,Bachelor,Cologne,True,Hybrid
CAN07209,30-39,15,Vocational training,Hamburg,False,Remote
CAN07210,30-39,9,Bachelor,Other Germany,True,Remote
CAN07211,30-39,11,Master,Other Germany,False,On-site
CAN07212,20-29,9,Vocational training,Munich,False,Hybrid
CAN07213,30-39,13,Vocational training,Frankfurt,False,On-site
CAN07214,30-39,5,Master,Other Germany,False,Hybrid
CAN07215,40-49,14,Bachelor,Cologne,False,Hybrid
CAN07216,40-49,8,Vocational training,Frankfurt,True,Hybrid
CAN07217,30-39,3,Bachelor,Berlin,False,Hybrid
CAN07218,30-39,2,Vocational training,Other Germany,False,Remote
CAN07219,50+,11,Vocational training,Frankfurt,False,Remote
CAN07220,30-39,1,Bachelor,Berlin,False,Hybrid
CAN07221,20-29,3,Doctorate,Cologne,False,No preference
CAN07222,40-49,5,Other,Frankfurt,False,No preference
CAN07223,30-39,4,Other,Berlin,False,Remote
CAN07224,30-39,5,Vocational training,Hamburg,False,Hybrid
CAN07225,40-49,2,Vocational training,Other Germany,True,No preference
CAN07226,50+,7,Vocational training,Hamburg,False,On-site
CAN07227,40-49,7,Bachelor,Hamburg,False,Remote
CAN07228,20-29,7,Master,Berlin,False,No preference
CAN07229,30-39,11,Vocational training,Munich,True,Hybrid
CAN07230,50+,19,Bachelor,Berlin,False,Remote
CAN07231,30-39,2,Bachelor,Other Germany,False,On-site
CAN07232,40-49,12,Master,Hamburg,False,Hybrid
CAN07233,30-39,0,Bachelor,Outside Germany,False,Remote
CAN07234,40-49,9,Master,Outside Germany,True,Remote
CAN07235,30-39,8,Vocational training,Hamburg,False,Hybrid
CAN07236,40-49,10,Vocational training,Munich,True,Remote
CAN07237,30-39,5,Vocational training,Outside Germany,True,Remote
CAN07238,20-29,10,Bachelor,Cologne,False,No preference
CAN07239,20-29,3,Bachelor,Berlin,False,No preference
CAN07240,40-49,1,Vocational training,Frankfurt,False,No preference
CAN07241,50+,21,Vocational training,Hamburg,False,Hybrid
CAN07242,40-49,11,Doctorate,Other Germany,False,On-site
CAN07243,20-29,5,Bachelor,Hamburg,False,Hybrid
CAN07244,50+,8,Bachelor,Frankfurt,False,Remote
CAN07245,20-29,4,Doctorate,Other Germany,True,Hybrid
CAN07246,50+,7,Vocational training,Other Germany,True,Remote
CAN07247,20-29,3,Bachelor,Munich,True,No preference
CAN07248,30-39,8,Other,Cologne,True,No preference
CAN07249,30-39,2,Bachelor,Other Germany,False,Remote
CAN07250,40-49,6,Vocational training,Munich,False,No preference
CAN07251,30-39,9,Vocational training,Berlin,False,Remote
CAN07252,20-29,4,Bachelor,Other Germany,False,No preference
CAN07253,40-49,21,Bachelor,Other Germany,False,Remote
CAN07254,20-29,3,Bachelor,Cologne,True,Remote
CAN07255,40-49,8,Vocational training,Berlin,False,Remote
CAN07256,30-39,7,Other,Hamburg,False,Hybrid
CAN07257,50+,12,Other,Other Germany,False,Hybrid
CAN07258,30-39,1,Master,Other Germany,False,Hybrid
CAN07259,30-39,11,Vocational training,Frankfurt,True,Remote
CAN07260,40-49,15,Vocational training,Frankfurt,False,Remote
CAN07261,40-49,5,Bachelor,Cologne,False,On-site
CAN07262,30-39,5,Vocational training,Berlin,True,Hybrid
CAN07263,40-49,5,Master,Outside Germany,False,On-site
CAN07264,30-39,3,Bachelor,Frankfurt,False,Hybrid
CAN07265,20-29,3,Vocational training,Cologne,True,Hybrid
CAN07266,30-39,4,Master,Berlin,False,Hybrid
CAN07267,20-29,5,Vocational training,Berlin,False,Remote
CAN07268,30-39,7,Vocational training,Other Germany,False,Remote
CAN07269,30-39,16,Bachelor,Berlin,True,No preference
CAN07270,30-39,1,Master,Other Germany,False,No preference
CAN07271,40-49,7,Master,Berlin,True,Remote
CAN07272,40-49,3,Vocational training,Frankfurt,False,Remote
CAN07273,40-49,21,Bachelor,Frankfurt,True,Hybrid
CAN07274,30-39,4,Bachelor,Berlin,False,No preference
CAN07275,30-39,3,Master,Berlin,False,Remote
CAN07276,40-49,5,Vocational training,Hamburg,False,On-site
CAN07277,30-39,8,Master,Berlin,True,Hybrid
CAN07278,30-39,13,Master,Cologne,True,Hybrid
CAN07279,40-49,7,Bachelor,Frankfurt,False,Hybrid
CAN07280,30-39,2,Master,Berlin,False,Hybrid
CAN07281,30-39,1,Master,Hamburg,False,Hybrid
CAN07282,30-39,6,Bachelor,Frankfurt,False,No preference
CAN07283,40-49,10,Bachelor,Frankfurt,False,Hybrid
CAN07284,30-39,10,Bachelor,Frankfurt,False,Hybrid
CAN07285,20-29,6,Master,Frankfurt,False,Remote
CAN07286,30-39,2,Master,Other Germany,False,Hybrid
CAN07287,20-29,3,Master,Hamburg,False,On-site
CAN07288,30-39,1,Vocational training,Frankfurt,False,Remote
CAN07289,30-39,4,Vocational training,Other Germany,False,Hybrid
CAN07290,30-39,4,Vocational training,Hamburg,False,Hybrid
CAN07291,50+,12,Vocational training,Munich,False,Remote
CAN07292,20-29,4,Master,Frankfurt,False,On-site
CAN07293,20-29,2,Bachelor,Other Germany,True,On-site
CAN07294,20-29,2,Bachelor,Frankfurt,False,No preference
CAN07295,40-49,4,Doctorate,Other Germany,False,Hybrid
CAN07296,40-49,10,Master,Berlin,False,Hybrid
CAN07297,40-49,2,Vocational training,Other Germany,False,Hybrid
CAN07298,40-49,10,Master,Hamburg,True,Hybrid
CAN07299,30-39,2,Bachelor,Munich,True,Hybrid
CAN07300,40-49,3,Master,Other Germany,False,On-site
CAN07301,30-39,3,Other,Other Germany,False,Remote
CAN07302,20-29,4,Vocational training,Outside Germany,False,No preference
CAN07303,30-39,7,Bachelor,Berlin,True,Remote
CAN07304,20-29,3,Master,Other Germany,False,Hybrid
CAN07305,30-39,7,Vocational training,Berlin,True,Hybrid
CAN07306,30-39,4,Other,Hamburg,False,Remote
CAN07307,30-39,1,Bachelor,Berlin,False,Hybrid
CAN07308,40-49,9,Vocational training,Berlin,False,Hybrid
CAN07309,30-39,5,Bachelor,Berlin,True,Remote
CAN07310,20-29,4,Master,Other Germany,False,Hybrid
CAN07311,30-39,8,Vocational training,Frankfurt,False,Hybrid
CAN07312,30-39,14,Vocational training,Outside Germany,False,No preference
CAN07313,50+,25,Bachelor,Frankfurt,False,On-site
CAN07314,40-49,8,Doctorate,Munich,True,Hybrid
CAN07315,40-49,4,Vocational training,Cologne,False,On-site
CAN07316,20-29,0,Bachelor,Other Germany,True,Remote
CAN07317,40-49,8,Vocational training,Hamburg,False,On-site
CAN07318,50+,13,Bachelor,Hamburg,False,On-site
CAN07319,40-49,5,Vocational training,Frankfurt,False,Hybrid
CAN07320,30-39,8,Master,Cologne,False,Hybrid
CAN07321,30-39,10,Vocational training,Other Germany,False,Remote
CAN07322,40-49,10,Vocational training,Munich,False,On-site
CAN07323,20-29,1,Vocational training,Hamburg,False,Remote
CAN07324,30-39,10,Bachelor,Other Germany,False,Hybrid
CAN07325,40-49,15,Master,Berlin,True,Remote
CAN07326,30-39,0,Master,Frankfurt,True,Hybrid
CAN07327,40-49,6,Master,Cologne,True,No preference
CAN07328,40-49,6,Bachelor,Hamburg,False,Hybrid
CAN07329,40-49,6,Vocational training,Hamburg,False,Hybrid
CAN07330,50+,8,Vocational training,Other Germany,False,Hybrid
CAN07331,20-29,5,Vocational training,Frankfurt,False,Hybrid
CAN07332,30-39,1,Bachelor,Other Germany,False,Remote
CAN07333,40-49,4,Bachelor,Cologne,True,No preference
CAN07334,30-39,7,Master,Berlin,True,No preference
CAN07335,20-29,4,Vocational training,Frankfurt,True,Hybrid
CAN07336,40-49,4,Vocational training,Munich,False,Hybrid
CAN07337,30-39,12,Bachelor,Other Germany,False,No preference
CAN07338,40-49,10,Doctorate,Berlin,False,Hybrid
CAN07339,30-39,7,Vocational training,Frankfurt,False,Remote
CAN07340,30-39,4,Bachelor,,False,Hybrid
CAN07341,40-49,5,Vocational training,Berlin,True,Hybrid
CAN07342,40-49,2,Master,Berlin,True,Hybrid
CAN07343,40-49,2,Vocational training,Other Germany,False,Hybrid
CAN07344,50+,17,Vocational training,Munich,False,Hybrid
CAN07345,30-39,10,Master,Cologne,False,Remote
CAN07346,20-29,2,Vocational training,Berlin,False,No preference
CAN07347,40-49,9,Vocational training,Berlin,False,Hybrid
CAN07348,20-29,5,Vocational training,Munich,True,Remote
CAN07349,50+,18,Vocational training,Hamburg,False,Hybrid
CAN07350,20-29,10,Vocational training,Other Germany,True,Hybrid
CAN07351,30-39,7,Vocational training,Other Germany,False,Hybrid
CAN07352,20-29,2,Vocational training,Berlin,False,Remote
CAN07353,50+,12,Master,Frankfurt,False,Hybrid
CAN07354,40-49,2,Vocational training,Berlin,False,No preference
CAN07355,30-39,9,Vocational training,Frankfurt,False,Hybrid
CAN07356,20-29,4,Bachelor,Munich,False,Hybrid
CAN07357,50+,15,Bachelor,Outside Germany,True,Hybrid
CAN07358,40-49,14,Vocational training,Cologne,True,No preference
CAN07359,40-49,13,Other,Berlin,False,Hybrid
CAN07360,20-29,4,Vocational training,Cologne,False,Hybrid
CAN07361,40-49,3,Bachelor,Hamburg,False,Hybrid
CAN07362,20-29,2,Bachelor,Frankfurt,True,Hybrid
CAN07363,40-49,13,Master,Other Germany,False,Hybrid
CAN07364,20-29,5,Doctorate,Outside Germany,True,Hybrid
CAN07365,30-39,10,Other,Frankfurt,True,Remote
CAN07366,40-49,8,Vocational training,Cologne,True,Remote
CAN07367,40-49,2,Bachelor,Other Germany,True,No preference
CAN07368,40-49,7,Other,Hamburg,False,Remote
CAN07369,50+,15,Master,Other Germany,False,Remote
CAN07370,30-39,6,Bachelor,Hamburg,True,Hybrid
CAN07371,30-39,9,Vocational training,Other Germany,False,Hybrid
CAN07372,40-49,8,Vocational training,Munich,False,No preference
CAN07373,20-29,9,Vocational training,Munich,False,No preference
CAN07374,30-39,4,Master,Hamburg,True,Hybrid
CAN07375,40-49,11,Vocational training,Munich,True,Hybrid
CAN07376,50+,10,Master,Hamburg,True,No preference
CAN07377,20-29,5,Doctorate,Munich,True,Remote
CAN07378,30-39,5,Bachelor,Berlin,False,On-site
CAN07379,40-49,0,Bachelor,Other Germany,False,Hybrid
CAN07380,40-49,1,Vocational training,Outside Germany,False,No preference
CAN07381,30-39,5,Vocational training,Hamburg,True,Remote
CAN07382,30-39,13,Vocational training,Munich,True,Hybrid
CAN07383,40-49,6,Master,Frankfurt,True,Remote
CAN07384,40-49,16,Bachelor,Munich,False,Hybrid
CAN07385,40-49,11,Doctorate,Frankfurt,False,No preference
CAN07386,30-39,2,Bachelor,Berlin,False,No preference
CAN07387,30-39,4,Vocational training,Outside Germany,False,Remote
CAN07388,20-29,3,Master,Munich,False,On-site
CAN07389,20-29,1,Other,Outside Germany,False,No preference
CAN07390,40-49,6,Bachelor,Frankfurt,False,On-site
CAN07391,30-39,11,Vocational training,Munich,False,Hybrid
CAN07392,30-39,7,Master,Cologne,False,Hybrid
CAN07393,40-49,8,Doctorate,Munich,False,Hybrid
CAN07394,40-49,16,Master,Outside Germany,True,Remote
CAN07395,20-29,5,Other,Other Germany,False,Hybrid
CAN07396,20-29,3,Bachelor,Other Germany,False,On-site
CAN07397,50+,13,Vocational training,Other Germany,False,Hybrid
CAN07398,50+,9,Bachelor,Cologne,False,Hybrid
CAN07399,50+,16,Vocational training,Munich,False,On-site
CAN07400,40-49,1,Master,Hamburg,False,Hybrid
CAN07401,40-49,5,Vocational training,Outside Germany,False,Hybrid
CAN07402,40-49,8,Vocational training,Other Germany,True,Hybrid
CAN07403,40-49,6,Master,Cologne,False,Remote
CAN07404,30-39,5,Vocational training,Outside Germany,True,Hybrid
CAN07405,40-49,7,Vocational training,Berlin,False,Remote
CAN07406,30-39,8,Bachelor,Munich,True,Remote
CAN07407,50+,17,Master,Other Germany,False,Hybrid
CAN07408,30-39,13,Bachelor,Berlin,False,Hybrid
CAN07409,20-29,1,Vocational training,Munich,False,Hybrid
CAN07410,30-39,1,Other,Other Germany,True,Hybrid
CAN07411,30-39,6,Vocational training,Frankfurt,False,Remote
CAN07412,30-39,12,Vocational training,Munich,True,Hybrid
CAN07413,30-39,7,Bachelor,Frankfurt,True,No preference
CAN07414,40-49,3,Bachelor,Other Germany,True,Hybrid
CAN07415,50+,8,Vocational training,Other Germany,False,Hybrid
CAN07416,20-29,6,Vocational training,Munich,True,Remote
CAN07417,50+,15,Bachelor,Munich,False,No preference
CAN07418,40-49,8,Bachelor,Munich,False,Hybrid
CAN07419,50+,8,Vocational training,Hamburg,True,Hybrid
CAN07420,40-49,4,Master,Frankfurt,False,Hybrid
CAN07421,40-49,4,Vocational training,Other Germany,False,Hybrid
CAN07422,40-49,10,Master,Munich,False,Remote
CAN07423,20-29,1,Bachelor,Munich,False,Hybrid
CAN07424,40-49,16,Vocational training,Hamburg,False,No preference
CAN07425,50+,15,Vocational training,Berlin,True,Hybrid
CAN07426,50+,15,Master,Outside Germany,False,Hybrid
CAN07427,40-49,3,Vocational training,Munich,False,Hybrid
CAN07428,40-49,10,Bachelor,Berlin,False,Hybrid
CAN07429,30-39,3,Vocational training,Other Germany,False,On-site
CAN07430,20-29,3,Bachelor,Berlin,False,No preference
CAN07431,40-49,17,Master,Other Germany,True,No preference
CAN07432,30-39,16,Bachelor,Other Germany,False,On-site
CAN07433,40-49,6,Bachelor,Berlin,False,Remote
CAN07434,30-39,5,Vocational training,Other Germany,True,No preference
CAN07435,40-49,18,Bachelor,Other Germany,False,On-site
CAN07436,50+,17,Other,Munich,False,Hybrid
CAN07437,30-39,11,Bachelor,Hamburg,False,Hybrid
CAN07438,20-29,3,Bachelor,Other Germany,True,Hybrid
CAN07439,40-49,10,Bachelor,Berlin,True,On-site
CAN07440,40-49,5,Bachelor,Hamburg,False,No preference
CAN07441,20-29,7,Vocational training,Munich,False,Hybrid
CAN07442,40-49,9,Bachelor,Frankfurt,False,Hybrid
CAN07443,30-39,5,Master,Cologne,False,Remote
CAN07444,40-49,8,Bachelor,Frankfurt,False,Hybrid
CAN07445,50+,8,Bachelor,Cologne,False,On-site
CAN07446,30-39,10,Doctorate,Other Germany,False,Remote
CAN07447,30-39,4,Bachelor,Berlin,False,No preference
CAN07448,30-39,4,Vocational training,Other Germany,False,Hybrid
CAN07449,40-49,2,Vocational training,Frankfurt,True,Hybrid
CAN07450,20-29,7,Vocational training,Berlin,False,Hybrid
CAN07451,20-29,6,Master,Frankfurt,True,No preference
CAN07452,30-39,6,Master,Berlin,True,Hybrid
CAN07453,20-29,3,Bachelor,Other Germany,False,Remote
CAN07454,40-49,6,Bachelor,Frankfurt,False,No preference
CAN07455,30-39,11,Bachelor,Outside Germany,False,No preference
CAN07456,30-39,2,Master,Berlin,False,No preference
CAN07457,20-29,9,Vocational training,Other Germany,True,No preference
CAN07458,20-29,5,Vocational training,Hamburg,True,Remote
CAN07459,30-39,7,Vocational training,Cologne,False,No preference
CAN07460,30-39,7,Vocational training,Other Germany,False,Remote
CAN07461,20-29,3,Bachelor,Other Germany,False,Hybrid
CAN07462,20-29,1,Master,Other Germany,False,Remote
CAN07463,20-29,5,Bachelor,Frankfurt,False,No preference
CAN07464,30-39,7,Bachelor,Berlin,True,Remote
CAN07465,30-39,6,Vocational training,Frankfurt,False,Remote
CAN07466,40-49,10,Master,Outside Germany,True,Remote
CAN07467,30-39,3,Bachelor,Other Germany,False,Hybrid
CAN07468,50+,18,Master,Other Germany,True,Hybrid
CAN07469,20-29,4,Bachelor,Frankfurt,True,Remote
CAN07470,50+,6,Bachelor,Berlin,True,On-site
CAN07471,30-39,1,Vocational training,Berlin,False,Hybrid
CAN07472,20-29,0,Vocational training,Other Germany,True,Remote
CAN07473,40-49,9,Bachelor,Frankfurt,False,On-site
CAN07474,40-49,5,Master,Munich,False,Remote
CAN07475,20-29,2,Vocational training,Munich,False,Hybrid
CAN07476,30-39,9,Bachelor,Cologne,False,On-site
CAN07477,40-49,3,Vocational training,Hamburg,False,Hybrid
CAN07478,40-49,4,Other,Other Germany,False,On-site
CAN07479,40-49,6,Bachelor,Hamburg,True,No preference
CAN07480,20-29,4,Bachelor,Frankfurt,False,Remote
CAN07481,40-49,6,Bachelor,Berlin,False,Hybrid
CAN07482,30-39,14,Vocational training,Other Germany,False,Remote
CAN07483,20-29,2,Bachelor,Berlin,False,On-site
CAN07484,40-49,7,Bachelor,Frankfurt,False,Hybrid
CAN07485,30-39,12,Vocational training,Other Germany,False,Remote
CAN07486,40-49,5,Vocational training,Berlin,False,Remote
CAN07487,20-29,3,Vocational training,Munich,False,Remote
CAN07488,40-49,6,Vocational training,Frankfurt,False,Remote
CAN07489,20-29,0,Vocational training,Berlin,False,On-site
CAN07490,40-49,11,Bachelor,Other Germany,False,Remote
CAN07491,30-39,9,Vocational training,Frankfurt,False,Hybrid
CAN07492,30-39,11,Bachelor,Berlin,False,Remote
CAN07493,30-39,10,Doctorate,Other Germany,False,Hybrid
CAN07494,30-39,0,Master,Other Germany,True,Hybrid
CAN07495,30-39,1,Master,Hamburg,False,No preference
CAN07496,20-29,1,Vocational training,Berlin,False,Hybrid
CAN07497,30-39,3,Bachelor,Other Germany,False,Hybrid
CAN07498,20-29,3,Master,Hamburg,False,Hybrid
CAN07499,40-49,2,Master,Berlin,False,Remote
CAN07500,30-39,5,Vocational training,Berlin,False,No preference
CAN07501,40-49,20,Vocational training,Berlin,False,Remote
CAN07502,40-49,9,Master,Hamburg,False,Hybrid
CAN07503,40-49,6,Doctorate,Munich,False,Remote
CAN07504,30-39,5,Vocational training,Hamburg,True,Hybrid
CAN07505,50+,18,Bachelor,Munich,True,Hybrid
CAN07506,30-39,6,Vocational training,Berlin,True,Remote
CAN07507,50+,25,Bachelor,Frankfurt,False,Hybrid
CAN07508,20-29,2,Vocational training,Frankfurt,True,Hybrid
CAN07509,40-49,5,Vocational training,Frankfurt,False,On-site
CAN07510,30-39,2,Bachelor,Other Germany,False,On-site
CAN07511,50+,14,Other,Other Germany,False,Hybrid
CAN07512,40-49,17,Bachelor,Frankfurt,False,Hybrid
CAN07513,30-39,8,Master,Frankfurt,False,Hybrid
CAN07514,20-29,1,Master,Munich,True,Hybrid
CAN07515,20-29,3,Bachelor,Cologne,True,No preference
CAN07516,30-39,12,Other,Other Germany,True,Remote
CAN07517,20-29,2,Master,Berlin,False,Remote
CAN07518,30-39,5,Doctorate,Cologne,False,Remote
CAN07519,40-49,7,Vocational training,Frankfurt,False,Remote
CAN07520,40-49,12,Bachelor,Frankfurt,True,No preference
CAN07521,30-39,4,Bachelor,Berlin,True,Hybrid
CAN07522,40-49,7,Doctorate,Frankfurt,True,Remote
CAN07523,40-49,10,Other,Berlin,True,Hybrid
CAN07524,20-29,3,Vocational training,Berlin,False,No preference
CAN07525,40-49,2,Vocational training,Berlin,False,Hybrid
CAN07526,40-49,8,Vocational training,Other Germany,True,Remote
CAN07527,50+,13,Vocational training,Hamburg,True,On-site
CAN07528,40-49,1,Other,Munich,False,Hybrid
CAN07529,20-29,2,Doctorate,Other Germany,False,Hybrid
CAN07530,30-39,9,Bachelor,Cologne,True,Remote
CAN07531,20-29,2,Master,Other Germany,False,On-site
CAN07532,50+,11,Bachelor,Cologne,False,Hybrid
CAN07533,30-39,4,Master,Other Germany,True,Hybrid
CAN07534,40-49,2,Master,Frankfurt,False,On-site
CAN07535,30-39,13,Bachelor,Other Germany,False,Remote
CAN07536,30-39,11,Vocational training,Hamburg,False,Hybrid
CAN07537,40-49,3,Master,Munich,True,Hybrid
CAN07538,30-39,12,Master,Berlin,False,Remote
CAN07539,40-49,3,Vocational training,Other Germany,False,On-site
CAN07540,40-49,1,Vocational training,Other Germany,False,Hybrid
CAN07541,40-49,12,Bachelor,Other Germany,False,No preference
CAN07542,30-39,9,Master,Berlin,False,Hybrid
CAN07543,30-39,3,Vocational training,Other Germany,False,No preference
CAN07544,40-49,7,Vocational training,Munich,True,Remote
CAN07545,20-29,3,Vocational training,Hamburg,False,Hybrid
CAN07546,30-39,5,Vocational training,Other Germany,False,Hybrid
CAN07547,30-39,4,Vocational training,Frankfurt,True,Remote
CAN07548,30-39,11,Master,Berlin,True,Hybrid
CAN07549,30-39,3,Bachelor,Munich,False,No preference
CAN07550,30-39,7,Vocational training,Other Germany,False,Remote
CAN07551,40-49,1,Master,Hamburg,False,Remote
CAN07552,50+,13,Master,Frankfurt,False,Hybrid
CAN07553,20-29,3,Master,Frankfurt,False,On-site
CAN07554,20-29,7,Doctorate,Frankfurt,False,Remote
CAN07555,40-49,6,Master,Munich,False,Hybrid
CAN07556,30-39,10,Doctorate,Outside Germany,False,Hybrid
CAN07557,40-49,5,Bachelor,Berlin,False,Hybrid
CAN07558,40-49,6,Bachelor,Other Germany,True,Remote
CAN07559,40-49,6,Bachelor,Munich,False,Hybrid
CAN07560,20-29,9,Bachelor,Outside Germany,False,Hybrid
CAN07561,40-49,5,Other,Frankfurt,False,Remote
CAN07562,30-39,8,Master,Hamburg,False,No preference
CAN07563,40-49,6,Doctorate,Other Germany,True,Remote
CAN07564,40-49,3,Bachelor,Outside Germany,False,Remote
CAN07565,30-39,1,Bachelor,Hamburg,False,Hybrid
CAN07566,20-29,7,Bachelor,Cologne,False,Remote
CAN07567,30-39,8,Doctorate,Berlin,False,On-site
CAN07568,50+,14,Bachelor,Other Germany,False,Remote
CAN07569,50+,11,Vocational training,Cologne,False,Hybrid
CAN07570,30-39,4,Vocational training,Berlin,False,No preference
CAN07571,20-29,1,Vocational training,Berlin,False,Remote
CAN07572,20-29,1,Master,Hamburg,False,Remote
CAN07573,20-29,7,Vocational training,Berlin,False,On-site
CAN07574,50+,25,Master,Berlin,True,Hybrid
CAN07575,50+,18,Vocational training,Frankfurt,False,Hybrid
CAN07576,40-49,5,Vocational training,Other Germany,False,On-site
CAN07577,40-49,1,Vocational training,Other Germany,True,No preference
CAN07578,20-29,2,Vocational training,Other Germany,True,On-site
CAN07579,30-39,7,Bachelor,Berlin,False,Hybrid
CAN07580,30-39,8,Other,Other Germany,False,Hybrid
CAN07581,40-49,2,Vocational training,Cologne,False,Remote
CAN07582,20-29,2,Master,Cologne,False,Hybrid
CAN07583,20-29,1,Vocational training,Munich,False,Hybrid
CAN07584,50+,9,Bachelor,Cologne,False,Hybrid
CAN07585,40-49,6,Bachelor,Other Germany,True,No preference
CAN07586,30-39,6,Master,Frankfurt,True,No preference
CAN07587,30-39,3,Master,Other Germany,False,No preference
CAN07588,30-39,4,Other,Frankfurt,False,Hybrid
CAN07589,20-29,1,Vocational training,Munich,True,Remote
CAN07590,20-29,3,Bachelor,Hamburg,True,Hybrid
CAN07591,40-49,2,Bachelor,Hamburg,False,Hybrid
CAN07592,20-29,6,Vocational training,Cologne,False,Hybrid
CAN07593,40-49,7,Vocational training,Frankfurt,True,Remote
CAN07594,20-29,0,Vocational training,Frankfurt,False,Hybrid
CAN07595,50+,12,Other,Munich,False,Remote
CAN07596,30-39,0,Vocational training,Frankfurt,True,Remote
CAN07597,40-49,6,Other,Other Germany,True,No preference
CAN07598,30-39,4,Vocational training,Other Germany,False,Remote
CAN07599,20-29,5,Bachelor,Frankfurt,True,Hybrid
CAN07600,20-29,4,Bachelor,Berlin,False,Hybrid
CAN07601,20-29,3,Vocational training,Cologne,False,On-site
CAN07602,40-49,3,Vocational training,Other Germany,True,Hybrid
CAN07603,50+,9,Master,Other Germany,False,No preference
CAN07604,30-39,4,Bachelor,Frankfurt,False,On-site
CAN07605,20-29,3,Bachelor,Munich,False,Hybrid
CAN07606,40-49,11,Master,Other Germany,False,Remote
CAN07607,50+,14,Vocational training,Frankfurt,True,Remote
CAN07608,30-39,5,Vocational training,Frankfurt,True,Hybrid
CAN07609,30-39,11,Vocational training,Munich,True,Hybrid
CAN07610,20-29,2,Master,Outside Germany,True,Remote
CAN07611,30-39,5,Bachelor,Other Germany,False,Remote
CAN07612,30-39,7,Vocational training,Berlin,True,No preference
CAN07613,50+,7,Bachelor,Other Germany,False,Hybrid
CAN07614,40-49,3,Bachelor,Berlin,True,Hybrid
CAN07615,40-49,2,Other,Other Germany,True,Remote
CAN07616,40-49,5,Master,Berlin,True,Hybrid
CAN07617,20-29,4,Other,Berlin,False,Hybrid
CAN07618,50+,10,Doctorate,Frankfurt,False,On-site
CAN07619,30-39,7,Vocational training,Frankfurt,False,Remote
CAN07620,20-29,2,Vocational training,Outside Germany,False,On-site
CAN07621,30-39,6,Master,Other Germany,False,Hybrid
CAN07622,40-49,6,Vocational training,Outside Germany,False,On-site
CAN07623,30-39,12,Vocational training,Frankfurt,False,Hybrid
CAN07624,20-29,6,Bachelor,Hamburg,True,Hybrid
CAN07625,40-49,10,Master,Frankfurt,False,Hybrid
CAN07626,40-49,3,Bachelor,Hamburg,False,Hybrid
CAN07627,40-49,11,Vocational training,Hamburg,False,Remote
CAN07628,40-49,5,Master,Berlin,False,Hybrid
CAN07629,30-39,8,Vocational training,Other Germany,False,Hybrid
CAN07630,30-39,8,Vocational training,Berlin,False,Hybrid
CAN07631,40-49,21,Bachelor,Frankfurt,False,Hybrid
CAN07632,30-39,5,Bachelor,Munich,False,On-site
CAN07633,20-29,1,Vocational training,Frankfurt,False,Remote
CAN07634,30-39,14,Master,Munich,False,No preference
CAN07635,30-39,9,Bachelor,Hamburg,False,Hybrid
CAN07636,20-29,2,Bachelor,Frankfurt,False,Hybrid
CAN07637,30-39,3,Bachelor,Hamburg,True,Remote
CAN07638,20-29,1,Bachelor,Berlin,False,No preference
CAN07639,40-49,6,Master,Berlin,True,On-site
CAN07640,20-29,1,Master,Munich,False,Hybrid
CAN07641,40-49,7,Master,Other Germany,True,Hybrid
CAN07642,30-39,8,Bachelor,Hamburg,True,Remote
CAN07643,30-39,12,Vocational training,Berlin,False,Hybrid
CAN07644,40-49,1,Bachelor,Frankfurt,False,Hybrid
CAN07645,50+,11,Vocational training,Frankfurt,False,Hybrid
CAN07646,30-39,3,Vocational training,Hamburg,False,Hybrid
CAN07647,40-49,1,Bachelor,Frankfurt,False,No preference
CAN07648,40-49,4,Vocational training,Berlin,False,On-site
CAN07649,50+,10,Bachelor,Frankfurt,False,Hybrid
CAN07650,30-39,6,Master,Hamburg,False,Remote
CAN07651,30-39,7,Master,Other Germany,True,Remote
CAN07652,40-49,1,Bachelor,Frankfurt,False,Hybrid
CAN07653,20-29,5,Vocational training,Other Germany,False,Remote
CAN07654,30-39,2,Vocational training,Hamburg,False,Hybrid
CAN07655,40-49,5,Master,Frankfurt,False,Remote
CAN07656,40-49,0,Vocational training,Munich,False,Hybrid
CAN07657,30-39,6,Doctorate,Berlin,False,Hybrid
CAN07658,20-29,1,Master,Other Germany,False,No preference
CAN07659,30-39,7,Master,Frankfurt,False,Remote
CAN07660,40-49,17,Vocational training,Other Germany,False,No preference
CAN07661,30-39,3,Vocational training,Berlin,False,Hybrid
CAN07662,50+,8,Master,Berlin,True,Hybrid
CAN07663,40-49,6,Vocational training,Other Germany,False,Remote
CAN07664,30-39,4,Master,Frankfurt,False,Remote
CAN07665,40-49,5,Vocational training,Berlin,False,Hybrid
CAN07666,50+,9,Bachelor,Munich,True,No preference
CAN07667,40-49,12,Master,Frankfurt,True,Hybrid
CAN07668,20-29,5,Other,Other Germany,False,Remote
CAN07669,30-39,8,Vocational training,Frankfurt,True,Remote
CAN07670,30-39,7,Vocational training,Frankfurt,True,Remote
CAN07671,50+,15,Bachelor,Frankfurt,False,Hybrid
CAN07672,20-29,9,Bachelor,Frankfurt,False,Hybrid
CAN07673,30-39,1,Vocational training,Frankfurt,True,No preference
CAN07674,20-29,7,Bachelor,Frankfurt,False,Remote
CAN07675,40-49,17,Other,Frankfurt,False,Remote
CAN07676,40-49,2,Bachelor,Other Germany,False,Hybrid
CAN07677,40-49,3,Vocational training,Frankfurt,False,No preference
CAN07678,50+,12,Bachelor,Other Germany,False,On-site
CAN07679,40-49,9,Vocational training,Berlin,False,No preference
CAN07680,40-49,4,Bachelor,Outside Germany,False,No preference
CAN07681,30-39,15,Master,Munich,False,On-site
CAN07682,30-39,5,Bachelor,Outside Germany,False,Hybrid
CAN07683,40-49,5,Vocational training,Munich,True,Hybrid
CAN07684,40-49,14,Bachelor,Cologne,False,Hybrid
CAN07685,40-49,5,Bachelor,Munich,False,Remote
CAN07686,30-39,14,Vocational training,Munich,False,Hybrid
CAN07687,30-39,1,Vocational training,Other Germany,True,Remote
CAN07688,40-49,8,Master,Outside Germany,False,Remote
CAN07689,30-39,11,Other,Berlin,False,Hybrid
CAN07690,40-49,8,Vocational training,Frankfurt,False,Hybrid
CAN07691,30-39,12,Master,Frankfurt,False,No preference
CAN07692,50+,11,Master,Berlin,False,Hybrid
CAN07693,40-49,8,Bachelor,Other Germany,True,Hybrid
CAN07694,40-49,5,Bachelor,Frankfurt,True,On-site
CAN07695,30-39,3,Vocational training,Hamburg,True,Remote
CAN07696,30-39,1,Master,Other Germany,False,Remote
CAN07697,20-29,1,Vocational training,Other Germany,False,Hybrid
CAN07698,30-39,11,Doctorate,Frankfurt,False,Hybrid
CAN07699,30-39,5,Doctorate,Other Germany,False,On-site
CAN07700,40-49,3,Vocational training,Other Germany,False,Hybrid
CAN07701,30-39,2,Other,Outside Germany,False,No preference
CAN07702,40-49,10,Bachelor,Berlin,True,No preference
CAN07703,40-49,6,Vocational training,Other Germany,False,No preference
CAN07704,30-39,7,Master,Frankfurt,True,Hybrid
CAN07705,20-29,4,Vocational training,Hamburg,False,Remote
CAN07706,40-49,6,Master,Outside Germany,False,No preference
CAN07707,40-49,6,Vocational training,Frankfurt,False,Hybrid
CAN07708,40-49,4,Master,Frankfurt,False,No preference
CAN07709,30-39,9,Bachelor,Outside Germany,False,Hybrid
CAN07710,20-29,1,Bachelor,Other Germany,True,Hybrid
CAN07711,40-49,11,Vocational training,Berlin,True,Hybrid
CAN07712,30-39,2,Master,Munich,True,Hybrid
CAN07713,30-39,9,Vocational training,Outside Germany,False,On-site
CAN07714,30-39,7,Vocational training,Munich,True,On-site
CAN07715,20-29,5,Doctorate,Other Germany,True,Hybrid
CAN07716,40-49,11,Bachelor,Cologne,False,Hybrid
CAN07717,40-49,2,Vocational training,Cologne,False,No preference
CAN07718,40-49,6,Bachelor,Berlin,True,Hybrid
CAN07719,20-29,5,Vocational training,Frankfurt,False,Remote
CAN07720,30-39,7,Vocational training,Other Germany,False,Hybrid
CAN07721,40-49,21,Master,Hamburg,True,No preference
CAN07722,30-39,0,Bachelor,Outside Germany,False,Remote
CAN07723,30-39,8,Vocational training,Frankfurt,True,Remote
CAN07724,30-39,4,Vocational training,Hamburg,False,No preference
CAN07725,40-49,4,Bachelor,Outside Germany,False,Remote
CAN07726,30-39,4,Vocational training,Munich,False,On-site
CAN07727,30-39,4,Vocational training,Munich,True,On-site
CAN07728,30-39,2,Vocational training,Munich,False,No preference
CAN07729,40-49,17,Vocational training,Munich,False,Hybrid
CAN07730,20-29,8,Vocational training,Berlin,True,No preference
CAN07731,40-49,14,Master,Other Germany,False,Remote
CAN07732,20-29,4,Bachelor,Other Germany,False,Remote
CAN07733,50+,13,Bachelor,Frankfurt,False,Hybrid
CAN07734,40-49,5,Master,Other Germany,False,Hybrid
CAN07735,40-49,4,Bachelor,Other Germany,False,Hybrid
CAN07736,30-39,6,Master,Hamburg,False,No preference
CAN07737,40-49,5,Vocational training,Berlin,True,Remote
CAN07738,50+,20,Other,Cologne,False,On-site
CAN07739,40-49,10,Vocational training,Other Germany,False,Hybrid
CAN07740,20-29,1,Master,Cologne,False,Remote
CAN07741,40-49,7,Other,Cologne,True,On-site
CAN07742,30-39,5,Other,Berlin,True,Hybrid
CAN07743,20-29,4,Bachelor,Berlin,True,No preference
CAN07744,40-49,10,Vocational training,Munich,True,On-site
CAN07745,30-39,5,Master,Cologne,False,On-site
CAN07746,30-39,4,Master,Frankfurt,False,Hybrid
CAN07747,20-29,2,Master,Frankfurt,False,Hybrid
CAN07748,20-29,5,Vocational training,Frankfurt,False,Hybrid
CAN07749,20-29,0,Master,Frankfurt,False,Remote
CAN07750,20-29,4,Bachelor,Berlin,False,No preference
CAN07751,30-39,3,Master,Hamburg,False,Remote
CAN07752,20-29,5,Bachelor,Cologne,False,On-site
CAN07753,50+,12,Vocational training,Other Germany,True,Hybrid
CAN07754,30-39,8,Bachelor,Cologne,False,Hybrid
CAN07755,40-49,5,Bachelor,,False,Hybrid
CAN07756,50+,13,Vocational training,Other Germany,False,Hybrid
CAN07757,20-29,4,Bachelor,Hamburg,False,Hybrid
CAN07758,20-29,4,Vocational training,Other Germany,True,Hybrid
CAN07759,30-39,6,Vocational training,Outside Germany,False,On-site
CAN07760,30-39,0,Vocational training,Berlin,False,No preference
CAN07761,50+,18,Vocational training,Cologne,False,Hybrid
CAN07762,40-49,10,Bachelor,Cologne,False,Hybrid
CAN07763,40-49,5,Vocational training,Munich,False,Hybrid
CAN07764,30-39,11,Bachelor,Munich,True,Hybrid
CAN07765,50+,14,Master,Berlin,True,Hybrid
CAN07766,30-39,4,Bachelor,Other Germany,False,On-site
CAN07767,40-49,14,Vocational training,Other Germany,True,On-site
CAN07768,30-39,3,Bachelor,Cologne,False,Remote
CAN07769,20-29,3,Vocational training,Berlin,False,On-site
CAN07770,50+,13,Vocational training,Outside Germany,False,Hybrid
CAN07771,40-49,18,Bachelor,Munich,True,No preference
CAN07772,40-49,10,Vocational training,Hamburg,False,Remote
CAN07773,30-39,13,Bachelor,Outside Germany,False,No preference
CAN07774,20-29,5,Bachelor,Other Germany,False,Hybrid
CAN07775,30-39,4,Bachelor,Berlin,True,Hybrid
CAN07776,30-39,11,Bachelor,Hamburg,False,Hybrid
CAN07777,50+,19,Other,Frankfurt,True,Hybrid
CAN07778,40-49,1,Bachelor,Other Germany,False,No preference
CAN07779,20-29,3,Vocational training,Berlin,False,Remote
CAN07780,20-29,3,Master,Munich,False,Remote
CAN07781,30-39,1,Bachelor,Outside Germany,False,Hybrid
CAN07782,50+,9,Vocational training,Frankfurt,False,Remote
CAN07783,30-39,10,Doctorate,Hamburg,False,Hybrid
CAN07784,40-49,10,Bachelor,Other Germany,True,On-site
CAN07785,40-49,5,Vocational training,Berlin,False,Remote
CAN07786,20-29,4,Vocational training,Other Germany,False,No preference
CAN07787,40-49,3,Bachelor,Munich,True,Remote
CAN07788,40-49,11,Vocational training,Berlin,False,Hybrid
CAN07789,50+,14,Vocational training,Cologne,False,Hybrid
CAN07790,30-39,9,Vocational training,Outside Germany,False,Hybrid
CAN07791,30-39,5,Bachelor,Hamburg,False,No preference
CAN07792,40-49,3,Bachelor,,False,No preference
CAN07793,40-49,8,Vocational training,Other Germany,False,On-site
CAN07794,50+,16,Bachelor,Berlin,True,No preference
CAN07795,20-29,1,Master,Other Germany,False,On-site
CAN07796,30-39,6,Vocational training,Outside Germany,True,Hybrid
CAN07797,30-39,2,Bachelor,Berlin,False,Hybrid
CAN07798,40-49,6,Vocational training,Frankfurt,False,No preference
CAN07799,50+,8,Vocational training,Hamburg,False,Hybrid
CAN07800,40-49,16,Master,Munich,False,Hybrid
CAN07801,20-29,3,Vocational training,Frankfurt,False,Hybrid
CAN07802,20-29,3,Vocational training,Munich,False,Hybrid
CAN07803,30-39,8,Master,Berlin,False,Remote
CAN07804,20-29,1,Vocational training,Other Germany,False,On-site
CAN07805,30-39,6,Bachelor,Hamburg,True,Hybrid
CAN07806,30-39,5,Bachelor,Other Germany,True,Hybrid
CAN07807,30-39,7,Vocational training,Berlin,True,No preference
CAN07808,20-29,3,Vocational training,Other Germany,True,Hybrid
CAN07809,20-29,2,Vocational training,Other Germany,False,Hybrid
CAN07810,30-39,7,Bachelor,Other Germany,False,Hybrid
CAN07811,50+,11,Bachelor,Berlin,True,Hybrid
CAN07812,20-29,3,Vocational training,Frankfurt,False,Remote
CAN07813,40-49,5,Bachelor,Outside Germany,False,Remote
CAN07814,40-49,3,Master,Berlin,True,Remote
CAN07815,20-29,4,Bachelor,Frankfurt,False,On-site
CAN07816,20-29,2,Master,Other Germany,False,No preference
CAN07817,20-29,1,Master,Munich,False,On-site
CAN07818,30-39,8,Vocational training,Munich,True,Hybrid
CAN07819,30-39,6,Vocational training,Berlin,True,No preference
CAN07820,20-29,5,Master,Frankfurt,False,On-site
CAN07821,30-39,6,Bachelor,Other Germany,False,Hybrid
CAN07822,40-49,6,Vocational training,Hamburg,False,Remote
CAN07823,40-49,8,Doctorate,Outside Germany,False,Hybrid
CAN07824,30-39,15,Master,Cologne,False,On-site
CAN07825,40-49,7,Master,Frankfurt,False,Remote
CAN07826,40-49,8,Vocational training,Other Germany,True,Hybrid
CAN07827,30-39,7,Master,Other Germany,False,Remote
CAN07828,30-39,2,Bachelor,Frankfurt,False,Hybrid
CAN07829,40-49,4,Bachelor,Outside Germany,False,Hybrid
CAN07830,30-39,17,Vocational training,Other Germany,False,Remote
CAN07831,20-29,1,Bachelor,Frankfurt,True,Remote
CAN07832,20-29,2,Vocational training,Other Germany,True,Hybrid
CAN07833,40-49,3,Master,Hamburg,False,Hybrid
CAN07834,20-29,4,Bachelor,Other Germany,False,Hybrid
CAN07835,40-49,10,Bachelor,Frankfurt,False,Hybrid
CAN07836,30-39,4,Master,Other Germany,False,Hybrid
CAN07837,30-39,15,Master,Frankfurt,False,Hybrid
CAN07838,30-39,14,Bachelor,Munich,True,Hybrid
CAN07839,40-49,10,Master,Other Germany,False,On-site
CAN07840,20-29,5,Vocational training,Other Germany,False,Hybrid
CAN07841,20-29,4,Master,Munich,True,Hybrid
CAN07842,50+,9,Bachelor,Munich,True,On-site
CAN07843,30-39,10,Bachelor,Berlin,False,Hybrid
CAN07844,40-49,7,Vocational training,Cologne,False,On-site
CAN07845,40-49,7,Vocational training,Frankfurt,True,Hybrid
CAN07846,20-29,5,Bachelor,Frankfurt,True,Remote
CAN07847,30-39,7,Vocational training,Hamburg,True,Remote
CAN07848,30-39,5,Master,Other Germany,True,Remote
CAN07849,30-39,4,Vocational training,Hamburg,True,No preference
CAN07850,20-29,3,Bachelor,Outside Germany,False,Hybrid
CAN07851,30-39,4,Vocational training,Berlin,False,Hybrid
CAN07852,30-39,5,Master,Munich,False,Remote
CAN07853,50+,18,Vocational training,Other Germany,True,Hybrid
CAN07854,30-39,3,Bachelor,Other Germany,False,Remote
CAN07855,40-49,7,Master,Hamburg,False,No preference
CAN07856,50+,11,Bachelor,Other Germany,True,Remote
CAN07857,50+,16,Vocational training,Other Germany,False,Hybrid
CAN07858,20-29,2,Vocational training,Hamburg,False,On-site
CAN07859,40-49,10,Master,Hamburg,False,Hybrid
CAN07860,50+,9,Bachelor,Frankfurt,False,No preference
CAN07861,30-39,9,Bachelor,Frankfurt,False,On-site
CAN07862,40-49,6,Vocational training,Other Germany,False,Hybrid
CAN07863,20-29,5,Vocational training,Berlin,False,Hybrid
CAN07864,40-49,2,Bachelor,Hamburg,False,Remote
CAN07865,30-39,9,Bachelor,Other Germany,False,No preference
CAN07866,40-49,5,Master,Cologne,False,Hybrid
CAN07867,30-39,6,Vocational training,Cologne,True,Hybrid
CAN07868,20-29,4,Bachelor,Frankfurt,False,Hybrid
CAN07869,30-39,3,Master,Munich,False,Hybrid
CAN07870,40-49,16,Vocational training,Hamburg,False,Hybrid
CAN07871,40-49,5,Master,Outside Germany,True,Hybrid
CAN07872,40-49,5,Bachelor,Other Germany,False,Hybrid
CAN07873,30-39,1,Other,Hamburg,False,Remote
CAN07874,30-39,5,Bachelor,Frankfurt,False,Hybrid
CAN07875,30-39,4,Vocational training,Outside Germany,False,Hybrid
CAN07876,40-49,8,Vocational training,Frankfurt,False,No preference
CAN07877,50+,11,Bachelor,Munich,False,No preference
CAN07878,20-29,1,Master,Other Germany,False,Hybrid
CAN07879,40-49,3,Bachelor,Berlin,True,Hybrid
CAN07880,30-39,6,Master,Hamburg,False,Remote
CAN07881,40-49,4,Master,Berlin,False,Remote
CAN07882,40-49,1,Bachelor,Frankfurt,False,Remote
CAN07883,40-49,21,Vocational training,Other Germany,False,Hybrid
CAN07884,40-49,5,Vocational training,Other Germany,False,Hybrid
CAN07885,40-49,1,Master,Frankfurt,False,Hybrid
CAN07886,30-39,9,Vocational training,Cologne,True,Hybrid
CAN07887,40-49,3,Master,Frankfurt,False,No preference
CAN07888,40-49,8,Vocational training,Frankfurt,False,Hybrid
CAN07889,40-49,16,Other,Frankfurt,False,Hybrid
CAN07890,30-39,16,Bachelor,Other Germany,True,Remote
CAN07891,30-39,14,Bachelor,Outside Germany,False,Remote
CAN07892,30-39,7,Bachelor,Other Germany,False,Remote
CAN07893,40-49,20,Bachelor,Other Germany,True,Remote
CAN07894,40-49,12,Master,Frankfurt,True,No preference
CAN07895,30-39,10,Bachelor,Hamburg,False,Remote
CAN07896,40-49,4,Master,Hamburg,False,Hybrid
CAN07897,40-49,10,Vocational training,Frankfurt,False,Remote
CAN07898,30-39,8,Vocational training,Munich,False,Remote
CAN07899,40-49,12,Bachelor,Cologne,False,Hybrid
CAN07900,40-49,13,Bachelor,Other Germany,True,Hybrid
CAN07901,30-39,6,Master,Frankfurt,False,Hybrid
CAN07902,30-39,9,Vocational training,Frankfurt,False,Remote
CAN07903,30-39,5,Bachelor,Hamburg,True,Remote
CAN07904,30-39,4,Master,Hamburg,False,No preference
CAN07905,40-49,7,Vocational training,Other Germany,False,On-site
CAN07906,30-39,6,Vocational training,Hamburg,False,Hybrid
CAN07907,30-39,4,Bachelor,Berlin,False,On-site
CAN07908,30-39,5,Master,Berlin,True,Hybrid
CAN07909,50+,19,Master,Hamburg,False,On-site
CAN07910,40-49,10,Master,Frankfurt,False,No preference
CAN07911,20-29,4,Master,Frankfurt,False,Hybrid
CAN07912,20-29,2,Other,Frankfurt,False,Remote
CAN07913,40-49,5,Vocational training,Munich,True,Hybrid
CAN07914,50+,16,Master,Munich,True,On-site
CAN07915,40-49,8,Bachelor,Frankfurt,False,On-site
CAN07916,30-39,3,Vocational training,Munich,False,No preference
CAN07917,40-49,4,Bachelor,Other Germany,False,No preference
CAN07918,20-29,4,Vocational training,Cologne,False,Hybrid
CAN07919,40-49,8,Bachelor,Hamburg,False,Hybrid
CAN07920,20-29,3,Master,Munich,True,On-site
CAN07921,40-49,3,Bachelor,Berlin,False,Hybrid
CAN07922,40-49,9,Bachelor,Munich,False,Remote
CAN07923,30-39,5,Doctorate,Other Germany,True,On-site
CAN07924,40-49,4,Master,Hamburg,True,Remote
CAN07925,20-29,9,Master,Berlin,True,Hybrid
CAN07926,30-39,2,Vocational training,Other Germany,False,Hybrid
CAN07927,20-29,6,Bachelor,Other Germany,False,Remote
CAN07928,20-29,1,Master,Hamburg,True,Hybrid
CAN07929,30-39,0,Vocational training,Cologne,False,Remote
CAN07930,40-49,5,Vocational training,Other Germany,True,Remote
CAN07931,30-39,3,Master,Cologne,False,Remote
CAN07932,40-49,10,Other,Cologne,False,Hybrid
CAN07933,20-29,3,Bachelor,Cologne,False,No preference
CAN07934,40-49,3,Vocational training,Frankfurt,False,Hybrid
CAN07935,30-39,2,Master,Hamburg,True,Hybrid
CAN07936,40-49,13,Master,Other Germany,False,Hybrid
CAN07937,40-49,2,Master,Other Germany,False,On-site
CAN07938,30-39,2,Bachelor,Other Germany,False,On-site
CAN07939,40-49,1,Master,Munich,True,Hybrid
CAN07940,20-29,2,Vocational training,Cologne,True,Remote
CAN07941,50+,9,Bachelor,Other Germany,True,Hybrid
CAN07942,40-49,6,Other,Frankfurt,False,Remote
CAN07943,20-29,1,Vocational training,Hamburg,False,Hybrid
CAN07944,30-39,5,Vocational training,Munich,False,Remote
CAN07945,30-39,3,Vocational training,Frankfurt,False,Hybrid
CAN07946,40-49,4,Bachelor,Munich,False,Hybrid
CAN07947,30-39,10,Master,Berlin,False,No preference
CAN07948,20-29,5,Vocational training,Frankfurt,False,Remote
CAN07949,40-49,2,Vocational training,Other Germany,True,Remote
CAN07950,30-39,2,Vocational training,Munich,False,Hybrid
CAN07951,50+,15,Master,Hamburg,True,Hybrid
CAN07952,20-29,5,Bachelor,Outside Germany,False,Remote
CAN07953,30-39,11,Vocational training,Frankfurt,False,Remote
CAN07954,50+,10,Bachelor,Cologne,False,Hybrid
CAN07955,40-49,15,Vocational training,Frankfurt,False,No preference
CAN07956,30-39,6,Vocational training,Outside Germany,False,On-site
CAN07957,20-29,6,Doctorate,Other Germany,True,On-site
CAN07958,50+,12,Bachelor,Berlin,True,Hybrid
CAN07959,30-39,0,Other,Frankfurt,True,On-site
CAN07960,30-39,4,Other,Berlin,False,Hybrid
CAN07961,40-49,6,Other,Other Germany,False,No preference
CAN07962,30-39,5,Master,Other Germany,True,Hybrid
CAN07963,40-49,9,Master,Munich,False,Remote
CAN07964,30-39,12,Vocational training,Berlin,False,No preference
CAN07965,30-39,5,Master,Berlin,False,On-site
CAN07966,40-49,4,Vocational training,Outside Germany,True,Hybrid
CAN07967,40-49,9,Vocational training,Hamburg,False,Hybrid
CAN07968,40-49,4,Bachelor,Cologne,False,Remote
CAN07969,30-39,5,Vocational training,Other Germany,False,Hybrid
CAN07970,30-39,8,Other,Other Germany,True,No preference
CAN07971,50+,14,Bachelor,Cologne,False,Hybrid
CAN07972,30-39,4,Vocational training,Frankfurt,True,No preference
CAN07973,20-29,1,Master,Other Germany,False,Remote
CAN07974,40-49,6,Bachelor,Other Germany,True,Hybrid
CAN07975,20-29,4,Vocational training,Cologne,False,Hybrid
CAN07976,40-49,3,Bachelor,Berlin,False,Hybrid
CAN07977,20-29,3,Vocational training,Hamburg,True,Hybrid
CAN07978,30-39,10,Vocational training,Munich,False,Hybrid
CAN07979,40-49,19,Master,Hamburg,False,Remote
CAN07980,30-39,6,Bachelor,Munich,False,Hybrid
CAN07981,30-39,3,Other,Other Germany,True,Hybrid
CAN07982,40-49,19,Master,Other Germany,False,Hybrid
CAN07983,50+,11,Master,Berlin,False,Hybrid
CAN07984,30-39,2,Vocational training,Frankfurt,False,Remote
CAN07985,40-49,8,Master,Berlin,False,Hybrid
CAN07986,20-29,7,Other,Hamburg,False,No preference
CAN07987,40-49,7,Vocational training,Other Germany,False,Remote
CAN07988,30-39,5,Master,Munich,False,Remote
CAN07989,50+,9,Vocational training,Frankfurt,False,Hybrid
CAN07990,40-49,9,Bachelor,Other Germany,False,On-site
CAN07991,40-49,7,Bachelor,Hamburg,False,Hybrid
CAN07992,30-39,7,Master,Hamburg,False,No preference
CAN07993,40-49,5,Vocational training,Frankfurt,False,Remote
CAN07994,40-49,2,Other,Berlin,True,Remote
CAN07995,30-39,6,Master,Outside Germany,False,Hybrid
CAN07996,40-49,3,Bachelor,Frankfurt,False,Hybrid
CAN07997,30-39,3,Vocational training,Other Germany,True,No preference
CAN07998,40-49,13,Bachelor,Frankfurt,False,Hybrid
CAN07999,40-49,2,Vocational training,Frankfurt,False,No preference
CAN08000,40-49,11,Bachelor,Cologne,False,On-site
CAN08001,40-49,6,Vocational training,Berlin,False,Hybrid
CAN08002,40-49,7,Other,Other Germany,False,Hybrid
CAN08003,50+,25,Bachelor,Frankfurt,True,Hybrid
CAN08004,40-49,6,Vocational training,Frankfurt,False,No preference
CAN08005,20-29,4,Bachelor,Other Germany,True,No preference
CAN08006,40-49,14,Vocational training,Munich,False,Remote
CAN08007,20-29,2,Doctorate,Other Germany,False,On-site
CAN08008,20-29,0,Master,Munich,True,No preference
CAN08009,40-49,6,Bachelor,Outside Germany,False,Remote
CAN08010,30-39,4,Vocational training,Other Germany,False,Remote
CAN08011,50+,20,Bachelor,Other Germany,False,No preference
CAN08012,20-29,4,Vocational training,Berlin,False,Remote
CAN08013,30-39,5,Bachelor,Berlin,False,Hybrid
CAN08014,30-39,5,Master,Other Germany,False,Hybrid
CAN08015,20-29,5,Bachelor,Other Germany,False,Hybrid
CAN08016,40-49,3,Bachelor,Other Germany,False,No preference
CAN08017,30-39,8,Master,Other Germany,True,Hybrid
CAN08018,30-39,2,Vocational training,Other Germany,False,Hybrid
CAN08019,30-39,7,Bachelor,Frankfurt,True,On-site
CAN08020,30-39,5,Bachelor,Berlin,True,Remote
CAN08021,30-39,2,Master,Outside Germany,False,Hybrid
CAN08022,40-49,2,Vocational training,Berlin,False,Hybrid
CAN08023,30-39,13,Bachelor,Cologne,False,No preference
CAN08024,50+,10,Vocational training,Berlin,True,On-site
CAN08025,20-29,4,Vocational training,Other Germany,True,Hybrid
CAN08026,40-49,6,Vocational training,Other Germany,False,Remote
CAN08027,30-39,5,Master,Frankfurt,False,Hybrid
CAN08028,40-49,4,Bachelor,Munich,False,Hybrid
CAN08029,30-39,19,Master,Cologne,True,Remote
CAN08030,30-39,1,Master,Frankfurt,False,Hybrid
CAN08031,50+,11,Vocational training,Munich,True,No preference
CAN08032,40-49,4,Bachelor,Other Germany,False,Hybrid
CAN08033,40-49,4,Vocational training,Outside Germany,False,Hybrid
CAN08034,20-29,1,Bachelor,Munich,False,On-site
CAN08035,40-49,5,Master,Munich,True,Hybrid
CAN08036,20-29,5,Bachelor,Frankfurt,True,Hybrid
CAN08037,40-49,1,Vocational training,Other Germany,False,Hybrid
CAN08038,40-49,3,Vocational training,Hamburg,False,Hybrid
CAN08039,30-39,3,Master,Other Germany,False,Hybrid
CAN08040,20-29,1,Vocational training,Other Germany,True,Remote
CAN08041,20-29,2,Bachelor,Other Germany,False,On-site
CAN08042,40-49,1,Master,Frankfurt,False,Hybrid
CAN08043,30-39,2,Master,Frankfurt,True,Hybrid
CAN08044,40-49,4,Vocational training,Frankfurt,True,Remote
CAN08045,30-39,4,Doctorate,Berlin,True,Hybrid
CAN08046,50+,17,Vocational training,Other Germany,False,No preference
CAN08047,20-29,1,Master,Munich,False,On-site
CAN08048,50+,20,Vocational training,Hamburg,False,Hybrid
CAN08049,20-29,2,Bachelor,Munich,False,Remote
CAN08050,20-29,0,Master,Frankfurt,False,Remote
CAN08051,30-39,5,Master,Berlin,False,Remote
CAN08052,30-39,11,Master,Berlin,False,Remote
CAN08053,40-49,8,Bachelor,Outside Germany,False,No preference
CAN08054,40-49,23,Vocational training,Hamburg,False,No preference
CAN08055,30-39,3,Bachelor,Other Germany,True,Hybrid
CAN08056,50+,18,Vocational training,Frankfurt,True,On-site
CAN08057,30-39,5,Vocational training,Frankfurt,True,No preference
CAN08058,30-39,7,Vocational training,Berlin,False,Remote
CAN08059,30-39,18,Bachelor,Frankfurt,True,No preference
CAN08060,40-49,4,Vocational training,Frankfurt,False,Hybrid
CAN08061,40-49,1,Vocational training,Cologne,False,Remote
CAN08062,40-49,3,Vocational training,Cologne,False,Hybrid
CAN08063,40-49,6,Master,Berlin,False,Remote
CAN08064,30-39,5,Vocational training,Berlin,True,Hybrid
CAN08065,30-39,3,Vocational training,Berlin,False,Remote
CAN08066,20-29,8,Vocational training,Frankfurt,False,Hybrid
CAN08067,20-29,2,Vocational training,Munich,False,Remote
CAN08068,50+,20,Bachelor,Hamburg,True,Hybrid
CAN08069,20-29,4,Bachelor,Berlin,False,Remote
CAN08070,50+,13,Master,Outside Germany,False,Hybrid
CAN08071,30-39,3,Master,Other Germany,False,Hybrid
CAN08072,40-49,20,Vocational training,Berlin,False,Hybrid
CAN08073,20-29,3,Bachelor,Frankfurt,False,Hybrid
CAN08074,30-39,11,Bachelor,Other Germany,False,Hybrid
CAN08075,50+,10,Doctorate,Frankfurt,True,Hybrid
CAN08076,40-49,3,Bachelor,Berlin,False,No preference
CAN08077,40-49,4,Bachelor,Cologne,False,Remote
CAN08078,30-39,3,Vocational training,Munich,False,No preference
CAN08079,30-39,14,Vocational training,Hamburg,False,Hybrid
CAN08080,20-29,3,Vocational training,Munich,False,Hybrid
CAN08081,20-29,0,Master,Outside Germany,False,On-site
CAN08082,40-49,2,Master,Berlin,True,Hybrid
CAN08083,40-49,10,Master,Frankfurt,False,Hybrid
CAN08084,20-29,3,Master,Munich,False,Remote
CAN08085,30-39,3,Vocational training,Other Germany,False,Remote
CAN08086,30-39,10,Vocational training,Hamburg,True,Hybrid
CAN08087,40-49,9,Vocational training,Hamburg,True,Hybrid
CAN08088,30-39,8,Other,Hamburg,False,Hybrid
CAN08089,30-39,6,Vocational training,Munich,False,On-site
CAN08090,30-39,5,Bachelor,Cologne,True,Hybrid
CAN08091,30-39,4,Master,Other Germany,False,Hybrid
CAN08092,30-39,5,Vocational training,Other Germany,False,Hybrid
CAN08093,30-39,1,Master,Frankfurt,True,Hybrid
CAN08094,30-39,5,Vocational training,Berlin,True,Hybrid
CAN08095,30-39,9,Doctorate,Frankfurt,False,On-site
CAN08096,20-29,2,Bachelor,Munich,False,No preference
CAN08097,40-49,4,Master,Munich,False,On-site
CAN08098,30-39,3,Master,Hamburg,False,No preference
CAN08099,30-39,3,Master,Frankfurt,False,On-site
CAN08100,40-49,10,Bachelor,Other Germany,False,Hybrid
CAN08101,30-39,3,Master,Munich,False,Remote
CAN08102,40-49,4,Master,Other Germany,True,No preference
CAN08103,50+,24,Vocational training,Frankfurt,False,Remote
CAN08104,40-49,11,Master,Hamburg,True,On-site
CAN08105,20-29,1,Master,Cologne,False,Hybrid
CAN08106,40-49,4,Vocational training,Frankfurt,False,Hybrid
CAN08107,20-29,7,Bachelor,Other Germany,False,Hybrid
CAN08108,40-49,14,Bachelor,Frankfurt,False,Hybrid
CAN08109,30-39,1,Vocational training,Hamburg,False,No preference
CAN08110,50+,14,Vocational training,Outside Germany,True,Remote
CAN08111,20-29,7,Bachelor,Other Germany,False,Remote
CAN08112,50+,13,Master,Cologne,False,Remote
CAN08113,40-49,1,Vocational training,Other Germany,False,Hybrid
CAN08114,40-49,16,Master,Frankfurt,True,Hybrid
CAN08115,40-49,1,Master,Frankfurt,True,Hybrid
CAN08116,20-29,6,Master,Frankfurt,False,Hybrid
CAN08117,40-49,5,Other,Berlin,True,Remote
CAN08118,40-49,6,Master,Outside Germany,False,Hybrid
CAN08119,30-39,7,Bachelor,Hamburg,True,On-site
CAN08120,30-39,8,Bachelor,Frankfurt,True,No preference
CAN08121,20-29,4,Vocational training,Frankfurt,False,Hybrid
CAN08122,20-29,1,Vocational training,Frankfurt,False,Hybrid
CAN08123,20-29,5,Vocational training,Frankfurt,True,Hybrid
CAN08124,30-39,11,Vocational training,Frankfurt,False,On-site
CAN08125,40-49,3,Bachelor,Hamburg,False,Remote
CAN08126,30-39,14,Bachelor,Berlin,False,On-site
CAN08127,30-39,2,Master,Munich,False,Hybrid
CAN08128,40-49,3,Vocational training,Hamburg,True,No preference
CAN08129,40-49,7,Bachelor,Frankfurt,False,Remote
CAN08130,20-29,0,Vocational training,Cologne,False,Hybrid
CAN08131,40-49,6,Vocational training,Frankfurt,False,On-site
CAN08132,30-39,11,Master,Frankfurt,False,No preference
CAN08133,30-39,4,Vocational training,Cologne,False,Hybrid
CAN08134,30-39,4,Bachelor,Other Germany,True,Remote
CAN08135,20-29,2,Bachelor,Hamburg,True,Hybrid
CAN08136,30-39,2,Vocational training,Other Germany,False,Hybrid
CAN08137,30-39,5,Doctorate,Frankfurt,True,No preference
CAN08138,40-49,7,Bachelor,Hamburg,False,Remote
CAN08139,20-29,4,Master,Frankfurt,False,Remote
CAN08140,30-39,2,Bachelor,Cologne,True,Hybrid
CAN08141,20-29,1,Vocational training,Frankfurt,False,Hybrid
CAN08142,40-49,13,Master,Other Germany,True,Hybrid
CAN08143,30-39,5,Bachelor,Other Germany,True,Remote
CAN08144,20-29,3,Vocational training,Other Germany,True,No preference
CAN08145,40-49,7,Master,Other Germany,False,Hybrid
CAN08146,30-39,0,Vocational training,Munich,False,Remote
CAN08147,20-29,1,Master,Frankfurt,False,Hybrid
CAN08148,40-49,21,Master,Frankfurt,False,Remote
CAN08149,40-49,6,Vocational training,Frankfurt,True,Remote
CAN08150,30-39,10,Bachelor,Munich,False,Hybrid
CAN08151,40-49,8,Other,Other Germany,True,No preference
CAN08152,30-39,8,Vocational training,Munich,True,Hybrid
CAN08153,30-39,17,Vocational training,Frankfurt,True,Hybrid
CAN08154,40-49,11,Bachelor,Frankfurt,False,No preference
CAN08155,40-49,11,Vocational training,Munich,True,Hybrid
CAN08156,20-29,2,Vocational training,Frankfurt,False,On-site
CAN08157,20-29,1,Master,Other Germany,False,Hybrid
CAN08158,30-39,11,Bachelor,Munich,False,Remote
CAN08159,30-39,4,Vocational training,Other Germany,False,On-site
CAN08160,50+,25,Vocational training,Cologne,True,No preference
CAN08161,20-29,8,Bachelor,Other Germany,True,Hybrid
CAN08162,50+,21,Master,Other Germany,False,Hybrid
CAN08163,20-29,3,Master,Outside Germany,False,Remote
CAN08164,50+,15,Bachelor,Munich,False,Remote
CAN08165,40-49,6,Bachelor,Frankfurt,False,Hybrid
CAN08166,30-39,2,Bachelor,Munich,True,Hybrid
CAN08167,50+,9,Doctorate,Frankfurt,False,No preference
CAN08168,40-49,15,Vocational training,Cologne,False,On-site
CAN08169,40-49,5,Master,Other Germany,True,No preference
CAN08170,20-29,3,Bachelor,Frankfurt,False,No preference
CAN08171,20-29,5,Vocational training,Berlin,True,Remote
CAN08172,40-49,10,Vocational training,Other Germany,False,Hybrid
CAN08173,40-49,6,Master,Other Germany,True,Hybrid
CAN08174,30-39,7,Bachelor,Cologne,True,Hybrid
CAN08175,20-29,6,Bachelor,Other Germany,False,Remote
CAN08176,40-49,6,Vocational training,Hamburg,False,Hybrid
CAN08177,20-29,9,Master,Munich,False,Hybrid
CAN08178,20-29,5,Other,Cologne,False,Hybrid
CAN08179,20-29,1,Vocational training,Frankfurt,False,Remote
CAN08180,30-39,9,Other,Frankfurt,True,Hybrid
CAN08181,40-49,4,Doctorate,Berlin,False,Hybrid
CAN08182,40-49,0,Vocational training,Other Germany,True,Remote
CAN08183,20-29,2,Bachelor,Other Germany,True,Hybrid
CAN08184,20-29,2,Master,Munich,False,Hybrid
CAN08185,40-49,7,Vocational training,Other Germany,False,Hybrid
CAN08186,20-29,8,Other,Munich,True,Hybrid
CAN08187,30-39,9,Vocational training,Other Germany,False,No preference
CAN08188,30-39,13,Vocational training,Berlin,False,Hybrid
CAN08189,40-49,6,Bachelor,Other Germany,False,Hybrid
CAN08190,20-29,5,Master,Other Germany,False,Hybrid
CAN08191,30-39,13,Vocational training,Hamburg,False,Hybrid
CAN08192,30-39,5,Bachelor,Frankfurt,True,Hybrid
CAN08193,40-49,7,Bachelor,Hamburg,True,Hybrid
CAN08194,30-39,9,Other,Frankfurt,False,Hybrid
CAN08195,50+,14,Bachelor,Outside Germany,False,Hybrid
CAN08196,30-39,2,Master,Other Germany,False,Hybrid
CAN08197,20-29,5,Master,Cologne,False,Remote
CAN08198,30-39,5,Master,Other Germany,False,Hybrid
CAN08199,40-49,10,Bachelor,Cologne,False,Hybrid
CAN08200,50+,15,Vocational training,Other Germany,False,Hybrid
CAN08201,30-39,8,Bachelor,Berlin,True,Hybrid
CAN08202,40-49,14,Bachelor,Berlin,False,Hybrid
CAN08203,40-49,4,Vocational training,Berlin,False,No preference
CAN08204,50+,14,Bachelor,Cologne,False,Hybrid
CAN08205,20-29,4,Other,Hamburg,False,No preference
CAN08206,40-49,8,Bachelor,Berlin,False,Hybrid
CAN08207,40-49,4,Vocational training,Other Germany,False,On-site
CAN08208,30-39,5,Vocational training,Frankfurt,True,No preference
CAN08209,40-49,15,Vocational training,Munich,False,Hybrid
CAN08210,40-49,5,Vocational training,Berlin,False,Hybrid
CAN08211,30-39,4,Vocational training,Berlin,False,Remote
CAN08212,20-29,4,Bachelor,Other Germany,True,No preference
CAN08213,30-39,3,Vocational training,Berlin,False,No preference
CAN08214,20-29,8,Vocational training,Berlin,False,Hybrid
CAN08215,30-39,2,Bachelor,Outside Germany,False,Hybrid
CAN08216,20-29,1,Bachelor,Other Germany,False,No preference
CAN08217,20-29,2,Vocational training,Hamburg,True,Remote
CAN08218,30-39,3,Vocational training,Other Germany,False,Hybrid
CAN08219,20-29,0,Master,Frankfurt,True,Remote
CAN08220,30-39,4,Master,Berlin,True,On-site
CAN08221,30-39,7,Vocational training,Frankfurt,False,Hybrid
CAN08222,40-49,2,Master,Other Germany,False,On-site
CAN08223,40-49,6,Master,Other Germany,False,Hybrid
CAN08224,30-39,6,Master,Berlin,False,No preference
CAN08225,40-49,3,Master,Munich,True,On-site
CAN08226,30-39,6,Vocational training,Munich,False,Remote
CAN08227,40-49,13,Vocational training,Other Germany,False,Hybrid
CAN08228,50+,8,Vocational training,Munich,True,Hybrid
CAN08229,30-39,11,Other,Cologne,True,Hybrid
CAN08230,30-39,8,Vocational training,Cologne,True,Remote
CAN08231,40-49,0,Master,Munich,False,Hybrid
CAN08232,30-39,2,Bachelor,Other Germany,False,On-site
CAN08233,40-49,4,Bachelor,Other Germany,False,Hybrid
CAN08234,40-49,17,Bachelor,Berlin,True,On-site
CAN08235,20-29,3,Doctorate,Berlin,False,Remote
CAN08236,20-29,6,Master,Munich,False,On-site
CAN08237,30-39,10,Bachelor,Other Germany,True,No preference
CAN08238,20-29,4,Vocational training,Other Germany,True,No preference
CAN08239,30-39,5,Vocational training,Cologne,True,Hybrid
CAN08240,20-29,3,Bachelor,Outside Germany,True,Hybrid
CAN08241,40-49,7,Vocational training,Frankfurt,False,Hybrid
CAN08242,20-29,2,Doctorate,Hamburg,False,Remote
CAN08243,30-39,5,Master,Frankfurt,True,Hybrid
CAN08244,30-39,4,Other,Other Germany,True,No preference
CAN08245,30-39,5,Bachelor,Other Germany,False,Hybrid
CAN08246,50+,10,Master,Munich,False,No preference
CAN08247,40-49,3,Vocational training,Outside Germany,True,Hybrid
CAN08248,30-39,2,Vocational training,Frankfurt,False,Hybrid
CAN08249,30-39,7,Vocational training,Berlin,False,Hybrid
CAN08250,40-49,6,Bachelor,Other Germany,False,Hybrid
CAN08251,40-49,6,Other,Other Germany,False,Remote
CAN08252,40-49,8,Bachelor,Other Germany,True,Remote
CAN08253,30-39,6,Master,Munich,False,On-site
CAN08254,30-39,5,Bachelor,Cologne,False,Hybrid
CAN08255,50+,11,Vocational training,Cologne,True,Remote
CAN08256,40-49,9,Vocational training,Hamburg,True,Hybrid
CAN08257,40-49,2,Bachelor,Outside Germany,False,No preference
CAN08258,50+,7,Vocational training,Frankfurt,False,Hybrid
CAN08259,40-49,5,Master,Frankfurt,False,No preference
CAN08260,40-49,14,Vocational training,Hamburg,False,Remote
CAN08261,20-29,3,Bachelor,Berlin,False,On-site
CAN08262,20-29,6,Bachelor,Other Germany,True,Hybrid
CAN08263,20-29,0,Vocational training,,False,Hybrid
CAN08264,20-29,1,Vocational training,Hamburg,True,No preference
CAN08265,20-29,6,Vocational training,Munich,False,Hybrid
CAN08266,50+,19,Bachelor,Hamburg,False,No preference
CAN08267,20-29,5,Master,Berlin,False,Remote
CAN08268,40-49,10,Vocational training,Cologne,False,Hybrid
CAN08269,20-29,7,Vocational training,Cologne,False,On-site
CAN08270,20-29,5,Vocational training,Berlin,False,Remote
CAN08271,20-29,1,Bachelor,Hamburg,False,Hybrid
CAN08272,40-49,2,Master,Berlin,False,Remote
CAN08273,30-39,4,Master,Berlin,False,Remote
CAN08274,30-39,10,Master,Frankfurt,False,Hybrid
CAN08275,20-29,4,Vocational training,Hamburg,False,Hybrid
CAN08276,20-29,5,Other,Frankfurt,True,Hybrid
CAN08277,30-39,8,Bachelor,Berlin,False,On-site
CAN08278,30-39,1,Bachelor,Other Germany,False,Hybrid
CAN08279,40-49,5,Vocational training,Munich,False,On-site
CAN08280,40-49,8,Bachelor,Hamburg,False,Remote
CAN08281,30-39,14,Vocational training,Other Germany,True,Hybrid
CAN08282,20-29,1,Bachelor,Munich,False,Remote
CAN08283,30-39,0,Vocational training,Munich,False,Hybrid
CAN08284,50+,16,Bachelor,Berlin,True,Remote
CAN08285,40-49,5,Bachelor,Cologne,False,Remote
CAN08286,40-49,3,Vocational training,Other Germany,True,No preference
CAN08287,40-49,15,Vocational training,Other Germany,True,Hybrid
CAN08288,50+,10,Bachelor,Other Germany,True,On-site
CAN08289,30-39,11,Master,Frankfurt,True,No preference
CAN08290,20-29,2,Bachelor,Other Germany,True,Remote
CAN08291,40-49,4,Bachelor,Hamburg,True,No preference
CAN08292,50+,14,Bachelor,Berlin,False,No preference
CAN08293,30-39,12,Vocational training,Other Germany,False,Remote
CAN08294,20-29,1,Vocational training,Outside Germany,False,Remote
CAN08295,30-39,10,Master,Berlin,False,Hybrid
CAN08296,30-39,4,Vocational training,Frankfurt,False,Hybrid
CAN08297,20-29,3,Vocational training,Munich,False,Remote
CAN08298,30-39,6,Vocational training,Berlin,False,No preference
CAN08299,40-49,3,Master,Munich,False,Remote
CAN08300,30-39,8,Bachelor,Other Germany,True,No preference
CAN08301,30-39,3,Master,Hamburg,False,Hybrid
CAN08302,20-29,3,Bachelor,Berlin,False,Hybrid
CAN08303,40-49,10,Vocational training,Hamburg,False,No preference
CAN08304,40-49,2,Bachelor,Cologne,False,Hybrid
CAN08305,40-49,11,Bachelor,Other Germany,False,Hybrid
CAN08306,20-29,3,Master,Other Germany,False,Hybrid
CAN08307,40-49,10,Master,,False,Remote
CAN08308,40-49,6,Bachelor,Other Germany,False,Remote
CAN08309,30-39,7,Bachelor,Hamburg,True,On-site
CAN08310,40-49,9,Master,Other Germany,False,On-site
CAN08311,30-39,1,Vocational training,Munich,False,Hybrid
CAN08312,30-39,8,Master,Berlin,False,Remote
CAN08313,30-39,1,Master,Berlin,False,Hybrid
CAN08314,20-29,4,Vocational training,Hamburg,False,Hybrid
CAN08315,20-29,2,Bachelor,Hamburg,False,Remote
CAN08316,40-49,4,Bachelor,Hamburg,False,Hybrid
CAN08317,30-39,8,Master,Berlin,False,Hybrid
CAN08318,30-39,10,Master,Frankfurt,True,Remote
CAN08319,50+,20,Vocational training,Frankfurt,False,Hybrid
CAN08320,30-39,4,Master,Berlin,False,Hybrid
CAN08321,40-49,2,Bachelor,Cologne,False,Hybrid
CAN08322,30-39,4,Bachelor,Hamburg,True,Hybrid
CAN08323,20-29,5,Vocational training,Berlin,False,Hybrid
CAN08324,40-49,4,Bachelor,Other Germany,True,Hybrid
CAN08325,40-49,10,Vocational training,Munich,False,Remote
CAN08326,20-29,2,Bachelor,Other Germany,False,No preference
CAN08327,30-39,5,Vocational training,Frankfurt,False,Hybrid
CAN08328,30-39,9,Bachelor,Other Germany,True,No preference
CAN08329,40-49,7,Vocational training,Other Germany,False,Remote
CAN08330,20-29,4,Bachelor,Frankfurt,True,Hybrid
CAN08331,40-49,19,Master,Frankfurt,True,Hybrid
CAN08332,20-29,2,Doctorate,Hamburg,False,Remote
CAN08333,50+,13,Bachelor,Munich,False,Hybrid
CAN08334,50+,12,Bachelor,Frankfurt,True,Remote
CAN08335,30-39,17,Bachelor,Berlin,False,Remote
CAN08336,30-39,6,Vocational training,Hamburg,True,Hybrid
CAN08337,20-29,0,Vocational training,Other Germany,True,Hybrid
CAN08338,30-39,5,Master,Berlin,False,Remote
CAN08339,40-49,8,Master,Other Germany,True,Remote
CAN08340,40-49,16,Vocational training,Cologne,False,Hybrid
CAN08341,40-49,12,Bachelor,Munich,False,Hybrid
CAN08342,40-49,5,Vocational training,Munich,False,On-site
CAN08343,20-29,6,Bachelor,Hamburg,True,No preference
CAN08344,50+,19,Vocational training,Other Germany,False,No preference
CAN08345,40-49,2,Master,Frankfurt,True,Hybrid
CAN08346,40-49,5,Bachelor,Cologne,False,Hybrid
CAN08347,50+,14,Vocational training,Frankfurt,False,Hybrid
CAN08348,20-29,3,Other,Munich,False,Hybrid
CAN08349,40-49,12,Bachelor,Other Germany,False,Remote
CAN08350,30-39,7,Master,Berlin,False,On-site
CAN08351,40-49,5,Vocational training,Frankfurt,False,Remote
CAN08352,50+,16,Bachelor,Berlin,False,Remote
CAN08353,40-49,2,Bachelor,Munich,False,Remote
CAN08354,30-39,6,Master,Cologne,True,Hybrid
CAN08355,50+,16,Bachelor,Munich,True,Hybrid
CAN08356,20-29,4,Vocational training,Other Germany,False,No preference
CAN08357,30-39,11,Master,Cologne,False,Remote
CAN08358,30-39,8,Bachelor,Hamburg,False,Hybrid
CAN08359,30-39,10,Bachelor,Cologne,True,On-site
CAN08360,40-49,4,Master,Other Germany,True,Hybrid
CAN08361,30-39,4,Bachelor,Other Germany,True,Hybrid
CAN08362,30-39,1,Bachelor,Munich,False,Hybrid
CAN08363,40-49,3,Master,Other Germany,False,Hybrid
CAN08364,30-39,8,Bachelor,Other Germany,False,Remote
CAN08365,50+,8,Bachelor,Frankfurt,True,No preference
CAN08366,40-49,4,Doctorate,Frankfurt,True,No preference
CAN08367,20-29,0,Bachelor,Other Germany,False,Hybrid
CAN08368,30-39,5,Vocational training,Other Germany,True,On-site
CAN08369,40-49,4,Other,Munich,False,Hybrid
CAN08370,30-39,9,Bachelor,Hamburg,False,No preference
CAN08371,40-49,8,Vocational training,Other Germany,True,Remote
CAN08372,20-29,4,Master,Frankfurt,False,Hybrid
CAN08373,30-39,5,Bachelor,Berlin,False,Remote
CAN08374,40-49,0,Bachelor,Berlin,False,No preference
CAN08375,20-29,2,Vocational training,Cologne,False,Remote
CAN08376,40-49,9,Vocational training,Cologne,True,On-site
CAN08377,30-39,2,Other,Hamburg,True,Hybrid
CAN08378,30-39,12,Bachelor,Berlin,False,Hybrid
CAN08379,40-49,1,Other,Munich,False,Hybrid
CAN08380,30-39,4,Bachelor,Berlin,False,Hybrid
CAN08381,40-49,4,Bachelor,Berlin,False,Remote
CAN08382,40-49,4,Doctorate,Other Germany,True,Hybrid
CAN08383,40-49,5,Bachelor,Other Germany,True,Hybrid
CAN08384,30-39,5,Master,Berlin,False,Hybrid
CAN08385,40-49,9,Master,Munich,False,Hybrid
CAN08386,30-39,5,Bachelor,Hamburg,False,Hybrid
CAN08387,30-39,4,Master,Frankfurt,False,On-site
CAN08388,40-49,7,Vocational training,Cologne,False,Hybrid
CAN08389,30-39,0,Master,Hamburg,False,Remote
CAN08390,20-29,2,Bachelor,Frankfurt,False,No preference
CAN08391,30-39,1,Bachelor,Other Germany,False,Hybrid
CAN08392,40-49,12,Bachelor,Munich,True,Hybrid
CAN08393,30-39,1,Vocational training,Hamburg,True,Remote
CAN08394,40-49,25,Other,Other Germany,False,Hybrid
CAN08395,30-39,6,Vocational training,Cologne,False,Remote
CAN08396,30-39,11,Bachelor,Berlin,False,Hybrid
CAN08397,20-29,4,Bachelor,Berlin,True,Hybrid
CAN08398,20-29,0,Vocational training,Other Germany,False,Hybrid
CAN08399,40-49,6,Bachelor,Munich,True,Hybrid
CAN08400,30-39,6,Vocational training,Hamburg,False,No preference
CAN08401,30-39,7,Vocational training,Other Germany,False,Hybrid
CAN08402,40-49,5,Vocational training,Munich,True,Hybrid
CAN08403,30-39,14,Vocational training,Munich,False,Remote
CAN08404,40-49,2,Other,Munich,True,No preference
CAN08405,30-39,4,Bachelor,Cologne,False,Hybrid
CAN08406,30-39,10,Master,Cologne,False,Hybrid
CAN08407,40-49,4,Doctorate,Frankfurt,False,Hybrid
CAN08408,50+,18,Other,Munich,False,On-site
CAN08409,30-39,1,Bachelor,Outside Germany,False,Remote
CAN08410,40-49,12,Master,Berlin,False,Hybrid
CAN08411,20-29,5,Vocational training,Hamburg,True,Hybrid
CAN08412,30-39,12,Vocational training,Cologne,True,No preference
CAN08413,50+,25,Vocational training,Munich,False,Hybrid
CAN08414,30-39,14,Vocational training,Cologne,False,Hybrid
CAN08415,30-39,10,Other,Berlin,False,Remote
CAN08416,40-49,6,Bachelor,Other Germany,False,Remote
CAN08417,40-49,3,Bachelor,Munich,True,On-site
CAN08418,40-49,3,Vocational training,Other Germany,False,No preference
CAN08419,30-39,6,Master,Berlin,False,Remote
CAN08420,20-29,2,Vocational training,Berlin,False,Hybrid
CAN08421,30-39,2,Other,Berlin,True,Hybrid
CAN08422,30-39,7,Other,Hamburg,False,Remote
CAN08423,30-39,3,Vocational training,Other Germany,False,Hybrid
CAN08424,40-49,12,Vocational training,Frankfurt,False,Remote
CAN08425,30-39,4,Bachelor,Other Germany,True,Remote
CAN08426,20-29,1,Master,Frankfurt,False,Hybrid
CAN08427,30-39,4,Bachelor,Frankfurt,False,Hybrid
CAN08428,30-39,11,Bachelor,Munich,False,Hybrid
CAN08429,30-39,5,Bachelor,Other Germany,True,No preference
CAN08430,50+,11,Bachelor,Other Germany,False,Hybrid
CAN08431,50+,9,Vocational training,Hamburg,False,Hybrid
CAN08432,20-29,5,Bachelor,Frankfurt,True,Hybrid
CAN08433,30-39,5,Doctorate,Berlin,False,Hybrid
CAN08434,40-49,1,Vocational training,Berlin,False,Remote
CAN08435,40-49,8,Doctorate,Other Germany,False,Remote
CAN08436,30-39,1,Master,Other Germany,True,Remote
CAN08437,20-29,4,Master,Berlin,True,Hybrid
CAN08438,30-39,4,Bachelor,Berlin,True,Remote
CAN08439,20-29,3,Master,Cologne,False,Hybrid
CAN08440,40-49,9,Master,Munich,True,Hybrid
CAN08441,50+,25,Vocational training,Other Germany,False,Hybrid
CAN08442,30-39,3,Master,Outside Germany,False,Hybrid
CAN08443,40-49,4,Master,Outside Germany,False,Hybrid
CAN08444,40-49,6,Master,Frankfurt,False,No preference
CAN08445,20-29,2,Bachelor,Berlin,False,Remote
CAN08446,30-39,6,Bachelor,Berlin,False,Hybrid
CAN08447,30-39,2,Vocational training,Berlin,False,No preference
CAN08448,40-49,9,Vocational training,Hamburg,True,Hybrid
CAN08449,30-39,2,Bachelor,Hamburg,True,Remote
CAN08450,30-39,2,Vocational training,Cologne,True,Hybrid
CAN08451,40-49,6,Vocational training,Hamburg,False,Remote
CAN08452,30-39,12,Bachelor,Other Germany,False,Hybrid
CAN08453,40-49,8,Bachelor,Other Germany,True,Hybrid
CAN08454,40-49,10,Vocational training,Other Germany,False,Remote
CAN08455,40-49,14,Vocational training,Other Germany,True,No preference
CAN08456,40-49,7,Master,Berlin,False,On-site
CAN08457,30-39,1,Bachelor,Outside Germany,False,Remote
CAN08458,30-39,3,Vocational training,Outside Germany,True,Hybrid
CAN08459,40-49,8,Other,Berlin,False,No preference
CAN08460,20-29,6,Bachelor,Frankfurt,False,Hybrid
CAN08461,20-29,4,Vocational training,Other Germany,True,Hybrid
CAN08462,30-39,4,Master,Frankfurt,True,Hybrid
CAN08463,20-29,4,Vocational training,Frankfurt,False,Hybrid
CAN08464,50+,8,Other,Munich,False,On-site
CAN08465,20-29,8,Vocational training,Cologne,True,Hybrid
CAN08466,40-49,13,Master,Berlin,True,Hybrid
CAN08467,30-39,7,Doctorate,Cologne,False,Remote
CAN08468,20-29,9,Vocational training,Other Germany,False,Hybrid
CAN08469,20-29,4,Bachelor,Munich,False,Hybrid
CAN08470,40-49,7,Bachelor,Cologne,True,No preference
CAN08471,40-49,9,Bachelor,Munich,False,Hybrid
CAN08472,30-39,12,Bachelor,Frankfurt,False,Hybrid
CAN08473,20-29,2,Bachelor,Outside Germany,False,Hybrid
CAN08474,30-39,2,Vocational training,Frankfurt,False,Hybrid
CAN08475,30-39,1,Bachelor,Munich,False,No preference
CAN08476,40-49,9,Bachelor,Frankfurt,False,Hybrid
CAN08477,20-29,0,Vocational training,Munich,False,Hybrid
CAN08478,30-39,4,Master,Other Germany,False,Hybrid
CAN08479,40-49,6,Other,Other Germany,False,Hybrid
CAN08480,30-39,1,Bachelor,Frankfurt,False,Remote
CAN08481,40-49,5,Vocational training,Other Germany,True,On-site
CAN08482,40-49,5,Doctorate,Other Germany,True,Hybrid
CAN08483,30-39,8,Master,Frankfurt,False,Hybrid
CAN08484,20-29,5,Bachelor,Cologne,True,On-site
CAN08485,50+,15,Bachelor,Outside Germany,True,Remote
CAN08486,40-49,5,Master,Other Germany,False,No preference
CAN08487,30-39,12,Vocational training,Frankfurt,True,Hybrid
CAN08488,30-39,1,Vocational training,Other Germany,False,Hybrid
CAN08489,40-49,8,Bachelor,Other Germany,True,No preference
CAN08490,40-49,8,Vocational training,Frankfurt,True,Remote
CAN08491,20-29,1,Bachelor,Cologne,False,Hybrid
CAN08492,20-29,3,Bachelor,Other Germany,True,Hybrid
CAN08493,20-29,4,Vocational training,Other Germany,False,Remote
CAN08494,30-39,3,Other,Frankfurt,False,No preference
CAN08495,20-29,3,Vocational training,Hamburg,True,Hybrid
CAN08496,20-29,3,Other,Other Germany,False,Remote
CAN08497,20-29,4,Master,Frankfurt,True,No preference
CAN08498,30-39,4,Vocational training,Hamburg,False,Remote
CAN08499,30-39,6,Bachelor,,False,Remote
CAN08500,20-29,4,Master,Berlin,False,Hybrid
CAN08501,50+,24,Vocational training,Berlin,False,Hybrid
CAN08502,30-39,4,Vocational training,Other Germany,False,Hybrid
CAN08503,40-49,6,Other,Hamburg,False,Hybrid
CAN08504,40-49,7,Master,Berlin,False,Remote
CAN08505,40-49,15,Vocational training,Other Germany,True,Hybrid
CAN08506,40-49,4,Doctorate,Munich,False,Hybrid
CAN08507,20-29,6,Vocational training,Other Germany,False,Hybrid
CAN08508,20-29,9,Bachelor,Berlin,False,Hybrid
CAN08509,20-29,7,Bachelor,Frankfurt,False,No preference
CAN08510,30-39,0,Bachelor,Munich,False,No preference
CAN08511,50+,8,Bachelor,Berlin,False,Hybrid
CAN08512,40-49,8,Master,Other Germany,True,Hybrid
CAN08513,20-29,2,Vocational training,Hamburg,False,Hybrid
CAN08514,20-29,4,Master,Berlin,True,Hybrid
CAN08515,20-29,6,Master,Cologne,True,Hybrid
CAN08516,40-49,6,Bachelor,Frankfurt,False,Remote
CAN08517,40-49,4,Bachelor,Hamburg,False,No preference
CAN08518,30-39,10,Bachelor,Frankfurt,False,Remote
CAN08519,30-39,6,Other,Frankfurt,False,Hybrid
CAN08520,20-29,9,Doctorate,Cologne,True,Hybrid
CAN08521,20-29,3,Bachelor,Hamburg,True,Hybrid
CAN08522,20-29,6,Master,Berlin,False,Hybrid
CAN08523,40-49,15,Master,Other Germany,True,Hybrid
CAN08524,40-49,4,Vocational training,Cologne,True,Remote
CAN08525,40-49,4,Doctorate,Munich,True,Hybrid
CAN08526,30-39,2,Vocational training,Hamburg,False,Hybrid
CAN08527,30-39,1,Vocational training,Other Germany,True,Hybrid
CAN08528,40-49,4,Vocational training,Frankfurt,True,Hybrid
CAN08529,40-49,5,Master,Other Germany,False,Hybrid
CAN08530,20-29,5,Master,Other Germany,False,Remote
CAN08531,20-29,2,Vocational training,Frankfurt,False,Remote
CAN08532,20-29,2,Other,Frankfurt,False,Remote
CAN08533,40-49,11,Vocational training,Frankfurt,False,Hybrid
CAN08534,20-29,6,Vocational training,Berlin,False,No preference
CAN08535,40-49,18,Bachelor,Hamburg,True,Hybrid
CAN08536,30-39,10,Doctorate,Other Germany,False,On-site
CAN08537,50+,12,Vocational training,Frankfurt,True,Remote
CAN08538,40-49,6,Master,Munich,False,Hybrid
CAN08539,20-29,2,Master,Other Germany,False,Remote
CAN08540,50+,13,Bachelor,Berlin,True,Remote
CAN08541,30-39,8,Vocational training,,False,Remote
CAN08542,30-39,12,Bachelor,Berlin,True,Remote
CAN08543,30-39,9,Master,Other Germany,False,Remote
CAN08544,50+,6,Vocational training,Frankfurt,False,On-site
CAN08545,20-29,2,Vocational training,Other Germany,False,Hybrid
CAN08546,30-39,4,Vocational training,Frankfurt,True,Hybrid
CAN08547,30-39,5,Bachelor,Munich,True,Remote
CAN08548,30-39,8,Vocational training,Munich,True,Hybrid
CAN08549,20-29,3,Vocational training,Berlin,True,Remote
CAN08550,30-39,2,Vocational training,Berlin,True,Hybrid
CAN08551,20-29,2,Bachelor,Munich,True,No preference
CAN08552,30-39,7,Bachelor,Frankfurt,True,Remote
CAN08553,40-49,8,Bachelor,Munich,True,Remote
CAN08554,20-29,3,Vocational training,Munich,True,Hybrid
CAN08555,30-39,3,Vocational training,Berlin,False,On-site
CAN08556,20-29,2,Other,Frankfurt,False,Hybrid
CAN08557,30-39,3,Other,Other Germany,False,Hybrid
CAN08558,30-39,3,Bachelor,Other Germany,False,Remote
CAN08559,20-29,8,Vocational training,Outside Germany,True,Remote
CAN08560,50+,25,Bachelor,Other Germany,False,Remote
CAN08561,40-49,4,Vocational training,Berlin,False,Remote
CAN08562,30-39,5,Bachelor,Other Germany,False,Hybrid
CAN08563,30-39,9,Master,Hamburg,True,On-site
CAN08564,50+,7,Vocational training,Other Germany,False,Remote
CAN08565,40-49,9,Bachelor,Frankfurt,True,On-site
CAN08566,30-39,2,Doctorate,Frankfurt,True,Hybrid
CAN08567,30-39,4,Other,Munich,True,Hybrid
CAN08568,50+,8,Vocational training,Hamburg,True,Remote
CAN08569,40-49,9,Master,Other Germany,False,No preference
CAN08570,50+,9,Bachelor,Munich,False,Hybrid
CAN08571,40-49,6,Bachelor,Frankfurt,False,On-site
CAN08572,20-29,5,Master,Berlin,False,Hybrid
CAN08573,40-49,7,Bachelor,Frankfurt,False,On-site
CAN08574,40-49,9,Master,Munich,False,No preference
CAN08575,30-39,6,Master,Munich,False,No preference
CAN08576,50+,9,Master,Munich,True,On-site
CAN08577,20-29,5,Vocational training,Berlin,False,Hybrid
CAN08578,40-49,5,Vocational training,Other Germany,False,On-site
CAN08579,40-49,4,Vocational training,Other Germany,False,On-site
CAN08580,20-29,1,Bachelor,Hamburg,False,Remote
CAN08581,50+,19,Bachelor,Berlin,False,Hybrid
CAN08582,40-49,1,Vocational training,Other Germany,True,Hybrid
CAN08583,40-49,12,Vocational training,Berlin,False,Remote
CAN08584,30-39,8,Vocational training,Frankfurt,False,Hybrid
CAN08585,40-49,6,Vocational training,Berlin,False,On-site
CAN08586,40-49,7,Bachelor,Other Germany,False,Remote
CAN08587,30-39,9,Master,Berlin,False,On-site
CAN08588,40-49,6,Master,Munich,False,No preference
CAN08589,30-39,8,Bachelor,Frankfurt,False,On-site
CAN08590,30-39,11,Bachelor,Berlin,False,Hybrid
CAN08591,50+,9,Bachelor,Other Germany,False,Hybrid
CAN08592,20-29,1,Vocational training,Other Germany,True,No preference
CAN08593,40-49,5,Other,Frankfurt,False,Hybrid
CAN08594,20-29,5,Other,Berlin,False,No preference
CAN08595,30-39,6,Master,Frankfurt,True,On-site
CAN08596,50+,7,Bachelor,Frankfurt,False,Remote
CAN08597,30-39,9,Bachelor,Frankfurt,False,No preference
CAN08598,20-29,0,Vocational training,Frankfurt,False,Hybrid
CAN08599,50+,15,Bachelor,Berlin,False,Hybrid
CAN08600,30-39,3,Master,Other Germany,False,Remote
CAN08601,30-39,3,Bachelor,Other Germany,False,Hybrid
CAN08602,20-29,0,Vocational training,Other Germany,False,On-site
CAN08603,40-49,16,Bachelor,Other Germany,False,Remote
CAN08604,30-39,16,Bachelor,Hamburg,False,On-site
CAN08605,30-39,7,Vocational training,Other Germany,False,No preference
CAN08606,40-49,5,Vocational training,Berlin,True,Hybrid
CAN08607,30-39,2,Bachelor,Other Germany,True,Hybrid
CAN08608,50+,21,Master,Munich,False,Hybrid
CAN08609,30-39,9,Master,Cologne,True,Remote
CAN08610,50+,14,Master,Frankfurt,False,Remote
CAN08611,30-39,10,Master,Other Germany,True,No preference
CAN08612,40-49,17,Bachelor,Cologne,False,Remote
CAN08613,50+,13,Bachelor,Other Germany,False,No preference
CAN08614,40-49,4,Vocational training,Cologne,False,Remote
CAN08615,30-39,4,Vocational training,Munich,True,On-site
CAN08616,30-39,4,Master,Munich,True,Remote
CAN08617,20-29,4,Bachelor,Cologne,False,Remote
CAN08618,50+,23,Vocational training,Other Germany,False,Remote
CAN08619,50+,14,Vocational training,Berlin,True,Hybrid
CAN08620,30-39,6,Bachelor,Hamburg,True,Hybrid
CAN08621,30-39,1,Vocational training,Other Germany,True,No preference
CAN08622,40-49,8,Bachelor,Other Germany,True,Remote
CAN08623,20-29,4,Bachelor,Berlin,True,Hybrid
CAN08624,20-29,2,Master,Other Germany,True,On-site
CAN08625,30-39,5,Master,Berlin,False,Hybrid
CAN08626,30-39,8,Vocational training,Frankfurt,False,On-site
CAN08627,20-29,5,Bachelor,Munich,True,Remote
CAN08628,40-49,2,Master,Other Germany,False,Remote
CAN08629,40-49,6,Bachelor,Other Germany,False,No preference
CAN08630,30-39,8,Master,Frankfurt,False,Hybrid
CAN08631,30-39,4,Bachelor,Frankfurt,False,Hybrid
CAN08632,40-49,14,Master,Berlin,True,On-site
CAN08633,30-39,4,Bachelor,Berlin,False,Remote
CAN08634,40-49,4,Master,Berlin,False,On-site
CAN08635,40-49,2,Bachelor,Hamburg,False,No preference
CAN08636,40-49,5,Master,Frankfurt,False,Remote
CAN08637,30-39,2,Bachelor,Munich,False,Hybrid
CAN08638,40-49,16,Vocational training,Berlin,False,Hybrid
CAN08639,40-49,5,Bachelor,Cologne,False,Hybrid
CAN08640,40-49,9,Bachelor,Berlin,False,No preference
CAN08641,50+,10,Vocational training,Other Germany,True,Hybrid
CAN08642,20-29,1,Bachelor,Other Germany,False,On-site
CAN08643,30-39,6,Other,Other Germany,False,Hybrid
CAN08644,30-39,0,Vocational training,Berlin,False,Hybrid
CAN08645,20-29,0,Vocational training,Frankfurt,False,No preference
CAN08646,40-49,9,Master,Hamburg,False,Hybrid
CAN08647,30-39,9,Bachelor,Outside Germany,False,Hybrid
CAN08648,40-49,11,Bachelor,Berlin,True,On-site
CAN08649,40-49,4,Bachelor,Hamburg,False,Hybrid
CAN08650,30-39,5,Doctorate,Other Germany,False,Hybrid
CAN08651,30-39,12,Vocational training,Hamburg,True,Remote
CAN08652,20-29,1,Master,Other Germany,False,Hybrid
CAN08653,20-29,5,Bachelor,Cologne,False,Hybrid
CAN08654,50+,17,Master,Other Germany,False,Remote
CAN08655,30-39,4,Bachelor,Frankfurt,True,Hybrid
CAN08656,30-39,5,Master,,False,Hybrid
CAN08657,50+,24,Bachelor,Cologne,True,Hybrid
CAN08658,20-29,0,Vocational training,Frankfurt,True,Remote
CAN08659,20-29,6,Bachelor,Other Germany,False,On-site
CAN08660,30-39,5,Bachelor,,False,Hybrid
CAN08661,40-49,5,Bachelor,Hamburg,True,Hybrid
CAN08662,20-29,2,Master,Hamburg,True,On-site
CAN08663,20-29,2,Vocational training,Frankfurt,True,Remote
CAN08664,30-39,0,Vocational training,Munich,False,Hybrid
CAN08665,40-49,5,Master,Berlin,False,Hybrid
CAN08666,30-39,9,Vocational training,Frankfurt,False,Hybrid
CAN08667,30-39,6,Master,Hamburg,False,Remote
CAN08668,30-39,6,Master,Frankfurt,False,Hybrid
CAN08669,30-39,9,Vocational training,Frankfurt,False,Hybrid
CAN08670,30-39,2,Bachelor,Frankfurt,False,Hybrid
CAN08671,30-39,9,Vocational training,Frankfurt,True,Remote
CAN08672,30-39,8,Vocational training,Other Germany,False,Remote
CAN08673,40-49,7,Vocational training,Frankfurt,False,No preference
CAN08674,30-39,5,Bachelor,Other Germany,False,No preference
CAN08675,20-29,7,Bachelor,Other Germany,True,Remote
CAN08676,40-49,4,Bachelor,Munich,False,No preference
CAN08677,30-39,0,Master,Munich,True,On-site
CAN08678,50+,17,Bachelor,Other Germany,False,Hybrid
CAN08679,20-29,4,Bachelor,Outside Germany,False,On-site
CAN08680,20-29,1,Master,Hamburg,False,Hybrid
CAN08681,20-29,2,Vocational training,Other Germany,True,On-site
CAN08682,40-49,12,Doctorate,Cologne,True,Remote
CAN08683,40-49,5,Vocational training,Other Germany,False,Hybrid
CAN08684,30-39,3,Other,Munich,False,Remote
CAN08685,30-39,0,Vocational training,Other Germany,False,Remote
CAN08686,40-49,11,Bachelor,Frankfurt,False,On-site
CAN08687,50+,8,Vocational training,Munich,False,No preference
CAN08688,30-39,6,Bachelor,Frankfurt,True,Hybrid
CAN08689,40-49,10,Vocational training,Frankfurt,False,Hybrid
CAN08690,30-39,2,Vocational training,Munich,False,Hybrid
CAN08691,30-39,3,Master,Other Germany,False,On-site
CAN08692,40-49,5,Master,Berlin,True,On-site
CAN08693,40-49,3,Master,Cologne,False,Remote
CAN08694,30-39,5,Master,Frankfurt,True,Hybrid
CAN08695,40-49,7,Vocational training,Hamburg,True,Remote
CAN08696,30-39,11,Vocational training,Frankfurt,True,Hybrid
CAN08697,40-49,5,Bachelor,Hamburg,False,Hybrid
CAN08698,40-49,1,Vocational training,Other Germany,False,Hybrid
CAN08699,40-49,5,Master,Hamburg,True,Remote
CAN08700,30-39,10,Vocational training,Other Germany,False,No preference
CAN08701,30-39,10,Vocational training,Other Germany,False,Hybrid
CAN08702,20-29,4,Master,Hamburg,False,Remote
CAN08703,20-29,5,Doctorate,Frankfurt,False,Remote
CAN08704,20-29,6,Vocational training,Berlin,False,Hybrid
CAN08705,30-39,3,Bachelor,Frankfurt,False,Hybrid
CAN08706,20-29,1,Bachelor,Hamburg,False,Hybrid
CAN08707,50+,15,Other,Munich,True,Hybrid
CAN08708,40-49,11,Other,Other Germany,False,Remote
CAN08709,30-39,8,Vocational training,Hamburg,False,No preference
CAN08710,40-49,4,Doctorate,Other Germany,True,Remote
CAN08711,40-49,7,Master,Other Germany,False,Hybrid
CAN08712,30-39,9,Vocational training,Cologne,True,Hybrid
CAN08713,30-39,7,Bachelor,Munich,False,No preference
CAN08714,30-39,9,Vocational training,Cologne,False,No preference
CAN08715,30-39,8,Vocational training,Frankfurt,False,Hybrid
CAN08716,30-39,12,Master,Other Germany,False,Hybrid
CAN08717,30-39,9,Vocational training,Hamburg,False,No preference
CAN08718,20-29,8,Bachelor,Cologne,True,Hybrid
CAN08719,40-49,4,Vocational training,Other Germany,False,Hybrid
CAN08720,30-39,7,Bachelor,Munich,True,Hybrid
CAN08721,50+,8,Vocational training,Hamburg,False,Hybrid
CAN08722,30-39,5,Master,Cologne,True,No preference
CAN08723,40-49,2,Vocational training,Hamburg,False,Hybrid
CAN08724,40-49,6,Vocational training,Outside Germany,False,On-site
CAN08725,20-29,1,Bachelor,Frankfurt,False,Remote
CAN08726,30-39,11,Vocational training,Cologne,False,Hybrid
CAN08727,30-39,3,Bachelor,Frankfurt,False,On-site
CAN08728,30-39,1,Vocational training,Cologne,True,On-site
CAN08729,20-29,9,Master,Frankfurt,True,Remote
CAN08730,30-39,4,Vocational training,Cologne,True,Hybrid
CAN08731,30-39,10,Doctorate,Munich,False,Hybrid
CAN08732,40-49,1,Vocational training,Outside Germany,False,Hybrid
CAN08733,40-49,10,Master,Berlin,False,Hybrid
CAN08734,30-39,5,Other,Berlin,True,Remote
CAN08735,30-39,4,Bachelor,Cologne,True,No preference
CAN08736,20-29,3,Vocational training,Frankfurt,True,Hybrid
CAN08737,20-29,5,Vocational training,Munich,True,Remote
CAN08738,30-39,4,Vocational training,Hamburg,False,Hybrid
CAN08739,30-39,1,Vocational training,Other Germany,True,Hybrid
CAN08740,30-39,3,Vocational training,Cologne,False,Hybrid
CAN08741,30-39,1,Bachelor,Munich,True,Hybrid
CAN08742,40-49,20,Bachelor,Other Germany,True,Remote
CAN08743,40-49,1,Bachelor,Hamburg,False,Hybrid
CAN08744,40-49,8,Master,Berlin,True,Hybrid
CAN08745,40-49,5,Master,Frankfurt,True,Hybrid
CAN08746,20-29,4,Vocational training,Other Germany,False,Remote
CAN08747,40-49,7,Doctorate,Cologne,False,Remote
CAN08748,30-39,5,Vocational training,Berlin,False,Hybrid
CAN08749,30-39,4,Bachelor,Hamburg,True,Remote
CAN08750,50+,15,Bachelor,Other Germany,False,On-site
CAN08751,30-39,8,Master,Other Germany,False,On-site
CAN08752,30-39,4,Vocational training,Frankfurt,True,No preference
CAN08753,40-49,6,Master,Berlin,False,Hybrid
CAN08754,20-29,1,Bachelor,Hamburg,True,Hybrid
CAN08755,30-39,8,Vocational training,Other Germany,False,Hybrid
CAN08756,40-49,5,Bachelor,Munich,True,On-site
CAN08757,20-29,4,Vocational training,Berlin,True,Hybrid
CAN08758,50+,10,Vocational training,Outside Germany,False,Remote
CAN08759,30-39,9,Master,Frankfurt,False,No preference
CAN08760,40-49,3,Master,Other Germany,False,Hybrid
CAN08761,30-39,5,Bachelor,Cologne,False,Remote
CAN08762,50+,12,Bachelor,Berlin,True,No preference
CAN08763,40-49,3,Vocational training,Outside Germany,True,No preference
CAN08764,40-49,3,Bachelor,Berlin,False,Hybrid
CAN08765,30-39,4,Bachelor,Frankfurt,False,Hybrid
CAN08766,40-49,4,Bachelor,Other Germany,False,No preference
CAN08767,40-49,2,Other,Other Germany,True,Hybrid
CAN08768,30-39,5,Vocational training,Other Germany,False,Hybrid
CAN08769,50+,14,Master,Outside Germany,False,Hybrid
CAN08770,30-39,1,Master,Other Germany,True,Hybrid
CAN08771,30-39,5,Master,Other Germany,False,Hybrid
CAN08772,40-49,5,Vocational training,Berlin,False,Remote
CAN08773,40-49,6,Bachelor,Outside Germany,False,Hybrid
CAN08774,40-49,3,Bachelor,Other Germany,False,Hybrid
CAN08775,20-29,2,Vocational training,Munich,False,Hybrid
CAN08776,20-29,4,Bachelor,Frankfurt,False,No preference
CAN08777,30-39,2,Master,Other Germany,False,Hybrid
CAN08778,30-39,8,Bachelor,Cologne,False,Hybrid
CAN08779,30-39,7,Vocational training,Frankfurt,True,Remote
CAN08780,20-29,1,Bachelor,Munich,True,Hybrid
CAN08781,30-39,13,Vocational training,Berlin,True,Remote
CAN08782,20-29,1,Vocational training,Hamburg,False,Hybrid
CAN08783,30-39,4,Vocational training,Outside Germany,True,Hybrid
CAN08784,30-39,6,Vocational training,Frankfurt,False,Hybrid
CAN08785,20-29,1,Vocational training,Berlin,True,Hybrid
CAN08786,30-39,11,Other,Hamburg,False,Remote
CAN08787,30-39,6,Vocational training,Other Germany,False,On-site
CAN08788,50+,10,Master,Munich,False,Remote
CAN08789,30-39,7,Vocational training,Frankfurt,False,Hybrid
CAN08790,20-29,2,Bachelor,Other Germany,True,Hybrid
CAN08791,30-39,9,Master,Berlin,False,Remote
CAN08792,30-39,4,Bachelor,Munich,False,No preference
CAN08793,40-49,4,Vocational training,Frankfurt,False,Hybrid
CAN08794,30-39,7,Bachelor,Frankfurt,False,No preference
CAN08795,40-49,3,Master,Other Germany,False,Hybrid
CAN08796,40-49,8,Master,Frankfurt,True,Remote
CAN08797,40-49,4,Master,Berlin,False,Hybrid
CAN08798,40-49,2,Vocational training,Munich,False,Remote
CAN08799,40-49,9,Vocational training,Cologne,True,No preference
CAN08800,40-49,6,Vocational training,Other Germany,True,Hybrid
CAN08801,50+,11,Master,Hamburg,True,Remote
CAN08802,40-49,16,Master,,False,Hybrid
CAN08803,20-29,3,Master,Munich,True,No preference
CAN08804,40-49,8,Bachelor,Munich,True,Remote
CAN08805,20-29,2,Master,Berlin,True,Hybrid
CAN08806,40-49,13,Master,Frankfurt,False,Hybrid
CAN08807,30-39,9,Bachelor,Other Germany,False,No preference
CAN08808,20-29,5,Vocational training,Frankfurt,False,On-site
CAN08809,20-29,6,Master,Berlin,False,No preference
CAN08810,20-29,5,Bachelor,Frankfurt,True,No preference
CAN08811,30-39,7,Master,Hamburg,True,Hybrid
CAN08812,40-49,7,Bachelor,Frankfurt,True,No preference
CAN08813,30-39,9,Vocational training,Berlin,False,Remote
CAN08814,40-49,9,Master,Cologne,False,Hybrid
CAN08815,30-39,1,Vocational training,Hamburg,True,Hybrid
CAN08816,30-39,6,Other,Cologne,False,Hybrid
CAN08817,40-49,4,Master,Hamburg,True,Remote
CAN08818,40-49,8,Vocational training,Other Germany,False,Hybrid
CAN08819,20-29,0,Other,Other Germany,True,Hybrid
CAN08820,30-39,0,Master,Frankfurt,True,Hybrid
CAN08821,50+,8,Bachelor,Berlin,False,Hybrid
CAN08822,30-39,2,Bachelor,Hamburg,False,Remote
CAN08823,40-49,8,Vocational training,Hamburg,False,No preference
CAN08824,40-49,5,Bachelor,Munich,False,On-site
CAN08825,30-39,9,Vocational training,Cologne,False,Hybrid
CAN08826,40-49,5,Bachelor,Hamburg,False,Hybrid
CAN08827,40-49,5,Bachelor,Munich,False,On-site
CAN08828,40-49,3,Other,Cologne,False,Hybrid
CAN08829,30-39,2,Master,Frankfurt,True,Hybrid
CAN08830,50+,6,Bachelor,Frankfurt,False,Remote
CAN08831,40-49,6,Master,Other Germany,False,Hybrid
CAN08832,40-49,6,Bachelor,Hamburg,True,Remote
CAN08833,30-39,6,Vocational training,Munich,True,Hybrid
CAN08834,30-39,3,Bachelor,Munich,False,No preference
CAN08835,30-39,3,Bachelor,Munich,True,Remote
CAN08836,40-49,17,Bachelor,Munich,True,Remote
CAN08837,30-39,3,Vocational training,Cologne,False,No preference
CAN08838,20-29,1,Bachelor,Other Germany,False,Hybrid
CAN08839,20-29,0,Master,Munich,False,Hybrid
CAN08840,20-29,4,Vocational training,Hamburg,False,Remote
CAN08841,30-39,4,Doctorate,Frankfurt,True,Remote
CAN08842,40-49,4,Bachelor,Frankfurt,True,Hybrid
CAN08843,40-49,7,Bachelor,Frankfurt,False,Remote
CAN08844,40-49,9,Vocational training,Other Germany,True,On-site
CAN08845,40-49,3,Master,Hamburg,False,Remote
CAN08846,40-49,9,Master,Other Germany,False,Hybrid
CAN08847,40-49,4,Bachelor,Frankfurt,False,Hybrid
CAN08848,30-39,13,Vocational training,Other Germany,False,Hybrid
CAN08849,30-39,1,Bachelor,Berlin,False,Hybrid
CAN08850,40-49,9,Master,Munich,False,Hybrid
CAN08851,20-29,7,Vocational training,Berlin,False,Hybrid
CAN08852,40-49,3,Bachelor,Cologne,False,Hybrid
CAN08853,30-39,4,Other,Frankfurt,True,Hybrid
CAN08854,40-49,11,Master,Frankfurt,True,Remote
CAN08855,40-49,1,Vocational training,Other Germany,True,Hybrid
CAN08856,50+,12,Bachelor,Frankfurt,False,No preference
CAN08857,50+,8,Vocational training,Other Germany,False,Hybrid
CAN08858,30-39,11,Bachelor,Cologne,True,No preference
CAN08859,20-29,2,Bachelor,Other Germany,False,Hybrid
CAN08860,40-49,3,Bachelor,Berlin,False,Remote
CAN08861,40-49,10,Vocational training,Hamburg,False,No preference
CAN08862,40-49,9,Master,Other Germany,True,No preference
CAN08863,40-49,8,Vocational training,Other Germany,False,Hybrid
CAN08864,40-49,15,Bachelor,Frankfurt,False,On-site
CAN08865,30-39,4,Vocational training,Hamburg,False,On-site
CAN08866,30-39,10,Bachelor,Cologne,False,No preference
CAN08867,30-39,10,Vocational training,Berlin,True,On-site
CAN08868,20-29,1,Bachelor,Cologne,False,Hybrid
CAN08869,30-39,0,Vocational training,Berlin,False,Hybrid
CAN08870,20-29,3,Bachelor,Hamburg,True,Hybrid
CAN08871,20-29,3,Vocational training,Frankfurt,False,Hybrid
CAN08872,50+,17,Master,Cologne,True,Hybrid
CAN08873,40-49,7,Vocational training,Berlin,True,Hybrid
CAN08874,20-29,2,Master,Cologne,False,Hybrid
CAN08875,40-49,7,Bachelor,Frankfurt,False,Remote
CAN08876,30-39,1,Master,Frankfurt,False,Hybrid
CAN08877,40-49,19,Bachelor,Frankfurt,False,On-site
CAN08878,30-39,5,Master,Berlin,False,Hybrid
CAN08879,50+,14,Vocational training,Other Germany,False,No preference
CAN08880,30-39,1,Master,Berlin,False,Remote
CAN08881,20-29,5,Vocational training,Berlin,False,Hybrid
CAN08882,30-39,4,Bachelor,Frankfurt,False,No preference
CAN08883,40-49,4,Master,Other Germany,False,Hybrid
CAN08884,40-49,11,Vocational training,Munich,False,No preference
CAN08885,20-29,3,Vocational training,Frankfurt,True,Remote
CAN08886,30-39,3,Bachelor,Cologne,False,Remote
CAN08887,40-49,2,Bachelor,Hamburg,False,Remote
CAN08888,40-49,6,Vocational training,Frankfurt,False,Hybrid
CAN08889,30-39,13,Vocational training,Other Germany,True,Remote
CAN08890,40-49,4,Vocational training,Frankfurt,False,Hybrid
CAN08891,30-39,2,Master,Cologne,False,Hybrid
CAN08892,30-39,13,Bachelor,Berlin,False,Hybrid
CAN08893,40-49,8,Bachelor,Munich,False,Hybrid
CAN08894,20-29,4,Vocational training,Other Germany,True,Hybrid
CAN08895,20-29,8,Master,Cologne,True,Remote
CAN08896,40-49,14,Master,Other Germany,False,Remote
CAN08897,30-39,5,Vocational training,Outside Germany,True,No preference
CAN08898,20-29,6,Bachelor,Munich,True,Remote
CAN08899,40-49,10,Vocational training,Outside Germany,False,Remote
CAN08900,50+,8,Bachelor,Berlin,False,Remote
CAN08901,30-39,3,Vocational training,Cologne,False,Hybrid
CAN08902,30-39,2,Bachelor,Other Germany,False,Hybrid
CAN08903,40-49,6,Master,Berlin,False,Hybrid
CAN08904,20-29,3,Vocational training,Hamburg,False,Remote
CAN08905,30-39,0,Other,Berlin,False,Hybrid
CAN08906,30-39,0,Bachelor,Frankfurt,True,No preference
CAN08907,20-29,3,Master,Munich,True,Hybrid
CAN08908,40-49,3,Bachelor,Frankfurt,False,Hybrid
CAN08909,30-39,2,Vocational training,Frankfurt,False,Hybrid
CAN08910,50+,13,Bachelor,Other Germany,False,No preference
CAN08911,40-49,5,Vocational training,Berlin,True,Hybrid
CAN08912,30-39,1,Vocational training,Frankfurt,False,Hybrid
CAN08913,40-49,5,Vocational training,Berlin,False,Hybrid
CAN08914,30-39,6,Other,Hamburg,False,Remote
CAN08915,40-49,3,Other,Cologne,False,On-site
CAN08916,30-39,7,Bachelor,Cologne,True,Remote
CAN08917,40-49,13,Other,Hamburg,True,On-site
CAN08918,30-39,6,Vocational training,Frankfurt,True,Hybrid
CAN08919,50+,11,Vocational training,Cologne,False,Hybrid
CAN08920,40-49,7,Vocational training,Other Germany,False,Hybrid
CAN08921,20-29,5,Bachelor,Other Germany,False,Hybrid
CAN08922,30-39,4,Bachelor,Other Germany,False,Remote
CAN08923,30-39,5,Bachelor,Other Germany,False,Remote
CAN08924,40-49,9,Vocational training,Frankfurt,False,No preference
CAN08925,40-49,3,Doctorate,Frankfurt,True,No preference
CAN08926,20-29,4,Bachelor,Munich,True,Hybrid
CAN08927,30-39,9,Master,Hamburg,False,On-site
CAN08928,40-49,0,Bachelor,Other Germany,False,Remote
CAN08929,50+,10,Vocational training,Other Germany,False,No preference
CAN08930,40-49,11,Other,Frankfurt,True,Remote
CAN08931,30-39,3,Bachelor,Other Germany,False,Hybrid
CAN08932,30-39,8,Vocational training,Frankfurt,True,No preference
CAN08933,30-39,11,Bachelor,Berlin,False,Remote
CAN08934,50+,15,Bachelor,Other Germany,False,Hybrid
CAN08935,40-49,1,Vocational training,Munich,False,No preference
CAN08936,30-39,3,Bachelor,Other Germany,True,Hybrid
CAN08937,30-39,4,Master,Other Germany,False,Hybrid
CAN08938,30-39,8,Bachelor,Munich,True,Remote
CAN08939,20-29,2,Master,Other Germany,False,Remote
CAN08940,30-39,1,Bachelor,Other Germany,False,Hybrid
CAN08941,40-49,2,Bachelor,Cologne,False,On-site
CAN08942,30-39,9,Other,Berlin,False,On-site
CAN08943,30-39,2,Master,Outside Germany,True,Hybrid
CAN08944,20-29,2,Master,Munich,True,On-site
CAN08945,30-39,9,Bachelor,Munich,False,Remote
CAN08946,40-49,6,Bachelor,Berlin,False,Hybrid
CAN08947,20-29,9,Vocational training,Munich,False,Hybrid
CAN08948,30-39,5,Master,Hamburg,False,Hybrid
CAN08949,40-49,6,Vocational training,Berlin,True,Hybrid
CAN08950,40-49,10,Master,Other Germany,False,On-site
CAN08951,40-49,13,Bachelor,Frankfurt,False,Hybrid
CAN08952,30-39,7,Bachelor,Cologne,True,Remote
CAN08953,40-49,13,Bachelor,Cologne,False,Remote
CAN08954,20-29,3,Vocational training,Hamburg,True,Remote
CAN08955,30-39,5,Vocational training,Frankfurt,False,Hybrid
CAN08956,30-39,2,Bachelor,Hamburg,True,On-site
CAN08957,30-39,4,Bachelor,Frankfurt,False,Remote
CAN08958,30-39,11,Bachelor,Other Germany,False,On-site
CAN08959,40-49,7,Master,Other Germany,False,On-site
CAN08960,40-49,16,Doctorate,Outside Germany,False,Hybrid
CAN08961,30-39,2,Bachelor,Frankfurt,False,Remote
CAN08962,40-49,3,Other,Frankfurt,False,Remote
CAN08963,30-39,2,Bachelor,Hamburg,False,Remote
CAN08964,30-39,5,Bachelor,Hamburg,False,No preference
CAN08965,40-49,4,Master,Berlin,False,Hybrid
CAN08966,40-49,7,Bachelor,Other Germany,False,Hybrid
CAN08967,40-49,10,Vocational training,Other Germany,False,Remote
CAN08968,20-29,2,Bachelor,Frankfurt,False,No preference
CAN08969,30-39,3,Other,Frankfurt,False,Hybrid
CAN08970,40-49,8,Vocational training,Berlin,True,Hybrid
CAN08971,20-29,3,Master,Berlin,True,Hybrid
CAN08972,40-49,4,Vocational training,Hamburg,False,No preference
CAN08973,20-29,1,Bachelor,Other Germany,False,Hybrid
CAN08974,30-39,10,Vocational training,Other Germany,False,Hybrid
CAN08975,50+,18,Vocational training,Munich,False,Remote
CAN08976,40-49,11,Vocational training,Munich,False,Remote
CAN08977,30-39,3,Bachelor,Cologne,True,On-site
CAN08978,30-39,15,Bachelor,Munich,False,Hybrid
CAN08979,20-29,2,Master,Other Germany,True,Hybrid
CAN08980,30-39,3,Vocational training,Frankfurt,True,Hybrid
CAN08981,30-39,9,Master,Berlin,False,Hybrid
CAN08982,40-49,12,Bachelor,Other Germany,False,Hybrid
CAN08983,30-39,8,Bachelor,Other Germany,False,Hybrid
CAN08984,40-49,6,Master,Munich,True,Hybrid
CAN08985,40-49,7,Vocational training,Frankfurt,False,Hybrid
CAN08986,30-39,5,Master,Frankfurt,False,No preference
CAN08987,40-49,9,Bachelor,Other Germany,False,No preference
CAN08988,40-49,14,Vocational training,Cologne,False,Hybrid
CAN08989,50+,9,Doctorate,Other Germany,False,Hybrid
CAN08990,30-39,7,Bachelor,Frankfurt,False,On-site
CAN08991,20-29,9,Vocational training,,True,Remote
CAN08992,20-29,4,Bachelor,Berlin,False,Hybrid
CAN08993,50+,21,Bachelor,Hamburg,False,Remote
CAN08994,30-39,4,Vocational training,Frankfurt,False,Hybrid
CAN08995,30-39,2,Bachelor,Frankfurt,False,Hybrid
CAN08996,40-49,4,Master,Munich,False,No preference
CAN08997,20-29,5,Master,Frankfurt,False,Hybrid
CAN08998,40-49,6,Bachelor,Munich,False,No preference
CAN08999,40-49,15,Vocational training,Hamburg,False,Remote
CAN09000,30-39,4,Bachelor,Other Germany,False,On-site
CAN09001,40-49,17,Bachelor,Other Germany,False,Hybrid
CAN09002,30-39,10,Vocational training,Outside Germany,False,Hybrid
CAN09003,20-29,2,Master,Outside Germany,True,Remote
CAN09004,20-29,7,Vocational training,Frankfurt,True,Hybrid
CAN09005,40-49,10,Bachelor,Outside Germany,False,No preference
CAN09006,40-49,7,Doctorate,Cologne,False,Remote
CAN09007,30-39,3,Vocational training,Other Germany,False,Remote
CAN09008,20-29,3,Vocational training,Outside Germany,False,Hybrid
CAN09009,20-29,2,Bachelor,Berlin,True,No preference
CAN09010,40-49,10,Bachelor,Outside Germany,False,Hybrid
CAN09011,40-49,19,Master,Frankfurt,False,Remote
CAN09012,40-49,8,Other,Other Germany,False,Hybrid
CAN09013,30-39,11,Vocational training,Other Germany,False,Remote
CAN09014,20-29,2,Bachelor,Cologne,True,Hybrid
CAN09015,50+,19,Doctorate,Other Germany,False,Hybrid
CAN09016,40-49,1,Vocational training,Munich,False,No preference
CAN09017,40-49,9,Bachelor,Berlin,False,Remote
CAN09018,40-49,5,Vocational training,Munich,True,Remote
CAN09019,40-49,1,Bachelor,Munich,False,Hybrid
CAN09020,40-49,9,Bachelor,Munich,True,Remote
CAN09021,50+,13,Master,Other Germany,False,Hybrid
CAN09022,40-49,3,Bachelor,Berlin,True,Hybrid
CAN09023,20-29,8,Other,Frankfurt,False,Hybrid
CAN09024,30-39,14,Vocational training,Frankfurt,False,On-site
CAN09025,40-49,4,Bachelor,Cologne,True,Hybrid
CAN09026,50+,8,Vocational training,Hamburg,True,On-site
CAN09027,20-29,3,Vocational training,Berlin,False,On-site
CAN09028,40-49,25,Vocational training,Other Germany,False,Remote
CAN09029,50+,25,Vocational training,Berlin,True,Hybrid
CAN09030,20-29,10,Vocational training,Hamburg,False,Hybrid
CAN09031,50+,15,Vocational training,Other Germany,False,On-site
CAN09032,40-49,10,Master,Other Germany,False,No preference
CAN09033,40-49,5,Vocational training,Frankfurt,False,Hybrid
CAN09034,50+,7,Other,Outside Germany,False,Hybrid
CAN09035,30-39,3,Vocational training,Munich,False,Remote
CAN09036,40-49,7,Vocational training,Frankfurt,False,Remote
CAN09037,30-39,5,Master,Frankfurt,True,On-site
CAN09038,40-49,4,Vocational training,Other Germany,True,Remote
CAN09039,20-29,8,Bachelor,Berlin,False,Remote
CAN09040,20-29,3,Master,Other Germany,False,No preference
CAN09041,30-39,6,Vocational training,Berlin,True,Hybrid
CAN09042,40-49,5,Bachelor,Other Germany,True,Hybrid
CAN09043,40-49,4,Bachelor,Frankfurt,False,Remote
CAN09044,30-39,5,Master,Other Germany,False,Hybrid
CAN09045,40-49,11,Master,Frankfurt,False,Remote
CAN09046,20-29,4,Vocational training,Munich,False,Hybrid
CAN09047,30-39,9,Other,Other Germany,True,Hybrid
CAN09048,30-39,5,Master,Outside Germany,True,Hybrid
CAN09049,30-39,6,Vocational training,Other Germany,False,Remote
CAN09050,20-29,6,Master,Hamburg,False,Remote
CAN09051,30-39,9,Master,Munich,False,Remote
CAN09052,30-39,7,Vocational training,Cologne,True,Hybrid
CAN09053,50+,16,Bachelor,Berlin,True,Hybrid
CAN09054,20-29,4,Bachelor,Frankfurt,False,Hybrid
CAN09055,30-39,4,Vocational training,Other Germany,False,Remote
CAN09056,40-49,11,Other,Hamburg,True,Remote
CAN09057,40-49,9,Bachelor,Hamburg,False,Hybrid
CAN09058,30-39,2,Master,Munich,False,Remote
CAN09059,30-39,7,Vocational training,Hamburg,False,No preference
CAN09060,30-39,5,Master,Hamburg,True,Hybrid
CAN09061,40-49,15,Vocational training,Munich,False,No preference
CAN09062,30-39,4,Master,Frankfurt,True,Hybrid
CAN09063,40-49,3,Vocational training,Other Germany,False,No preference
CAN09064,20-29,5,Vocational training,Munich,False,Hybrid
CAN09065,20-29,4,Doctorate,Outside Germany,False,Hybrid
CAN09066,20-29,4,Bachelor,Other Germany,False,Remote
CAN09067,30-39,13,Master,Berlin,True,Hybrid
CAN09068,50+,16,Bachelor,Frankfurt,True,Hybrid
CAN09069,40-49,7,Master,Frankfurt,True,Remote
CAN09070,30-39,3,Vocational training,Other Germany,False,Remote
CAN09071,50+,7,Master,Berlin,False,Hybrid
CAN09072,20-29,6,Vocational training,Other Germany,False,Hybrid
CAN09073,40-49,3,Bachelor,Cologne,True,Remote
CAN09074,30-39,6,Master,Outside Germany,False,Remote
CAN09075,50+,9,Master,Other Germany,False,On-site
CAN09076,50+,13,Bachelor,Munich,False,Hybrid
CAN09077,20-29,0,Vocational training,Hamburg,False,Remote
CAN09078,50+,14,Master,Munich,True,Remote
CAN09079,30-39,2,Master,Outside Germany,False,Hybrid
CAN09080,20-29,7,Doctorate,Frankfurt,False,Remote
CAN09081,40-49,8,Vocational training,Other Germany,False,Remote
CAN09082,20-29,10,Bachelor,Other Germany,True,Remote
CAN09083,30-39,1,Bachelor,Munich,False,Hybrid
CAN09084,20-29,1,Master,Other Germany,False,Remote
CAN09085,40-49,2,Bachelor,Hamburg,True,No preference
CAN09086,20-29,2,Vocational training,Cologne,True,Remote
CAN09087,40-49,16,Doctorate,Frankfurt,False,No preference
CAN09088,40-49,5,Vocational training,Munich,False,On-site
CAN09089,40-49,2,Vocational training,Other Germany,True,Hybrid
CAN09090,40-49,14,Other,Cologne,False,Hybrid
CAN09091,30-39,2,Master,Munich,False,Hybrid
CAN09092,50+,17,Master,Hamburg,False,Hybrid
CAN09093,40-49,7,Master,Berlin,True,No preference
CAN09094,30-39,6,Vocational training,Cologne,False,Hybrid
CAN09095,30-39,10,Bachelor,Hamburg,False,Remote
CAN09096,50+,10,Bachelor,Cologne,True,Hybrid
CAN09097,40-49,6,Master,Hamburg,True,On-site
CAN09098,20-29,4,Master,Other Germany,False,Hybrid
CAN09099,20-29,5,Bachelor,Munich,True,Hybrid
CAN09100,40-49,5,Vocational training,Other Germany,False,Remote
CAN09101,40-49,14,Bachelor,Other Germany,False,Remote
CAN09102,40-49,2,Bachelor,Frankfurt,True,Hybrid
CAN09103,50+,25,Bachelor,Other Germany,True,Remote
CAN09104,20-29,6,Vocational training,Hamburg,False,Hybrid
CAN09105,40-49,3,Vocational training,Other Germany,False,Hybrid
CAN09106,50+,9,Bachelor,Other Germany,False,Remote
CAN09107,30-39,7,Bachelor,Berlin,False,Hybrid
CAN09108,40-49,6,Bachelor,Frankfurt,False,Remote
CAN09109,40-49,5,Master,Berlin,True,On-site
CAN09110,30-39,5,Bachelor,Frankfurt,True,Remote
CAN09111,30-39,12,Master,Frankfurt,False,Hybrid
CAN09112,40-49,6,Vocational training,Other Germany,True,Remote
CAN09113,30-39,9,Bachelor,Cologne,False,Hybrid
CAN09114,20-29,2,Vocational training,Other Germany,False,No preference
CAN09115,30-39,4,Bachelor,Berlin,False,Hybrid
CAN09116,30-39,16,Master,Other Germany,True,Hybrid
CAN09117,50+,10,Vocational training,Hamburg,False,On-site
CAN09118,40-49,12,Bachelor,Frankfurt,False,Hybrid
CAN09119,30-39,2,Other,Munich,True,No preference
CAN09120,30-39,2,Master,Other Germany,False,No preference
CAN09121,50+,15,Vocational training,Hamburg,False,Remote
CAN09122,40-49,1,Bachelor,Other Germany,True,Remote
CAN09123,30-39,7,Bachelor,Other Germany,False,Remote
CAN09124,30-39,6,Bachelor,Berlin,False,No preference
CAN09125,50+,11,Bachelor,Frankfurt,False,On-site
CAN09126,20-29,2,Vocational training,Outside Germany,False,Hybrid
CAN09127,40-49,4,Vocational training,Outside Germany,True,Remote
CAN09128,40-49,1,Master,Hamburg,False,Hybrid
CAN09129,30-39,2,Other,Hamburg,True,Hybrid
CAN09130,40-49,8,Bachelor,Other Germany,False,Hybrid
CAN09131,20-29,1,Bachelor,Cologne,False,Remote
CAN09132,20-29,0,Vocational training,Berlin,False,Hybrid
CAN09133,30-39,12,Vocational training,Cologne,False,Remote
CAN09134,20-29,3,Bachelor,Other Germany,True,Remote
CAN09135,20-29,9,Master,Frankfurt,False,Remote
CAN09136,30-39,5,Bachelor,Hamburg,True,Hybrid
CAN09137,20-29,3,Doctorate,Other Germany,False,Hybrid
CAN09138,20-29,5,Bachelor,Berlin,False,Hybrid
CAN09139,40-49,1,Master,Other Germany,False,Remote
CAN09140,20-29,2,Bachelor,Other Germany,False,Hybrid
CAN09141,30-39,1,Master,Other Germany,False,Hybrid
CAN09142,30-39,9,Bachelor,Hamburg,False,Hybrid
CAN09143,20-29,3,Bachelor,Cologne,False,On-site
CAN09144,20-29,8,Bachelor,Frankfurt,True,On-site
CAN09145,40-49,10,Vocational training,Berlin,True,On-site
CAN09146,20-29,4,Bachelor,Other Germany,False,Hybrid
CAN09147,30-39,1,Vocational training,Frankfurt,False,Remote
CAN09148,50+,9,Bachelor,Berlin,False,Hybrid
CAN09149,40-49,5,Doctorate,Munich,False,No preference
CAN09150,30-39,5,Vocational training,Berlin,False,Hybrid
CAN09151,20-29,3,Master,Cologne,True,Remote
CAN09152,30-39,6,Master,Other Germany,False,On-site
CAN09153,50+,13,Bachelor,Other Germany,True,Remote
CAN09154,40-49,2,Doctorate,Cologne,True,On-site
CAN09155,30-39,1,Vocational training,Hamburg,False,Remote
CAN09156,40-49,3,Master,Berlin,True,On-site
CAN09157,30-39,4,Bachelor,Hamburg,False,Hybrid
CAN09158,40-49,15,Bachelor,Berlin,False,Hybrid
CAN09159,20-29,2,Vocational training,Hamburg,True,Hybrid
CAN09160,50+,12,Bachelor,Frankfurt,True,No preference
CAN09161,40-49,7,Bachelor,Frankfurt,True,No preference
CAN09162,40-49,19,Vocational training,Munich,True,Remote
CAN09163,30-39,6,Vocational training,Berlin,False,Hybrid
CAN09164,40-49,9,Bachelor,Hamburg,True,On-site
CAN09165,40-49,8,Bachelor,Other Germany,False,Remote
CAN09166,40-49,5,Bachelor,Outside Germany,False,Remote
CAN09167,20-29,3,Master,Other Germany,False,Hybrid
CAN09168,30-39,3,Vocational training,Hamburg,False,No preference
CAN09169,30-39,7,Vocational training,Cologne,False,Hybrid
CAN09170,30-39,5,Bachelor,Other Germany,False,No preference
CAN09171,40-49,5,Bachelor,Frankfurt,True,On-site
CAN09172,40-49,2,Bachelor,Other Germany,False,No preference
CAN09173,40-49,9,Vocational training,Berlin,False,Remote
CAN09174,30-39,5,Bachelor,Other Germany,True,Hybrid
CAN09175,30-39,7,Master,Frankfurt,False,No preference
CAN09176,50+,9,Vocational training,Munich,False,No preference
CAN09177,30-39,2,Bachelor,Outside Germany,False,Remote
CAN09178,20-29,2,Master,Cologne,False,Hybrid
CAN09179,30-39,2,Vocational training,Frankfurt,False,No preference
CAN09180,30-39,9,Bachelor,Outside Germany,False,Remote
CAN09181,30-39,3,Bachelor,Hamburg,False,On-site
CAN09182,30-39,6,Bachelor,Munich,False,Hybrid
CAN09183,40-49,18,Bachelor,Cologne,False,Remote
CAN09184,40-49,2,Vocational training,Hamburg,False,No preference
CAN09185,30-39,8,Vocational training,Frankfurt,True,Hybrid
CAN09186,30-39,2,Master,Other Germany,False,Hybrid
CAN09187,40-49,3,Vocational training,Hamburg,False,Hybrid
CAN09188,30-39,11,Master,Outside Germany,False,On-site
CAN09189,20-29,2,Bachelor,Other Germany,False,Remote
CAN09190,40-49,1,Bachelor,Cologne,True,Hybrid
CAN09191,40-49,1,Bachelor,Hamburg,True,Hybrid
CAN09192,20-29,3,Doctorate,Munich,False,Hybrid
CAN09193,30-39,6,Master,Other Germany,False,Hybrid
CAN09194,50+,16,Bachelor,Outside Germany,True,Hybrid
CAN09195,20-29,7,Vocational training,Outside Germany,False,Hybrid
CAN09196,30-39,6,Bachelor,Munich,True,Hybrid
CAN09197,40-49,12,Bachelor,Hamburg,False,Hybrid
CAN09198,40-49,3,Vocational training,Munich,False,Hybrid
CAN09199,30-39,9,Master,Cologne,False,Hybrid
CAN09200,30-39,13,Vocational training,Berlin,False,Remote
CAN09201,20-29,3,Vocational training,Outside Germany,False,Hybrid
CAN09202,20-29,0,Doctorate,Other Germany,False,Remote
CAN09203,20-29,0,Vocational training,Berlin,False,Remote
CAN09204,20-29,4,Vocational training,Berlin,True,Hybrid
CAN09205,30-39,7,Bachelor,Frankfurt,True,Remote
CAN09206,30-39,3,Bachelor,Frankfurt,False,Remote
CAN09207,30-39,2,Vocational training,Other Germany,True,Hybrid
CAN09208,30-39,4,Master,Cologne,False,Remote
CAN09209,50+,8,Doctorate,Munich,False,Remote
CAN09210,40-49,3,Bachelor,Frankfurt,True,Hybrid
CAN09211,30-39,0,Master,Berlin,False,Hybrid
CAN09212,50+,15,Other,Frankfurt,False,Hybrid
CAN09213,20-29,3,Master,Cologne,False,No preference
CAN09214,40-49,3,Bachelor,Munich,False,Hybrid
CAN09215,50+,6,Vocational training,Hamburg,False,No preference
CAN09216,50+,17,Master,Other Germany,True,On-site
CAN09217,40-49,6,Bachelor,Berlin,False,On-site
CAN09218,40-49,7,Master,Berlin,False,No preference
CAN09219,40-49,4,Bachelor,Munich,False,No preference
CAN09220,30-39,2,Vocational training,Frankfurt,True,No preference
CAN09221,20-29,0,Master,Other Germany,False,Hybrid
CAN09222,40-49,4,Master,Other Germany,False,Remote
CAN09223,40-49,2,Master,Frankfurt,False,On-site
CAN09224,30-39,1,Vocational training,Other Germany,False,Hybrid
CAN09225,30-39,15,Vocational training,Hamburg,True,On-site
CAN09226,40-49,24,Master,Hamburg,False,Remote
CAN09227,40-49,4,Doctorate,Munich,False,Hybrid
CAN09228,30-39,4,Bachelor,Hamburg,False,No preference
CAN09229,40-49,1,Bachelor,Munich,True,No preference
CAN09230,30-39,4,Master,Frankfurt,False,Hybrid
CAN09231,40-49,3,Bachelor,Berlin,False,Hybrid
CAN09232,40-49,1,Bachelor,Frankfurt,False,Hybrid
CAN09233,40-49,4,Other,Outside Germany,True,Remote
CAN09234,40-49,0,Bachelor,Other Germany,False,No preference
CAN09235,20-29,1,Other,Other Germany,False,On-site
CAN09236,30-39,4,Master,Munich,False,Remote
CAN09237,20-29,2,Bachelor,Other Germany,False,Hybrid
CAN09238,50+,9,Bachelor,Munich,False,Hybrid
CAN09239,20-29,1,Master,Frankfurt,False,Hybrid
CAN09240,40-49,7,Master,Other Germany,True,Hybrid
CAN09241,40-49,9,Bachelor,Other Germany,True,Remote
CAN09242,30-39,2,Master,,True,Hybrid
CAN09243,50+,12,Other,Cologne,False,No preference
CAN09244,40-49,3,Bachelor,Munich,False,No preference
CAN09245,40-49,4,Vocational training,Hamburg,False,On-site
CAN09246,20-29,9,Vocational training,Frankfurt,False,On-site
CAN09247,30-39,4,Master,Berlin,True,Remote
CAN09248,40-49,0,Master,Other Germany,False,Hybrid
CAN09249,40-49,1,Master,Frankfurt,False,No preference
CAN09250,30-39,6,Vocational training,Frankfurt,False,Hybrid
CAN09251,40-49,7,Bachelor,Berlin,False,Remote
CAN09252,30-39,14,Bachelor,Berlin,True,Hybrid
CAN09253,30-39,12,Bachelor,Frankfurt,False,Remote
CAN09254,40-49,6,Vocational training,Cologne,False,Remote
CAN09255,20-29,3,Master,Frankfurt,False,Remote
CAN09256,20-29,4,Bachelor,,False,Remote
CAN09257,40-49,5,Bachelor,Frankfurt,False,Hybrid
CAN09258,30-39,12,Master,Berlin,False,Hybrid
CAN09259,20-29,1,Master,Frankfurt,True,On-site
CAN09260,30-39,7,Master,Frankfurt,True,Hybrid
CAN09261,30-39,4,Vocational training,Outside Germany,True,Hybrid
CAN09262,40-49,9,Master,Frankfurt,True,Hybrid
CAN09263,50+,10,Vocational training,Berlin,False,Remote
CAN09264,20-29,8,Bachelor,Outside Germany,False,Hybrid
CAN09265,40-49,3,Vocational training,Berlin,True,Remote
CAN09266,30-39,5,Other,Berlin,True,Remote
CAN09267,30-39,4,Bachelor,Other Germany,True,Hybrid
CAN09268,30-39,2,Doctorate,Munich,False,Hybrid
CAN09269,40-49,10,Bachelor,Hamburg,False,Hybrid
CAN09270,30-39,9,Bachelor,Outside Germany,True,No preference
CAN09271,40-49,4,Master,Berlin,False,On-site
CAN09272,40-49,3,Bachelor,Cologne,False,On-site
CAN09273,30-39,1,Master,Munich,False,On-site
CAN09274,20-29,8,Other,Cologne,False,No preference
CAN09275,30-39,2,Bachelor,Hamburg,True,Remote
CAN09276,40-49,5,Master,Munich,False,No preference
CAN09277,20-29,1,Other,Frankfurt,False,No preference
CAN09278,20-29,3,Master,Other Germany,True,Remote
CAN09279,40-49,7,Bachelor,Other Germany,False,Remote
CAN09280,30-39,0,Bachelor,Other Germany,False,Hybrid
CAN09281,40-49,5,Bachelor,Berlin,True,Hybrid
CAN09282,30-39,4,Vocational training,Other Germany,False,Remote
CAN09283,50+,19,Vocational training,Other Germany,False,Hybrid
CAN09284,50+,14,Bachelor,Berlin,False,Remote
CAN09285,40-49,19,Vocational training,Munich,False,No preference
CAN09286,20-29,1,Vocational training,Munich,False,Hybrid
CAN09287,30-39,1,Bachelor,Frankfurt,False,No preference
CAN09288,30-39,7,Vocational training,Munich,False,No preference
CAN09289,20-29,4,Bachelor,Berlin,False,No preference
CAN09290,30-39,1,Bachelor,Berlin,True,Hybrid
CAN09291,20-29,4,Doctorate,Munich,False,Hybrid
CAN09292,40-49,4,Bachelor,Other Germany,False,Hybrid
CAN09293,40-49,13,Vocational training,Frankfurt,False,Hybrid
CAN09294,30-39,2,Other,Frankfurt,True,Hybrid
CAN09295,30-39,4,Master,Munich,False,No preference
CAN09296,30-39,4,Vocational training,Other Germany,True,Hybrid
CAN09297,40-49,11,Vocational training,Frankfurt,False,Hybrid
CAN09298,40-49,6,Bachelor,Berlin,False,Hybrid
CAN09299,30-39,6,Vocational training,Frankfurt,False,Hybrid
CAN09300,40-49,3,Bachelor,Munich,False,Remote
CAN09301,30-39,6,Vocational training,Hamburg,False,On-site
CAN09302,40-49,6,Vocational training,Berlin,False,No preference
CAN09303,30-39,7,Bachelor,Cologne,False,Hybrid
CAN09304,40-49,13,Vocational training,Cologne,True,Hybrid
CAN09305,30-39,2,Bachelor,Munich,True,Hybrid
CAN09306,20-29,7,Bachelor,Other Germany,False,On-site
CAN09307,20-29,1,Master,Other Germany,True,Hybrid
CAN09308,40-49,13,Bachelor,Other Germany,True,On-site
CAN09309,30-39,5,Master,Other Germany,False,Hybrid
CAN09310,20-29,1,Other,Other Germany,False,Hybrid
CAN09311,40-49,13,Master,Other Germany,False,Hybrid
CAN09312,30-39,11,Bachelor,Outside Germany,False,Remote
CAN09313,40-49,11,Bachelor,Cologne,False,Hybrid
CAN09314,30-39,4,Bachelor,Other Germany,False,Remote
CAN09315,30-39,4,Other,Munich,False,Hybrid
CAN09316,30-39,5,Bachelor,Frankfurt,False,Hybrid
CAN09317,40-49,2,Vocational training,Hamburg,False,Remote
CAN09318,30-39,0,Master,Other Germany,False,Hybrid
CAN09319,50+,22,Vocational training,Other Germany,True,No preference
CAN09320,20-29,6,Vocational training,Frankfurt,False,Remote
CAN09321,50+,15,Bachelor,Hamburg,False,Remote
CAN09322,50+,25,Bachelor,Hamburg,True,No preference
CAN09323,30-39,5,Vocational training,Munich,True,No preference
CAN09324,50+,7,Bachelor,Frankfurt,False,Hybrid
CAN09325,40-49,9,Bachelor,Outside Germany,True,Hybrid
CAN09326,40-49,12,Bachelor,Frankfurt,False,Remote
CAN09327,50+,16,Other,Berlin,True,On-site
CAN09328,30-39,6,Other,Other Germany,False,Remote
CAN09329,40-49,2,Master,Frankfurt,True,Hybrid
CAN09330,40-49,13,Vocational training,Hamburg,True,On-site
CAN09331,30-39,2,Vocational training,Hamburg,False,On-site
CAN09332,30-39,11,Vocational training,Berlin,False,Remote
CAN09333,40-49,7,Master,Other Germany,False,Hybrid
CAN09334,30-39,9,Vocational training,Outside Germany,False,Hybrid
CAN09335,20-29,6,Vocational training,Frankfurt,False,Remote
CAN09336,30-39,3,Master,Berlin,True,Hybrid
CAN09337,40-49,9,Vocational training,Frankfurt,True,Remote
CAN09338,30-39,5,Bachelor,Frankfurt,True,No preference
CAN09339,30-39,7,Bachelor,Cologne,False,Hybrid
CAN09340,30-39,9,Master,Berlin,True,On-site
CAN09341,40-49,3,Master,Cologne,False,Hybrid
CAN09342,30-39,0,Master,Other Germany,False,Hybrid
CAN09343,50+,13,Bachelor,,False,Hybrid
CAN09344,30-39,3,Master,Frankfurt,False,Hybrid
CAN09345,30-39,9,Other,Other Germany,True,Hybrid
CAN09346,20-29,2,Master,Other Germany,True,Remote
CAN09347,40-49,2,Bachelor,Outside Germany,False,Hybrid
CAN09348,30-39,6,Vocational training,Berlin,True,Hybrid
CAN09349,30-39,3,Bachelor,Berlin,True,On-site
CAN09350,20-29,2,Vocational training,Other Germany,False,Hybrid
CAN09351,30-39,7,Master,Berlin,False,On-site
CAN09352,30-39,1,Vocational training,Munich,False,Remote
CAN09353,20-29,2,Master,Frankfurt,False,Hybrid
CAN09354,40-49,11,Master,Berlin,True,Remote
CAN09355,30-39,2,Bachelor,Frankfurt,False,No preference
CAN09356,30-39,4,Doctorate,Other Germany,True,No preference
CAN09357,50+,18,Bachelor,Frankfurt,False,On-site
CAN09358,20-29,1,Master,Other Germany,False,Hybrid
CAN09359,30-39,10,Master,Berlin,False,No preference
CAN09360,30-39,5,Vocational training,Frankfurt,False,Hybrid
CAN09361,30-39,4,Bachelor,Hamburg,False,On-site
CAN09362,30-39,4,Bachelor,Outside Germany,False,Hybrid
CAN09363,30-39,5,Vocational training,Frankfurt,False,Hybrid
CAN09364,40-49,6,Master,Other Germany,False,Hybrid
CAN09365,30-39,3,Master,Frankfurt,False,Hybrid
CAN09366,40-49,18,Bachelor,Frankfurt,False,Hybrid
CAN09367,30-39,3,Master,Frankfurt,False,No preference
CAN09368,40-49,7,Bachelor,Frankfurt,True,No preference
CAN09369,30-39,8,Bachelor,Other Germany,False,Hybrid
CAN09370,40-49,8,Master,Other Germany,True,Remote
CAN09371,30-39,9,Bachelor,Berlin,False,Remote
CAN09372,40-49,11,Master,Outside Germany,False,No preference
CAN09373,30-39,1,Bachelor,Other Germany,True,Hybrid
CAN09374,40-49,8,Bachelor,Hamburg,True,Remote
CAN09375,50+,9,Master,Frankfurt,False,Hybrid
CAN09376,40-49,3,Bachelor,Frankfurt,False,Hybrid
CAN09377,30-39,4,Other,Frankfurt,False,On-site
CAN09378,50+,10,Bachelor,Munich,False,Hybrid
CAN09379,20-29,1,Bachelor,Munich,False,No preference
CAN09380,40-49,7,Master,Munich,False,Remote
CAN09381,20-29,1,Vocational training,Cologne,False,On-site
CAN09382,40-49,10,Bachelor,Frankfurt,False,Hybrid
CAN09383,30-39,9,Bachelor,Munich,False,Hybrid
CAN09384,20-29,7,Bachelor,Frankfurt,False,No preference
CAN09385,30-39,1,Bachelor,Other Germany,False,Hybrid
CAN09386,40-49,12,Vocational training,Other Germany,True,Remote
CAN09387,30-39,7,Other,Other Germany,False,On-site
CAN09388,30-39,7,Bachelor,Hamburg,True,On-site
CAN09389,30-39,3,Bachelor,Frankfurt,False,Hybrid
CAN09390,40-49,15,Vocational training,Frankfurt,False,On-site
CAN09391,30-39,3,Master,Cologne,False,Hybrid
CAN09392,30-39,9,Vocational training,Berlin,False,Hybrid
CAN09393,40-49,3,Bachelor,Frankfurt,False,No preference
CAN09394,40-49,24,Other,Other Germany,False,On-site
CAN09395,20-29,0,Doctorate,Other Germany,False,Hybrid
CAN09396,40-49,5,Vocational training,Frankfurt,False,Remote
CAN09397,30-39,8,Master,Berlin,False,Hybrid
CAN09398,30-39,10,Bachelor,Cologne,False,No preference
CAN09399,40-49,5,Vocational training,Hamburg,True,No preference
CAN09400,30-39,10,Master,Berlin,True,Remote
CAN09401,30-39,3,Vocational training,Munich,False,Hybrid
CAN09402,40-49,2,Bachelor,Frankfurt,False,Hybrid
CAN09403,50+,25,Vocational training,Other Germany,False,Remote
CAN09404,30-39,3,Master,Frankfurt,True,Remote
CAN09405,40-49,6,Bachelor,Hamburg,False,Hybrid
CAN09406,30-39,9,Doctorate,Berlin,False,Remote
CAN09407,40-49,5,Bachelor,Frankfurt,False,Hybrid
CAN09408,40-49,17,Master,Munich,True,Hybrid
CAN09409,50+,11,Bachelor,Berlin,False,Remote
CAN09410,40-49,6,Doctorate,Other Germany,False,On-site
CAN09411,20-29,2,Vocational training,Cologne,True,Remote
CAN09412,20-29,3,Bachelor,Cologne,False,Hybrid
CAN09413,20-29,3,Vocational training,Hamburg,False,Remote
CAN09414,30-39,2,Bachelor,Munich,False,No preference
CAN09415,50+,14,Vocational training,Cologne,True,Remote
CAN09416,30-39,8,Vocational training,Frankfurt,False,Hybrid
CAN09417,30-39,7,Bachelor,Hamburg,False,Remote
CAN09418,30-39,7,Bachelor,Frankfurt,False,Hybrid
CAN09419,40-49,5,Other,Other Germany,False,Hybrid
CAN09420,50+,18,Bachelor,Other Germany,False,Hybrid
CAN09421,20-29,2,Bachelor,Hamburg,False,Hybrid
CAN09422,50+,12,Bachelor,Cologne,True,No preference
CAN09423,30-39,6,Bachelor,Other Germany,True,Hybrid
CAN09424,30-39,11,Vocational training,Outside Germany,True,Hybrid
CAN09425,30-39,3,Bachelor,Other Germany,False,Remote
CAN09426,30-39,8,Bachelor,Other Germany,False,Hybrid
CAN09427,40-49,6,Master,Hamburg,True,No preference
CAN09428,30-39,6,Vocational training,Frankfurt,False,Remote
CAN09429,40-49,2,Master,Hamburg,True,Remote
CAN09430,30-39,2,Master,Berlin,True,Hybrid
CAN09431,40-49,1,Vocational training,Frankfurt,False,Hybrid
CAN09432,40-49,3,Vocational training,Frankfurt,True,Remote
CAN09433,30-39,19,Bachelor,Frankfurt,True,On-site
CAN09434,20-29,2,Master,Frankfurt,False,Remote
CAN09435,30-39,4,Vocational training,Munich,False,Remote
CAN09436,20-29,5,Bachelor,Berlin,True,Hybrid
CAN09437,30-39,12,Bachelor,Cologne,False,Hybrid
CAN09438,30-39,16,Doctorate,Hamburg,False,Hybrid
CAN09439,30-39,7,Vocational training,Frankfurt,False,On-site
CAN09440,40-49,7,Bachelor,Hamburg,False,Remote
CAN09441,30-39,5,Bachelor,Other Germany,False,No preference
CAN09442,30-39,6,Bachelor,Berlin,False,No preference
CAN09443,50+,11,Bachelor,Cologne,False,Hybrid
CAN09444,40-49,11,Bachelor,Other Germany,False,Hybrid
CAN09445,40-49,7,Vocational training,Frankfurt,False,Hybrid
CAN09446,20-29,6,Master,Other Germany,False,Hybrid
CAN09447,30-39,8,Bachelor,Hamburg,False,Hybrid
CAN09448,40-49,3,Vocational training,Outside Germany,False,Hybrid
CAN09449,40-49,2,Vocational training,Munich,False,Remote
CAN09450,30-39,4,Vocational training,Hamburg,False,Remote
CAN09451,30-39,6,Vocational training,Other Germany,False,No preference
CAN09452,30-39,8,Vocational training,Outside Germany,True,Remote
CAN09453,50+,11,Doctorate,Berlin,True,Hybrid
CAN09454,20-29,2,Vocational training,Frankfurt,False,Remote
CAN09455,20-29,5,Bachelor,Munich,False,Hybrid
CAN09456,30-39,1,Master,Other Germany,False,Remote
CAN09457,30-39,7,Bachelor,Other Germany,False,Hybrid
CAN09458,40-49,8,Master,Other Germany,True,Hybrid
CAN09459,30-39,3,Vocational training,Munich,False,No preference
CAN09460,40-49,7,Master,Other Germany,False,Hybrid
CAN09461,30-39,4,Vocational training,Munich,False,Hybrid
CAN09462,40-49,1,Vocational training,Munich,False,Remote
CAN09463,30-39,13,Bachelor,Berlin,True,Hybrid
CAN09464,40-49,15,Vocational training,Other Germany,True,Hybrid
CAN09465,30-39,2,Vocational training,Outside Germany,False,Hybrid
CAN09466,20-29,3,Bachelor,Munich,False,Remote
CAN09467,30-39,3,Vocational training,Frankfurt,False,Remote
CAN09468,40-49,2,Vocational training,Berlin,False,Hybrid
CAN09469,30-39,2,Master,Other Germany,False,Hybrid
CAN09470,30-39,5,Master,Frankfurt,True,Hybrid
CAN09471,20-29,2,Master,Hamburg,False,No preference
CAN09472,30-39,3,Master,Frankfurt,False,Hybrid
CAN09473,40-49,9,Bachelor,Munich,True,Hybrid
CAN09474,40-49,12,Bachelor,Frankfurt,False,No preference
CAN09475,30-39,2,Master,Other Germany,False,Remote
CAN09476,20-29,4,Bachelor,Hamburg,False,Remote
CAN09477,30-39,13,Vocational training,Berlin,False,No preference
CAN09478,30-39,6,Bachelor,Other Germany,False,No preference
CAN09479,40-49,8,Other,Berlin,True,Hybrid
CAN09480,40-49,5,Bachelor,Munich,True,Remote
CAN09481,50+,9,Vocational training,Munich,True,On-site
CAN09482,20-29,5,Vocational training,Munich,False,Remote
CAN09483,40-49,3,Master,Other Germany,True,Remote
CAN09484,40-49,5,Other,Hamburg,False,Hybrid
CAN09485,30-39,3,Vocational training,Hamburg,True,Hybrid
CAN09486,30-39,10,Vocational training,Frankfurt,False,Hybrid
CAN09487,40-49,6,Bachelor,Other Germany,False,No preference
CAN09488,40-49,7,Master,Other Germany,False,Remote
CAN09489,30-39,4,Bachelor,Cologne,False,Remote
CAN09490,40-49,1,Master,Hamburg,False,Hybrid
CAN09491,20-29,2,Vocational training,Frankfurt,False,Hybrid
CAN09492,40-49,3,Vocational training,Munich,False,No preference
CAN09493,40-49,5,Master,Berlin,True,Hybrid
CAN09494,20-29,6,Bachelor,Munich,False,Remote
CAN09495,30-39,3,Vocational training,Other Germany,False,Remote
CAN09496,40-49,12,Vocational training,Other Germany,False,Hybrid
CAN09497,20-29,1,Vocational training,Frankfurt,False,Hybrid
CAN09498,40-49,2,Bachelor,Munich,True,On-site
CAN09499,20-29,6,Bachelor,Other Germany,False,Remote
CAN09500,40-49,6,Master,Frankfurt,True,Remote
CAN09501,40-49,5,Vocational training,Frankfurt,False,Hybrid
CAN09502,20-29,3,Master,Frankfurt,True,No preference
CAN09503,20-29,0,Master,Frankfurt,False,No preference
CAN09504,30-39,7,Doctorate,Munich,False,No preference
CAN09505,30-39,8,Vocational training,Frankfurt,True,Remote
CAN09506,30-39,7,Master,Other Germany,False,Remote
CAN09507,40-49,8,Master,Other Germany,False,Hybrid
CAN09508,30-39,10,Bachelor,Other Germany,False,No preference
CAN09509,50+,12,Bachelor,Other Germany,False,On-site
CAN09510,40-49,6,Vocational training,Hamburg,False,Hybrid
CAN09511,40-49,4,Master,Munich,False,Remote
CAN09512,40-49,21,Bachelor,Other Germany,False,Remote
CAN09513,40-49,7,Bachelor,Other Germany,True,Hybrid
CAN09514,30-39,3,Bachelor,Hamburg,True,Remote
CAN09515,40-49,5,Bachelor,Hamburg,False,Hybrid
CAN09516,50+,17,Vocational training,Hamburg,False,No preference
CAN09517,20-29,1,Vocational training,Other Germany,False,Hybrid
CAN09518,40-49,1,Bachelor,Frankfurt,False,Hybrid
CAN09519,40-49,6,Bachelor,Outside Germany,False,Hybrid
CAN09520,30-39,9,Other,Berlin,False,Remote
CAN09521,40-49,13,Master,Other Germany,False,Hybrid
CAN09522,40-49,4,Bachelor,Berlin,False,Hybrid
CAN09523,40-49,13,Master,Munich,True,Remote
CAN09524,30-39,11,Other,Frankfurt,False,Remote
CAN09525,40-49,0,Master,Cologne,False,Hybrid
CAN09526,30-39,1,Bachelor,Other Germany,False,No preference
CAN09527,30-39,8,Bachelor,Frankfurt,False,No preference
CAN09528,30-39,4,Master,Other Germany,False,No preference
CAN09529,30-39,3,Vocational training,Other Germany,True,Hybrid
CAN09530,30-39,5,Vocational training,Frankfurt,True,Remote
CAN09531,30-39,5,Bachelor,Other Germany,False,Hybrid
CAN09532,30-39,8,Vocational training,Other Germany,False,No preference
CAN09533,30-39,4,Bachelor,Other Germany,False,Remote
CAN09534,50+,10,Vocational training,Other Germany,False,On-site
CAN09535,40-49,4,Vocational training,Hamburg,True,Remote
CAN09536,30-39,14,Master,Berlin,True,Hybrid
CAN09537,40-49,4,Vocational training,Other Germany,False,On-site
CAN09538,30-39,11,Bachelor,Hamburg,False,Remote
CAN09539,30-39,2,Other,Other Germany,True,Hybrid
CAN09540,30-39,2,Bachelor,Other Germany,True,Hybrid
CAN09541,30-39,4,Bachelor,Berlin,False,Remote
CAN09542,40-49,1,Vocational training,Munich,False,No preference
CAN09543,30-39,2,Bachelor,Berlin,False,Hybrid
CAN09544,30-39,14,Bachelor,Berlin,True,Hybrid
CAN09545,40-49,9,Master,Cologne,True,Hybrid
CAN09546,40-49,5,Master,Other Germany,False,Hybrid
CAN09547,30-39,7,Vocational training,Hamburg,False,Remote
CAN09548,40-49,10,Master,Other Germany,True,Remote
CAN09549,30-39,3,Vocational training,Cologne,True,Remote
CAN09550,30-39,11,Vocational training,Other Germany,False,No preference
CAN09551,20-29,5,Vocational training,Other Germany,True,Hybrid
CAN09552,20-29,0,Bachelor,Frankfurt,False,No preference
CAN09553,30-39,1,Bachelor,Other Germany,False,Hybrid
CAN09554,40-49,9,Bachelor,Frankfurt,False,No preference
CAN09555,20-29,2,Bachelor,Hamburg,False,Hybrid
CAN09556,30-39,4,Master,Outside Germany,True,Hybrid
CAN09557,40-49,6,Master,Berlin,False,Hybrid
CAN09558,30-39,10,Vocational training,Munich,True,No preference
CAN09559,40-49,7,Vocational training,Other Germany,True,No preference
CAN09560,30-39,5,Other,Other Germany,True,Remote
CAN09561,30-39,1,Vocational training,,False,Remote
CAN09562,30-39,3,Doctorate,Munich,False,Hybrid
CAN09563,40-49,6,Vocational training,Berlin,False,Hybrid
CAN09564,40-49,1,Vocational training,,False,Remote
CAN09565,40-49,0,Other,Other Germany,True,On-site
CAN09566,20-29,2,Master,Other Germany,False,Hybrid
CAN09567,50+,18,Master,Frankfurt,False,Hybrid
CAN09568,30-39,1,Vocational training,Other Germany,False,Hybrid
CAN09569,20-29,6,Master,Other Germany,False,On-site
CAN09570,50+,8,Master,Berlin,True,Hybrid
CAN09571,40-49,2,Vocational training,Munich,False,No preference
CAN09572,20-29,6,Bachelor,Frankfurt,False,On-site
CAN09573,30-39,9,Vocational training,Frankfurt,False,Hybrid
CAN09574,30-39,3,Bachelor,Berlin,False,On-site
CAN09575,30-39,8,Bachelor,Hamburg,False,On-site
CAN09576,30-39,10,Master,Berlin,False,Remote
CAN09577,40-49,0,Master,Other Germany,False,Remote
CAN09578,50+,14,Vocational training,Berlin,False,Hybrid
CAN09579,30-39,5,Vocational training,Munich,False,Hybrid
CAN09580,20-29,5,Doctorate,Other Germany,False,Hybrid
CAN09581,50+,10,Master,Hamburg,False,Hybrid
CAN09582,40-49,3,Master,Munich,False,Hybrid
CAN09583,20-29,6,Bachelor,Hamburg,False,On-site
CAN09584,30-39,5,Master,Hamburg,False,No preference
CAN09585,40-49,3,Bachelor,Hamburg,False,Hybrid
CAN09586,50+,18,Bachelor,Other Germany,True,Remote
CAN09587,20-29,1,Bachelor,Munich,False,Remote
CAN09588,40-49,6,Vocational training,Frankfurt,False,On-site
CAN09589,30-39,6,Bachelor,Munich,True,No preference
CAN09590,30-39,2,Other,Munich,True,Hybrid
CAN09591,40-49,6,Bachelor,Munich,False,Remote
CAN09592,40-49,7,Bachelor,Frankfurt,True,No preference
CAN09593,50+,8,Doctorate,Frankfurt,False,Hybrid
CAN09594,30-39,7,Bachelor,Cologne,True,Remote
CAN09595,20-29,5,Vocational training,Other Germany,False,Hybrid
CAN09596,20-29,1,Vocational training,Munich,True,Hybrid
CAN09597,30-39,5,Master,Munich,False,Hybrid
CAN09598,30-39,4,Bachelor,Frankfurt,False,Hybrid
CAN09599,40-49,7,Vocational training,Cologne,False,No preference
CAN09600,40-49,4,Master,Berlin,True,Remote
CAN09601,20-29,6,Vocational training,Berlin,True,Hybrid
CAN09602,20-29,1,Vocational training,Berlin,True,On-site
CAN09603,30-39,4,Bachelor,Other Germany,False,Remote
CAN09604,20-29,6,Master,Other Germany,True,No preference
CAN09605,40-49,2,Bachelor,Other Germany,False,On-site
CAN09606,40-49,1,Vocational training,Berlin,False,Hybrid
CAN09607,30-39,7,Master,Berlin,True,No preference
CAN09608,50+,19,Bachelor,Munich,True,Hybrid
CAN09609,30-39,1,Bachelor,Outside Germany,False,Hybrid
CAN09610,40-49,1,Master,Other Germany,True,Hybrid
CAN09611,40-49,7,Other,Munich,False,No preference
CAN09612,20-29,7,Bachelor,Berlin,False,On-site
CAN09613,50+,14,Other,Frankfurt,False,On-site
CAN09614,20-29,9,Vocational training,Other Germany,False,Remote
CAN09615,30-39,6,Master,Other Germany,False,Hybrid
CAN09616,20-29,9,Vocational training,Hamburg,False,Remote
CAN09617,20-29,6,Bachelor,Hamburg,False,Hybrid
CAN09618,50+,16,Master,Other Germany,False,On-site
CAN09619,40-49,9,Vocational training,Frankfurt,False,On-site
CAN09620,20-29,1,Bachelor,Hamburg,True,Hybrid
CAN09621,20-29,3,Vocational training,,False,Hybrid
CAN09622,30-39,15,Bachelor,Hamburg,False,On-site
CAN09623,50+,11,Other,Other Germany,False,On-site
CAN09624,20-29,3,Vocational training,Frankfurt,True,Hybrid
CAN09625,20-29,6,Vocational training,Other Germany,False,Hybrid
CAN09626,40-49,13,Bachelor,Hamburg,True,Remote
CAN09627,30-39,1,Vocational training,Munich,False,No preference
CAN09628,30-39,1,Bachelor,Berlin,False,Hybrid
CAN09629,40-49,6,Bachelor,Frankfurt,False,On-site
CAN09630,20-29,4,Master,Berlin,True,Remote
CAN09631,20-29,1,Vocational training,Other Germany,True,No preference
CAN09632,20-29,2,Vocational training,Outside Germany,False,Remote
CAN09633,40-49,7,Bachelor,Frankfurt,True,Remote
CAN09634,40-49,2,Bachelor,Other Germany,True,Remote
CAN09635,20-29,2,Vocational training,,False,Remote
CAN09636,20-29,2,Bachelor,Cologne,False,On-site
CAN09637,30-39,5,Bachelor,Frankfurt,False,Hybrid
CAN09638,50+,19,Vocational training,Berlin,True,Remote
CAN09639,50+,8,Bachelor,Other Germany,True,Hybrid
CAN09640,40-49,7,Vocational training,Other Germany,True,Hybrid
CAN09641,30-39,8,Vocational training,Cologne,False,On-site
CAN09642,40-49,13,Bachelor,Other Germany,True,No preference
CAN09643,20-29,0,Vocational training,Frankfurt,False,Hybrid
CAN09644,20-29,10,Bachelor,Frankfurt,False,Remote
CAN09645,20-29,0,Bachelor,Other Germany,True,Hybrid
CAN09646,20-29,5,Bachelor,,False,Hybrid
CAN09647,20-29,3,Bachelor,Outside Germany,False,Remote
CAN09648,40-49,10,Master,Cologne,False,Hybrid
CAN09649,40-49,5,Bachelor,Berlin,False,Remote
CAN09650,20-29,3,Master,Frankfurt,True,Hybrid
CAN09651,20-29,1,Master,Munich,False,Hybrid
CAN09652,30-39,5,Master,Berlin,True,Hybrid
CAN09653,20-29,3,Master,Outside Germany,False,Remote
CAN09654,40-49,16,Vocational training,Cologne,False,Hybrid
CAN09655,50+,23,Bachelor,Berlin,True,Remote
CAN09656,30-39,9,Master,Outside Germany,True,Remote
CAN09657,20-29,2,Bachelor,Berlin,True,Hybrid
CAN09658,30-39,11,Master,Frankfurt,False,No preference
CAN09659,20-29,1,Master,Frankfurt,False,Hybrid
CAN09660,30-39,15,Bachelor,Berlin,True,No preference
CAN09661,30-39,2,Master,Other Germany,False,Hybrid
CAN09662,30-39,5,Master,Other Germany,True,Hybrid
CAN09663,40-49,4,Vocational training,Other Germany,True,Remote
CAN09664,50+,11,Master,Other Germany,False,Hybrid
CAN09665,30-39,3,Vocational training,Frankfurt,False,Remote
CAN09666,30-39,8,Vocational training,Other Germany,True,Hybrid
CAN09667,30-39,9,Bachelor,Outside Germany,True,Remote
CAN09668,30-39,11,Bachelor,Munich,True,Hybrid
CAN09669,20-29,4,Bachelor,Other Germany,True,Hybrid
CAN09670,30-39,6,Vocational training,Cologne,True,Hybrid
CAN09671,40-49,5,Bachelor,Other Germany,False,Hybrid
CAN09672,40-49,8,Master,Outside Germany,True,Remote
CAN09673,30-39,2,Vocational training,Berlin,False,Remote
CAN09674,30-39,1,Master,Berlin,True,No preference
CAN09675,30-39,4,Master,Berlin,False,Remote
CAN09676,30-39,4,Vocational training,Cologne,False,Hybrid
CAN09677,50+,25,Master,Frankfurt,False,Hybrid
CAN09678,30-39,3,Vocational training,Frankfurt,False,Remote
CAN09679,20-29,1,Vocational training,Munich,True,Hybrid
CAN09680,40-49,7,Vocational training,Frankfurt,False,On-site
CAN09681,30-39,10,Bachelor,Berlin,False,Remote
CAN09682,30-39,6,Vocational training,Berlin,True,Remote
CAN09683,40-49,10,Bachelor,Munich,False,No preference
CAN09684,30-39,5,Other,Frankfurt,True,Hybrid
CAN09685,40-49,10,Master,Other Germany,False,Remote
CAN09686,30-39,3,Master,Other Germany,True,No preference
CAN09687,40-49,4,Bachelor,Munich,False,Hybrid
CAN09688,30-39,5,Bachelor,Other Germany,False,Hybrid
CAN09689,40-49,7,Other,Berlin,True,Remote
CAN09690,20-29,7,Vocational training,Other Germany,True,Hybrid
CAN09691,30-39,4,Master,Frankfurt,False,Remote
CAN09692,30-39,2,Doctorate,Cologne,True,Hybrid
CAN09693,20-29,1,Bachelor,Outside Germany,False,On-site
CAN09694,40-49,14,Vocational training,Berlin,False,On-site
CAN09695,40-49,9,Bachelor,Other Germany,True,No preference
CAN09696,20-29,3,Bachelor,Other Germany,False,Hybrid
CAN09697,40-49,10,Master,Munich,True,Remote
CAN09698,40-49,3,Vocational training,Other Germany,False,Remote
CAN09699,40-49,8,Master,Hamburg,False,No preference
CAN09700,30-39,5,Bachelor,Other Germany,False,Remote
CAN09701,30-39,0,Master,Munich,True,Remote
CAN09702,40-49,8,Vocational training,Berlin,True,Remote
CAN09703,40-49,8,Bachelor,Munich,False,Hybrid
CAN09704,20-29,0,Master,,False,Hybrid
CAN09705,30-39,12,Bachelor,Berlin,False,Remote
CAN09706,20-29,5,Master,Other Germany,False,Hybrid
CAN09707,40-49,4,Bachelor,Munich,False,Hybrid
CAN09708,30-39,6,Other,Munich,False,Hybrid
CAN09709,40-49,3,Other,Frankfurt,True,Remote
CAN09710,50+,24,Vocational training,Berlin,False,Remote
CAN09711,30-39,1,Vocational training,Berlin,True,No preference
CAN09712,40-49,5,Other,Frankfurt,False,No preference
CAN09713,20-29,6,Vocational training,Cologne,False,Remote
CAN09714,40-49,6,Master,Berlin,False,Hybrid
CAN09715,30-39,2,Master,Other Germany,True,Remote
CAN09716,30-39,6,Bachelor,,False,Remote
CAN09717,40-49,2,Vocational training,Other Germany,True,Hybrid
CAN09718,30-39,13,Master,Frankfurt,False,On-site
CAN09719,40-49,9,Bachelor,Hamburg,True,Remote
CAN09720,40-49,8,Master,Other Germany,True,No preference
CAN09721,30-39,1,Vocational training,Berlin,False,Remote
CAN09722,30-39,11,Bachelor,Frankfurt,True,Hybrid
CAN09723,50+,20,Other,Hamburg,True,Hybrid
CAN09724,30-39,5,Vocational training,Frankfurt,False,Hybrid
CAN09725,40-49,8,Vocational training,Other Germany,False,Hybrid
CAN09726,40-49,5,Vocational training,Hamburg,False,Remote
CAN09727,30-39,5,Master,Berlin,False,On-site
CAN09728,20-29,0,Bachelor,Outside Germany,False,Remote
CAN09729,40-49,4,Vocational training,Berlin,False,Hybrid
CAN09730,20-29,3,Bachelor,Frankfurt,False,On-site
CAN09731,20-29,6,Vocational training,Other Germany,True,Remote
CAN09732,30-39,8,Vocational training,Frankfurt,True,Hybrid
CAN09733,40-49,11,Vocational training,Hamburg,False,Remote
CAN09734,40-49,3,Vocational training,Frankfurt,True,Hybrid
CAN09735,30-39,3,Master,Frankfurt,True,Hybrid
CAN09736,30-39,5,Master,Munich,True,Hybrid
CAN09737,20-29,4,Bachelor,Other Germany,False,Hybrid
CAN09738,40-49,5,Master,Munich,False,On-site
CAN09739,30-39,2,Vocational training,Berlin,False,Hybrid
CAN09740,50+,7,Master,Frankfurt,True,No preference
CAN09741,30-39,7,Vocational training,Hamburg,True,Hybrid
CAN09742,40-49,2,Bachelor,Frankfurt,True,Hybrid
CAN09743,40-49,5,Master,Cologne,True,On-site
CAN09744,30-39,0,Bachelor,Hamburg,False,Hybrid
CAN09745,30-39,4,Vocational training,Outside Germany,False,Remote
CAN09746,30-39,9,Vocational training,Frankfurt,True,Hybrid
CAN09747,20-29,3,Vocational training,Hamburg,True,Hybrid
CAN09748,30-39,2,Bachelor,Berlin,False,Hybrid
CAN09749,30-39,5,Other,Hamburg,False,Hybrid
CAN09750,40-49,5,Bachelor,Berlin,False,Hybrid
CAN09751,30-39,1,Other,Munich,True,On-site
CAN09752,30-39,9,Other,Frankfurt,False,On-site
CAN09753,30-39,8,Other,Frankfurt,True,Hybrid
CAN09754,20-29,1,Master,Cologne,True,Hybrid
CAN09755,30-39,6,Vocational training,Berlin,False,On-site
CAN09756,30-39,11,Bachelor,Other Germany,False,No preference
CAN09757,20-29,1,Vocational training,Frankfurt,False,Hybrid
CAN09758,20-29,10,Bachelor,Berlin,False,Remote
CAN09759,20-29,4,Bachelor,Berlin,True,Hybrid
CAN09760,30-39,6,Vocational training,Other Germany,False,Hybrid
CAN09761,30-39,6,Vocational training,Berlin,False,Remote
CAN09762,40-49,6,Master,Other Germany,False,No preference
CAN09763,40-49,9,Bachelor,Frankfurt,False,Remote
CAN09764,40-49,22,Bachelor,Other Germany,False,No preference
CAN09765,30-39,11,Vocational training,Munich,False,Remote
CAN09766,20-29,2,Bachelor,Berlin,False,Remote
CAN09767,40-49,7,Master,Frankfurt,False,Hybrid
CAN09768,40-49,8,Bachelor,Frankfurt,False,Remote
CAN09769,50+,16,Bachelor,Other Germany,False,Hybrid
CAN09770,40-49,9,Bachelor,Frankfurt,False,Hybrid
CAN09771,30-39,2,Vocational training,Munich,False,On-site
CAN09772,30-39,2,Master,Hamburg,False,Hybrid
CAN09773,30-39,7,Master,Other Germany,True,On-site
CAN09774,30-39,12,Bachelor,Munich,False,Remote
CAN09775,20-29,7,Vocational training,Berlin,False,Remote
CAN09776,30-39,5,Bachelor,Cologne,False,No preference
CAN09777,30-39,10,Bachelor,Frankfurt,True,Remote
CAN09778,30-39,11,Vocational training,Berlin,False,Remote
CAN09779,40-49,1,Vocational training,Cologne,False,Remote
CAN09780,50+,12,Vocational training,Berlin,False,Hybrid
CAN09781,40-49,9,Vocational training,Outside Germany,True,Hybrid
CAN09782,40-49,10,Doctorate,Other Germany,True,Hybrid
CAN09783,40-49,2,Master,Other Germany,False,Hybrid
CAN09784,20-29,1,Master,Frankfurt,True,Hybrid
CAN09785,30-39,1,Other,Other Germany,False,Hybrid
CAN09786,40-49,13,Doctorate,Other Germany,False,On-site
CAN09787,20-29,3,Vocational training,Berlin,True,Hybrid
CAN09788,50+,10,Bachelor,Hamburg,False,Hybrid
CAN09789,30-39,4,Vocational training,Munich,True,Remote
CAN09790,30-39,4,Bachelor,Munich,False,Remote
CAN09791,40-49,15,Bachelor,Munich,False,No preference
CAN09792,40-49,4,Master,Cologne,False,Hybrid
CAN09793,30-39,8,Bachelor,Berlin,False,Hybrid
CAN09794,30-39,5,Bachelor,Other Germany,False,Remote
CAN09795,30-39,3,Bachelor,Other Germany,True,Remote
CAN09796,30-39,4,Vocational training,Cologne,False,Hybrid
CAN09797,20-29,1,Vocational training,Berlin,False,Hybrid
CAN09798,40-49,4,Master,Frankfurt,True,Remote
CAN09799,20-29,6,Bachelor,Berlin,False,Remote
CAN09800,30-39,4,Master,Berlin,False,Hybrid
CAN09801,40-49,19,Master,Berlin,False,No preference
CAN09802,40-49,3,Bachelor,Hamburg,False,Remote
CAN09803,20-29,4,Master,Other Germany,False,No preference
CAN09804,40-49,15,Master,Other Germany,True,On-site
CAN09805,40-49,4,Bachelor,Berlin,True,Hybrid
CAN09806,30-39,2,Bachelor,Other Germany,False,Hybrid
CAN09807,30-39,3,Master,Berlin,False,On-site
CAN09808,30-39,9,Bachelor,Frankfurt,False,Hybrid
CAN09809,50+,12,Vocational training,Berlin,False,Remote
CAN09810,40-49,10,Doctorate,Cologne,False,Hybrid
CAN09811,30-39,6,Vocational training,Cologne,True,On-site
CAN09812,50+,17,Other,Outside Germany,False,Remote
CAN09813,30-39,12,Vocational training,Other Germany,False,Hybrid
CAN09814,50+,25,Other,Other Germany,False,No preference
CAN09815,40-49,3,Bachelor,Frankfurt,False,No preference
CAN09816,20-29,3,Other,Frankfurt,False,No preference
CAN09817,40-49,5,Bachelor,Other Germany,False,Hybrid
CAN09818,30-39,4,Bachelor,Hamburg,True,Hybrid
CAN09819,40-49,5,Bachelor,Munich,True,Remote
CAN09820,40-49,5,Master,Berlin,False,Hybrid
CAN09821,40-49,3,Bachelor,Other Germany,False,On-site
CAN09822,30-39,2,Vocational training,Frankfurt,False,Remote
CAN09823,30-39,7,Other,Frankfurt,False,Hybrid
CAN09824,30-39,4,Bachelor,Frankfurt,False,Remote
CAN09825,40-49,8,Master,Munich,False,Hybrid
CAN09826,30-39,7,Bachelor,Other Germany,False,Remote
CAN09827,20-29,0,Bachelor,Frankfurt,False,Hybrid
CAN09828,40-49,7,Bachelor,Berlin,False,On-site
CAN09829,20-29,1,Bachelor,Other Germany,False,Hybrid
CAN09830,30-39,7,Master,Other Germany,False,No preference
CAN09831,20-29,4,Vocational training,Other Germany,False,Remote
CAN09832,20-29,2,Vocational training,Hamburg,True,Remote
CAN09833,40-49,9,Vocational training,Frankfurt,True,Hybrid
CAN09834,40-49,3,Bachelor,Cologne,False,On-site
CAN09835,40-49,11,Bachelor,Berlin,False,Hybrid
CAN09836,40-49,6,Bachelor,Berlin,False,Remote
CAN09837,30-39,6,Bachelor,Frankfurt,False,On-site
CAN09838,30-39,1,Bachelor,Frankfurt,False,Hybrid
CAN09839,20-29,7,Bachelor,Berlin,False,Remote
CAN09840,30-39,12,Master,Frankfurt,False,Hybrid
CAN09841,20-29,3,Bachelor,Munich,True,Remote
CAN09842,30-39,10,Other,Other Germany,True,Remote
CAN09843,40-49,4,Master,Berlin,True,Remote
CAN09844,20-29,4,Bachelor,Berlin,False,Hybrid
CAN09845,30-39,5,Vocational training,Berlin,False,On-site
CAN09846,30-39,3,Vocational training,Hamburg,True,On-site
CAN09847,40-49,7,Vocational training,Munich,False,Remote
CAN09848,40-49,8,Bachelor,Hamburg,False,Hybrid
CAN09849,20-29,1,Master,Cologne,True,Remote
CAN09850,30-39,14,Other,Frankfurt,True,Remote
CAN09851,20-29,4,Vocational training,Other Germany,True,Hybrid
CAN09852,30-39,8,Vocational training,Other Germany,True,On-site
CAN09853,20-29,4,Master,,False,Remote
CAN09854,30-39,12,Vocational training,Other Germany,True,Hybrid
CAN09855,30-39,4,Bachelor,Outside Germany,False,Hybrid
CAN09856,30-39,7,Other,Munich,True,No preference
CAN09857,40-49,3,Master,Munich,False,Hybrid
CAN09858,20-29,5,Bachelor,Munich,False,On-site
CAN09859,40-49,9,Doctorate,Frankfurt,True,Hybrid
CAN09860,30-39,6,Vocational training,Munich,False,No preference
CAN09861,40-49,5,Bachelor,Outside Germany,False,Remote
CAN09862,20-29,6,Bachelor,Munich,False,Hybrid
CAN09863,30-39,5,Bachelor,Frankfurt,True,On-site
CAN09864,40-49,5,Bachelor,Hamburg,False,On-site
CAN09865,40-49,5,Vocational training,Frankfurt,False,No preference
CAN09866,50+,25,Master,Berlin,False,Remote
CAN09867,40-49,17,Vocational training,Berlin,True,Remote
CAN09868,40-49,8,Vocational training,Cologne,False,Hybrid
CAN09869,30-39,11,Master,Frankfurt,False,Hybrid
CAN09870,30-39,2,Vocational training,Frankfurt,False,Remote
CAN09871,40-49,5,Vocational training,Frankfurt,True,Hybrid
CAN09872,20-29,1,Bachelor,Berlin,True,Remote
CAN09873,40-49,4,Doctorate,Hamburg,False,Hybrid
CAN09874,20-29,1,Vocational training,Hamburg,True,Remote
CAN09875,20-29,5,Vocational training,Berlin,True,Hybrid
CAN09876,20-29,1,Master,Frankfurt,False,Hybrid
CAN09877,30-39,4,Vocational training,Munich,False,On-site
CAN09878,40-49,6,Vocational training,Frankfurt,False,Hybrid
CAN09879,50+,12,Vocational training,Berlin,False,Remote
CAN09880,40-49,1,Bachelor,Munich,False,Hybrid
CAN09881,30-39,3,Bachelor,Other Germany,False,On-site
CAN09882,40-49,8,Master,Other Germany,True,Hybrid
CAN09883,30-39,14,Master,Cologne,True,Hybrid
CAN09884,50+,24,Master,Other Germany,True,Hybrid
CAN09885,20-29,4,Vocational training,Frankfurt,False,On-site
CAN09886,30-39,5,Bachelor,Cologne,False,On-site
CAN09887,40-49,5,Bachelor,Berlin,False,Hybrid
CAN09888,40-49,9,Vocational training,Cologne,False,Hybrid
CAN09889,20-29,6,Master,Frankfurt,True,Hybrid
CAN09890,20-29,6,Master,Hamburg,True,Hybrid
CAN09891,50+,7,Vocational training,Hamburg,True,Hybrid
CAN09892,30-39,8,Master,Berlin,True,Remote
CAN09893,30-39,3,Bachelor,Berlin,True,On-site
CAN09894,30-39,8,Vocational training,Frankfurt,True,Remote
CAN09895,20-29,2,Vocational training,Berlin,False,No preference
CAN09896,40-49,6,Master,Other Germany,False,Hybrid
CAN09897,30-39,10,Bachelor,Outside Germany,False,On-site
CAN09898,30-39,6,Bachelor,Hamburg,False,Hybrid
CAN09899,30-39,5,Other,Cologne,False,On-site
CAN09900,30-39,13,Master,Cologne,False,Hybrid
CAN09901,20-29,4,Bachelor,Other Germany,False,Hybrid
CAN09902,40-49,8,Vocational training,Munich,True,No preference
CAN09903,40-49,8,Master,Frankfurt,False,Remote
CAN09904,40-49,7,Master,Cologne,False,On-site
CAN09905,30-39,3,Vocational training,Hamburg,True,Hybrid
CAN09906,40-49,21,Doctorate,Frankfurt,False,Hybrid
CAN09907,30-39,4,Bachelor,Hamburg,False,On-site
CAN09908,30-39,4,Bachelor,Munich,True,Remote
CAN09909,20-29,5,Master,Other Germany,True,Hybrid
CAN09910,30-39,6,Bachelor,Munich,False,Hybrid
CAN09911,40-49,9,Bachelor,Other Germany,False,On-site
CAN09912,30-39,2,Bachelor,Frankfurt,True,Hybrid
CAN09913,40-49,11,Vocational training,Hamburg,False,Remote
CAN09914,20-29,3,Vocational training,Munich,True,Hybrid
CAN09915,40-49,7,Bachelor,Frankfurt,False,Hybrid
CAN09916,30-39,9,Bachelor,Berlin,False,Remote
CAN09917,30-39,8,Vocational training,Frankfurt,True,On-site
CAN09918,40-49,5,Vocational training,Other Germany,True,Hybrid
CAN09919,40-49,10,Bachelor,Hamburg,False,Remote
CAN09920,50+,21,Vocational training,Berlin,False,On-site
CAN09921,20-29,6,Master,Frankfurt,False,Hybrid
CAN09922,40-49,21,Vocational training,Frankfurt,False,Hybrid
CAN09923,30-39,13,Vocational training,Hamburg,False,Hybrid
CAN09924,40-49,2,Other,Frankfurt,True,Remote
CAN09925,20-29,2,Bachelor,Cologne,False,Hybrid
CAN09926,30-39,9,Bachelor,Other Germany,True,Hybrid
CAN09927,50+,22,Other,Other Germany,False,On-site
CAN09928,20-29,1,Bachelor,Hamburg,False,Hybrid
CAN09929,30-39,3,Vocational training,Berlin,True,No preference
CAN09930,30-39,0,Vocational training,Frankfurt,False,Hybrid
CAN09931,20-29,7,Master,Cologne,False,Remote
CAN09932,40-49,4,Vocational training,Berlin,True,No preference
CAN09933,30-39,1,Other,Other Germany,False,Hybrid
CAN09934,30-39,5,Bachelor,Other Germany,False,Hybrid
CAN09935,30-39,8,Vocational training,Other Germany,False,Remote
CAN09936,30-39,3,Master,Munich,False,Remote
CAN09937,20-29,0,Vocational training,Other Germany,False,Remote
CAN09938,30-39,11,Bachelor,Other Germany,False,On-site
CAN09939,40-49,6,Vocational training,Other Germany,False,Remote
CAN09940,30-39,1,Master,Other Germany,False,Remote
CAN09941,40-49,8,Vocational training,Other Germany,False,Remote
CAN09942,40-49,3,Vocational training,Frankfurt,True,Remote
CAN09943,30-39,9,Bachelor,Other Germany,True,Hybrid
CAN09944,20-29,3,Vocational training,Other Germany,False,On-site
CAN09945,40-49,9,Bachelor,Berlin,False,Remote
CAN09946,20-29,3,Bachelor,Cologne,True,No preference
CAN09947,30-39,4,Vocational training,Frankfurt,False,Hybrid
CAN09948,40-49,9,Vocational training,Other Germany,False,Hybrid
CAN09949,30-39,6,Bachelor,Frankfurt,True,Hybrid
CAN09950,40-49,7,Master,Hamburg,False,Remote
CAN09951,30-39,7,Bachelor,Hamburg,False,Hybrid
CAN09952,20-29,1,Master,Frankfurt,False,No preference
CAN09953,40-49,5,Doctorate,Other Germany,False,Remote
CAN09954,30-39,4,Bachelor,Other Germany,True,Hybrid
CAN09955,30-39,2,Other,Frankfurt,False,Hybrid
CAN09956,30-39,10,Master,Other Germany,False,Hybrid
CAN09957,30-39,9,Bachelor,Berlin,False,Hybrid
CAN09958,50+,17,Bachelor,Hamburg,False,Remote
CAN09959,30-39,1,Vocational training,Frankfurt,True,No preference
CAN09960,40-49,1,Vocational training,Frankfurt,True,No preference
CAN09961,40-49,5,Other,Berlin,False,Hybrid
CAN09962,30-39,4,Bachelor,Other Germany,False,Remote
CAN09963,20-29,5,Master,Hamburg,False,Hybrid
CAN09964,30-39,9,Vocational training,Other Germany,True,Remote
CAN09965,40-49,11,Vocational training,Other Germany,False,Hybrid
CAN09966,20-29,1,Bachelor,Other Germany,False,Hybrid
CAN09967,30-39,5,Master,Frankfurt,True,Remote
CAN09968,30-39,2,Bachelor,Frankfurt,False,Hybrid
CAN09969,40-49,22,Bachelor,Frankfurt,False,Hybrid
CAN09970,40-49,6,Master,Berlin,True,Hybrid
CAN09971,20-29,9,Other,Other Germany,False,Remote
CAN09972,30-39,3,Vocational training,Cologne,False,Hybrid
CAN09973,30-39,3,Vocational training,Hamburg,False,No preference
CAN09974,50+,10,Bachelor,Outside Germany,False,Hybrid
CAN09975,30-39,7,Master,Other Germany,False,On-site
CAN09976,30-39,6,Bachelor,Other Germany,False,Hybrid
CAN09977,20-29,8,Vocational training,Berlin,False,No preference
CAN09978,30-39,1,Vocational training,Munich,False,Remote
CAN09979,40-49,15,Bachelor,Frankfurt,True,On-site
CAN09980,30-39,11,Vocational training,Outside Germany,False,Remote
CAN09981,30-39,8,Master,Berlin,False,Hybrid
CAN09982,20-29,8,Other,Other Germany,True,No preference
CAN09983,30-39,2,Vocational training,Munich,True,Hybrid
CAN09984,30-39,13,Vocational training,Outside Germany,True,Hybrid
CAN09985,40-49,9,Other,Frankfurt,False,Hybrid
CAN09986,30-39,0,Vocational training,Hamburg,False,Hybrid
CAN09987,30-39,3,Vocational training,Other Germany,True,Remote
CAN09988,30-39,5,Master,Frankfurt,True,On-site
CAN09989,40-49,5,Bachelor,Other Germany,True,Hybrid
CAN09990,40-49,5,Vocational training,Other Germany,False,No preference
CAN09991,40-49,12,Vocational training,Munich,False,Hybrid
CAN09992,40-49,3,Vocational training,Cologne,False,Remote
CAN09993,50+,12,Master,Frankfurt,False,Hybrid
CAN09994,20-29,6,Vocational training,Other Germany,False,Remote
CAN09995,40-49,3,Vocational training,Berlin,True,Remote
CAN09996,40-49,7,Bachelor,Frankfurt,False,Remote
CAN09997,30-39,6,Bachelor,Other Germany,False,Hybrid
CAN09998,30-39,17,Vocational training,Berlin,False,Hybrid
CAN09999,40-49,13,Bachelor,Other Germany,True,Remote
CAN10000,40-49,6,Master,Munich,False,Hybrid
CAN10001,30-39,10,Vocational training,Other Germany,True,On-site
CAN10002,40-49,22,Vocational training,Other Germany,False,Hybrid
CAN10003,50+,13,Vocational training,Outside Germany,True,On-site
CAN10004,30-39,7,Vocational training,Berlin,True,Hybrid
CAN10005,30-39,2,Vocational training,Frankfurt,False,On-site
CAN10006,30-39,9,Bachelor,,False,No preference
CAN10007,50+,7,Bachelor,Other Germany,False,Hybrid
CAN10008,30-39,4,Vocational training,Munich,True,No preference
CAN10009,30-39,6,Bachelor,Frankfurt,False,Hybrid
CAN10010,40-49,7,Bachelor,Cologne,True,On-site
CAN10011,40-49,3,Master,Other Germany,False,Hybrid
CAN10012,40-49,12,Bachelor,Hamburg,False,No preference
CAN10013,40-49,8,Bachelor,Outside Germany,True,Hybrid
CAN10014,30-39,3,Bachelor,Munich,False,Hybrid
CAN10015,20-29,4,Bachelor,Berlin,True,Hybrid
CAN10016,30-39,4,Master,Hamburg,False,Hybrid
CAN10017,30-39,4,Vocational training,Cologne,False,Hybrid
CAN10018,50+,12,Master,Outside Germany,False,No preference
CAN10019,40-49,11,Vocational training,Hamburg,False,Hybrid
CAN10020,40-49,13,Bachelor,Frankfurt,False,Hybrid
CAN10021,20-29,6,Master,Other Germany,True,Remote
CAN10022,30-39,8,Vocational training,Munich,False,Hybrid
CAN10023,30-39,2,Master,Outside Germany,False,Remote
CAN10024,40-49,7,Master,Other Germany,False,Hybrid
CAN10025,40-49,3,Master,Cologne,False,Hybrid
CAN10026,40-49,4,Bachelor,Cologne,True,No preference
CAN10027,40-49,8,Bachelor,Other Germany,False,Remote
CAN10028,50+,13,Vocational training,Other Germany,True,Hybrid
CAN10029,20-29,3,Master,Berlin,False,Hybrid
CAN10030,40-49,2,Bachelor,Berlin,False,Hybrid
CAN10031,40-49,4,Bachelor,Cologne,False,On-site
CAN10032,40-49,4,Bachelor,Frankfurt,True,Hybrid
CAN10033,30-39,9,Master,Frankfurt,True,Hybrid
CAN10034,20-29,2,Bachelor,Berlin,False,Hybrid
CAN10035,40-49,8,Bachelor,Other Germany,False,No preference
CAN10036,20-29,3,Master,Other Germany,False,On-site
CAN10037,40-49,3,Bachelor,Other Germany,False,Remote
CAN10038,50+,18,Vocational training,Other Germany,False,Hybrid
CAN10039,50+,24,Vocational training,Cologne,False,Hybrid
CAN10040,30-39,2,Vocational training,Munich,True,Remote
CAN10041,40-49,8,Master,Frankfurt,True,No preference
CAN10042,30-39,2,Doctorate,Cologne,True,Hybrid
CAN10043,40-49,18,Bachelor,Cologne,True,Remote
CAN10044,30-39,4,Vocational training,Other Germany,False,On-site
CAN10045,20-29,3,Bachelor,Other Germany,False,Hybrid
CAN10046,20-29,6,Vocational training,Other Germany,True,Hybrid
CAN10047,40-49,6,Vocational training,Hamburg,False,Remote
CAN10048,30-39,8,Master,Berlin,False,On-site
CAN10049,20-29,3,Vocational training,Hamburg,False,Hybrid
CAN10050,20-29,1,Vocational training,Other Germany,False,On-site
CAN10051,30-39,4,Vocational training,Frankfurt,False,Hybrid
CAN10052,30-39,5,Vocational training,Hamburg,True,Remote
CAN10053,40-49,6,Bachelor,Hamburg,True,Hybrid
CAN10054,30-39,10,Vocational training,Outside Germany,True,Remote
CAN10055,30-39,7,Master,Hamburg,False,Hybrid
CAN10056,30-39,2,Bachelor,Munich,False,On-site
CAN10057,40-49,10,Bachelor,Outside Germany,False,No preference
CAN10058,40-49,6,Vocational training,Frankfurt,True,Hybrid
CAN10059,20-29,1,Bachelor,Frankfurt,False,No preference
CAN10060,40-49,3,Vocational training,Cologne,False,On-site
CAN10061,20-29,0,Bachelor,Cologne,False,Hybrid
CAN10062,20-29,5,Bachelor,Other Germany,True,Hybrid
CAN10063,20-29,0,Bachelor,Other Germany,False,Remote
CAN10064,30-39,6,Bachelor,Cologne,False,Remote
CAN10065,20-29,1,Vocational training,Other Germany,False,Hybrid
CAN10066,30-39,6,Bachelor,Cologne,True,On-site
CAN10067,30-39,5,Bachelor,Munich,False,No preference
CAN10068,30-39,2,Doctorate,Berlin,False,Remote
CAN10069,40-49,4,Vocational training,Other Germany,False,Hybrid
CAN10070,20-29,1,Vocational training,Frankfurt,False,Remote
CAN10071,40-49,25,Bachelor,Frankfurt,False,Hybrid
CAN10072,40-49,6,Vocational training,Cologne,False,Hybrid
CAN10073,30-39,2,Master,Berlin,True,Hybrid
CAN10074,40-49,2,Bachelor,Other Germany,False,Remote
CAN10075,30-39,4,Vocational training,Cologne,False,Hybrid
CAN10076,40-49,6,Bachelor,Frankfurt,False,On-site
CAN10077,30-39,5,Vocational training,Other Germany,False,No preference
CAN10078,30-39,11,Bachelor,Other Germany,False,No preference
CAN10079,40-49,5,Bachelor,Munich,False,Hybrid
CAN10080,40-49,16,Vocational training,Outside Germany,False,Hybrid
CAN10081,50+,24,Vocational training,Munich,True,Remote
CAN10082,30-39,12,Vocational training,Frankfurt,False,Hybrid
CAN10083,30-39,8,Bachelor,Frankfurt,False,Remote
CAN10084,30-39,3,Bachelor,Hamburg,False,Remote
CAN10085,40-49,10,Bachelor,Other Germany,True,Remote
CAN10086,40-49,14,Vocational training,Frankfurt,True,Remote
CAN10087,30-39,6,Vocational training,Hamburg,True,Hybrid
CAN10088,30-39,12,Vocational training,Hamburg,False,Hybrid
CAN10089,30-39,16,Vocational training,Munich,False,Hybrid
CAN10090,50+,13,Master,Munich,False,Hybrid
CAN10091,30-39,9,Bachelor,Berlin,False,Remote
CAN10092,20-29,0,Master,Cologne,False,Remote
CAN10093,30-39,19,Bachelor,Munich,False,No preference
CAN10094,20-29,2,Bachelor,Other Germany,False,Remote
CAN10095,30-39,14,Vocational training,Other Germany,False,On-site
CAN10096,40-49,4,Vocational training,Frankfurt,False,Hybrid
CAN10097,20-29,3,Other,Hamburg,False,No preference
CAN10098,40-49,11,Bachelor,Other Germany,False,Hybrid
CAN10099,20-29,7,Bachelor,Berlin,False,Hybrid
CAN10100,40-49,16,Master,Hamburg,False,Hybrid
CAN10101,30-39,9,Vocational training,Berlin,False,Hybrid
CAN10102,30-39,7,Vocational training,Berlin,False,On-site
CAN10103,50+,25,Bachelor,Frankfurt,True,No preference
CAN10104,40-49,4,Bachelor,Outside Germany,False,Hybrid
CAN10105,40-49,4,Master,Munich,True,No preference
CAN10106,40-49,3,Bachelor,Munich,False,Hybrid
CAN10107,40-49,7,Vocational training,Cologne,False,Hybrid
CAN10108,30-39,2,Vocational training,Other Germany,False,Hybrid
CAN10109,40-49,17,Bachelor,Outside Germany,False,No preference
CAN10110,40-49,2,Other,Other Germany,False,No preference
CAN10111,30-39,2,Bachelor,Berlin,False,Hybrid
CAN10112,20-29,0,Vocational training,Other Germany,False,Remote
CAN10113,40-49,5,Master,Berlin,True,On-site
CAN10114,20-29,2,Vocational training,Hamburg,True,Remote
CAN10115,30-39,10,Vocational training,Hamburg,True,Hybrid
CAN10116,40-49,2,Bachelor,,False,No preference
CAN10117,40-49,14,Bachelor,Other Germany,False,Hybrid
CAN10118,30-39,4,Master,Other Germany,True,Remote
CAN10119,40-49,10,Vocational training,Berlin,False,Hybrid
CAN10120,30-39,4,Doctorate,Frankfurt,True,Hybrid
CAN10121,50+,6,Bachelor,Hamburg,False,Hybrid
CAN10122,30-39,5,Vocational training,Munich,False,Hybrid
CAN10123,40-49,4,Bachelor,Hamburg,True,No preference
CAN10124,20-29,10,Vocational training,Munich,False,On-site
CAN10125,30-39,3,Master,Other Germany,False,Hybrid
CAN10126,30-39,13,Other,Other Germany,False,No preference
CAN10127,30-39,2,Vocational training,Frankfurt,True,Hybrid
CAN10128,30-39,8,Bachelor,Munich,False,Remote
CAN10129,30-39,4,Vocational training,Other Germany,False,Remote
CAN10130,30-39,3,Bachelor,Berlin,True,Hybrid
CAN10131,30-39,4,Bachelor,Other Germany,False,Hybrid
CAN10132,20-29,7,Master,Berlin,False,No preference
CAN10133,30-39,0,Bachelor,Berlin,False,Remote
CAN10134,30-39,0,Vocational training,Frankfurt,False,No preference
CAN10135,30-39,4,Bachelor,Frankfurt,False,Hybrid
CAN10136,40-49,11,Master,Other Germany,False,Hybrid
CAN10137,30-39,5,Bachelor,Other Germany,False,On-site
CAN10138,30-39,3,Vocational training,Berlin,True,Hybrid
CAN10139,40-49,4,Doctorate,Berlin,True,No preference
CAN10140,30-39,5,Vocational training,Other Germany,True,Hybrid
CAN10141,30-39,5,Bachelor,Other Germany,True,Hybrid
CAN10142,30-39,11,Master,Hamburg,False,No preference
CAN10143,50+,21,Bachelor,Hamburg,False,Hybrid
CAN10144,40-49,8,Vocational training,Cologne,False,Remote
CAN10145,30-39,7,Bachelor,Munich,False,Remote
CAN10146,30-39,15,Vocational training,Berlin,False,No preference
CAN10147,20-29,3,Master,Other Germany,True,Hybrid
CAN10148,30-39,0,Other,Other Germany,False,On-site
CAN10149,30-39,4,Master,Frankfurt,False,No preference
CAN10150,40-49,13,Vocational training,Munich,False,Remote
CAN10151,40-49,6,Bachelor,Hamburg,False,No preference
CAN10152,40-49,12,Bachelor,Other Germany,False,Remote
CAN10153,30-39,11,Doctorate,Berlin,False,No preference
CAN10154,30-39,14,Bachelor,Munich,True,Remote
CAN10155,20-29,4,Bachelor,Cologne,False,Hybrid
CAN10156,20-29,7,Bachelor,Frankfurt,False,No preference
CAN10157,50+,11,Bachelor,Berlin,False,Hybrid
CAN10158,30-39,4,Bachelor,Frankfurt,False,Hybrid
CAN10159,30-39,15,Bachelor,Munich,False,Hybrid
CAN10160,20-29,3,Vocational training,Berlin,False,Remote
CAN10161,30-39,1,Bachelor,Other Germany,True,Hybrid
CAN10162,40-49,6,Bachelor,Munich,False,No preference
CAN10163,30-39,1,Vocational training,Munich,False,Hybrid
CAN10164,40-49,8,Doctorate,Berlin,False,Hybrid
CAN10165,30-39,7,Vocational training,Other Germany,False,Hybrid
CAN10166,30-39,5,Bachelor,Cologne,False,Hybrid
CAN10167,40-49,4,Bachelor,Munich,True,On-site
CAN10168,40-49,9,Bachelor,Munich,True,Hybrid
CAN10169,20-29,5,Master,Outside Germany,False,Remote
CAN10170,40-49,10,Other,Berlin,True,Hybrid
CAN10171,30-39,5,Master,Outside Germany,False,Remote
CAN10172,30-39,7,Other,Other Germany,False,Hybrid
CAN10173,30-39,2,Vocational training,Berlin,False,On-site
CAN10174,40-49,6,Master,Cologne,True,Hybrid
CAN10175,30-39,5,Vocational training,Frankfurt,True,Hybrid
CAN10176,20-29,4,Other,Munich,False,On-site
CAN10177,50+,9,Master,Berlin,True,Hybrid
CAN10178,40-49,15,Bachelor,Hamburg,False,Hybrid
CAN10179,30-39,8,Vocational training,Other Germany,False,Remote
CAN10180,30-39,9,Other,Berlin,True,Remote
CAN10181,40-49,3,Vocational training,Cologne,False,Hybrid
CAN10182,40-49,7,Bachelor,Hamburg,True,Hybrid
CAN10183,30-39,4,Bachelor,Cologne,True,Hybrid
CAN10184,30-39,6,Vocational training,Frankfurt,False,On-site
CAN10185,40-49,7,Bachelor,Other Germany,False,On-site
CAN10186,30-39,2,Bachelor,Other Germany,False,Hybrid
CAN10187,30-39,9,Vocational training,Hamburg,True,On-site
CAN10188,30-39,8,Vocational training,Other Germany,False,Remote
CAN10189,30-39,1,Vocational training,Cologne,False,Hybrid
CAN10190,30-39,5,Bachelor,Berlin,False,Remote
CAN10191,40-49,2,Bachelor,Hamburg,True,Hybrid
CAN10192,40-49,0,Bachelor,Other Germany,True,Remote
CAN10193,40-49,1,Bachelor,Hamburg,False,Hybrid
CAN10194,20-29,7,Vocational training,Hamburg,True,No preference
CAN10195,20-29,3,Vocational training,Munich,False,Remote
CAN10196,20-29,1,Vocational training,Berlin,False,No preference
CAN10197,30-39,6,Vocational training,Munich,False,On-site
CAN10198,30-39,7,Vocational training,Berlin,True,Hybrid
CAN10199,40-49,6,Vocational training,Berlin,False,Remote
CAN10200,30-39,2,Vocational training,Other Germany,False,Remote
CAN10201,20-29,8,Bachelor,Frankfurt,False,Hybrid
CAN10202,20-29,7,Vocational training,Hamburg,False,Remote
CAN10203,30-39,10,Other,Hamburg,True,Hybrid
CAN10204,30-39,4,Vocational training,Other Germany,False,Remote
CAN10205,40-49,8,Master,Outside Germany,False,Hybrid
CAN10206,40-49,8,Bachelor,Other Germany,False,Hybrid
CAN10207,30-39,1,Master,Other Germany,True,On-site
CAN10208,30-39,3,Bachelor,Cologne,False,Hybrid
CAN10209,30-39,8,Master,Munich,False,Remote
CAN10210,30-39,1,Bachelor,Hamburg,True,Hybrid
CAN10211,40-49,3,Vocational training,Berlin,False,Hybrid
CAN10212,20-29,0,Bachelor,Frankfurt,True,No preference
CAN10213,40-49,4,Master,Other Germany,True,Hybrid
CAN10214,20-29,6,Master,Cologne,False,Hybrid
CAN10215,50+,12,Vocational training,Berlin,True,Hybrid
CAN10216,20-29,2,Vocational training,Berlin,False,Hybrid
CAN10217,40-49,8,Doctorate,Frankfurt,False,Hybrid
CAN10218,30-39,9,Vocational training,Other Germany,True,No preference
CAN10219,40-49,5,Bachelor,Frankfurt,True,No preference
CAN10220,20-29,1,Vocational training,Munich,False,Hybrid
CAN10221,20-29,5,Bachelor,Hamburg,False,Hybrid
CAN10222,30-39,3,Master,Frankfurt,True,Remote
CAN10223,30-39,10,Bachelor,Other Germany,False,Hybrid
CAN10224,40-49,6,Bachelor,Munich,False,Hybrid
CAN10225,40-49,6,Master,Hamburg,False,Hybrid
CAN10226,40-49,14,Vocational training,Other Germany,False,Hybrid
CAN10227,30-39,7,Vocational training,Other Germany,False,Hybrid
CAN10228,50+,18,Other,Cologne,False,No preference
CAN10229,20-29,1,Vocational training,Hamburg,True,On-site
CAN10230,30-39,1,Vocational training,Hamburg,True,Hybrid
CAN10231,50+,16,Master,Other Germany,False,Hybrid
CAN10232,30-39,1,Master,Cologne,False,Hybrid
CAN10233,40-49,7,Bachelor,Cologne,True,No preference
CAN10234,30-39,1,Vocational training,Berlin,False,Hybrid
CAN10235,30-39,3,Master,Frankfurt,False,Remote
CAN10236,20-29,5,Bachelor,Frankfurt,False,On-site
CAN10237,20-29,4,Master,Berlin,True,On-site
CAN10238,20-29,0,Vocational training,Outside Germany,False,Hybrid
CAN10239,40-49,6,Bachelor,Frankfurt,False,Remote
CAN10240,40-49,5,Vocational training,Other Germany,True,Remote
CAN10241,30-39,11,Vocational training,Outside Germany,True,Remote
CAN10242,30-39,4,Vocational training,Berlin,False,Hybrid
CAN10243,20-29,3,Vocational training,Berlin,True,Hybrid
CAN10244,40-49,5,Other,Frankfurt,False,Hybrid
CAN10245,30-39,6,Doctorate,Frankfurt,False,Hybrid
CAN10246,30-39,11,Bachelor,Cologne,True,On-site
CAN10247,20-29,5,Master,Other Germany,False,Hybrid
CAN10248,30-39,6,Other,Hamburg,False,Hybrid
CAN10249,30-39,1,Bachelor,Hamburg,False,Hybrid
CAN10250,50+,16,Master,Berlin,True,Hybrid
CAN10251,40-49,4,Master,Munich,True,Hybrid
CAN10252,20-29,5,Master,Frankfurt,False,Hybrid
CAN10253,40-49,17,Bachelor,Cologne,False,Hybrid
CAN10254,30-39,3,Bachelor,Berlin,False,No preference
CAN10255,30-39,9,Master,Frankfurt,False,Hybrid
CAN10256,30-39,4,Master,Other Germany,False,Remote
CAN10257,40-49,4,Other,Munich,True,Hybrid
CAN10258,40-49,2,Vocational training,Hamburg,True,Hybrid
CAN10259,40-49,13,Doctorate,Cologne,True,On-site
CAN10260,30-39,8,Vocational training,Other Germany,False,On-site
CAN10261,40-49,3,Bachelor,Outside Germany,False,Hybrid
CAN10262,50+,15,Bachelor,Hamburg,True,Hybrid
CAN10263,40-49,14,Bachelor,Cologne,False,Remote
CAN10264,30-39,15,Vocational training,Munich,True,On-site
CAN10265,20-29,7,Bachelor,Berlin,False,Remote
CAN10266,30-39,3,Vocational training,Frankfurt,False,Remote
CAN10267,20-29,1,Vocational training,Munich,True,On-site
CAN10268,30-39,3,Master,Frankfurt,False,Hybrid
CAN10269,20-29,5,Bachelor,Munich,False,No preference
CAN10270,40-49,4,Master,Munich,False,Remote
CAN10271,20-29,4,Doctorate,Munich,True,Hybrid
CAN10272,20-29,3,Vocational training,Hamburg,True,On-site
CAN10273,40-49,5,Vocational training,Other Germany,True,On-site
CAN10274,50+,8,Master,Berlin,False,Hybrid
CAN10275,40-49,2,Bachelor,Other Germany,False,Remote
CAN10276,40-49,15,Vocational training,Other Germany,False,Hybrid
CAN10277,20-29,8,Bachelor,Frankfurt,False,Hybrid
CAN10278,50+,11,Bachelor,,False,On-site
CAN10279,30-39,11,Vocational training,Other Germany,False,Remote
CAN10280,30-39,3,Master,Berlin,True,Hybrid
CAN10281,20-29,6,Bachelor,Hamburg,False,Remote
CAN10282,30-39,2,Other,Berlin,True,Hybrid
CAN10283,20-29,4,Vocational training,Berlin,False,Hybrid
CAN10284,30-39,4,Vocational training,Other Germany,False,Hybrid
CAN10285,30-39,9,Bachelor,Frankfurt,False,Remote
CAN10286,40-49,9,Bachelor,Hamburg,False,Remote
CAN10287,20-29,5,Vocational training,Frankfurt,False,Remote
CAN10288,20-29,7,Vocational training,Other Germany,False,No preference
CAN10289,40-49,9,Vocational training,,False,Hybrid
CAN10290,30-39,6,Bachelor,Frankfurt,False,Hybrid
CAN10291,30-39,14,Vocational training,Other Germany,False,Hybrid
CAN10292,30-39,3,Vocational training,Other Germany,False,Hybrid
CAN10293,20-29,5,Bachelor,Hamburg,False,On-site
CAN10294,30-39,4,Bachelor,Other Germany,False,Remote
CAN10295,20-29,3,Doctorate,Berlin,False,Hybrid
CAN10296,40-49,2,Master,Munich,True,On-site
CAN10297,50+,13,Bachelor,Munich,False,No preference
CAN10298,30-39,6,Master,Frankfurt,True,Hybrid
CAN10299,40-49,9,Vocational training,Other Germany,True,Hybrid
CAN10300,30-39,13,Bachelor,Munich,False,Hybrid
CAN10301,20-29,6,Vocational training,Hamburg,False,Remote
CAN10302,30-39,5,Bachelor,Hamburg,False,Remote
CAN10303,50+,6,Vocational training,Other Germany,False,Hybrid
CAN10304,40-49,7,Doctorate,Frankfurt,False,Remote
CAN10305,50+,10,Vocational training,Other Germany,False,Hybrid
CAN10306,40-49,5,Bachelor,Cologne,False,Remote
CAN10307,40-49,8,Doctorate,Other Germany,False,Remote
CAN10308,30-39,2,Master,Other Germany,False,On-site
CAN10309,40-49,3,Bachelor,Munich,False,Hybrid
CAN10310,40-49,12,Bachelor,Frankfurt,False,Remote
CAN10311,40-49,6,Master,Outside Germany,False,Hybrid
CAN10312,20-29,6,Master,Hamburg,True,On-site
CAN10313,20-29,2,Master,Other Germany,True,No preference
CAN10314,30-39,7,Vocational training,Other Germany,False,Hybrid
CAN10315,30-39,5,Master,Berlin,False,Hybrid
CAN10316,30-39,8,Bachelor,Hamburg,False,Remote
CAN10317,50+,12,Other,Other Germany,False,No preference
CAN10318,20-29,2,Bachelor,Berlin,False,Hybrid
CAN10319,40-49,8,Master,Berlin,False,No preference
CAN10320,20-29,7,Bachelor,Frankfurt,False,Remote
CAN10321,30-39,4,Doctorate,Frankfurt,False,Hybrid
CAN10322,30-39,5,Bachelor,Cologne,False,Remote
CAN10323,40-49,6,Master,Berlin,True,No preference
CAN10324,30-39,2,Master,Other Germany,True,Remote
CAN10325,30-39,9,Bachelor,Other Germany,False,No preference
CAN10326,40-49,7,Other,Berlin,False,Remote
CAN10327,20-29,1,Vocational training,Other Germany,False,Remote
CAN10328,30-39,12,Bachelor,Berlin,True,On-site
CAN10329,20-29,8,Vocational training,Outside Germany,False,Hybrid
CAN10330,30-39,11,Vocational training,Other Germany,False,Hybrid
CAN10331,20-29,8,Other,Other Germany,False,Hybrid
CAN10332,20-29,9,Bachelor,Frankfurt,True,Remote
CAN10333,40-49,4,Bachelor,Cologne,False,No preference
CAN10334,50+,22,Doctorate,Hamburg,False,Hybrid
CAN10335,40-49,10,Bachelor,Frankfurt,True,Remote
CAN10336,30-39,6,Other,Berlin,True,Remote
CAN10337,50+,10,Other,Munich,False,Hybrid
CAN10338,40-49,15,Bachelor,Other Germany,False,Hybrid
CAN10339,20-29,7,Bachelor,Frankfurt,False,Hybrid
CAN10340,30-39,6,Vocational training,Berlin,True,Hybrid
CAN10341,20-29,1,Vocational training,Other Germany,False,On-site
CAN10342,30-39,3,Vocational training,Frankfurt,False,Hybrid
CAN10343,40-49,8,Bachelor,Other Germany,False,No preference
CAN10344,30-39,5,Master,Berlin,False,On-site
CAN10345,30-39,3,Master,Berlin,False,No preference
CAN10346,30-39,5,Other,Hamburg,False,Remote
CAN10347,20-29,5,Bachelor,Frankfurt,False,No preference
CAN10348,50+,13,Bachelor,Cologne,True,On-site
CAN10349,30-39,8,Bachelor,Cologne,True,No preference
CAN10350,40-49,5,Bachelor,Munich,False,Hybrid
CAN10351,20-29,6,Vocational training,Frankfurt,True,Hybrid
CAN10352,40-49,19,Vocational training,Frankfurt,True,Remote
CAN10353,40-49,13,Master,Other Germany,False,On-site
CAN10354,30-39,6,Bachelor,Frankfurt,True,Remote
CAN10355,20-29,1,Bachelor,Berlin,False,No preference
CAN10356,20-29,2,Vocational training,Munich,False,On-site
CAN10357,30-39,3,Vocational training,,True,No preference
CAN10358,40-49,4,Vocational training,Other Germany,True,Hybrid
CAN10359,20-29,5,Vocational training,Frankfurt,True,Hybrid
CAN10360,30-39,3,Vocational training,Other Germany,False,Remote
CAN10361,30-39,5,Bachelor,Cologne,False,Hybrid
CAN10362,40-49,17,Master,Berlin,True,On-site
CAN10363,30-39,8,Bachelor,Hamburg,False,Remote
CAN10364,40-49,11,Bachelor,Other Germany,True,Hybrid
CAN10365,30-39,3,Master,Berlin,True,Hybrid
CAN10366,30-39,11,Other,Hamburg,False,Hybrid
CAN10367,30-39,11,Bachelor,Outside Germany,False,Remote
CAN10368,40-49,11,Vocational training,Cologne,False,On-site
CAN10369,30-39,9,Master,Berlin,False,Hybrid
CAN10370,40-49,4,Bachelor,Frankfurt,False,Hybrid
CAN10371,20-29,4,Master,Hamburg,True,Remote
CAN10372,30-39,3,Bachelor,Frankfurt,True,Remote
CAN10373,50+,12,Master,Munich,False,Remote
CAN10374,30-39,3,Bachelor,Outside Germany,False,No preference
CAN10375,40-49,1,Master,Berlin,False,No preference
CAN10376,20-29,3,Vocational training,Frankfurt,False,On-site
CAN10377,40-49,20,Master,Cologne,False,Remote
CAN10378,20-29,4,Vocational training,Frankfurt,True,Hybrid
CAN10379,40-49,9,Master,Outside Germany,True,No preference
CAN10380,40-49,8,Bachelor,Frankfurt,False,On-site
CAN10381,20-29,4,Bachelor,Other Germany,False,Hybrid
CAN10382,30-39,6,Vocational training,Other Germany,False,Remote
CAN10383,20-29,6,Bachelor,Hamburg,False,On-site
CAN10384,40-49,5,Other,Frankfurt,False,No preference
CAN10385,20-29,4,Master,Hamburg,False,Hybrid
CAN10386,40-49,6,Other,Other Germany,False,Hybrid
CAN10387,40-49,12,Bachelor,Other Germany,True,Hybrid
CAN10388,50+,9,Master,Hamburg,True,Hybrid
CAN10389,30-39,2,Bachelor,Berlin,False,Hybrid
CAN10390,40-49,6,Bachelor,Hamburg,True,Remote
CAN10391,30-39,5,Vocational training,Hamburg,False,Hybrid
CAN10392,40-49,17,Master,Berlin,False,No preference
CAN10393,50+,9,Bachelor,Berlin,False,Hybrid
CAN10394,20-29,1,Vocational training,Cologne,False,Hybrid
CAN10395,50+,11,Other,Hamburg,False,Remote
CAN10396,30-39,2,Bachelor,Hamburg,False,Hybrid
CAN10397,20-29,5,Vocational training,Hamburg,True,No preference
CAN10398,30-39,4,Master,Other Germany,False,Remote
CAN10399,40-49,7,Vocational training,Hamburg,False,Remote
CAN10400,40-49,17,Other,,True,Hybrid
CAN10401,40-49,4,Bachelor,Munich,False,Hybrid
CAN10402,30-39,5,Vocational training,Frankfurt,False,Hybrid
CAN10403,20-29,1,Vocational training,Other Germany,True,Hybrid
CAN10404,30-39,1,Vocational training,Berlin,False,Remote
CAN10405,30-39,4,Other,Other Germany,False,Remote
CAN10406,40-49,13,Vocational training,Frankfurt,False,Hybrid
CAN10407,30-39,1,Doctorate,Cologne,False,Hybrid
CAN10408,30-39,2,Master,Other Germany,False,Hybrid
CAN10409,40-49,2,Bachelor,Other Germany,False,Hybrid
CAN10410,30-39,3,Bachelor,Frankfurt,False,Hybrid
CAN10411,40-49,5,Other,Frankfurt,False,Remote
CAN10412,40-49,7,Bachelor,Frankfurt,True,Remote
CAN10413,30-39,5,Master,Outside Germany,True,No preference
CAN10414,40-49,12,Vocational training,Frankfurt,False,Hybrid
CAN10415,20-29,4,Bachelor,Munich,False,Remote
CAN10416,30-39,4,Other,Frankfurt,False,Hybrid
CAN10417,40-49,15,Bachelor,Hamburg,False,Hybrid
CAN10418,30-39,2,Vocational training,Cologne,False,Hybrid
CAN10419,40-49,9,Vocational training,Munich,False,No preference
CAN10420,50+,13,Vocational training,Munich,False,Hybrid
CAN10421,30-39,11,Master,Munich,False,Hybrid
CAN10422,30-39,7,Bachelor,Other Germany,False,No preference
CAN10423,20-29,1,Bachelor,Munich,False,Hybrid
CAN10424,40-49,25,Bachelor,Outside Germany,True,Remote
CAN10425,40-49,12,Master,Hamburg,False,Hybrid
CAN10426,30-39,2,Vocational training,Other Germany,False,Remote
CAN10427,30-39,6,Other,Berlin,False,Hybrid
CAN10428,40-49,6,Vocational training,Other Germany,False,Remote
CAN10429,40-49,6,Vocational training,Hamburg,True,Hybrid
CAN10430,50+,11,Master,Hamburg,True,No preference
CAN10431,40-49,5,Bachelor,Frankfurt,False,Hybrid
CAN10432,40-49,7,Master,Berlin,False,No preference
CAN10433,50+,8,Other,Cologne,False,Remote
CAN10434,20-29,3,Bachelor,Other Germany,False,Hybrid
CAN10435,50+,11,Bachelor,Munich,True,Remote
CAN10436,30-39,3,Master,Cologne,False,Hybrid
CAN10437,40-49,14,Bachelor,Munich,False,Remote
CAN10438,30-39,3,Doctorate,Berlin,False,Hybrid
CAN10439,30-39,12,Vocational training,Other Germany,False,On-site
CAN10440,20-29,5,Vocational training,Berlin,False,Hybrid
CAN10441,40-49,11,Master,Frankfurt,True,Hybrid
CAN10442,30-39,3,Master,,False,On-site
CAN10443,40-49,21,Master,Berlin,False,Hybrid
CAN10444,40-49,14,Vocational training,Hamburg,False,On-site
CAN10445,20-29,1,Bachelor,Frankfurt,True,Hybrid
CAN10446,30-39,4,Master,Berlin,True,Hybrid
CAN10447,30-39,3,Vocational training,Other Germany,False,On-site
CAN10448,40-49,15,Vocational training,Munich,True,Remote
CAN10449,30-39,3,Bachelor,Berlin,False,No preference
CAN10450,40-49,16,Vocational training,Munich,False,Remote
CAN10451,30-39,16,Other,Hamburg,True,Hybrid
CAN10452,20-29,5,Other,Cologne,False,On-site
CAN10453,30-39,8,Master,Frankfurt,True,On-site
CAN10454,40-49,13,Vocational training,Cologne,True,Hybrid
CAN10455,30-39,7,Vocational training,Munich,False,Remote
CAN10456,30-39,5,Vocational training,Frankfurt,False,Remote
CAN10457,40-49,9,Master,Hamburg,False,Hybrid
CAN10458,40-49,6,Bachelor,Berlin,True,No preference
CAN10459,40-49,9,Vocational training,Munich,True,Hybrid
CAN10460,20-29,1,Vocational training,Cologne,True,Remote
CAN10461,20-29,2,Bachelor,Hamburg,False,Hybrid
CAN10462,20-29,2,Other,Other Germany,False,No preference
CAN10463,40-49,5,Vocational training,Other Germany,False,Remote
CAN10464,40-49,6,Master,Other Germany,False,Hybrid
CAN10465,40-49,7,Doctorate,Cologne,True,Hybrid
CAN10466,30-39,4,Master,Munich,False,Hybrid
CAN10467,30-39,6,Other,Hamburg,True,Hybrid
CAN10468,40-49,6,Vocational training,Cologne,False,Hybrid
CAN10469,40-49,7,Master,Other Germany,False,Remote
CAN10470,20-29,2,Vocational training,Other Germany,False,Hybrid
CAN10471,40-49,8,Vocational training,Berlin,True,On-site
CAN10472,40-49,4,Master,Frankfurt,False,Hybrid
CAN10473,30-39,2,Vocational training,Other Germany,True,Hybrid
CAN10474,40-49,16,Bachelor,Other Germany,True,Hybrid
CAN10475,20-29,0,Vocational training,Other Germany,False,Hybrid
CAN10476,20-29,3,Bachelor,Cologne,True,No preference
CAN10477,30-39,6,Bachelor,Cologne,False,Remote
CAN10478,30-39,11,Vocational training,Berlin,False,Hybrid
CAN10479,30-39,5,Master,Cologne,False,Remote
CAN10480,30-39,0,Vocational training,Berlin,False,Hybrid
CAN10481,20-29,3,Bachelor,Berlin,True,No preference
CAN10482,30-39,9,Vocational training,Frankfurt,True,Remote
CAN10483,50+,24,Vocational training,Other Germany,False,Hybrid
CAN10484,40-49,1,Vocational training,Berlin,False,Remote
CAN10485,40-49,8,Bachelor,Munich,False,Remote
CAN10486,20-29,2,Vocational training,Frankfurt,False,Hybrid
CAN10487,20-29,6,Doctorate,Frankfurt,True,On-site
CAN10488,30-39,2,Vocational training,Berlin,True,On-site
CAN10489,30-39,0,Vocational training,Other Germany,False,No preference
CAN10490,30-39,9,Bachelor,Munich,False,No preference
CAN10491,50+,9,Vocational training,Berlin,False,Hybrid
CAN10492,30-39,12,Vocational training,Other Germany,True,Hybrid
CAN10493,40-49,7,Bachelor,Other Germany,True,Remote
CAN10494,30-39,6,Bachelor,Outside Germany,True,On-site
CAN10495,40-49,4,Vocational training,Outside Germany,False,Remote
CAN10496,40-49,15,Bachelor,Outside Germany,True,Hybrid
CAN10497,40-49,8,Vocational training,Hamburg,False,Remote
CAN10498,30-39,13,Master,Munich,False,Remote
CAN10499,30-39,10,Bachelor,Munich,False,No preference
CAN10500,30-39,1,Doctorate,Hamburg,True,On-site
CAN10501,30-39,12,Bachelor,Hamburg,True,Hybrid
CAN10502,40-49,8,Bachelor,Outside Germany,False,Hybrid
CAN10503,30-39,6,Vocational training,Other Germany,False,Hybrid
CAN10504,30-39,3,Master,Hamburg,False,Hybrid
CAN10505,30-39,6,Master,Frankfurt,False,Remote
CAN10506,30-39,3,Vocational training,Other Germany,False,Hybrid
CAN10507,40-49,1,Vocational training,Cologne,False,No preference
CAN10508,40-49,0,Bachelor,Frankfurt,True,Remote
CAN10509,20-29,1,Master,Other Germany,True,Hybrid
CAN10510,20-29,5,Bachelor,Cologne,True,Remote
CAN10511,20-29,2,Vocational training,Cologne,False,Hybrid
CAN10512,20-29,1,Vocational training,Outside Germany,True,Hybrid
CAN10513,40-49,6,Vocational training,Hamburg,True,Hybrid
CAN10514,50+,10,Master,Cologne,False,Remote
CAN10515,20-29,3,Vocational training,Other Germany,True,Remote
CAN10516,20-29,6,Doctorate,Other Germany,False,Hybrid
CAN10517,30-39,3,Vocational training,Other Germany,False,Remote
CAN10518,50+,18,Master,Frankfurt,True,Hybrid
CAN10519,20-29,8,Doctorate,Other Germany,False,No preference
CAN10520,40-49,12,Vocational training,Berlin,True,On-site
CAN10521,20-29,7,Vocational training,Munich,False,Hybrid
CAN10522,20-29,5,Vocational training,Munich,False,Remote
CAN10523,40-49,7,Bachelor,Frankfurt,False,No preference
CAN10524,40-49,16,Bachelor,Frankfurt,False,Remote
CAN10525,30-39,7,Vocational training,Frankfurt,True,Remote
CAN10526,20-29,2,Bachelor,Other Germany,True,No preference
CAN10527,30-39,1,Vocational training,Other Germany,True,On-site
CAN10528,50+,15,Vocational training,Outside Germany,False,Hybrid
CAN10529,40-49,2,Other,Other Germany,True,Hybrid
CAN10530,40-49,9,Bachelor,Frankfurt,True,On-site
CAN10531,30-39,7,Vocational training,Frankfurt,False,Remote
CAN10532,20-29,3,Master,Hamburg,False,Hybrid
CAN10533,30-39,4,Vocational training,Hamburg,True,No preference
CAN10534,40-49,8,Bachelor,Hamburg,False,Remote
CAN10535,30-39,2,Master,Cologne,False,Remote
CAN10536,30-39,4,Vocational training,Berlin,False,Hybrid
CAN10537,30-39,2,Master,Berlin,False,No preference
CAN10538,30-39,6,Master,Other Germany,False,Remote
CAN10539,50+,11,Master,Other Germany,True,Hybrid
CAN10540,30-39,2,Bachelor,Munich,False,On-site
CAN10541,30-39,1,Bachelor,Other Germany,True,On-site
CAN10542,30-39,4,Vocational training,Cologne,True,Hybrid
CAN10543,40-49,9,Bachelor,Berlin,False,Hybrid
CAN10544,20-29,10,Vocational training,Hamburg,False,Remote
CAN10545,30-39,4,Master,Other Germany,False,Hybrid
CAN10546,30-39,2,Doctorate,Hamburg,False,Hybrid
CAN10547,50+,20,Vocational training,Other Germany,True,Hybrid
CAN10548,30-39,9,Doctorate,Other Germany,False,Remote
CAN10549,40-49,4,Bachelor,Other Germany,True,Hybrid
CAN10550,40-49,23,Vocational training,Other Germany,True,Hybrid
CAN10551,30-39,13,Vocational training,Munich,False,Hybrid
CAN10552,40-49,4,Vocational training,Munich,True,Hybrid
CAN10553,40-49,7,Vocational training,Hamburg,True,Hybrid
CAN10554,40-49,7,Master,Other Germany,False,No preference
CAN10555,20-29,7,Other,Frankfurt,True,Hybrid
CAN10556,30-39,11,Doctorate,Munich,True,Hybrid
CAN10557,30-39,19,Vocational training,Berlin,False,Remote
CAN10558,40-49,8,Doctorate,Berlin,True,Remote
CAN10559,40-49,3,Vocational training,Frankfurt,False,Hybrid
CAN10560,50+,15,Vocational training,Munich,True,Hybrid
CAN10561,50+,10,Bachelor,Berlin,False,No preference
CAN10562,40-49,11,Master,Frankfurt,True,Remote
CAN10563,30-39,3,Vocational training,Hamburg,False,Remote
CAN10564,30-39,2,Bachelor,Frankfurt,False,Remote
CAN10565,30-39,7,Doctorate,Other Germany,False,On-site
CAN10566,40-49,12,Master,Berlin,False,On-site
CAN10567,20-29,6,Other,Hamburg,True,Hybrid
CAN10568,30-39,10,Doctorate,Frankfurt,False,Hybrid
CAN10569,20-29,8,Bachelor,Other Germany,False,Hybrid
CAN10570,30-39,10,Vocational training,Munich,False,On-site
CAN10571,40-49,4,Master,Frankfurt,False,No preference
CAN10572,20-29,3,Bachelor,Cologne,True,Hybrid
CAN10573,40-49,8,Bachelor,Hamburg,False,Hybrid
CAN10574,30-39,2,Bachelor,Other Germany,False,No preference
CAN10575,40-49,8,Bachelor,Munich,False,On-site
CAN10576,40-49,6,Bachelor,Frankfurt,False,Remote
CAN10577,40-49,12,Master,,True,Remote
CAN10578,40-49,12,Bachelor,Cologne,True,On-site
CAN10579,30-39,5,Bachelor,Frankfurt,False,No preference
CAN10580,40-49,4,Bachelor,Berlin,False,Hybrid
CAN10581,30-39,4,Bachelor,Other Germany,False,Remote
CAN10582,30-39,2,Master,Berlin,False,No preference
CAN10583,30-39,6,Bachelor,Frankfurt,False,Hybrid
CAN10584,40-49,4,Other,Other Germany,True,Hybrid
CAN10585,40-49,7,Bachelor,Other Germany,False,No preference
CAN10586,40-49,15,Master,Outside Germany,False,On-site
CAN10587,40-49,5,Vocational training,Frankfurt,True,Hybrid
CAN10588,20-29,5,Bachelor,Berlin,False,Hybrid
CAN10589,40-49,2,Bachelor,Frankfurt,False,Remote
CAN10590,50+,12,Other,Munich,False,Hybrid
CAN10591,30-39,3,Bachelor,Other Germany,False,No preference
CAN10592,30-39,8,Vocational training,Frankfurt,True,No preference
CAN10593,40-49,10,Master,Cologne,False,On-site
CAN10594,50+,7,Vocational training,Berlin,False,Hybrid
CAN10595,40-49,3,Bachelor,Berlin,True,Hybrid
CAN10596,40-49,3,Master,Frankfurt,False,No preference
CAN10597,40-49,5,Other,Cologne,False,Hybrid
CAN10598,20-29,4,Vocational training,Berlin,False,Remote
CAN10599,30-39,5,Master,Other Germany,False,Remote
CAN10600,20-29,0,Vocational training,Berlin,False,On-site
CAN10601,20-29,3,Master,Frankfurt,False,On-site
CAN10602,30-39,2,Master,Cologne,True,Remote
CAN10603,50+,24,Vocational training,Outside Germany,True,On-site
CAN10604,40-49,6,Doctorate,Other Germany,False,Remote
CAN10605,40-49,6,Doctorate,Other Germany,False,Remote
CAN10606,30-39,8,Vocational training,Berlin,True,Hybrid
CAN10607,20-29,5,Vocational training,Outside Germany,False,Remote
CAN10608,40-49,6,Other,Frankfurt,False,Remote
CAN10609,50+,13,Bachelor,Munich,False,Hybrid
CAN10610,30-39,4,Vocational training,Berlin,False,Hybrid
CAN10611,20-29,5,Vocational training,Berlin,True,Hybrid
CAN10612,30-39,5,Vocational training,Cologne,False,No preference
CAN10613,40-49,2,Bachelor,Other Germany,False,Remote
CAN10614,40-49,10,Bachelor,Other Germany,True,Hybrid
CAN10615,30-39,12,Bachelor,Frankfurt,True,Hybrid
CAN10616,40-49,16,Doctorate,Other Germany,False,Hybrid
CAN10617,40-49,5,Vocational training,Other Germany,True,No preference
CAN10618,30-39,1,Master,Other Germany,False,Hybrid
CAN10619,20-29,5,Vocational training,Cologne,False,Hybrid
CAN10620,30-39,2,Master,Berlin,True,Hybrid
CAN10621,30-39,4,Bachelor,Frankfurt,False,Hybrid
CAN10622,40-49,7,Vocational training,Other Germany,False,Remote
CAN10623,40-49,6,Vocational training,Berlin,False,Hybrid
CAN10624,30-39,7,Vocational training,Outside Germany,False,Remote
CAN10625,40-49,11,Bachelor,Berlin,True,No preference
CAN10626,30-39,2,Bachelor,Other Germany,False,No preference
CAN10627,20-29,3,Other,Other Germany,True,On-site
CAN10628,30-39,4,Bachelor,Other Germany,True,Hybrid
CAN10629,50+,9,Bachelor,Other Germany,False,Hybrid
CAN10630,50+,17,Master,Munich,True,Hybrid
CAN10631,20-29,1,Other,Berlin,True,Hybrid
CAN10632,20-29,4,Vocational training,Frankfurt,True,Hybrid
CAN10633,40-49,7,Vocational training,Other Germany,False,Hybrid
CAN10634,40-49,8,Bachelor,Other Germany,True,Hybrid
CAN10635,40-49,17,Master,Munich,False,Remote
CAN10636,50+,14,Vocational training,Other Germany,False,Remote
CAN10637,50+,17,Bachelor,Other Germany,False,No preference
CAN10638,30-39,7,Vocational training,Frankfurt,True,Hybrid
CAN10639,40-49,7,Bachelor,Frankfurt,True,On-site
CAN10640,20-29,1,Master,Berlin,False,Remote
CAN10641,20-29,2,Master,Other Germany,False,Hybrid
CAN10642,40-49,3,Other,Munich,False,No preference
CAN10643,40-49,10,Master,Cologne,False,No preference
CAN10644,30-39,2,Master,Frankfurt,True,Remote
CAN10645,50+,8,Bachelor,Berlin,False,Hybrid
CAN10646,30-39,2,Bachelor,Hamburg,False,On-site
CAN10647,40-49,25,Bachelor,Munich,False,On-site
CAN10648,30-39,3,Bachelor,Cologne,False,On-site
CAN10649,30-39,6,Bachelor,Munich,False,Hybrid
CAN10650,40-49,10,Master,Frankfurt,False,Hybrid
CAN10651,30-39,12,Bachelor,Frankfurt,False,Remote
CAN10652,30-39,5,Other,Cologne,False,On-site
CAN10653,20-29,7,Bachelor,Munich,True,No preference
CAN10654,40-49,12,Master,Munich,True,No preference
CAN10655,30-39,6,Bachelor,Other Germany,False,Hybrid
CAN10656,40-49,5,Master,Other Germany,False,No preference
CAN10657,20-29,1,Other,Outside Germany,False,Remote
CAN10658,40-49,6,Bachelor,Munich,True,Hybrid
CAN10659,40-49,1,Bachelor,Hamburg,False,Remote
CAN10660,20-29,1,Vocational training,Other Germany,False,Remote
CAN10661,40-49,4,Bachelor,Other Germany,True,Hybrid
CAN10662,20-29,4,Vocational training,Other Germany,False,On-site
CAN10663,20-29,3,Master,Berlin,True,Hybrid
CAN10664,50+,12,Bachelor,Berlin,False,On-site
CAN10665,20-29,5,Doctorate,Other Germany,False,Hybrid
CAN10666,30-39,4,Vocational training,Frankfurt,True,Hybrid
CAN10667,30-39,6,Other,Hamburg,False,Remote
CAN10668,30-39,8,Bachelor,Munich,True,On-site
CAN10669,30-39,5,Master,Hamburg,True,No preference
CAN10670,30-39,11,Bachelor,Other Germany,True,On-site
CAN10671,50+,10,Master,Other Germany,False,Hybrid
CAN10672,30-39,7,Vocational training,Hamburg,False,On-site
CAN10673,20-29,4,Vocational training,Hamburg,False,No preference
CAN10674,40-49,4,Vocational training,Other Germany,False,Remote
CAN10675,40-49,15,Vocational training,Hamburg,False,Remote
CAN10676,40-49,1,Vocational training,Other Germany,False,Remote
CAN10677,40-49,0,Master,Other Germany,False,No preference
CAN10678,50+,17,Vocational training,Berlin,True,Hybrid
CAN10679,30-39,9,Other,Other Germany,False,Hybrid
CAN10680,40-49,8,Bachelor,Other Germany,True,No preference
CAN10681,30-39,9,Vocational training,Berlin,True,No preference
CAN10682,40-49,15,Vocational training,Other Germany,False,Hybrid
CAN10683,50+,10,Vocational training,Berlin,False,No preference
CAN10684,20-29,7,Vocational training,Other Germany,False,Hybrid
CAN10685,30-39,5,Vocational training,Cologne,False,Remote
CAN10686,50+,19,Vocational training,Other Germany,False,Hybrid
CAN10687,40-49,9,Vocational training,Frankfurt,False,Hybrid
CAN10688,30-39,9,Master,Other Germany,False,Hybrid
CAN10689,50+,15,Doctorate,Frankfurt,True,No preference
CAN10690,30-39,2,Other,Other Germany,False,Remote
CAN10691,30-39,6,Master,Frankfurt,True,On-site
CAN10692,40-49,11,Bachelor,Cologne,False,Hybrid
CAN10693,30-39,1,Vocational training,Frankfurt,True,Hybrid
CAN10694,50+,18,Doctorate,Berlin,False,Remote
CAN10695,30-39,5,Bachelor,Hamburg,False,No preference
CAN10696,30-39,9,Other,Other Germany,False,Hybrid
CAN10697,30-39,6,Bachelor,Berlin,False,Hybrid
CAN10698,20-29,2,Bachelor,Frankfurt,True,Hybrid
CAN10699,40-49,1,Vocational training,Berlin,False,Hybrid
CAN10700,50+,13,Bachelor,Frankfurt,False,Hybrid
CAN10701,30-39,7,Master,Outside Germany,False,Hybrid
CAN10702,20-29,2,Vocational training,Other Germany,True,Hybrid
CAN10703,30-39,1,Vocational training,Other Germany,False,Hybrid
CAN10704,40-49,1,Master,Frankfurt,False,No preference
CAN10705,40-49,2,Vocational training,Frankfurt,False,Remote
CAN10706,40-49,6,Master,Hamburg,False,Remote
CAN10707,30-39,5,Vocational training,Other Germany,False,Hybrid
CAN10708,40-49,9,Bachelor,Hamburg,False,Remote
CAN10709,40-49,7,Bachelor,Cologne,False,Hybrid
CAN10710,20-29,4,Bachelor,Frankfurt,False,On-site
CAN10711,20-29,1,Bachelor,Munich,True,Hybrid
CAN10712,50+,15,Other,Cologne,True,No preference
CAN10713,30-39,2,Master,Berlin,False,Hybrid
CAN10714,40-49,5,Bachelor,Munich,False,On-site
CAN10715,40-49,5,Bachelor,Berlin,True,Remote
CAN10716,40-49,3,Bachelor,Berlin,False,Remote
CAN10717,30-39,7,Bachelor,Frankfurt,True,Hybrid
CAN10718,30-39,7,Other,Other Germany,True,Remote
CAN10719,50+,15,Bachelor,Frankfurt,True,Hybrid
CAN10720,40-49,16,Vocational training,Frankfurt,True,No preference
CAN10721,40-49,6,Master,Hamburg,False,On-site
CAN10722,20-29,8,Vocational training,Hamburg,False,Hybrid
CAN10723,40-49,9,Vocational training,Other Germany,False,No preference
CAN10724,40-49,7,Bachelor,Other Germany,False,Hybrid
CAN10725,40-49,14,Master,Munich,True,Hybrid
CAN10726,40-49,3,Bachelor,Cologne,False,Hybrid
CAN10727,20-29,2,Bachelor,Frankfurt,True,Hybrid
CAN10728,30-39,6,Bachelor,Frankfurt,False,Hybrid
CAN10729,30-39,13,Other,Berlin,False,Hybrid
CAN10730,50+,12,Vocational training,Cologne,False,No preference
CAN10731,40-49,6,Master,Other Germany,False,Hybrid
CAN10732,30-39,14,Vocational training,Other Germany,True,Hybrid
CAN10733,20-29,4,Master,Outside Germany,False,Hybrid
CAN10734,40-49,5,Vocational training,Other Germany,False,On-site
CAN10735,30-39,6,Bachelor,Berlin,False,Hybrid
CAN10736,40-49,15,Vocational training,Other Germany,True,No preference
CAN10737,20-29,5,Vocational training,Cologne,False,Hybrid
CAN10738,30-39,2,Master,Frankfurt,False,No preference
CAN10739,40-49,6,Master,Munich,False,On-site
CAN10740,30-39,15,Other,Other Germany,False,Hybrid
CAN10741,50+,10,Bachelor,Outside Germany,False,Hybrid
CAN10742,40-49,9,Other,Munich,False,Remote
CAN10743,30-39,6,Bachelor,Cologne,True,Hybrid
CAN10744,20-29,7,Vocational training,Frankfurt,True,No preference
CAN10745,30-39,5,Bachelor,Berlin,False,Remote
CAN10746,40-49,7,Bachelor,Berlin,False,On-site
CAN10747,20-29,2,Vocational training,Hamburg,True,Hybrid
CAN10748,40-49,3,Vocational training,Berlin,True,Remote
CAN10749,50+,13,Bachelor,Frankfurt,False,On-site
CAN10750,30-39,2,Master,Other Germany,False,Remote
CAN10751,30-39,6,Bachelor,Cologne,True,Remote
CAN10752,40-49,12,Bachelor,Other Germany,True,Hybrid
CAN10753,30-39,4,Vocational training,Outside Germany,False,Hybrid
CAN10754,20-29,4,Doctorate,Hamburg,False,No preference
CAN10755,40-49,4,Bachelor,Hamburg,True,Hybrid
CAN10756,30-39,9,Doctorate,Other Germany,True,On-site
CAN10757,20-29,2,Doctorate,Cologne,False,Hybrid
CAN10758,40-49,1,Vocational training,Outside Germany,False,On-site
CAN10759,40-49,4,Doctorate,Other Germany,True,Remote
CAN10760,30-39,5,Master,Frankfurt,False,Remote
CAN10761,50+,12,Bachelor,Outside Germany,True,On-site
CAN10762,30-39,2,Bachelor,Hamburg,True,Hybrid
CAN10763,40-49,6,Bachelor,Frankfurt,True,Remote
CAN10764,40-49,6,Bachelor,Cologne,False,No preference
CAN10765,20-29,2,Bachelor,Munich,False,On-site
CAN10766,40-49,4,Bachelor,Cologne,False,Hybrid
CAN10767,30-39,1,Bachelor,Other Germany,True,Hybrid
CAN10768,20-29,3,Vocational training,Frankfurt,False,No preference
CAN10769,30-39,10,Master,Frankfurt,True,Remote
CAN10770,30-39,11,Vocational training,Outside Germany,False,Hybrid
CAN10771,30-39,9,Vocational training,Frankfurt,False,On-site
CAN10772,50+,25,Vocational training,Frankfurt,False,No preference
CAN10773,40-49,6,Bachelor,Other Germany,False,Hybrid
CAN10774,30-39,12,Master,Cologne,False,Remote
CAN10775,40-49,8,Vocational training,Other Germany,False,No preference
CAN10776,40-49,10,Vocational training,Cologne,False,No preference
CAN10777,30-39,6,Vocational training,Outside Germany,True,On-site
CAN10778,40-49,14,Vocational training,Other Germany,True,Remote
CAN10779,40-49,2,Master,Frankfurt,False,Hybrid
CAN10780,30-39,10,Vocational training,Frankfurt,False,Remote
CAN10781,40-49,13,Other,Outside Germany,False,Remote
CAN10782,40-49,5,Master,Other Germany,True,Hybrid
CAN10783,40-49,4,Vocational training,Berlin,True,No preference
CAN10784,50+,15,Master,Other Germany,True,No preference
CAN10785,30-39,13,Other,Frankfurt,False,Remote
CAN10786,50+,15,Master,Hamburg,True,Hybrid
CAN10787,20-29,4,Bachelor,Munich,False,Hybrid
CAN10788,40-49,4,Vocational training,Berlin,True,Hybrid
CAN10789,30-39,12,Bachelor,Cologne,False,Hybrid
CAN10790,30-39,7,Bachelor,Berlin,True,Hybrid
CAN10791,30-39,6,Bachelor,Cologne,True,No preference
CAN10792,30-39,4,Bachelor,Hamburg,False,On-site
CAN10793,40-49,3,Vocational training,Other Germany,False,Remote
CAN10794,50+,14,Bachelor,Cologne,True,Remote
CAN10795,40-49,3,Vocational training,Other Germany,True,On-site
CAN10796,30-39,10,Master,Frankfurt,False,Hybrid
CAN10797,20-29,2,Vocational training,Other Germany,False,On-site
CAN10798,40-49,5,Vocational training,Frankfurt,False,Hybrid
CAN10799,40-49,16,Vocational training,Berlin,True,On-site
CAN10800,40-49,6,Other,Berlin,False,Remote
CAN10801,40-49,4,Vocational training,Frankfurt,True,Hybrid
CAN10802,20-29,1,Bachelor,Other Germany,False,Hybrid
CAN10803,20-29,9,Bachelor,Frankfurt,True,Remote
CAN10804,30-39,2,Vocational training,Outside Germany,False,No preference
CAN10805,20-29,4,Vocational training,Berlin,True,Hybrid
CAN10806,30-39,5,Bachelor,Other Germany,True,Hybrid
CAN10807,30-39,1,Master,Cologne,True,Hybrid
CAN10808,50+,25,Bachelor,Munich,False,No preference
CAN10809,20-29,1,Master,Other Germany,False,No preference
CAN10810,40-49,15,Vocational training,Munich,False,On-site
CAN10811,30-39,7,Bachelor,Cologne,False,Hybrid
CAN10812,50+,7,Vocational training,Other Germany,False,Hybrid
CAN10813,40-49,12,Master,Berlin,False,Remote
CAN10814,40-49,5,Master,Frankfurt,False,Remote
CAN10815,30-39,6,Master,Cologne,False,No preference
CAN10816,40-49,6,Bachelor,Munich,True,Remote
CAN10817,30-39,2,Bachelor,Outside Germany,True,On-site
CAN10818,30-39,2,Bachelor,Berlin,False,Hybrid
CAN10819,20-29,4,Vocational training,Frankfurt,False,Hybrid
CAN10820,20-29,3,Vocational training,Munich,True,Hybrid
CAN10821,40-49,5,Vocational training,Other Germany,False,Remote
CAN10822,30-39,6,Vocational training,Frankfurt,True,Hybrid
CAN10823,40-49,5,Vocational training,Frankfurt,False,Hybrid
CAN10824,50+,25,Bachelor,Frankfurt,True,Hybrid
CAN10825,30-39,2,Vocational training,Cologne,False,Hybrid
CAN10826,20-29,3,Doctorate,Other Germany,False,No preference
CAN10827,30-39,4,Master,Other Germany,False,Remote
CAN10828,30-39,4,Bachelor,Munich,False,Hybrid
CAN10829,50+,16,Vocational training,Cologne,False,Hybrid
CAN10830,30-39,1,Vocational training,Hamburg,False,Hybrid
CAN10831,20-29,2,Bachelor,Berlin,False,Remote
CAN10832,50+,13,Vocational training,Berlin,True,No preference
CAN10833,30-39,3,Bachelor,Hamburg,False,No preference
CAN10834,30-39,4,Vocational training,Other Germany,False,Hybrid
CAN10835,40-49,5,Master,Hamburg,False,On-site
CAN10836,30-39,4,Other,Hamburg,False,Remote
CAN10837,20-29,7,Master,Berlin,False,No preference
CAN10838,40-49,11,Vocational training,Hamburg,False,Remote
CAN10839,50+,14,Vocational training,Outside Germany,False,Hybrid
CAN10840,20-29,4,Bachelor,Cologne,False,Hybrid
CAN10841,40-49,1,Vocational training,Berlin,True,Hybrid
CAN10842,30-39,7,Bachelor,Frankfurt,False,Remote
CAN10843,40-49,7,Bachelor,Frankfurt,False,Remote
CAN10844,40-49,5,Vocational training,Cologne,True,No preference
CAN10845,30-39,3,Bachelor,Hamburg,True,Hybrid
CAN10846,30-39,2,Bachelor,Hamburg,False,Remote
CAN10847,40-49,16,Other,Munich,False,Hybrid
CAN10848,30-39,1,Bachelor,Munich,False,Hybrid
CAN10849,40-49,14,Master,Berlin,False,Hybrid
CAN10850,20-29,5,Master,Frankfurt,False,Hybrid
CAN10851,40-49,10,Vocational training,Frankfurt,True,No preference
CAN10852,50+,24,Bachelor,Hamburg,True,Remote
CAN10853,20-29,6,Vocational training,Hamburg,True,Hybrid
CAN10854,30-39,3,Other,Frankfurt,False,On-site
CAN10855,30-39,10,Doctorate,Other Germany,False,Remote
CAN10856,30-39,4,Doctorate,Cologne,False,No preference
CAN10857,50+,9,Vocational training,Cologne,False,Hybrid
CAN10858,40-49,4,Bachelor,Other Germany,False,No preference
CAN10859,40-49,8,Vocational training,Hamburg,False,Hybrid
CAN10860,40-49,2,Master,Cologne,False,Hybrid
CAN10861,40-49,9,Bachelor,Other Germany,False,Hybrid
CAN10862,40-49,4,Vocational training,Outside Germany,False,No preference
CAN10863,40-49,4,Vocational training,Frankfurt,True,Hybrid
CAN10864,30-39,4,Vocational training,Munich,True,Remote
CAN10865,20-29,4,Master,Frankfurt,True,On-site
CAN10866,40-49,5,Master,Other Germany,False,Hybrid
CAN10867,20-29,2,Bachelor,Hamburg,False,Remote
CAN10868,30-39,6,Bachelor,Other Germany,True,No preference
CAN10869,40-49,6,Bachelor,Cologne,False,Hybrid
CAN10870,40-49,2,Vocational training,Frankfurt,False,On-site
CAN10871,40-49,3,Doctorate,Hamburg,True,Hybrid
CAN10872,30-39,3,Vocational training,Hamburg,False,Remote
CAN10873,50+,11,Vocational training,Frankfurt,False,Hybrid
CAN10874,40-49,1,Vocational training,Other Germany,True,Remote
CAN10875,40-49,4,Vocational training,Frankfurt,False,Hybrid
CAN10876,30-39,2,Bachelor,Berlin,False,Hybrid
CAN10877,50+,8,Bachelor,Berlin,False,Remote
CAN10878,30-39,4,Vocational training,Other Germany,True,Hybrid
CAN10879,20-29,4,Vocational training,Other Germany,False,Hybrid
CAN10880,40-49,2,Other,Berlin,True,Remote
CAN10881,40-49,6,Bachelor,Cologne,False,Remote
CAN10882,50+,11,Doctorate,Frankfurt,True,Hybrid
CAN10883,20-29,1,Vocational training,Frankfurt,True,Remote
CAN10884,50+,8,Master,Berlin,False,Hybrid
CAN10885,40-49,5,Master,Other Germany,True,Hybrid
CAN10886,30-39,7,Bachelor,Berlin,False,Remote
CAN10887,30-39,11,Bachelor,Berlin,False,Remote
CAN10888,20-29,6,Master,Frankfurt,False,Hybrid
CAN10889,40-49,22,Master,Other Germany,False,No preference
CAN10890,30-39,1,Other,Berlin,True,Remote
CAN10891,50+,8,Vocational training,Frankfurt,False,No preference
CAN10892,40-49,8,Master,Outside Germany,False,Hybrid
CAN10893,40-49,9,Master,Hamburg,False,No preference
CAN10894,20-29,1,Vocational training,Hamburg,False,Hybrid
CAN10895,20-29,5,Master,Munich,False,Hybrid
CAN10896,40-49,4,Bachelor,Other Germany,True,Hybrid
CAN10897,30-39,11,Vocational training,Other Germany,False,Hybrid
CAN10898,40-49,9,Vocational training,Berlin,True,Hybrid
CAN10899,40-49,14,Bachelor,Berlin,True,On-site
CAN10900,30-39,6,Vocational training,,False,On-site
CAN10901,30-39,3,Vocational training,Frankfurt,False,Remote
CAN10902,50+,25,Bachelor,Berlin,False,Hybrid
CAN10903,40-49,4,Bachelor,Other Germany,False,Hybrid
CAN10904,30-39,4,Master,Other Germany,False,No preference
CAN10905,30-39,7,Bachelor,Other Germany,False,Hybrid
CAN10906,20-29,2,Bachelor,Berlin,False,Remote
CAN10907,30-39,9,Bachelor,Other Germany,False,On-site
CAN10908,30-39,1,Bachelor,Munich,True,Hybrid
CAN10909,20-29,3,Master,Other Germany,False,Remote
CAN10910,40-49,17,Vocational training,Hamburg,True,Remote
CAN10911,20-29,3,Master,Frankfurt,False,Remote
CAN10912,40-49,2,Vocational training,Other Germany,False,Remote
CAN10913,40-49,10,Master,Munich,False,No preference
CAN10914,40-49,22,Vocational training,Other Germany,False,Remote
CAN10915,40-49,7,Bachelor,Hamburg,False,Hybrid
CAN10916,40-49,1,Other,Hamburg,False,Remote
CAN10917,40-49,8,Master,Outside Germany,True,Hybrid
CAN10918,20-29,5,Vocational training,Cologne,False,Remote
CAN10919,40-49,13,Vocational training,Hamburg,False,Remote
CAN10920,40-49,2,Vocational training,Other Germany,True,On-site
CAN10921,30-39,5,Other,Cologne,False,Hybrid
CAN10922,40-49,1,Other,Frankfurt,False,Hybrid
CAN10923,30-39,3,Vocational training,Other Germany,False,Hybrid
CAN10924,30-39,2,Vocational training,Other Germany,False,Hybrid
CAN10925,30-39,1,Vocational training,Hamburg,False,No preference
CAN10926,40-49,8,Master,Frankfurt,False,Hybrid
CAN10927,30-39,0,Vocational training,Cologne,True,Remote
CAN10928,30-39,14,Bachelor,Frankfurt,True,No preference
CAN10929,30-39,3,Bachelor,Berlin,False,On-site
CAN10930,30-39,4,Vocational training,Other Germany,False,Hybrid
CAN10931,30-39,10,Bachelor,Hamburg,False,Remote
CAN10932,40-49,4,Bachelor,Cologne,False,No preference
CAN10933,40-49,4,Vocational training,Cologne,False,No preference
CAN10934,30-39,7,Bachelor,Hamburg,True,Remote
CAN10935,30-39,2,Bachelor,Frankfurt,False,Remote
CAN10936,30-39,4,Master,Berlin,True,Remote
CAN10937,30-39,3,Bachelor,Hamburg,False,No preference
CAN10938,20-29,4,Master,Hamburg,False,Hybrid
CAN10939,20-29,6,Bachelor,Other Germany,True,On-site
CAN10940,30-39,11,Bachelor,Berlin,False,Hybrid
CAN10941,20-29,3,Vocational training,Berlin,True,Hybrid
CAN10942,30-39,1,Master,Hamburg,False,Hybrid
CAN10943,40-49,3,Master,Berlin,False,Hybrid
CAN10944,40-49,10,Bachelor,Hamburg,False,No preference
CAN10945,30-39,8,Bachelor,Munich,False,No preference
CAN10946,30-39,7,Master,Other Germany,False,No preference
CAN10947,40-49,4,Bachelor,Other Germany,False,Hybrid
CAN10948,50+,7,Bachelor,Other Germany,False,Hybrid
CAN10949,40-49,3,Vocational training,Frankfurt,False,Remote
CAN10950,40-49,2,Master,Other Germany,True,No preference
CAN10951,30-39,3,Bachelor,Other Germany,True,On-site
CAN10952,50+,15,Vocational training,Frankfurt,True,Remote
CAN10953,20-29,3,Bachelor,Cologne,False,Remote
CAN10954,30-39,1,Vocational training,Munich,True,On-site
CAN10955,20-29,2,Bachelor,Munich,True,Hybrid
CAN10956,20-29,3,Other,Other Germany,False,Hybrid
CAN10957,30-39,4,Bachelor,Frankfurt,False,Remote
CAN10958,50+,22,Vocational training,Hamburg,False,Remote
CAN10959,30-39,8,Master,Other Germany,True,Remote
CAN10960,30-39,1,Vocational training,Berlin,False,No preference
CAN10961,50+,8,Bachelor,Frankfurt,False,No preference
CAN10962,40-49,7,Vocational training,Hamburg,False,Remote
CAN10963,30-39,1,Vocational training,Frankfurt,False,Hybrid
CAN10964,40-49,7,Bachelor,Berlin,True,Remote
CAN10965,30-39,8,Vocational training,Frankfurt,True,Hybrid
CAN10966,30-39,4,Vocational training,Outside Germany,False,Hybrid
CAN10967,30-39,1,Vocational training,Cologne,True,Remote
CAN10968,20-29,2,Vocational training,Frankfurt,False,Hybrid
CAN10969,40-49,4,Vocational training,Frankfurt,False,Remote
CAN10970,30-39,8,Vocational training,Berlin,False,Hybrid
CAN10971,20-29,4,Vocational training,Frankfurt,True,On-site
CAN10972,50+,16,Master,Outside Germany,False,Hybrid
CAN10973,30-39,12,Bachelor,Berlin,False,Hybrid
CAN10974,20-29,5,Vocational training,Munich,True,On-site
CAN10975,40-49,7,Master,Other Germany,False,Hybrid
CAN10976,30-39,2,Vocational training,Frankfurt,False,Hybrid
CAN10977,40-49,4,Bachelor,Frankfurt,True,On-site
CAN10978,30-39,15,Master,Cologne,False,Hybrid
CAN10979,30-39,9,Bachelor,Other Germany,False,Hybrid
CAN10980,30-39,3,Vocational training,Hamburg,True,Hybrid
CAN10981,40-49,4,Bachelor,Other Germany,False,No preference
CAN10982,40-49,11,Vocational training,Berlin,False,Hybrid
CAN10983,40-49,3,Bachelor,Berlin,True,On-site
CAN10984,30-39,8,Vocational training,Frankfurt,False,Remote
CAN10985,20-29,3,Bachelor,Frankfurt,False,Hybrid
CAN10986,40-49,5,Bachelor,Frankfurt,False,Hybrid
CAN10987,40-49,1,Master,Frankfurt,False,Remote
CAN10988,30-39,5,Vocational training,Frankfurt,False,Remote
CAN10989,50+,8,Vocational training,Other Germany,True,Hybrid
CAN10990,30-39,2,Other,Other Germany,True,No preference
CAN10991,20-29,1,Master,Cologne,False,No preference
CAN10992,30-39,2,Bachelor,Munich,True,Hybrid
CAN10993,40-49,11,Vocational training,Other Germany,False,Hybrid
CAN10994,30-39,13,Bachelor,Munich,False,Hybrid
CAN10995,40-49,11,Master,Cologne,False,Hybrid
CAN10996,30-39,3,Bachelor,Other Germany,False,Remote
CAN10997,30-39,2,Master,Other Germany,False,Remote
CAN10998,20-29,3,Vocational training,Frankfurt,False,Hybrid
CAN10999,50+,15,Vocational training,Berlin,True,Remote
CAN11000,50+,8,Vocational training,Munich,False,Hybrid
CAN11001,30-39,9,Master,Cologne,True,Hybrid
CAN11002,40-49,7,Master,Outside Germany,False,Hybrid
CAN11003,30-39,4,Vocational training,Berlin,False,Hybrid
CAN11004,40-49,9,Vocational training,Other Germany,False,Hybrid
CAN11005,30-39,3,Vocational training,Cologne,False,Hybrid
CAN11006,20-29,5,Vocational training,Other Germany,True,Remote
CAN11007,20-29,2,Master,Hamburg,False,Hybrid
CAN11008,40-49,15,Vocational training,Hamburg,False,Hybrid
CAN11009,20-29,1,Bachelor,Frankfurt,False,Hybrid
CAN11010,40-49,8,Vocational training,Frankfurt,True,Hybrid
CAN11011,40-49,14,Vocational training,Berlin,False,Hybrid
CAN11012,40-49,3,Other,Other Germany,False,No preference
CAN11013,40-49,6,Vocational training,Munich,False,Hybrid
CAN11014,40-49,6,Master,Frankfurt,False,Hybrid
CAN11015,30-39,6,Master,Hamburg,False,No preference
CAN11016,40-49,1,Master,Other Germany,False,Remote
CAN11017,30-39,3,Bachelor,Cologne,False,Hybrid
CAN11018,30-39,7,Other,Berlin,True,Remote
CAN11019,40-49,1,Bachelor,Frankfurt,False,Hybrid
CAN11020,50+,7,Bachelor,Other Germany,True,Remote
CAN11021,30-39,10,Bachelor,Hamburg,False,No preference
CAN11022,20-29,5,Master,Other Germany,False,Hybrid
CAN11023,40-49,2,Master,Frankfurt,False,Remote
CAN11024,20-29,4,Master,Other Germany,False,On-site
CAN11025,40-49,4,Bachelor,Other Germany,False,Hybrid
CAN11026,20-29,5,Bachelor,Cologne,True,Hybrid
CAN11027,40-49,4,Master,Frankfurt,False,Hybrid
CAN11028,30-39,2,Vocational training,Berlin,False,On-site
CAN11029,50+,8,Vocational training,Other Germany,False,Hybrid
CAN11030,40-49,3,Vocational training,Hamburg,True,Hybrid
CAN11031,50+,21,Vocational training,Other Germany,True,Remote
CAN11032,20-29,0,Master,Other Germany,True,On-site
CAN11033,20-29,4,Master,Cologne,False,On-site
CAN11034,40-49,7,Bachelor,Frankfurt,False,Hybrid
CAN11035,40-49,6,Master,Hamburg,False,Hybrid
CAN11036,30-39,9,Master,Other Germany,False,Hybrid
CAN11037,20-29,3,Vocational training,Frankfurt,False,Hybrid
CAN11038,40-49,8,Vocational training,Munich,True,Remote
CAN11039,30-39,7,Vocational training,Berlin,False,No preference
CAN11040,30-39,4,Bachelor,Other Germany,True,Hybrid
CAN11041,30-39,2,Master,Other Germany,True,Hybrid
CAN11042,30-39,2,Master,Other Germany,False,Remote
CAN11043,50+,17,Master,Hamburg,False,Hybrid
CAN11044,40-49,5,Master,Other Germany,False,On-site
CAN11045,30-39,13,Master,Munich,True,Hybrid
CAN11046,30-39,4,Vocational training,Berlin,False,No preference
CAN11047,30-39,1,Bachelor,Munich,False,Hybrid
CAN11048,40-49,0,Vocational training,Other Germany,False,Hybrid
CAN11049,40-49,11,Bachelor,Other Germany,True,No preference
CAN11050,40-49,6,Vocational training,Hamburg,False,Remote
CAN11051,40-49,4,Bachelor,Cologne,True,Hybrid
CAN11052,40-49,2,Vocational training,Berlin,True,Hybrid
CAN11053,30-39,9,Bachelor,Other Germany,False,Remote
CAN11054,40-49,1,Other,Munich,False,No preference
CAN11055,40-49,2,Master,Frankfurt,False,Remote
CAN11056,40-49,2,Bachelor,Hamburg,False,Hybrid
CAN11057,30-39,3,Vocational training,Other Germany,False,Remote
CAN11058,40-49,10,Vocational training,Munich,False,On-site
CAN11059,30-39,7,Master,Frankfurt,False,No preference
CAN11060,40-49,4,Other,Berlin,False,No preference
CAN11061,40-49,8,Vocational training,Other Germany,False,Hybrid
CAN11062,30-39,5,Master,Other Germany,False,Hybrid
CAN11063,40-49,22,Vocational training,Cologne,False,Hybrid
CAN11064,40-49,2,Vocational training,Other Germany,True,No preference
CAN11065,40-49,2,Vocational training,Other Germany,False,No preference
CAN11066,40-49,1,Vocational training,Hamburg,False,Hybrid
CAN11067,50+,18,Vocational training,Cologne,False,Remote
CAN11068,40-49,6,Bachelor,Other Germany,True,Remote
CAN11069,50+,14,Master,Berlin,False,On-site
CAN11070,40-49,1,Bachelor,Frankfurt,False,Remote
CAN11071,30-39,4,Vocational training,Frankfurt,True,On-site
CAN11072,40-49,14,Bachelor,Other Germany,False,Remote
CAN11073,30-39,2,Bachelor,Outside Germany,False,Hybrid
CAN11074,20-29,3,Bachelor,Hamburg,False,Hybrid
CAN11075,20-29,10,Bachelor,Berlin,False,Hybrid
CAN11076,30-39,3,Bachelor,Other Germany,True,Remote
CAN11077,50+,8,Master,Berlin,False,Remote
CAN11078,30-39,5,Bachelor,Other Germany,False,Remote
CAN11079,40-49,12,Vocational training,Berlin,False,On-site
CAN11080,30-39,5,Vocational training,Berlin,False,No preference
CAN11081,40-49,5,Other,Cologne,True,Hybrid
CAN11082,30-39,3,Vocational training,Berlin,False,Hybrid
CAN11083,50+,10,Bachelor,Cologne,False,Hybrid
CAN11084,40-49,2,Bachelor,Outside Germany,False,Hybrid
CAN11085,40-49,8,Bachelor,Other Germany,False,No preference
CAN11086,50+,8,Vocational training,Frankfurt,True,Hybrid
CAN11087,20-29,5,Bachelor,Munich,True,Hybrid
CAN11088,30-39,7,Vocational training,Other Germany,False,Hybrid
CAN11089,30-39,5,Bachelor,Munich,False,Hybrid
CAN11090,30-39,15,Bachelor,Other Germany,False,Hybrid
CAN11091,30-39,9,Bachelor,Other Germany,False,Remote
CAN11092,40-49,6,Bachelor,Other Germany,True,Hybrid
CAN11093,30-39,12,Vocational training,Frankfurt,True,Hybrid
CAN11094,30-39,7,Vocational training,Berlin,True,Remote
CAN11095,40-49,9,Bachelor,Hamburg,False,No preference
CAN11096,20-29,6,Bachelor,Berlin,False,Remote
CAN11097,20-29,8,Master,Munich,False,Hybrid
CAN11098,30-39,5,Master,Outside Germany,False,Hybrid
CAN11099,40-49,6,Bachelor,Frankfurt,False,Hybrid
CAN11100,30-39,16,Bachelor,Munich,False,Remote
CAN11101,40-49,9,Vocational training,Berlin,False,Hybrid
CAN11102,50+,10,Bachelor,Cologne,True,Hybrid
CAN11103,30-39,2,Master,Other Germany,True,On-site
CAN11104,20-29,2,Vocational training,Frankfurt,False,Remote
CAN11105,30-39,1,Vocational training,Other Germany,True,No preference
CAN11106,50+,12,Vocational training,Munich,False,On-site
CAN11107,40-49,5,Vocational training,Other Germany,True,Hybrid
CAN11108,30-39,6,Master,Hamburg,False,No preference
CAN11109,50+,7,Master,,True,Hybrid
CAN11110,40-49,2,Other,Other Germany,False,Hybrid
CAN11111,40-49,12,Bachelor,Berlin,False,Remote
CAN11112,30-39,3,Vocational training,Frankfurt,True,Hybrid
CAN11113,40-49,9,Master,Other Germany,False,No preference
CAN11114,40-49,18,Vocational training,Other Germany,False,Remote
CAN11115,30-39,16,Bachelor,Other Germany,False,Hybrid
CAN11116,40-49,9,Vocational training,Other Germany,False,Remote
CAN11117,40-49,4,Vocational training,Frankfurt,False,Hybrid
CAN11118,40-49,4,Master,Hamburg,False,No preference
CAN11119,40-49,10,Vocational training,Cologne,False,On-site
CAN11120,40-49,1,Bachelor,Munich,False,No preference
CAN11121,50+,11,Bachelor,Berlin,False,Hybrid
CAN11122,30-39,4,Bachelor,Berlin,False,Hybrid
CAN11123,50+,10,Bachelor,Frankfurt,True,Remote
CAN11124,20-29,6,Vocational training,Frankfurt,False,On-site
CAN11125,40-49,7,Other,Frankfurt,True,On-site
CAN11126,20-29,2,Bachelor,Frankfurt,True,Remote
CAN11127,50+,11,Vocational training,Other Germany,False,No preference
CAN11128,30-39,17,Vocational training,Munich,True,On-site
CAN11129,20-29,2,Master,Munich,False,Remote
CAN11130,40-49,9,Bachelor,Frankfurt,True,Remote
CAN11131,40-49,8,Master,Frankfurt,False,Remote
CAN11132,40-49,6,Vocational training,Hamburg,False,Hybrid
CAN11133,30-39,1,Vocational training,Other Germany,True,Hybrid
CAN11134,30-39,4,Bachelor,Hamburg,True,Remote
CAN11135,30-39,1,Master,Berlin,False,Remote
CAN11136,40-49,8,Master,Hamburg,True,Hybrid
CAN11137,20-29,3,Master,Other Germany,True,No preference
CAN11138,40-49,2,Bachelor,Berlin,False,Hybrid
CAN11139,50+,12,Master,Frankfurt,False,Hybrid
CAN11140,30-39,9,Vocational training,Frankfurt,False,Hybrid
CAN11141,40-49,7,Bachelor,Hamburg,False,Hybrid
CAN11142,30-39,8,Bachelor,Other Germany,True,Hybrid
CAN11143,40-49,5,Bachelor,Frankfurt,False,Remote
CAN11144,20-29,3,Vocational training,Hamburg,False,On-site
CAN11145,30-39,2,Vocational training,Other Germany,False,Hybrid
CAN11146,30-39,11,Bachelor,Other Germany,False,On-site
CAN11147,30-39,4,Vocational training,Other Germany,False,Hybrid
CAN11148,50+,8,Other,Frankfurt,False,On-site
CAN11149,40-49,2,Master,Munich,True,Hybrid
CAN11150,40-49,3,Bachelor,Other Germany,False,Hybrid
CAN11151,30-39,3,Vocational training,,False,No preference
CAN11152,40-49,22,Other,Munich,False,On-site
CAN11153,50+,12,Bachelor,Munich,True,Hybrid
CAN11154,30-39,7,Doctorate,Berlin,True,Remote
CAN11155,40-49,5,Doctorate,Hamburg,False,No preference
CAN11156,30-39,8,Vocational training,Berlin,False,Hybrid
CAN11157,30-39,2,Master,Berlin,False,On-site
CAN11158,20-29,7,Bachelor,Berlin,False,Remote
CAN11159,30-39,11,Master,Berlin,False,On-site
CAN11160,40-49,10,Bachelor,Other Germany,False,Hybrid
CAN11161,40-49,7,Master,Frankfurt,True,Remote
CAN11162,30-39,1,Other,Frankfurt,True,Hybrid
CAN11163,40-49,3,Bachelor,Other Germany,False,Hybrid
CAN11164,50+,23,Vocational training,Berlin,False,Hybrid
CAN11165,40-49,7,Bachelor,Munich,True,On-site
CAN11166,40-49,4,Other,Other Germany,True,Remote
CAN11167,30-39,12,Bachelor,Other Germany,False,Hybrid
CAN11168,40-49,10,Vocational training,Munich,True,Hybrid
CAN11169,30-39,9,Master,Frankfurt,False,Hybrid
CAN11170,30-39,1,Vocational training,Hamburg,False,Remote
CAN11171,40-49,18,Vocational training,Outside Germany,True,Remote
CAN11172,30-39,7,Bachelor,Berlin,False,On-site
CAN11173,40-49,0,Bachelor,Berlin,True,Hybrid
CAN11174,30-39,8,Bachelor,Other Germany,True,No preference
CAN11175,50+,9,Bachelor,Hamburg,True,Remote
CAN11176,40-49,11,Bachelor,Berlin,False,Hybrid
CAN11177,30-39,9,Bachelor,Other Germany,True,On-site
CAN11178,20-29,1,Vocational training,Hamburg,True,On-site
CAN11179,40-49,3,Bachelor,Outside Germany,False,No preference
CAN11180,20-29,1,Bachelor,Frankfurt,True,Remote
CAN11181,20-29,1,Vocational training,Munich,False,No preference
CAN11182,30-39,6,Bachelor,Other Germany,False,On-site
CAN11183,50+,17,Bachelor,Other Germany,False,Remote
CAN11184,30-39,5,Bachelor,Other Germany,False,Hybrid
CAN11185,50+,7,Vocational training,Munich,True,Remote
CAN11186,20-29,2,Bachelor,Berlin,True,Hybrid
CAN11187,30-39,5,Master,Other Germany,False,Remote
CAN11188,40-49,3,Master,Cologne,True,Remote
CAN11189,40-49,6,Bachelor,Munich,False,Remote
CAN11190,20-29,2,Bachelor,Hamburg,False,Hybrid
CAN11191,50+,10,Bachelor,Frankfurt,False,On-site
CAN11192,40-49,9,Vocational training,Frankfurt,False,On-site
CAN11193,30-39,6,Bachelor,Berlin,False,Hybrid
CAN11194,30-39,9,Vocational training,Frankfurt,True,On-site
CAN11195,30-39,8,Master,Frankfurt,False,No preference
CAN11196,20-29,2,Bachelor,Munich,False,Hybrid
CAN11197,50+,14,Bachelor,Other Germany,False,Hybrid
CAN11198,40-49,5,Bachelor,Other Germany,True,No preference
CAN11199,30-39,7,Master,Berlin,False,Hybrid
CAN11200,30-39,7,Master,Other Germany,True,Remote
CAN11201,30-39,1,Bachelor,Frankfurt,False,Hybrid
CAN11202,20-29,2,Bachelor,Other Germany,False,Hybrid
CAN11203,30-39,5,Bachelor,Hamburg,True,Remote
CAN11204,20-29,5,Bachelor,Hamburg,False,Hybrid
CAN11205,40-49,5,Bachelor,Hamburg,False,Remote
CAN11206,20-29,7,Master,Berlin,False,Remote
CAN11207,20-29,5,Master,Frankfurt,True,Hybrid
CAN11208,40-49,16,Master,Berlin,False,Hybrid
CAN11209,40-49,6,Vocational training,Frankfurt,False,On-site
CAN11210,30-39,2,Vocational training,Hamburg,True,Remote
CAN11211,40-49,3,Bachelor,Cologne,False,No preference
CAN11212,30-39,6,Vocational training,Berlin,False,Hybrid
CAN11213,20-29,5,Master,Berlin,False,On-site
CAN11214,50+,12,Bachelor,Berlin,True,Hybrid
CAN11215,20-29,5,Master,Frankfurt,True,Remote
CAN11216,30-39,9,Bachelor,Outside Germany,True,Hybrid
CAN11217,40-49,9,Vocational training,Cologne,False,Remote
CAN11218,30-39,11,Vocational training,Frankfurt,False,Hybrid
CAN11219,30-39,4,Bachelor,Frankfurt,False,No preference
CAN11220,40-49,3,Master,Hamburg,False,Remote
CAN11221,30-39,2,Vocational training,Other Germany,True,Hybrid
CAN11222,30-39,8,Master,Berlin,False,No preference
CAN11223,40-49,4,Bachelor,Hamburg,False,On-site
CAN11224,30-39,10,Vocational training,Berlin,True,Hybrid
CAN11225,40-49,9,Vocational training,Frankfurt,False,Remote
CAN11226,30-39,3,Master,Frankfurt,False,Remote
CAN11227,30-39,6,Vocational training,Hamburg,False,On-site
CAN11228,50+,8,Other,Hamburg,True,Hybrid
CAN11229,30-39,2,Other,Frankfurt,False,No preference
CAN11230,30-39,3,Doctorate,Frankfurt,False,Remote
CAN11231,50+,19,Master,Frankfurt,False,Hybrid
CAN11232,40-49,5,Vocational training,Frankfurt,False,Hybrid
CAN11233,40-49,9,Bachelor,Other Germany,True,Hybrid
CAN11234,30-39,8,Bachelor,Other Germany,True,Remote
CAN11235,20-29,5,Bachelor,Frankfurt,False,Remote
CAN11236,30-39,9,Bachelor,Other Germany,True,Hybrid
CAN11237,40-49,2,Vocational training,Other Germany,False,Remote
CAN11238,30-39,3,Vocational training,Munich,False,Hybrid
CAN11239,40-49,13,Vocational training,Munich,False,Remote
CAN11240,30-39,8,Master,Frankfurt,True,On-site
CAN11241,30-39,6,Vocational training,Cologne,True,No preference
CAN11242,20-29,4,Master,Outside Germany,True,On-site
CAN11243,20-29,8,Bachelor,Hamburg,False,Hybrid
CAN11244,50+,16,Bachelor,Frankfurt,True,Hybrid
CAN11245,20-29,1,Bachelor,Other Germany,False,Hybrid
CAN11246,30-39,5,Bachelor,Hamburg,False,Hybrid
CAN11247,40-49,10,Vocational training,Other Germany,False,Hybrid
CAN11248,40-49,9,Vocational training,Other Germany,False,No preference
CAN11249,30-39,8,Doctorate,Munich,True,Hybrid
CAN11250,20-29,2,Master,Frankfurt,False,Remote
CAN11251,40-49,1,Bachelor,Other Germany,False,No preference
CAN11252,30-39,3,Master,Munich,True,Remote
CAN11253,30-39,5,Vocational training,Other Germany,False,On-site
CAN11254,30-39,5,Master,Frankfurt,True,Hybrid
CAN11255,20-29,3,Other,Other Germany,True,No preference
CAN11256,30-39,0,Master,Hamburg,False,Hybrid
CAN11257,40-49,14,Master,Berlin,False,Hybrid
CAN11258,30-39,8,Vocational training,Munich,False,Hybrid
CAN11259,50+,10,Vocational training,Other Germany,True,Remote
CAN11260,40-49,13,Bachelor,Berlin,True,No preference
CAN11261,50+,22,Other,Munich,False,No preference
CAN11262,40-49,11,Other,Hamburg,False,Remote
CAN11263,30-39,10,Vocational training,Munich,False,Remote
CAN11264,20-29,5,Bachelor,Cologne,False,No preference
CAN11265,40-49,17,Master,Frankfurt,True,Hybrid
CAN11266,40-49,9,Master,Hamburg,False,Remote
CAN11267,40-49,8,Bachelor,Other Germany,False,Hybrid
CAN11268,40-49,3,Master,Munich,False,Remote
CAN11269,40-49,6,Bachelor,Other Germany,True,Hybrid
CAN11270,20-29,3,Bachelor,Cologne,True,Hybrid
CAN11271,40-49,1,Bachelor,Frankfurt,False,On-site
CAN11272,40-49,5,Bachelor,Other Germany,False,Hybrid
CAN11273,40-49,15,Vocational training,Munich,False,Remote
CAN11274,20-29,8,Vocational training,Frankfurt,True,On-site
CAN11275,30-39,8,Bachelor,Munich,True,Remote
CAN11276,30-39,2,Master,Other Germany,False,Hybrid
CAN11277,30-39,7,Bachelor,Frankfurt,False,Hybrid
CAN11278,40-49,8,Vocational training,Other Germany,False,Hybrid
CAN11279,40-49,13,Master,Berlin,True,Hybrid
CAN11280,30-39,3,Vocational training,Outside Germany,False,No preference
CAN11281,20-29,2,Bachelor,Hamburg,True,No preference
CAN11282,40-49,9,Bachelor,Frankfurt,False,Hybrid
CAN11283,40-49,1,Vocational training,Other Germany,False,No preference
CAN11284,20-29,2,Master,Other Germany,False,Hybrid
CAN11285,20-29,3,Master,Frankfurt,False,Hybrid
CAN11286,30-39,8,Bachelor,Berlin,False,No preference
CAN11287,20-29,2,Bachelor,Frankfurt,False,No preference
CAN11288,40-49,3,Master,Munich,False,Hybrid
CAN11289,30-39,7,Bachelor,Cologne,False,No preference
CAN11290,30-39,10,Master,Cologne,False,Hybrid
CAN11291,30-39,3,Vocational training,Munich,False,Remote
CAN11292,40-49,9,Vocational training,Other Germany,False,Hybrid
CAN11293,30-39,4,Bachelor,Other Germany,True,Hybrid
CAN11294,40-49,2,Doctorate,Other Germany,False,Hybrid
CAN11295,40-49,17,Other,Berlin,False,Hybrid
CAN11296,30-39,2,Bachelor,Munich,True,Remote
CAN11297,30-39,16,Vocational training,Frankfurt,False,Hybrid
CAN11298,30-39,5,Bachelor,Hamburg,False,Hybrid
CAN11299,20-29,1,Master,Hamburg,True,On-site
CAN11300,50+,12,Vocational training,Other Germany,False,Remote
CAN11301,30-39,8,Vocational training,Cologne,False,Hybrid
CAN11302,20-29,2,Bachelor,Hamburg,True,Hybrid
CAN11303,30-39,0,Bachelor,Other Germany,True,Remote
CAN11304,50+,22,Vocational training,Frankfurt,False,Remote
CAN11305,40-49,7,Bachelor,,False,Hybrid
CAN11306,30-39,6,Master,Hamburg,False,Hybrid
CAN11307,40-49,9,Bachelor,Frankfurt,False,On-site
CAN11308,30-39,2,Master,Frankfurt,False,Remote
CAN11309,30-39,1,Master,Frankfurt,False,Hybrid
CAN11310,30-39,10,Doctorate,Munich,True,Hybrid
CAN11311,40-49,7,Bachelor,Frankfurt,True,No preference
CAN11312,30-39,3,Vocational training,Frankfurt,True,Remote
CAN11313,30-39,3,Bachelor,Berlin,False,Hybrid
CAN11314,30-39,7,Master,Berlin,True,No preference
CAN11315,40-49,4,Bachelor,Frankfurt,True,Remote
CAN11316,30-39,4,Vocational training,Frankfurt,True,No preference
CAN11317,20-29,3,Master,Hamburg,False,No preference
CAN11318,30-39,8,Vocational training,Munich,False,No preference
CAN11319,30-39,8,Vocational training,Cologne,False,Hybrid
CAN11320,20-29,3,Bachelor,Munich,False,Remote
CAN11321,40-49,5,Bachelor,Hamburg,False,Hybrid
CAN11322,40-49,9,Vocational training,Frankfurt,False,No preference
CAN11323,40-49,5,Bachelor,Outside Germany,False,No preference
CAN11324,40-49,7,Master,Cologne,True,On-site
CAN11325,40-49,3,Bachelor,Other Germany,True,Hybrid
CAN11326,20-29,3,Vocational training,Other Germany,False,Hybrid
CAN11327,30-39,4,Vocational training,Other Germany,False,Hybrid
CAN11328,30-39,6,Other,Cologne,False,No preference
CAN11329,40-49,4,Vocational training,Berlin,True,On-site
CAN11330,20-29,2,Bachelor,Other Germany,False,Hybrid
CAN11331,30-39,7,Bachelor,Frankfurt,False,Remote
CAN11332,30-39,2,Master,Other Germany,False,Remote
CAN11333,20-29,1,Bachelor,Other Germany,True,Hybrid
CAN11334,50+,13,Vocational training,Frankfurt,False,Remote
CAN11335,20-29,5,Bachelor,Frankfurt,True,Hybrid
CAN11336,30-39,3,Bachelor,Other Germany,False,Remote
CAN11337,40-49,9,Vocational training,Other Germany,False,On-site
CAN11338,30-39,5,Vocational training,Other Germany,False,Hybrid
CAN11339,40-49,8,Master,,False,Hybrid
CAN11340,30-39,7,Bachelor,Frankfurt,True,Hybrid
CAN11341,20-29,7,Master,Munich,False,Hybrid
CAN11342,50+,11,Vocational training,Frankfurt,False,Hybrid
CAN11343,20-29,3,Other,Frankfurt,True,Hybrid
CAN11344,20-29,1,Master,Berlin,True,Remote
CAN11345,30-39,9,Bachelor,Outside Germany,False,Hybrid
CAN11346,20-29,3,Master,Hamburg,False,No preference
CAN11347,40-49,3,Bachelor,Other Germany,True,On-site
CAN11348,30-39,1,Bachelor,Frankfurt,False,Hybrid
CAN11349,40-49,14,Bachelor,Other Germany,False,Hybrid
CAN11350,20-29,3,Vocational training,Other Germany,False,No preference
CAN11351,40-49,5,Vocational training,Hamburg,False,Hybrid
CAN11352,30-39,4,Vocational training,Munich,False,Remote
CAN11353,20-29,1,Vocational training,Cologne,False,On-site
CAN11354,30-39,11,Bachelor,Other Germany,False,Hybrid
CAN11355,50+,8,Bachelor,Other Germany,True,No preference
CAN11356,20-29,2,Bachelor,Other Germany,True,No preference
CAN11357,40-49,1,Bachelor,Outside Germany,True,Hybrid
CAN11358,30-39,11,Master,Other Germany,False,No preference
CAN11359,30-39,9,Vocational training,,False,Remote
CAN11360,40-49,7,Vocational training,Outside Germany,False,Hybrid
CAN11361,30-39,5,Bachelor,Other Germany,True,Remote
CAN11362,40-49,2,Bachelor,Other Germany,False,Hybrid
CAN11363,30-39,16,Master,Berlin,True,Hybrid
CAN11364,40-49,5,Other,Berlin,False,Remote
CAN11365,40-49,2,Other,Other Germany,False,Hybrid
CAN11366,40-49,4,Bachelor,Other Germany,True,Remote
CAN11367,30-39,5,Vocational training,Hamburg,True,Hybrid
CAN11368,30-39,8,Doctorate,Frankfurt,True,Hybrid
CAN11369,40-49,7,Vocational training,Cologne,False,No preference
CAN11370,40-49,4,Doctorate,Hamburg,True,Remote
CAN11371,30-39,10,Vocational training,Other Germany,True,Remote
CAN11372,30-39,2,Vocational training,Other Germany,True,No preference
CAN11373,30-39,7,Bachelor,Other Germany,False,Hybrid
CAN11374,30-39,10,Master,Other Germany,False,Remote
CAN11375,20-29,2,Master,Munich,False,No preference
CAN11376,30-39,10,Bachelor,Other Germany,False,Remote
CAN11377,30-39,7,Vocational training,Berlin,False,Hybrid
CAN11378,50+,9,Master,Other Germany,True,No preference
CAN11379,40-49,3,Master,Other Germany,False,Hybrid
CAN11380,40-49,6,Bachelor,Other Germany,False,No preference
CAN11381,40-49,9,Vocational training,Cologne,True,Hybrid
CAN11382,30-39,9,Vocational training,Frankfurt,True,Hybrid
CAN11383,30-39,2,Master,Hamburg,False,Hybrid
CAN11384,20-29,2,Other,Berlin,True,Hybrid
CAN11385,30-39,3,Vocational training,Hamburg,True,Hybrid
CAN11386,30-39,1,Vocational training,Frankfurt,False,Hybrid
CAN11387,30-39,4,Master,Frankfurt,False,Hybrid
CAN11388,20-29,5,Other,Other Germany,False,On-site
CAN11389,40-49,7,Bachelor,Other Germany,False,Remote
CAN11390,50+,14,Master,Other Germany,False,Hybrid
CAN11391,50+,23,Bachelor,Munich,True,Hybrid
CAN11392,50+,8,Other,Other Germany,False,On-site
CAN11393,20-29,3,Bachelor,Berlin,False,No preference
CAN11394,20-29,4,Vocational training,Other Germany,True,Hybrid
CAN11395,40-49,9,Other,Frankfurt,True,Remote
CAN11396,30-39,2,Vocational training,Other Germany,True,On-site
CAN11397,30-39,12,Master,Munich,False,Hybrid
CAN11398,40-49,6,Vocational training,Munich,True,No preference
CAN11399,30-39,8,Doctorate,Berlin,True,No preference
CAN11400,20-29,4,Bachelor,Outside Germany,False,Remote
CAN11401,40-49,16,Vocational training,Cologne,True,Hybrid
CAN11402,50+,24,Bachelor,Cologne,False,Hybrid
CAN11403,30-39,3,Bachelor,Berlin,False,Hybrid
CAN11404,30-39,1,Bachelor,Hamburg,False,Remote
CAN11405,30-39,7,Master,Hamburg,False,Hybrid
CAN11406,40-49,10,Vocational training,Other Germany,True,On-site
CAN11407,20-29,0,Vocational training,Cologne,False,Remote
CAN11408,40-49,8,Vocational training,Berlin,True,Hybrid
CAN11409,30-39,8,Vocational training,Other Germany,False,On-site
CAN11410,20-29,7,Bachelor,Munich,True,No preference
CAN11411,40-49,13,Other,Other Germany,False,On-site
CAN11412,30-39,8,Doctorate,Cologne,False,Hybrid
CAN11413,30-39,5,Master,Hamburg,False,Hybrid
CAN11414,20-29,0,Master,Frankfurt,True,On-site
CAN11415,50+,10,Master,Other Germany,True,Remote
CAN11416,40-49,2,Master,Cologne,False,Remote
CAN11417,40-49,15,Master,Other Germany,False,Hybrid
CAN11418,30-39,5,Vocational training,Munich,True,Hybrid
CAN11419,20-29,3,Vocational training,Other Germany,False,Remote
CAN11420,40-49,7,Bachelor,Berlin,True,Hybrid
CAN11421,50+,8,Bachelor,Outside Germany,True,Hybrid
CAN11422,30-39,8,Vocational training,Frankfurt,False,No preference
CAN11423,40-49,3,Bachelor,Munich,False,No preference
CAN11424,30-39,8,Bachelor,Other Germany,False,Remote
CAN11425,30-39,7,Vocational training,Frankfurt,False,Hybrid
CAN11426,40-49,9,Bachelor,Other Germany,True,On-site
CAN11427,40-49,4,Other,Frankfurt,False,Remote
CAN11428,50+,13,Vocational training,Munich,True,No preference
CAN11429,30-39,6,Bachelor,Other Germany,False,Remote
CAN11430,30-39,2,Master,Cologne,True,Hybrid
CAN11431,20-29,6,Vocational training,Other Germany,False,Remote
CAN11432,40-49,16,Master,Other Germany,False,Hybrid
CAN11433,30-39,4,Bachelor,Berlin,True,Remote
CAN11434,50+,15,Master,Cologne,False,No preference
CAN11435,20-29,5,Bachelor,Other Germany,True,Hybrid
CAN11436,40-49,1,Bachelor,Other Germany,False,Hybrid
CAN11437,40-49,1,Vocational training,Berlin,True,Hybrid
CAN11438,30-39,4,Bachelor,Berlin,True,Remote
CAN11439,40-49,14,Bachelor,Berlin,False,Hybrid
CAN11440,30-39,9,Bachelor,Other Germany,True,Hybrid
CAN11441,40-49,6,Vocational training,Berlin,False,Remote
CAN11442,40-49,13,Vocational training,Frankfurt,False,Hybrid
CAN11443,20-29,1,Bachelor,Frankfurt,False,Hybrid
CAN11444,30-39,7,Bachelor,Hamburg,False,Remote
CAN11445,40-49,2,Vocational training,Berlin,True,Hybrid
CAN11446,40-49,3,Vocational training,Munich,True,On-site
CAN11447,30-39,2,Bachelor,Frankfurt,False,No preference
CAN11448,30-39,2,Master,Hamburg,False,Hybrid
CAN11449,20-29,3,Bachelor,Munich,False,Remote
CAN11450,50+,9,Vocational training,Other Germany,True,Remote
CAN11451,20-29,6,Vocational training,Frankfurt,False,Hybrid
CAN11452,30-39,1,Vocational training,Other Germany,False,Remote
CAN11453,30-39,1,Vocational training,Frankfurt,False,Hybrid
CAN11454,20-29,1,Vocational training,Other Germany,False,On-site
CAN11455,20-29,7,Bachelor,Munich,True,On-site
CAN11456,30-39,9,Bachelor,Hamburg,True,On-site
CAN11457,40-49,11,Bachelor,Frankfurt,False,Hybrid
CAN11458,30-39,5,Vocational training,Munich,False,Hybrid
CAN11459,30-39,7,Doctorate,Berlin,True,Hybrid
CAN11460,50+,12,Vocational training,Frankfurt,False,Hybrid
CAN11461,30-39,3,Bachelor,Cologne,False,Hybrid
CAN11462,30-39,6,Vocational training,Other Germany,False,Hybrid
CAN11463,40-49,1,Bachelor,Berlin,False,Hybrid
CAN11464,30-39,7,Vocational training,Other Germany,False,No preference
CAN11465,40-49,9,Bachelor,Berlin,False,No preference
CAN11466,50+,19,Vocational training,Frankfurt,True,Remote
CAN11467,20-29,4,Bachelor,Other Germany,False,Hybrid
CAN11468,40-49,9,Master,Other Germany,False,No preference
CAN11469,30-39,5,Other,Berlin,False,Hybrid
CAN11470,40-49,0,Bachelor,Other Germany,False,On-site
CAN11471,30-39,1,Vocational training,Hamburg,True,Hybrid
CAN11472,20-29,1,Master,Other Germany,False,On-site
CAN11473,30-39,4,Bachelor,Hamburg,True,Hybrid
CAN11474,40-49,11,Doctorate,Outside Germany,False,Hybrid
CAN11475,30-39,4,Vocational training,Hamburg,True,No preference
CAN11476,50+,11,Doctorate,Other Germany,False,On-site
CAN11477,20-29,2,Master,Frankfurt,True,On-site
CAN11478,40-49,25,Bachelor,,True,Hybrid
CAN11479,30-39,3,Vocational training,Frankfurt,False,Hybrid
CAN11480,30-39,1,Vocational training,Munich,True,No preference
CAN11481,30-39,3,Vocational training,Cologne,True,Hybrid
CAN11482,50+,21,Vocational training,Outside Germany,False,Hybrid
CAN11483,20-29,10,Bachelor,Frankfurt,False,Remote
CAN11484,20-29,2,Doctorate,Hamburg,False,Hybrid
CAN11485,20-29,9,Master,Frankfurt,False,Hybrid
CAN11486,20-29,2,Bachelor,Frankfurt,True,Hybrid
CAN11487,30-39,15,Vocational training,Other Germany,False,Hybrid
CAN11488,20-29,10,Other,Cologne,False,Hybrid
CAN11489,30-39,5,Master,Munich,False,Remote
CAN11490,30-39,1,Master,Hamburg,False,No preference
CAN11491,50+,17,Master,Other Germany,True,No preference
CAN11492,20-29,3,Master,Frankfurt,False,Remote
CAN11493,40-49,16,Vocational training,Munich,False,Remote
CAN11494,40-49,1,Other,Berlin,False,Hybrid
CAN11495,50+,6,Vocational training,Berlin,True,Hybrid
CAN11496,30-39,1,Vocational training,Frankfurt,False,No preference
CAN11497,20-29,2,Master,Other Germany,False,Hybrid
CAN11498,30-39,9,Bachelor,Other Germany,True,No preference
CAN11499,50+,12,Vocational training,Berlin,False,Hybrid
CAN11500,40-49,5,Bachelor,Hamburg,False,No preference
CAN11501,40-49,24,Bachelor,Hamburg,False,Hybrid
CAN11502,30-39,10,Master,Frankfurt,True,Hybrid
CAN11503,50+,25,Master,Frankfurt,False,Hybrid
CAN11504,30-39,4,Vocational training,Other Germany,False,Hybrid
CAN11505,50+,13,Vocational training,Frankfurt,False,Remote
CAN11506,20-29,4,Vocational training,Other Germany,True,Hybrid
CAN11507,30-39,9,Bachelor,Frankfurt,True,Remote
CAN11508,40-49,2,Vocational training,Other Germany,False,Hybrid
CAN11509,30-39,6,Other,Cologne,False,Hybrid
CAN11510,50+,7,Other,Hamburg,False,Hybrid
CAN11511,40-49,6,Master,Outside Germany,False,Hybrid
CAN11512,20-29,0,Vocational training,Other Germany,False,Remote
CAN11513,40-49,9,Vocational training,Other Germany,True,Hybrid
CAN11514,20-29,6,Vocational training,Hamburg,False,Remote
CAN11515,30-39,1,Bachelor,Other Germany,False,No preference
CAN11516,20-29,4,Bachelor,Frankfurt,False,On-site
CAN11517,40-49,6,Master,Frankfurt,True,Hybrid
CAN11518,40-49,7,Other,Frankfurt,True,On-site
CAN11519,20-29,1,Doctorate,Other Germany,False,Remote
CAN11520,30-39,9,Bachelor,Munich,False,No preference
CAN11521,40-49,12,Other,Berlin,False,On-site
CAN11522,40-49,7,Bachelor,Other Germany,False,Remote
CAN11523,30-39,7,Master,Frankfurt,False,Remote
CAN11524,50+,21,Master,Frankfurt,False,On-site
CAN11525,40-49,3,Bachelor,Other Germany,True,On-site
CAN11526,20-29,4,Vocational training,Outside Germany,True,Hybrid
CAN11527,40-49,2,Other,Berlin,False,No preference
CAN11528,40-49,1,Bachelor,Other Germany,False,Hybrid
CAN11529,20-29,2,Bachelor,Munich,True,No preference
CAN11530,40-49,3,Vocational training,Hamburg,False,Hybrid
CAN11531,40-49,12,Master,Berlin,False,Remote
CAN11532,40-49,3,Other,Other Germany,True,Remote
CAN11533,30-39,7,Vocational training,Berlin,False,On-site
CAN11534,40-49,5,Bachelor,Munich,False,Hybrid
CAN11535,40-49,8,Bachelor,Munich,False,Hybrid
CAN11536,20-29,4,Bachelor,Frankfurt,False,No preference
CAN11537,20-29,1,Bachelor,,True,No preference
CAN11538,20-29,6,Vocational training,Munich,False,On-site
CAN11539,20-29,2,Master,Berlin,True,Remote
CAN11540,30-39,7,Vocational training,Cologne,True,No preference
CAN11541,20-29,2,Master,Frankfurt,True,Hybrid
CAN11542,30-39,4,Bachelor,Hamburg,False,Hybrid
CAN11543,20-29,2,Vocational training,Berlin,True,Hybrid
CAN11544,40-49,5,Vocational training,Frankfurt,False,No preference
CAN11545,30-39,1,Vocational training,Munich,True,Hybrid
CAN11546,50+,13,Bachelor,Cologne,False,Remote
CAN11547,30-39,8,Bachelor,Frankfurt,False,Hybrid
CAN11548,30-39,14,Other,Munich,True,Remote
CAN11549,30-39,8,Vocational training,Hamburg,False,Hybrid
CAN11550,30-39,5,Master,Munich,True,Remote
CAN11551,20-29,7,Vocational training,Hamburg,False,Remote
CAN11552,20-29,4,Bachelor,Frankfurt,False,Hybrid
CAN11553,40-49,5,Vocational training,Cologne,False,Remote
CAN11554,50+,9,Vocational training,Munich,False,Hybrid
CAN11555,40-49,5,Master,Munich,False,Hybrid
CAN11556,30-39,0,Bachelor,Frankfurt,False,Remote
CAN11557,40-49,7,Vocational training,Berlin,False,Remote
CAN11558,30-39,11,Master,Outside Germany,False,Hybrid
CAN11559,40-49,11,Vocational training,Berlin,False,Remote
CAN11560,50+,11,Bachelor,Other Germany,False,Remote
CAN11561,40-49,18,Vocational training,Frankfurt,False,Hybrid
CAN11562,30-39,12,Bachelor,Other Germany,False,Hybrid
CAN11563,40-49,5,Bachelor,Berlin,True,On-site
CAN11564,40-49,10,Master,Other Germany,False,On-site
CAN11565,20-29,2,Master,,False,Hybrid
CAN11566,40-49,5,Vocational training,Hamburg,False,Remote
CAN11567,50+,8,Bachelor,Berlin,True,Hybrid
CAN11568,40-49,5,Master,Cologne,False,No preference
CAN11569,20-29,4,Vocational training,Other Germany,True,On-site
CAN11570,30-39,15,Master,Other Germany,False,Remote
CAN11571,20-29,1,Bachelor,Hamburg,True,Hybrid
CAN11572,20-29,2,Other,Hamburg,False,Hybrid
CAN11573,50+,9,Other,Berlin,False,No preference
CAN11574,20-29,4,Master,Hamburg,True,On-site
CAN11575,30-39,2,Other,Frankfurt,False,Remote
CAN11576,30-39,13,Vocational training,Hamburg,False,On-site
CAN11577,40-49,3,Other,Frankfurt,False,Hybrid
CAN11578,20-29,5,Doctorate,Cologne,False,No preference
CAN11579,50+,7,Other,Berlin,True,Remote
CAN11580,40-49,7,Master,Other Germany,False,Hybrid
CAN11581,40-49,6,Vocational training,Frankfurt,True,On-site
CAN11582,50+,13,Vocational training,Frankfurt,True,Hybrid
CAN11583,30-39,5,Vocational training,Frankfurt,False,Hybrid
CAN11584,30-39,4,Vocational training,Berlin,True,Hybrid
CAN11585,40-49,8,Master,Outside Germany,False,Hybrid
CAN11586,30-39,5,Bachelor,Munich,False,Hybrid
CAN11587,20-29,3,Vocational training,Berlin,True,Hybrid
CAN11588,50+,7,Vocational training,Hamburg,False,Remote
CAN11589,30-39,10,Vocational training,Hamburg,False,No preference
CAN11590,20-29,5,Other,Munich,False,Remote
CAN11591,20-29,4,Bachelor,Other Germany,True,Hybrid
CAN11592,40-49,4,Master,Munich,False,Remote
CAN11593,40-49,6,Bachelor,Berlin,True,Remote
CAN11594,40-49,5,Master,Hamburg,False,Hybrid
CAN11595,20-29,2,Bachelor,Cologne,False,Remote
CAN11596,40-49,3,Master,Frankfurt,True,Hybrid
CAN11597,30-39,6,Other,Other Germany,False,No preference
CAN11598,30-39,5,Vocational training,Munich,True,Hybrid
CAN11599,30-39,5,Bachelor,Other Germany,False,Hybrid
CAN11600,40-49,10,Vocational training,Berlin,False,Remote
CAN11601,40-49,4,Vocational training,Hamburg,True,Hybrid
CAN11602,30-39,1,Vocational training,Munich,False,No preference
CAN11603,40-49,9,Master,Frankfurt,False,Hybrid
CAN11604,20-29,3,Master,Other Germany,False,Remote
CAN11605,40-49,3,Bachelor,Outside Germany,False,Hybrid
CAN11606,20-29,3,Vocational training,Hamburg,True,Remote
CAN11607,30-39,3,Vocational training,Other Germany,False,Remote
CAN11608,40-49,4,Master,Berlin,False,Hybrid
CAN11609,40-49,5,Other,Frankfurt,False,Hybrid
CAN11610,50+,16,Vocational training,Hamburg,False,Remote
CAN11611,20-29,2,Bachelor,Berlin,True,Hybrid
CAN11612,40-49,7,Bachelor,Frankfurt,False,Remote
CAN11613,40-49,3,Master,Cologne,True,No preference
CAN11614,50+,8,Other,Other Germany,False,Hybrid
CAN11615,40-49,3,Vocational training,Other Germany,False,Hybrid
CAN11616,20-29,7,Master,Other Germany,True,Hybrid
CAN11617,50+,15,Master,Other Germany,True,Hybrid
CAN11618,40-49,5,Vocational training,Frankfurt,True,Hybrid
CAN11619,30-39,13,Vocational training,Outside Germany,False,Hybrid
CAN11620,30-39,4,Bachelor,Other Germany,False,Hybrid
CAN11621,20-29,2,Vocational training,Berlin,True,On-site
CAN11622,30-39,6,Vocational training,Other Germany,True,Hybrid
CAN11623,30-39,7,Bachelor,Munich,False,Remote
CAN11624,30-39,3,Other,Frankfurt,True,Remote
CAN11625,30-39,7,Master,Hamburg,False,Remote
CAN11626,40-49,5,Bachelor,Frankfurt,False,Remote
CAN11627,20-29,2,Bachelor,Outside Germany,True,Hybrid
CAN11628,50+,9,Vocational training,Hamburg,False,No preference
CAN11629,20-29,5,Vocational training,Cologne,True,Remote
CAN11630,20-29,7,Vocational training,Other Germany,True,Hybrid
CAN11631,40-49,6,Bachelor,Other Germany,False,Hybrid
CAN11632,40-49,9,Vocational training,Hamburg,True,On-site
CAN11633,30-39,4,Bachelor,Other Germany,True,Hybrid
CAN11634,30-39,1,Vocational training,Other Germany,False,Remote
CAN11635,30-39,7,Vocational training,Frankfurt,True,Remote
CAN11636,40-49,18,Bachelor,Berlin,True,Hybrid
CAN11637,20-29,4,Bachelor,Hamburg,False,Hybrid
CAN11638,30-39,3,Master,Cologne,False,Hybrid
CAN11639,20-29,2,Master,Other Germany,True,Hybrid
CAN11640,50+,15,Vocational training,Berlin,True,Hybrid
CAN11641,40-49,7,Vocational training,Cologne,True,Hybrid
CAN11642,20-29,6,Bachelor,Frankfurt,True,Hybrid
CAN11643,30-39,1,Bachelor,Frankfurt,False,On-site
CAN11644,40-49,4,Vocational training,Frankfurt,True,Hybrid
CAN11645,30-39,3,Other,Other Germany,False,No preference
CAN11646,20-29,0,Bachelor,Other Germany,True,No preference
CAN11647,30-39,0,Master,Other Germany,False,Remote
CAN11648,40-49,8,Master,,False,Remote
CAN11649,40-49,5,Vocational training,Frankfurt,False,No preference
CAN11650,50+,19,Master,Berlin,False,Hybrid
CAN11651,30-39,4,Bachelor,Other Germany,True,Hybrid
CAN11652,50+,11,Other,Hamburg,False,No preference
CAN11653,50+,14,Bachelor,Munich,False,Hybrid
CAN11654,20-29,7,Other,Frankfurt,False,On-site
CAN11655,40-49,9,Master,Cologne,True,Hybrid
CAN11656,20-29,4,Bachelor,Other Germany,False,Hybrid
CAN11657,40-49,14,Vocational training,Outside Germany,False,Hybrid
CAN11658,30-39,3,Master,Other Germany,True,Remote
CAN11659,40-49,2,Bachelor,Outside Germany,True,Remote
CAN11660,20-29,3,Other,Cologne,True,Hybrid
CAN11661,50+,9,Bachelor,Other Germany,False,No preference
CAN11662,30-39,2,Vocational training,Cologne,False,Remote
CAN11663,20-29,8,Master,Berlin,False,Remote
CAN11664,20-29,5,Vocational training,Cologne,False,Hybrid
CAN11665,30-39,8,Master,Munich,False,Remote
CAN11666,30-39,4,Master,Berlin,True,On-site
CAN11667,40-49,6,Vocational training,Berlin,False,Hybrid
CAN11668,40-49,5,Master,Frankfurt,False,Hybrid
CAN11669,40-49,4,Bachelor,Munich,False,Hybrid
CAN11670,30-39,1,Bachelor,Hamburg,True,Hybrid
CAN11671,20-29,2,Bachelor,Other Germany,True,Hybrid
CAN11672,40-49,3,Master,Munich,False,Remote
CAN11673,40-49,14,Vocational training,Munich,True,On-site
CAN11674,20-29,6,Bachelor,Frankfurt,True,Hybrid
CAN11675,20-29,5,Master,Other Germany,False,Hybrid
CAN11676,30-39,4,Master,Munich,True,Hybrid
CAN11677,40-49,10,Master,Outside Germany,True,Hybrid
CAN11678,40-49,2,Vocational training,Other Germany,True,Hybrid
CAN11679,50+,7,Master,Munich,True,No preference
CAN11680,20-29,6,Bachelor,Frankfurt,False,Hybrid
CAN11681,20-29,2,Vocational training,Frankfurt,False,No preference
CAN11682,40-49,8,Vocational training,Munich,False,Remote
CAN11683,40-49,5,Bachelor,Berlin,False,No preference
CAN11684,40-49,8,Other,Other Germany,False,No preference
CAN11685,30-39,3,Bachelor,Other Germany,True,Hybrid
CAN11686,40-49,5,Vocational training,Frankfurt,False,On-site
CAN11687,40-49,2,Master,Munich,False,No preference
CAN11688,40-49,7,Other,Other Germany,True,Hybrid
CAN11689,20-29,3,Bachelor,Munich,False,Hybrid
CAN11690,30-39,8,Vocational training,Other Germany,False,Remote
CAN11691,20-29,1,Vocational training,Other Germany,False,Hybrid
CAN11692,40-49,4,Other,Frankfurt,False,Hybrid
CAN11693,20-29,3,Vocational training,Cologne,False,Remote
CAN11694,20-29,2,Bachelor,Cologne,True,Hybrid
CAN11695,30-39,3,Bachelor,Munich,True,Hybrid
CAN11696,30-39,8,Bachelor,Berlin,True,No preference
CAN11697,30-39,3,Bachelor,Berlin,False,Remote
CAN11698,40-49,10,Vocational training,Cologne,False,No preference
CAN11699,40-49,15,Bachelor,Berlin,False,Hybrid
CAN11700,50+,15,Master,Munich,False,Hybrid
CAN11701,30-39,7,Bachelor,Munich,False,Remote
CAN11702,40-49,19,Master,Other Germany,True,Hybrid
CAN11703,40-49,1,Master,Frankfurt,False,Hybrid
CAN11704,40-49,12,Vocational training,Other Germany,False,Hybrid
CAN11705,20-29,8,Vocational training,Hamburg,True,Hybrid
CAN11706,40-49,7,Vocational training,Munich,False,On-site
CAN11707,30-39,9,Master,Hamburg,False,On-site
CAN11708,30-39,2,Master,Hamburg,True,Hybrid
CAN11709,50+,15,Master,Frankfurt,True,Hybrid
CAN11710,40-49,6,Bachelor,Frankfurt,False,No preference
CAN11711,50+,13,Master,Other Germany,False,Hybrid
CAN11712,30-39,8,Bachelor,Hamburg,True,Hybrid
CAN11713,20-29,2,Bachelor,Frankfurt,True,Remote
CAN11714,20-29,4,Bachelor,Frankfurt,False,Remote
CAN11715,30-39,5,Master,Cologne,False,Hybrid
CAN11716,30-39,3,Master,Other Germany,False,Hybrid
CAN11717,30-39,6,Vocational training,Other Germany,True,Remote
CAN11718,50+,8,Vocational training,Other Germany,False,On-site
CAN11719,40-49,11,Vocational training,Other Germany,False,Hybrid
CAN11720,40-49,0,Bachelor,Other Germany,False,Hybrid
CAN11721,40-49,3,Vocational training,Berlin,False,Hybrid
CAN11722,50+,17,Master,Cologne,False,Remote
CAN11723,40-49,7,Vocational training,Hamburg,False,On-site
CAN11724,40-49,7,Bachelor,Other Germany,False,On-site
CAN11725,30-39,4,Master,Other Germany,False,On-site
CAN11726,50+,7,Bachelor,Munich,False,Hybrid
CAN11727,30-39,11,Bachelor,Berlin,False,Hybrid
CAN11728,40-49,5,Other,Cologne,True,Remote
CAN11729,30-39,2,Bachelor,Frankfurt,False,Hybrid
CAN11730,30-39,5,Vocational training,Other Germany,False,No preference
CAN11731,20-29,7,Bachelor,Frankfurt,True,Hybrid
CAN11732,40-49,4,Master,Berlin,False,Remote
CAN11733,50+,13,Vocational training,Other Germany,False,Remote
CAN11734,40-49,7,Bachelor,Hamburg,False,No preference
CAN11735,20-29,3,Vocational training,Other Germany,False,Hybrid
CAN11736,30-39,5,Vocational training,Other Germany,True,Hybrid
CAN11737,50+,14,Bachelor,Outside Germany,False,Remote
CAN11738,30-39,2,Vocational training,Berlin,True,Remote
CAN11739,50+,12,Bachelor,Berlin,False,On-site
CAN11740,30-39,5,Vocational training,Berlin,True,No preference
CAN11741,40-49,6,Vocational training,Other Germany,True,Hybrid
CAN11742,20-29,3,Master,Berlin,False,Hybrid
CAN11743,50+,7,Doctorate,Outside Germany,False,Remote
CAN11744,30-39,3,Vocational training,Other Germany,False,On-site
CAN11745,20-29,2,Vocational training,Other Germany,True,Hybrid
CAN11746,30-39,6,Bachelor,Hamburg,False,On-site
CAN11747,50+,9,Bachelor,Berlin,False,Remote
CAN11748,30-39,8,Vocational training,Frankfurt,False,Hybrid
CAN11749,50+,15,Vocational training,Hamburg,False,Remote
CAN11750,20-29,7,Bachelor,Other Germany,False,Hybrid
CAN11751,30-39,3,Bachelor,Frankfurt,True,On-site
CAN11752,50+,12,Vocational training,Berlin,True,Remote
CAN11753,40-49,4,Master,Cologne,False,Hybrid
CAN11754,40-49,9,Vocational training,Other Germany,True,Remote
CAN11755,50+,10,Bachelor,Munich,False,No preference
CAN11756,30-39,4,Bachelor,Hamburg,True,Hybrid
CAN11757,20-29,2,Doctorate,Cologne,False,No preference
CAN11758,30-39,3,Bachelor,Frankfurt,False,Hybrid
CAN11759,30-39,1,Vocational training,Berlin,True,Hybrid
CAN11760,20-29,1,Vocational training,Munich,False,No preference
CAN11761,30-39,1,Master,Berlin,True,Hybrid
CAN11762,30-39,8,Vocational training,Frankfurt,False,Hybrid
CAN11763,30-39,5,Bachelor,Other Germany,False,On-site
CAN11764,30-39,10,Master,Other Germany,False,Hybrid
CAN11765,40-49,7,Master,Frankfurt,True,No preference
CAN11766,40-49,3,Bachelor,Frankfurt,False,Remote
CAN11767,30-39,3,Master,Other Germany,False,Remote
CAN11768,30-39,11,Bachelor,Outside Germany,True,Remote
CAN11769,30-39,5,Other,Other Germany,True,Hybrid
CAN11770,30-39,2,Vocational training,Cologne,True,Remote
CAN11771,30-39,1,Vocational training,Berlin,False,On-site
CAN11772,30-39,7,Vocational training,Hamburg,True,No preference
CAN11773,40-49,12,Master,Hamburg,True,Hybrid
CAN11774,40-49,13,Other,Other Germany,False,Hybrid
CAN11775,30-39,11,Master,Other Germany,True,On-site
CAN11776,40-49,5,Bachelor,,False,Hybrid
CAN11777,40-49,3,Master,Hamburg,False,Hybrid
CAN11778,50+,9,Bachelor,Cologne,True,On-site
CAN11779,30-39,5,Other,Hamburg,False,Remote
CAN11780,50+,23,Master,Outside Germany,True,No preference
CAN11781,20-29,6,Bachelor,Other Germany,False,Hybrid
CAN11782,40-49,2,Vocational training,Berlin,True,Hybrid
CAN11783,40-49,13,Vocational training,Berlin,False,Hybrid
CAN11784,50+,8,Vocational training,Other Germany,True,Hybrid
CAN11785,40-49,11,Vocational training,Cologne,True,Hybrid
CAN11786,40-49,2,Vocational training,Outside Germany,True,Hybrid
CAN11787,30-39,8,Bachelor,Other Germany,False,Hybrid
CAN11788,30-39,9,Vocational training,Berlin,True,No preference
CAN11789,20-29,6,Bachelor,Cologne,True,No preference
CAN11790,40-49,7,Vocational training,Frankfurt,True,On-site
CAN11791,30-39,4,Master,Munich,True,Hybrid
CAN11792,40-49,13,Vocational training,Berlin,False,Hybrid
CAN11793,30-39,11,Bachelor,Other Germany,True,Hybrid
CAN11794,20-29,3,Bachelor,Other Germany,True,Remote
CAN11795,30-39,1,Vocational training,Frankfurt,False,On-site
CAN11796,30-39,3,Master,Berlin,False,Hybrid
CAN11797,30-39,8,Master,Other Germany,False,Hybrid
CAN11798,40-49,5,Master,Other Germany,False,Hybrid
CAN11799,40-49,1,Vocational training,Other Germany,False,No preference
CAN11800,20-29,2,Bachelor,Other Germany,False,Hybrid
CAN11801,30-39,1,Other,Hamburg,False,Remote
CAN11802,20-29,2,Bachelor,Frankfurt,False,Hybrid
CAN11803,40-49,4,Other,Frankfurt,True,On-site
CAN11804,40-49,7,Vocational training,Frankfurt,False,Remote
CAN11805,20-29,1,Master,Berlin,False,Remote
CAN11806,30-39,9,Bachelor,Other Germany,False,On-site
CAN11807,30-39,10,Vocational training,Outside Germany,False,Hybrid
CAN11808,30-39,8,Bachelor,Cologne,False,Remote
CAN11809,30-39,4,Other,Berlin,False,No preference
CAN11810,40-49,23,Vocational training,Berlin,False,Hybrid
CAN11811,20-29,2,Bachelor,Munich,True,Hybrid
CAN11812,30-39,7,Other,Other Germany,False,No preference
CAN11813,40-49,4,Doctorate,Cologne,False,Hybrid
CAN11814,40-49,8,Master,Berlin,False,Remote
CAN11815,40-49,17,Bachelor,Frankfurt,True,Remote
CAN11816,40-49,7,Vocational training,Cologne,False,Remote
CAN11817,40-49,7,Vocational training,Munich,False,Hybrid
CAN11818,30-39,8,Bachelor,Other Germany,False,No preference
CAN11819,50+,12,Other,Berlin,True,Hybrid
CAN11820,40-49,2,Bachelor,Berlin,False,Hybrid
CAN11821,30-39,13,Master,Outside Germany,False,No preference
CAN11822,30-39,1,Doctorate,Frankfurt,False,Hybrid
CAN11823,40-49,2,Master,Other Germany,False,No preference
CAN11824,40-49,7,Master,Frankfurt,True,Hybrid
CAN11825,50+,16,Vocational training,Cologne,False,Hybrid
CAN11826,30-39,10,Master,Other Germany,False,No preference
CAN11827,30-39,6,Master,Berlin,False,No preference
CAN11828,20-29,6,Bachelor,Outside Germany,False,On-site
CAN11829,20-29,3,Bachelor,,False,Hybrid
CAN11830,30-39,8,Master,Other Germany,False,No preference
CAN11831,40-49,9,Bachelor,Other Germany,True,Hybrid
CAN11832,40-49,1,Bachelor,Hamburg,False,Remote
CAN11833,30-39,1,Master,Frankfurt,True,On-site
CAN11834,30-39,1,Bachelor,Frankfurt,False,Hybrid
CAN11835,50+,20,Bachelor,Frankfurt,True,Hybrid
CAN11836,20-29,0,Vocational training,Berlin,False,Hybrid
CAN11837,30-39,1,Vocational training,Outside Germany,True,Remote
CAN11838,30-39,4,Other,Hamburg,True,Remote
CAN11839,50+,13,Doctorate,Frankfurt,True,On-site
CAN11840,30-39,0,Vocational training,Other Germany,True,On-site
CAN11841,20-29,4,Bachelor,Cologne,False,Remote
CAN11842,50+,17,Vocational training,Hamburg,False,On-site
CAN11843,30-39,11,Other,Berlin,True,Hybrid
CAN11844,40-49,3,Vocational training,Munich,True,Hybrid
CAN11845,40-49,9,Master,Munich,True,Remote
CAN11846,40-49,11,Vocational training,Other Germany,False,No preference
CAN11847,20-29,5,Bachelor,Munich,True,No preference
CAN11848,40-49,13,Bachelor,Hamburg,False,Hybrid
CAN11849,40-49,6,Vocational training,Berlin,True,Hybrid
CAN11850,40-49,2,Vocational training,Berlin,False,Remote
CAN11851,40-49,10,Other,Cologne,False,Hybrid
CAN11852,20-29,1,Vocational training,Berlin,True,On-site
CAN11853,40-49,5,Vocational training,Munich,True,Hybrid
CAN11854,30-39,4,Vocational training,Munich,False,No preference
CAN11855,30-39,1,Vocational training,Hamburg,False,No preference
CAN11856,20-29,3,Master,Other Germany,True,On-site
CAN11857,20-29,1,Vocational training,Munich,True,Hybrid
CAN11858,30-39,10,Vocational training,Hamburg,False,Remote
CAN11859,40-49,11,Master,Other Germany,False,No preference
CAN11860,40-49,4,Bachelor,Outside Germany,False,Remote
CAN11861,30-39,7,Vocational training,Other Germany,True,Remote
CAN11862,40-49,1,Master,Other Germany,True,Hybrid
CAN11863,50+,13,Bachelor,Munich,False,Remote
CAN11864,20-29,3,Vocational training,Hamburg,True,Remote
CAN11865,30-39,14,Master,Frankfurt,False,Remote
CAN11866,30-39,8,Bachelor,Other Germany,True,Hybrid
CAN11867,30-39,5,Other,,False,Hybrid
CAN11868,40-49,4,Master,Munich,True,Remote
CAN11869,20-29,2,Vocational training,Munich,False,No preference
CAN11870,20-29,5,Master,Other Germany,True,Hybrid
CAN11871,30-39,9,Master,Other Germany,False,No preference
CAN11872,20-29,4,Bachelor,Other Germany,False,Hybrid
CAN11873,40-49,3,Other,Frankfurt,True,On-site
CAN11874,30-39,4,Vocational training,Other Germany,True,Hybrid
CAN11875,50+,21,Master,Frankfurt,False,Hybrid
CAN11876,20-29,2,Bachelor,Frankfurt,False,Hybrid
CAN11877,30-39,4,Master,Frankfurt,False,No preference
CAN11878,40-49,5,Bachelor,Outside Germany,True,Remote
CAN11879,30-39,13,Bachelor,Berlin,True,Hybrid
CAN11880,40-49,4,Vocational training,Other Germany,False,No preference
CAN11881,40-49,11,Master,Frankfurt,False,Remote
CAN11882,30-39,12,Master,Frankfurt,False,Hybrid
CAN11883,40-49,16,Bachelor,Other Germany,False,Remote
CAN11884,20-29,7,Bachelor,Hamburg,False,Hybrid
CAN11885,40-49,15,Bachelor,Other Germany,False,Hybrid
CAN11886,20-29,2,Bachelor,Other Germany,False,Hybrid
CAN11887,40-49,7,Vocational training,Other Germany,False,Remote
CAN11888,30-39,3,Bachelor,Frankfurt,False,Hybrid
CAN11889,30-39,9,Bachelor,Berlin,False,No preference
CAN11890,30-39,13,Bachelor,Outside Germany,False,No preference
CAN11891,40-49,8,Vocational training,Munich,True,Hybrid
CAN11892,50+,14,Bachelor,Other Germany,False,Remote
CAN11893,40-49,0,Vocational training,Other Germany,False,Hybrid
CAN11894,20-29,4,Master,Frankfurt,True,Remote
CAN11895,30-39,8,Master,Munich,False,Hybrid
CAN11896,50+,13,Vocational training,Munich,False,Hybrid
CAN11897,30-39,11,Master,Hamburg,False,Hybrid
CAN11898,30-39,12,Vocational training,Berlin,True,On-site
CAN11899,40-49,1,Master,Frankfurt,False,Remote
CAN11900,30-39,15,Master,Munich,False,Remote
CAN11901,30-39,1,Vocational training,Outside Germany,False,Hybrid
CAN11902,40-49,1,Master,Berlin,True,Hybrid
CAN11903,20-29,10,Vocational training,Berlin,True,Remote
CAN11904,50+,15,Other,Frankfurt,False,Remote
CAN11905,40-49,4,Vocational training,Outside Germany,False,Hybrid
CAN11906,40-49,2,Master,Berlin,False,Hybrid
CAN11907,40-49,5,Master,Berlin,False,Remote
CAN11908,20-29,1,Master,Other Germany,False,Remote
CAN11909,30-39,7,Master,Frankfurt,False,Remote
CAN11910,30-39,4,Bachelor,Other Germany,False,No preference
CAN11911,50+,15,Vocational training,Berlin,False,Remote
CAN11912,30-39,4,Master,Frankfurt,True,Remote
CAN11913,40-49,2,Bachelor,Hamburg,True,Hybrid
CAN11914,30-39,4,Bachelor,Other Germany,False,Remote
CAN11915,30-39,8,Bachelor,Berlin,False,Remote
CAN11916,40-49,10,Master,Other Germany,True,Hybrid
CAN11917,40-49,2,Bachelor,Munich,False,Hybrid
CAN11918,30-39,12,Bachelor,Berlin,False,Remote
CAN11919,30-39,4,Master,Frankfurt,True,Remote
CAN11920,40-49,19,Master,Other Germany,False,Hybrid
CAN11921,30-39,4,Bachelor,Other Germany,True,Hybrid
CAN11922,40-49,7,Bachelor,Other Germany,False,No preference
CAN11923,40-49,5,Vocational training,Hamburg,False,Remote
CAN11924,20-29,0,Vocational training,Frankfurt,False,Hybrid
CAN11925,50+,7,Vocational training,Other Germany,False,Remote
CAN11926,30-39,3,Other,Frankfurt,False,Hybrid
CAN11927,40-49,18,Master,Munich,False,Hybrid
CAN11928,30-39,7,Bachelor,Berlin,False,On-site
CAN11929,20-29,7,Master,Berlin,False,Hybrid
CAN11930,30-39,5,Bachelor,Berlin,False,Hybrid
CAN11931,30-39,2,Vocational training,Cologne,False,Hybrid
CAN11932,20-29,1,Master,Hamburg,False,Hybrid
CAN11933,50+,13,Bachelor,Berlin,False,Remote
CAN11934,30-39,2,Bachelor,Hamburg,False,On-site
CAN11935,30-39,6,Bachelor,Berlin,False,Hybrid
CAN11936,50+,10,Vocational training,Outside Germany,False,Hybrid
CAN11937,20-29,3,Bachelor,Other Germany,True,Remote
CAN11938,40-49,11,Vocational training,Other Germany,False,Hybrid
CAN11939,20-29,4,Vocational training,Frankfurt,True,Hybrid
CAN11940,50+,22,Bachelor,Frankfurt,True,Remote
CAN11941,20-29,0,Bachelor,Hamburg,True,Hybrid
CAN11942,30-39,6,Master,Munich,True,No preference
CAN11943,40-49,2,Bachelor,Other Germany,False,Remote
CAN11944,40-49,2,Bachelor,Frankfurt,False,Hybrid
CAN11945,20-29,4,Vocational training,Other Germany,False,No preference
CAN11946,30-39,17,Vocational training,Munich,True,On-site
CAN11947,30-39,4,Bachelor,Berlin,False,Hybrid
CAN11948,20-29,5,Master,Other Germany,True,Remote
CAN11949,40-49,7,Master,Other Germany,False,No preference
CAN11950,30-39,4,Vocational training,Frankfurt,False,Hybrid
CAN11951,40-49,1,Bachelor,Frankfurt,False,On-site
CAN11952,20-29,5,Bachelor,Frankfurt,False,Hybrid
CAN11953,40-49,4,Bachelor,Hamburg,True,Remote
CAN11954,30-39,1,Bachelor,Frankfurt,True,No preference
CAN11955,30-39,4,Other,Cologne,False,No preference
CAN11956,40-49,4,Vocational training,Other Germany,False,Hybrid
CAN11957,20-29,3,Bachelor,Outside Germany,True,Hybrid
CAN11958,20-29,3,Master,Berlin,False,Remote
CAN11959,20-29,3,Bachelor,Berlin,False,Hybrid
CAN11960,30-39,7,Bachelor,Other Germany,False,Remote
CAN11961,30-39,8,Doctorate,Berlin,True,Remote
CAN11962,40-49,8,Vocational training,,False,Hybrid
CAN11963,50+,15,Vocational training,Other Germany,False,Hybrid
CAN11964,30-39,8,Vocational training,Berlin,False,Hybrid
CAN11965,40-49,5,Vocational training,Cologne,True,Hybrid
CAN11966,20-29,3,Master,Frankfurt,False,Remote
CAN11967,40-49,4,Bachelor,Cologne,False,On-site
CAN11968,20-29,5,Vocational training,Berlin,False,Hybrid
CAN11969,30-39,6,Vocational training,Frankfurt,False,Hybrid
CAN11970,50+,14,Master,Other Germany,True,Hybrid
CAN11971,30-39,0,Vocational training,Hamburg,True,No preference
CAN11972,30-39,18,Bachelor,Munich,True,No preference
CAN11973,20-29,1,Bachelor,Frankfurt,False,Hybrid
CAN11974,20-29,3,Master,Frankfurt,False,Hybrid
CAN11975,30-39,12,Vocational training,Other Germany,False,Remote
CAN11976,30-39,13,Bachelor,Munich,False,Remote
CAN11977,50+,23,Vocational training,Hamburg,False,Hybrid
CAN11978,30-39,9,Bachelor,Other Germany,True,Hybrid
CAN11979,20-29,7,Master,Outside Germany,False,Remote
CAN11980,20-29,0,Vocational training,Munich,False,Remote
CAN11981,30-39,13,Bachelor,Munich,False,Hybrid
CAN11982,40-49,4,Master,Other Germany,False,Hybrid
CAN11983,30-39,4,Bachelor,Berlin,False,Hybrid
CAN11984,50+,25,Vocational training,Cologne,True,Remote
CAN11985,30-39,6,Bachelor,Other Germany,False,Hybrid
CAN11986,40-49,3,Bachelor,Frankfurt,True,Remote
CAN11987,40-49,10,Vocational training,Other Germany,True,On-site
CAN11988,20-29,6,Vocational training,Cologne,False,Hybrid
CAN11989,20-29,7,Bachelor,Berlin,False,Remote
CAN11990,50+,20,Vocational training,Other Germany,True,Hybrid
CAN11991,40-49,1,Vocational training,Other Germany,False,Hybrid
CAN11992,40-49,9,Master,Other Germany,True,Hybrid
CAN11993,20-29,4,Vocational training,Frankfurt,True,Hybrid
CAN11994,40-49,14,Other,Other Germany,True,Hybrid
CAN11995,20-29,3,Bachelor,Hamburg,False,Hybrid
CAN11996,40-49,2,Master,Berlin,True,On-site
CAN11997,40-49,5,Vocational training,Munich,True,No preference
CAN11998,30-39,2,Vocational training,Munich,False,Remote
CAN11999,20-29,6,Bachelor,Outside Germany,False,Remote
CAN12000,20-29,4,Vocational training,Berlin,False,Remote
CAN12001,30-39,2,Vocational training,Munich,True,Hybrid
CAN12002,20-29,1,Vocational training,Munich,False,Hybrid
CAN12003,40-49,0,Master,Hamburg,False,Hybrid
CAN12004,30-39,1,Bachelor,Berlin,False,Remote
CAN12005,50+,7,Vocational training,Hamburg,True,Remote
CAN12006,30-39,8,Master,Other Germany,False,On-site
CAN12007,20-29,6,Bachelor,Munich,False,Remote
CAN12008,40-49,1,Master,Other Germany,True,Remote
CAN12009,40-49,8,Vocational training,Berlin,True,Hybrid
CAN12010,40-49,3,Vocational training,Munich,False,Hybrid
CAN12011,40-49,9,Vocational training,Other Germany,True,Hybrid
CAN12012,40-49,4,Vocational training,Other Germany,True,Hybrid
CAN12013,40-49,11,Vocational training,Outside Germany,False,Remote
CAN12014,30-39,8,Vocational training,Cologne,False,Hybrid
CAN12015,30-39,8,Bachelor,Berlin,True,No preference
CAN12016,20-29,3,Bachelor,Frankfurt,False,No preference
CAN12017,30-39,11,Bachelor,Frankfurt,True,Remote
CAN12018,40-49,7,Master,Berlin,False,Hybrid
CAN12019,20-29,5,Master,Frankfurt,True,Hybrid
CAN12020,40-49,10,Bachelor,Munich,False,Hybrid
CAN12021,30-39,3,Bachelor,Frankfurt,True,Remote
CAN12022,30-39,5,Bachelor,Other Germany,False,Hybrid
CAN12023,20-29,2,Vocational training,Other Germany,False,Hybrid
CAN12024,50+,7,Master,Hamburg,True,Remote
CAN12025,30-39,2,Bachelor,Hamburg,False,Hybrid
CAN12026,20-29,7,Master,Munich,False,No preference
CAN12027,40-49,4,Bachelor,Cologne,False,Hybrid
CAN12028,20-29,1,Doctorate,Berlin,False,Hybrid
CAN12029,40-49,8,Bachelor,Other Germany,True,No preference
CAN12030,40-49,21,Bachelor,Hamburg,True,Remote
CAN12031,40-49,7,Vocational training,Munich,True,On-site
CAN12032,30-39,4,Bachelor,Berlin,False,Hybrid
CAN12033,40-49,6,Bachelor,Other Germany,False,No preference
CAN12034,30-39,1,Bachelor,Frankfurt,False,Remote
CAN12035,20-29,8,Vocational training,Frankfurt,True,Hybrid
CAN12036,30-39,10,Master,Other Germany,True,Hybrid
CAN12037,40-49,3,Other,Berlin,True,Remote
CAN12038,30-39,9,Master,Berlin,False,On-site
CAN12039,30-39,11,Vocational training,Cologne,True,Hybrid
CAN12040,20-29,4,Bachelor,Frankfurt,True,Remote
CAN12041,20-29,2,Vocational training,Cologne,True,On-site
CAN12042,30-39,9,Doctorate,Munich,True,Hybrid
CAN12043,40-49,19,Other,Munich,True,Hybrid
CAN12044,30-39,3,Bachelor,Berlin,False,Hybrid
CAN12045,50+,9,Bachelor,Other Germany,False,Hybrid
CAN12046,30-39,8,Bachelor,Other Germany,False,Remote
CAN12047,40-49,12,Bachelor,Frankfurt,False,Hybrid
CAN12048,30-39,13,Bachelor,Frankfurt,False,Hybrid
CAN12049,20-29,2,Bachelor,Cologne,False,Remote
CAN12050,20-29,6,Bachelor,Frankfurt,False,On-site
CAN12051,20-29,7,Master,Other Germany,True,On-site
CAN12052,30-39,2,Bachelor,Munich,True,Remote
CAN12053,40-49,11,Bachelor,Hamburg,False,Hybrid
CAN12054,40-49,4,Bachelor,Other Germany,True,Hybrid
CAN12055,30-39,8,Master,Other Germany,True,Hybrid
CAN12056,30-39,8,Bachelor,Outside Germany,False,No preference
CAN12057,20-29,9,Bachelor,Hamburg,False,Hybrid
CAN12058,40-49,13,Bachelor,Frankfurt,False,On-site
CAN12059,30-39,5,Bachelor,Other Germany,True,Remote
CAN12060,30-39,5,Vocational training,Munich,False,Hybrid
CAN12061,40-49,5,Master,Cologne,True,On-site
CAN12062,40-49,8,Bachelor,Other Germany,True,Hybrid
CAN12063,40-49,9,Master,Berlin,True,No preference
CAN12064,20-29,4,Vocational training,Frankfurt,False,Hybrid
CAN12065,30-39,6,Vocational training,Hamburg,True,Remote
CAN12066,40-49,10,Master,Other Germany,False,Remote
CAN12067,30-39,8,Bachelor,Other Germany,False,Remote
CAN12068,20-29,1,Vocational training,Munich,True,On-site
CAN12069,20-29,2,Master,Berlin,True,Hybrid
CAN12070,30-39,7,Bachelor,Other Germany,False,Hybrid
CAN12071,30-39,3,Vocational training,Frankfurt,True,Remote
CAN12072,20-29,5,Vocational training,Berlin,False,Hybrid
CAN12073,30-39,1,Vocational training,Munich,True,No preference
CAN12074,50+,17,Bachelor,Hamburg,False,No preference
CAN12075,30-39,5,Master,Berlin,True,On-site
CAN12076,20-29,3,Master,Other Germany,True,Hybrid
CAN12077,40-49,4,Master,Munich,True,Hybrid
CAN12078,40-49,3,Other,Hamburg,False,No preference
CAN12079,20-29,1,Master,Cologne,True,No preference
CAN12080,40-49,12,Bachelor,Hamburg,True,Remote
CAN12081,20-29,0,Vocational training,Cologne,False,Remote
CAN12082,40-49,7,Bachelor,Hamburg,False,Hybrid
CAN12083,30-39,10,Master,Frankfurt,True,Remote
CAN12084,40-49,6,Vocational training,Other Germany,False,Remote
CAN12085,30-39,9,Master,Other Germany,False,Hybrid
CAN12086,20-29,8,Other,Hamburg,False,Remote
CAN12087,40-49,2,Master,Frankfurt,False,Hybrid
CAN12088,20-29,1,Bachelor,Berlin,False,Hybrid
CAN12089,20-29,2,Vocational training,Frankfurt,True,Hybrid
CAN12090,30-39,2,Master,Berlin,False,Hybrid
CAN12091,30-39,8,Vocational training,Frankfurt,False,Hybrid
CAN12092,40-49,5,Bachelor,Berlin,True,Hybrid
CAN12093,20-29,3,Master,Cologne,False,Remote
CAN12094,20-29,5,Vocational training,Other Germany,False,Hybrid
CAN12095,40-49,7,Bachelor,Other Germany,False,Remote
CAN12096,50+,20,Bachelor,Berlin,True,Remote
CAN12097,30-39,10,Vocational training,Outside Germany,False,Remote
CAN12098,20-29,1,Vocational training,Munich,False,Hybrid
CAN12099,30-39,2,Vocational training,Other Germany,True,On-site
CAN12100,20-29,6,Master,Frankfurt,False,Remote
CAN12101,40-49,9,Doctorate,Cologne,False,Remote
CAN12102,40-49,12,Bachelor,Other Germany,False,Remote
CAN12103,20-29,4,Master,Berlin,True,No preference
CAN12104,30-39,0,Bachelor,Frankfurt,False,Remote
CAN12105,40-49,7,Doctorate,Berlin,False,Remote
CAN12106,20-29,2,Vocational training,Outside Germany,False,No preference
CAN12107,40-49,8,Vocational training,Cologne,False,Hybrid
CAN12108,40-49,8,Vocational training,Other Germany,False,Remote
CAN12109,30-39,7,Master,Berlin,False,Remote
CAN12110,30-39,11,Vocational training,Munich,True,Hybrid
CAN12111,30-39,10,Bachelor,Munich,False,Hybrid
CAN12112,20-29,3,Vocational training,Munich,True,Hybrid
CAN12113,40-49,6,Bachelor,Hamburg,True,Hybrid
CAN12114,30-39,3,Master,Frankfurt,False,Hybrid
CAN12115,20-29,6,Vocational training,Other Germany,True,Hybrid
CAN12116,50+,8,Vocational training,Frankfurt,True,Hybrid
CAN12117,30-39,5,Master,Hamburg,False,No preference
CAN12118,40-49,3,Doctorate,Frankfurt,True,Hybrid
CAN12119,30-39,5,Vocational training,Frankfurt,False,Hybrid
CAN12120,20-29,3,Bachelor,Berlin,True,Remote
CAN12121,20-29,2,Vocational training,Frankfurt,False,Hybrid
CAN12122,20-29,7,Master,Frankfurt,False,Remote
CAN12123,40-49,10,Bachelor,Outside Germany,False,Hybrid
CAN12124,30-39,7,Bachelor,Other Germany,False,Remote
CAN12125,40-49,5,Master,Frankfurt,False,Remote
CAN12126,30-39,12,Bachelor,Other Germany,False,Remote
CAN12127,30-39,5,Vocational training,Berlin,True,Remote
CAN12128,40-49,5,Vocational training,Frankfurt,False,No preference
CAN12129,40-49,10,Master,Other Germany,True,Remote
CAN12130,30-39,6,Vocational training,Outside Germany,False,Remote
CAN12131,20-29,3,Other,Hamburg,True,Remote
CAN12132,40-49,3,Bachelor,Other Germany,False,Hybrid
CAN12133,50+,11,Master,Cologne,False,Remote
CAN12134,30-39,11,Other,Berlin,True,Remote
CAN12135,40-49,0,Bachelor,Munich,False,No preference
CAN12136,30-39,7,Bachelor,Berlin,False,Hybrid
CAN12137,40-49,7,Bachelor,Cologne,False,Hybrid
CAN12138,30-39,8,Master,Cologne,False,Remote
CAN12139,30-39,14,Vocational training,Berlin,False,Hybrid
CAN12140,30-39,2,Master,,False,On-site
CAN12141,50+,12,Vocational training,Other Germany,False,Hybrid
CAN12142,50+,10,Other,Other Germany,False,Hybrid
CAN12143,40-49,3,Master,Frankfurt,True,Remote
CAN12144,40-49,13,Vocational training,Berlin,True,Remote
CAN12145,40-49,2,Doctorate,Hamburg,False,Remote
CAN12146,40-49,2,Bachelor,Munich,True,No preference
CAN12147,30-39,0,Vocational training,Outside Germany,True,No preference
CAN12148,30-39,12,Vocational training,Other Germany,False,Remote
CAN12149,30-39,7,Master,Frankfurt,True,Remote
CAN12150,20-29,1,Other,Berlin,False,Remote
CAN12151,20-29,6,Master,Frankfurt,False,Hybrid
CAN12152,20-29,2,Vocational training,Munich,True,Hybrid
CAN12153,30-39,12,Bachelor,Cologne,False,Remote
CAN12154,40-49,9,Vocational training,Hamburg,True,Hybrid
CAN12155,30-39,4,Master,Other Germany,False,Hybrid
CAN12156,40-49,8,Vocational training,Other Germany,False,Hybrid
CAN12157,30-39,2,Bachelor,Berlin,False,Remote
CAN12158,50+,15,Bachelor,Other Germany,False,Hybrid
CAN12159,40-49,10,Bachelor,Frankfurt,False,Hybrid
CAN12160,30-39,11,Vocational training,Cologne,False,Hybrid
CAN12161,40-49,8,Bachelor,Frankfurt,False,Hybrid
CAN12162,20-29,6,Other,Cologne,True,Hybrid
CAN12163,30-39,2,Master,Frankfurt,False,Hybrid
CAN12164,20-29,4,Vocational training,Cologne,True,Remote
CAN12165,40-49,7,Bachelor,Other Germany,False,Hybrid
CAN12166,50+,12,Bachelor,Berlin,False,On-site
CAN12167,40-49,1,Bachelor,Cologne,True,On-site
CAN12168,40-49,7,Bachelor,Munich,True,Hybrid
CAN12169,30-39,12,Vocational training,Other Germany,False,Hybrid
CAN12170,50+,10,Bachelor,Hamburg,False,Hybrid
CAN12171,30-39,3,Master,Other Germany,False,Remote
CAN12172,40-49,2,Bachelor,,False,Hybrid
CAN12173,30-39,15,Bachelor,Other Germany,True,Hybrid
CAN12174,40-49,13,Bachelor,Munich,False,Remote
CAN12175,40-49,4,Vocational training,Hamburg,False,Hybrid
CAN12176,40-49,11,Vocational training,Berlin,False,Hybrid
CAN12177,50+,13,Vocational training,Berlin,True,Hybrid
CAN12178,40-49,10,Master,Munich,False,Hybrid
CAN12179,40-49,2,Bachelor,Berlin,False,On-site
CAN12180,30-39,3,Other,Other Germany,False,Hybrid
CAN12181,30-39,1,Other,Other Germany,False,Hybrid
CAN12182,40-49,7,Master,Munich,False,Hybrid
CAN12183,30-39,11,Bachelor,Hamburg,True,No preference
CAN12184,40-49,6,Vocational training,Other Germany,False,Hybrid
CAN12185,30-39,12,Vocational training,Cologne,False,On-site
CAN12186,30-39,5,Other,Cologne,False,Remote
CAN12187,40-49,8,Vocational training,Frankfurt,False,Hybrid
CAN12188,30-39,5,Vocational training,Cologne,False,Hybrid
CAN12189,40-49,2,Bachelor,Frankfurt,True,Remote
CAN12190,30-39,8,Bachelor,Munich,True,No preference
CAN12191,30-39,1,Bachelor,Frankfurt,False,No preference
CAN12192,30-39,11,Master,Other Germany,False,Hybrid
CAN12193,40-49,6,Vocational training,Outside Germany,False,Hybrid
CAN12194,20-29,2,Vocational training,Other Germany,False,Remote
CAN12195,30-39,9,Bachelor,Munich,True,Hybrid
CAN12196,20-29,2,Other,Berlin,True,On-site
CAN12197,40-49,12,Bachelor,Other Germany,False,Hybrid
CAN12198,50+,19,Bachelor,Hamburg,True,Remote
CAN12199,30-39,8,Master,Frankfurt,True,Remote
CAN12200,40-49,4,Bachelor,Berlin,True,Hybrid
CAN12201,30-39,2,Other,Other Germany,True,Hybrid
CAN12202,20-29,6,Vocational training,Hamburg,False,No preference
CAN12203,30-39,5,Vocational training,Other Germany,False,On-site
CAN12204,30-39,2,Vocational training,Outside Germany,True,Hybrid
CAN12205,30-39,12,Bachelor,Munich,False,Hybrid
CAN12206,20-29,9,Vocational training,Berlin,True,Remote
CAN12207,40-49,3,Master,Cologne,True,Hybrid
CAN12208,30-39,3,Bachelor,Hamburg,False,Hybrid
CAN12209,40-49,14,Bachelor,Cologne,False,On-site
CAN12210,40-49,14,Bachelor,Outside Germany,False,Hybrid
CAN12211,40-49,7,Vocational training,Hamburg,False,Hybrid
CAN12212,20-29,8,Bachelor,Frankfurt,False,Hybrid
CAN12213,40-49,1,Vocational training,Cologne,True,Remote
CAN12214,30-39,5,Vocational training,Other Germany,False,Hybrid
CAN12215,30-39,7,Bachelor,Other Germany,False,Hybrid
CAN12216,20-29,7,Vocational training,Cologne,True,Hybrid
CAN12217,20-29,1,Master,Hamburg,False,Hybrid
CAN12218,40-49,10,Master,Berlin,False,Hybrid
CAN12219,30-39,11,Vocational training,Munich,False,Hybrid
CAN12220,40-49,3,Other,Frankfurt,False,No preference
CAN12221,40-49,3,Bachelor,Other Germany,False,Hybrid
CAN12222,30-39,10,Vocational training,Frankfurt,True,Hybrid
CAN12223,30-39,5,Vocational training,Other Germany,False,Hybrid
CAN12224,40-49,15,Other,Hamburg,False,No preference
CAN12225,40-49,4,Master,Other Germany,False,Hybrid
CAN12226,20-29,3,Master,Berlin,False,On-site
CAN12227,40-49,13,Vocational training,Frankfurt,False,Hybrid
CAN12228,40-49,2,Vocational training,Hamburg,True,No preference
CAN12229,30-39,6,Bachelor,Hamburg,False,No preference
CAN12230,40-49,6,Vocational training,Berlin,True,Hybrid
CAN12231,30-39,3,Master,Frankfurt,False,Hybrid
CAN12232,20-29,0,Master,Cologne,False,Hybrid
CAN12233,20-29,4,Other,Hamburg,True,Hybrid
CAN12234,30-39,9,Bachelor,Outside Germany,True,Hybrid
CAN12235,30-39,10,Master,Other Germany,False,Hybrid
CAN12236,20-29,1,Vocational training,Munich,False,No preference
CAN12237,40-49,8,Vocational training,Berlin,False,Hybrid
CAN12238,30-39,6,Bachelor,Berlin,False,No preference
CAN12239,50+,10,Doctorate,Frankfurt,True,Hybrid
CAN12240,30-39,4,Vocational training,Frankfurt,False,Hybrid
CAN12241,40-49,7,Bachelor,Berlin,False,Remote
CAN12242,40-49,5,Vocational training,Cologne,False,Remote
CAN12243,40-49,11,Master,Berlin,False,Hybrid
CAN12244,20-29,2,Other,Cologne,False,Hybrid
CAN12245,20-29,0,Vocational training,Hamburg,False,Hybrid
CAN12246,30-39,7,Vocational training,Berlin,False,Hybrid
CAN12247,40-49,12,Other,Frankfurt,False,On-site
CAN12248,30-39,4,Bachelor,Cologne,True,Remote
CAN12249,30-39,3,Vocational training,Hamburg,False,Hybrid
CAN12250,50+,11,Master,Other Germany,False,Remote
CAN12251,30-39,6,Bachelor,Other Germany,True,Remote
CAN12252,20-29,3,Bachelor,Other Germany,False,Hybrid
CAN12253,20-29,2,Vocational training,Other Germany,False,On-site
CAN12254,30-39,9,Vocational training,Other Germany,False,No preference
CAN12255,40-49,5,Bachelor,Berlin,False,Hybrid
CAN12256,50+,15,Vocational training,Outside Germany,True,Hybrid
CAN12257,20-29,1,Vocational training,Hamburg,True,Hybrid
CAN12258,30-39,3,Vocational training,Munich,False,No preference
CAN12259,20-29,5,Other,Berlin,False,Hybrid
CAN12260,30-39,13,Master,Cologne,False,Hybrid
CAN12261,40-49,10,Vocational training,Frankfurt,True,Hybrid
CAN12262,20-29,0,Vocational training,Berlin,True,On-site
CAN12263,20-29,0,Bachelor,Hamburg,True,Hybrid
CAN12264,40-49,3,Vocational training,Other Germany,False,Hybrid
CAN12265,40-49,1,Other,Other Germany,True,Remote
CAN12266,20-29,3,Master,Outside Germany,True,Hybrid
CAN12267,30-39,6,Vocational training,Other Germany,True,No preference
CAN12268,30-39,5,Master,Other Germany,False,Hybrid
CAN12269,30-39,0,Master,Frankfurt,False,Hybrid
CAN12270,30-39,2,Master,Cologne,False,Hybrid
CAN12271,20-29,1,Vocational training,Other Germany,True,Hybrid
CAN12272,40-49,1,Master,Other Germany,False,Remote
CAN12273,40-49,5,Vocational training,Cologne,False,No preference
CAN12274,20-29,4,Vocational training,Munich,False,Hybrid
CAN12275,30-39,5,Other,Berlin,True,No preference
CAN12276,40-49,7,Vocational training,Berlin,False,No preference
CAN12277,50+,7,Master,Munich,True,Hybrid
CAN12278,30-39,2,Master,Munich,True,Remote
CAN12279,20-29,2,Bachelor,Cologne,False,Hybrid
CAN12280,30-39,13,Vocational training,Hamburg,False,On-site
CAN12281,30-39,9,Bachelor,Berlin,True,Remote
CAN12282,40-49,8,Vocational training,Berlin,False,Hybrid
CAN12283,40-49,3,Bachelor,Frankfurt,False,Hybrid
CAN12284,40-49,7,Vocational training,Hamburg,True,Remote
CAN12285,30-39,16,Vocational training,Other Germany,False,No preference
CAN12286,40-49,6,Vocational training,Other Germany,False,Hybrid
CAN12287,40-49,5,Bachelor,Hamburg,False,Hybrid
CAN12288,40-49,8,Master,Berlin,True,Remote
CAN12289,30-39,13,Vocational training,Hamburg,False,Remote
CAN12290,40-49,3,Bachelor,Frankfurt,False,Remote
CAN12291,40-49,9,Vocational training,Hamburg,True,Hybrid
CAN12292,30-39,13,Master,Other Germany,True,Remote
CAN12293,20-29,2,Vocational training,Hamburg,False,Hybrid
CAN12294,40-49,2,Bachelor,Frankfurt,False,No preference
CAN12295,40-49,0,Bachelor,Frankfurt,True,Remote
CAN12296,40-49,6,Bachelor,Other Germany,True,Hybrid
CAN12297,30-39,5,Bachelor,Frankfurt,False,Remote
CAN12298,40-49,14,Bachelor,Cologne,False,On-site
CAN12299,40-49,5,Vocational training,Other Germany,False,No preference
CAN12300,30-39,5,Vocational training,Berlin,False,Remote
CAN12301,50+,12,Vocational training,Other Germany,False,Hybrid
CAN12302,40-49,6,Bachelor,Frankfurt,True,No preference
CAN12303,40-49,6,Bachelor,Frankfurt,False,Hybrid
CAN12304,20-29,5,Bachelor,Frankfurt,True,Remote
CAN12305,30-39,8,Vocational training,Berlin,True,On-site
CAN12306,40-49,7,Bachelor,Hamburg,False,Hybrid
CAN12307,50+,12,Master,Cologne,True,Remote
CAN12308,20-29,4,Other,Other Germany,False,Remote
CAN12309,30-39,12,Bachelor,Frankfurt,False,Hybrid
CAN12310,30-39,7,Bachelor,Berlin,False,Remote
CAN12311,20-29,6,Bachelor,Hamburg,True,Hybrid
CAN12312,30-39,1,Other,Berlin,False,Hybrid
CAN12313,20-29,1,Master,Frankfurt,False,Remote
CAN12314,40-49,3,Master,Berlin,True,Remote
CAN12315,40-49,8,Bachelor,Other Germany,False,Remote
CAN12316,30-39,4,Master,Hamburg,True,No preference
CAN12317,20-29,0,Bachelor,Berlin,False,No preference
CAN12318,40-49,10,Master,Berlin,True,On-site
CAN12319,40-49,3,Bachelor,Frankfurt,False,Hybrid
CAN12320,40-49,4,Master,Other Germany,False,Hybrid
CAN12321,30-39,7,Vocational training,Other Germany,False,Remote
CAN12322,40-49,4,Master,Munich,True,Remote
CAN12323,40-49,2,Bachelor,Berlin,False,Hybrid
CAN12324,30-39,6,Master,Munich,True,Hybrid
CAN12325,30-39,3,Other,Frankfurt,False,Hybrid
CAN12326,40-49,8,Bachelor,Cologne,False,Hybrid
CAN12327,40-49,6,Vocational training,Hamburg,True,On-site
CAN12328,50+,9,Bachelor,Munich,True,Hybrid
CAN12329,30-39,10,Master,Other Germany,True,Hybrid
CAN12330,30-39,13,Doctorate,Other Germany,True,Remote
CAN12331,30-39,8,Vocational training,Munich,True,Remote
CAN12332,30-39,5,Vocational training,Cologne,True,Hybrid
CAN12333,20-29,1,Bachelor,Berlin,False,Hybrid
CAN12334,20-29,0,Vocational training,Outside Germany,False,No preference
CAN12335,30-39,0,Master,Cologne,True,No preference
CAN12336,50+,12,Bachelor,Frankfurt,False,Remote
CAN12337,30-39,9,Vocational training,Cologne,False,No preference
CAN12338,40-49,2,Master,Other Germany,False,Hybrid
CAN12339,40-49,8,Vocational training,Munich,False,Hybrid
CAN12340,30-39,0,Bachelor,Other Germany,False,No preference
CAN12341,20-29,6,Bachelor,Hamburg,True,Hybrid
CAN12342,30-39,4,Vocational training,Frankfurt,False,Remote
CAN12343,30-39,5,Master,Other Germany,False,On-site
CAN12344,40-49,4,Bachelor,Other Germany,False,Remote
CAN12345,40-49,11,Master,Outside Germany,False,On-site
CAN12346,40-49,3,Master,Other Germany,True,Remote
CAN12347,40-49,1,Bachelor,Frankfurt,True,Hybrid
CAN12348,40-49,8,Master,Frankfurt,True,On-site
CAN12349,20-29,2,Master,Other Germany,True,On-site
CAN12350,30-39,11,Vocational training,Cologne,True,No preference
CAN12351,40-49,2,Vocational training,Other Germany,False,Hybrid
CAN12352,30-39,8,Vocational training,Munich,False,Hybrid
CAN12353,50+,13,Bachelor,Berlin,False,Remote
CAN12354,20-29,6,Vocational training,Hamburg,True,Remote
CAN12355,40-49,10,Bachelor,Frankfurt,True,Hybrid
CAN12356,30-39,2,Master,Cologne,False,No preference
CAN12357,30-39,4,Bachelor,Other Germany,False,Hybrid
CAN12358,40-49,6,Master,Berlin,True,Hybrid
CAN12359,20-29,4,Vocational training,Other Germany,False,No preference
CAN12360,40-49,9,Vocational training,Frankfurt,False,No preference
CAN12361,40-49,5,Vocational training,Other Germany,False,Remote
CAN12362,30-39,5,Master,Frankfurt,False,On-site
CAN12363,50+,10,Vocational training,Cologne,True,Remote
CAN12364,30-39,1,Vocational training,Berlin,True,Remote
CAN12365,30-39,3,Other,Outside Germany,True,On-site
CAN12366,30-39,4,Vocational training,Berlin,False,Hybrid
CAN12367,30-39,5,Bachelor,Berlin,True,Hybrid
CAN12368,40-49,4,Bachelor,Other Germany,True,Hybrid
CAN12369,20-29,4,Vocational training,Berlin,False,Remote
CAN12370,40-49,6,Bachelor,Cologne,False,Remote
CAN12371,40-49,9,Vocational training,Berlin,True,Hybrid
CAN12372,30-39,7,Master,Frankfurt,True,Hybrid
CAN12373,50+,9,Master,Outside Germany,True,Remote
CAN12374,40-49,6,Bachelor,Other Germany,False,Hybrid
CAN12375,40-49,12,Bachelor,Berlin,True,Hybrid
CAN12376,40-49,3,Vocational training,Hamburg,False,Hybrid
CAN12377,20-29,9,Bachelor,Hamburg,True,Hybrid
CAN12378,50+,18,Vocational training,Munich,False,No preference
CAN12379,40-49,9,Bachelor,Frankfurt,True,Hybrid
CAN12380,20-29,1,Bachelor,Berlin,False,Remote
CAN12381,30-39,1,Bachelor,Hamburg,True,Hybrid
CAN12382,40-49,10,Master,Berlin,False,Hybrid
CAN12383,20-29,2,Vocational training,Other Germany,False,No preference
CAN12384,40-49,9,Vocational training,Berlin,False,Hybrid
CAN12385,40-49,5,Vocational training,Munich,False,Hybrid
CAN12386,40-49,4,Other,Frankfurt,True,Hybrid
CAN12387,20-29,6,Other,Cologne,False,Hybrid
CAN12388,40-49,13,Vocational training,Hamburg,True,Remote
CAN12389,30-39,8,Master,Other Germany,False,Remote
CAN12390,30-39,2,Bachelor,Berlin,False,Remote
CAN12391,50+,12,Master,Other Germany,True,Remote
CAN12392,20-29,3,Other,Cologne,False,Remote
CAN12393,40-49,2,Master,Other Germany,False,Hybrid
CAN12394,30-39,1,Bachelor,Other Germany,False,Remote
CAN12395,20-29,3,Vocational training,Other Germany,True,Remote
CAN12396,30-39,5,Bachelor,Hamburg,False,Hybrid
CAN12397,50+,17,Master,Hamburg,False,Hybrid
CAN12398,30-39,3,Bachelor,Hamburg,True,Remote
CAN12399,50+,13,Bachelor,Frankfurt,True,Remote
CAN12400,40-49,4,Master,Cologne,False,Remote
CAN12401,40-49,9,Master,Frankfurt,True,No preference
CAN12402,50+,10,Vocational training,Berlin,False,Remote
CAN12403,40-49,4,Master,Berlin,True,Hybrid
CAN12404,20-29,6,Master,Other Germany,False,On-site
CAN12405,40-49,9,Master,Frankfurt,False,Remote
CAN12406,30-39,12,Other,Hamburg,True,Hybrid
CAN12407,30-39,3,Vocational training,Frankfurt,False,Hybrid
CAN12408,40-49,15,Bachelor,Cologne,True,Remote
CAN12409,30-39,6,Master,Frankfurt,True,Hybrid
CAN12410,40-49,7,Vocational training,Berlin,True,Remote
CAN12411,30-39,3,Vocational training,Other Germany,False,Hybrid
CAN12412,40-49,4,Master,Berlin,True,Remote
CAN12413,20-29,3,Bachelor,Other Germany,False,No preference
CAN12414,30-39,6,Bachelor,Other Germany,False,Hybrid
CAN12415,20-29,1,Vocational training,Frankfurt,False,Hybrid
CAN12416,30-39,3,Bachelor,Outside Germany,True,Hybrid
CAN12417,30-39,2,Bachelor,Other Germany,False,On-site
CAN12418,30-39,4,Bachelor,Hamburg,False,Remote
CAN12419,30-39,10,Bachelor,Other Germany,False,Remote
CAN12420,20-29,0,Vocational training,Frankfurt,False,No preference
CAN12421,20-29,7,Bachelor,Berlin,False,Hybrid
CAN12422,40-49,8,Master,Other Germany,True,Hybrid
CAN12423,40-49,2,Vocational training,Frankfurt,True,Hybrid
CAN12424,30-39,2,Bachelor,Other Germany,True,Remote
CAN12425,50+,20,Master,Munich,False,Remote
CAN12426,50+,13,Bachelor,Cologne,True,Hybrid
CAN12427,30-39,3,Doctorate,Berlin,False,Hybrid
CAN12428,40-49,6,Bachelor,Cologne,False,Remote
CAN12429,20-29,5,Vocational training,Berlin,True,Hybrid
CAN12430,40-49,1,Bachelor,Hamburg,True,Hybrid
CAN12431,40-49,7,Vocational training,Hamburg,False,Remote
CAN12432,30-39,7,Master,Other Germany,False,Remote
CAN12433,30-39,7,Vocational training,Frankfurt,True,Remote
CAN12434,30-39,3,Doctorate,Hamburg,True,Hybrid
CAN12435,40-49,11,Bachelor,Frankfurt,False,Remote
CAN12436,40-49,15,Vocational training,Berlin,False,Hybrid
CAN12437,30-39,1,Bachelor,Frankfurt,False,Hybrid
CAN12438,30-39,7,Bachelor,Other Germany,False,On-site
CAN12439,40-49,9,Other,Berlin,False,Hybrid
CAN12440,30-39,4,Master,Berlin,False,Remote
CAN12441,40-49,8,Vocational training,Cologne,True,Hybrid
CAN12442,40-49,4,Vocational training,Munich,True,Remote
CAN12443,30-39,4,Doctorate,Munich,False,Remote
CAN12444,50+,16,Master,Cologne,False,Hybrid
CAN12445,40-49,4,Master,Munich,False,No preference
CAN12446,40-49,4,Master,Outside Germany,False,Hybrid
CAN12447,50+,10,Master,Frankfurt,True,Hybrid
CAN12448,40-49,9,Vocational training,Frankfurt,False,Remote
CAN12449,40-49,3,Bachelor,Berlin,False,Remote
CAN12450,40-49,6,Vocational training,Frankfurt,False,Hybrid
CAN12451,30-39,1,Bachelor,Cologne,False,Remote
CAN12452,20-29,1,Bachelor,Cologne,False,Hybrid
CAN12453,40-49,7,Bachelor,Berlin,False,Hybrid
CAN12454,30-39,7,Master,Other Germany,False,Hybrid
CAN12455,20-29,5,Bachelor,Frankfurt,False,Hybrid
CAN12456,40-49,15,Doctorate,Frankfurt,True,Remote
CAN12457,30-39,10,Bachelor,Hamburg,False,On-site
CAN12458,30-39,7,Master,Other Germany,True,Remote
CAN12459,30-39,10,Bachelor,Outside Germany,False,On-site
CAN12460,20-29,2,Bachelor,Frankfurt,True,Hybrid
CAN12461,40-49,14,Bachelor,Outside Germany,False,Hybrid
CAN12462,20-29,2,Master,Other Germany,True,On-site
CAN12463,20-29,0,Vocational training,Frankfurt,True,Hybrid
CAN12464,20-29,6,Bachelor,Other Germany,True,Remote
CAN12465,40-49,15,Bachelor,Hamburg,True,Hybrid
CAN12466,30-39,4,Master,Frankfurt,False,Hybrid
CAN12467,20-29,1,Master,Other Germany,True,Hybrid
CAN12468,20-29,6,Vocational training,Berlin,False,Remote
CAN12469,40-49,2,Vocational training,Hamburg,False,Hybrid
CAN12470,40-49,13,Bachelor,Other Germany,True,No preference
CAN12471,40-49,8,Master,Hamburg,False,Hybrid
CAN12472,30-39,11,Bachelor,Outside Germany,True,Remote
CAN12473,40-49,9,Master,Hamburg,False,Hybrid
CAN12474,30-39,11,Bachelor,Other Germany,True,On-site
CAN12475,40-49,6,Bachelor,Outside Germany,False,Remote
CAN12476,50+,10,Bachelor,Berlin,False,Hybrid
CAN12477,30-39,1,Vocational training,Munich,True,Hybrid
CAN12478,50+,16,Vocational training,Berlin,False,No preference
CAN12479,30-39,12,Master,Frankfurt,False,Remote
CAN12480,40-49,3,Bachelor,Other Germany,False,No preference
CAN12481,30-39,5,Bachelor,Other Germany,False,Remote
CAN12482,30-39,4,Master,Berlin,False,Remote
CAN12483,40-49,5,Bachelor,Outside Germany,False,Remote
CAN12484,30-39,7,Vocational training,Other Germany,True,Remote
CAN12485,50+,18,Vocational training,Other Germany,True,On-site
CAN12486,50+,20,Vocational training,Munich,False,Hybrid
CAN12487,30-39,11,Other,Frankfurt,True,Remote
CAN12488,40-49,21,Bachelor,Munich,False,Remote
CAN12489,20-29,8,Vocational training,Berlin,False,Remote
CAN12490,40-49,7,Vocational training,Other Germany,False,Remote
CAN12491,40-49,3,Vocational training,Hamburg,False,No preference
CAN12492,30-39,7,Vocational training,Other Germany,False,Hybrid
CAN12493,40-49,5,Master,Berlin,False,Remote
CAN12494,40-49,2,Vocational training,Frankfurt,False,Hybrid
CAN12495,30-39,11,Master,Munich,False,Hybrid
CAN12496,50+,7,Master,Other Germany,False,Hybrid
CAN12497,30-39,3,Vocational training,Berlin,True,Hybrid
CAN12498,20-29,4,Vocational training,Berlin,False,Remote
CAN12499,30-39,3,Master,Other Germany,False,Hybrid
CAN12500,40-49,7,Vocational training,Berlin,False,Hybrid
CAN12501,20-29,2,Vocational training,Munich,False,Hybrid
CAN12502,50+,15,Vocational training,Frankfurt,False,Hybrid
CAN12503,30-39,5,Master,Other Germany,False,Hybrid
CAN12504,30-39,7,Vocational training,Berlin,False,Remote
CAN12505,40-49,9,Master,Other Germany,True,Hybrid
CAN12506,40-49,8,Other,Frankfurt,True,Hybrid
CAN12507,20-29,3,Master,Other Germany,False,Hybrid
CAN12508,30-39,4,Master,Munich,False,Remote
CAN12509,40-49,4,Vocational training,Frankfurt,True,Hybrid
CAN12510,30-39,0,Bachelor,Berlin,True,Hybrid
CAN12511,40-49,2,Bachelor,Outside Germany,True,Remote
CAN12512,40-49,5,Bachelor,Munich,True,Hybrid
CAN12513,30-39,6,Vocational training,Other Germany,False,No preference
CAN12514,30-39,3,Vocational training,Frankfurt,True,No preference
CAN12515,50+,9,Bachelor,Hamburg,False,Remote
CAN12516,50+,6,Bachelor,Munich,True,Hybrid
CAN12517,40-49,7,Bachelor,Other Germany,False,Hybrid
CAN12518,30-39,11,Vocational training,Cologne,True,Hybrid
CAN12519,30-39,7,Vocational training,Other Germany,False,Remote
CAN12520,40-49,11,Vocational training,Hamburg,True,On-site
CAN12521,30-39,12,Vocational training,Frankfurt,False,No preference
CAN12522,30-39,8,Vocational training,Other Germany,False,Remote
CAN12523,30-39,1,Bachelor,Cologne,True,Remote
CAN12524,40-49,9,Master,Frankfurt,False,Hybrid
CAN12525,50+,9,Vocational training,Frankfurt,False,Remote
CAN12526,40-49,9,Vocational training,Frankfurt,True,Remote
CAN12527,20-29,1,Bachelor,Cologne,False,Remote
CAN12528,50+,11,Vocational training,Other Germany,True,Hybrid
CAN12529,20-29,1,Master,Berlin,False,On-site
CAN12530,50+,19,Vocational training,Cologne,False,No preference
CAN12531,30-39,10,Vocational training,Hamburg,False,Hybrid
CAN12532,40-49,5,Other,Munich,False,Remote
CAN12533,30-39,3,Bachelor,Munich,False,Remote
CAN12534,30-39,5,Vocational training,Berlin,False,Hybrid
CAN12535,30-39,11,Master,Berlin,True,Remote
CAN12536,30-39,6,Bachelor,Other Germany,False,Hybrid
CAN12537,40-49,2,Doctorate,Frankfurt,True,On-site
CAN12538,40-49,3,Doctorate,Munich,False,Hybrid
CAN12539,50+,18,Vocational training,Munich,True,Hybrid
CAN12540,40-49,2,Bachelor,Frankfurt,True,On-site
CAN12541,30-39,8,Vocational training,Frankfurt,False,Hybrid
CAN12542,50+,6,Master,Outside Germany,True,On-site
CAN12543,40-49,4,Vocational training,Frankfurt,False,On-site
CAN12544,40-49,10,Other,Berlin,False,Remote
CAN12545,30-39,2,Other,Cologne,True,Hybrid
CAN12546,20-29,2,Master,Cologne,True,Hybrid
CAN12547,30-39,7,Master,Munich,False,On-site
CAN12548,50+,19,Doctorate,,False,No preference
CAN12549,20-29,3,Vocational training,Outside Germany,False,No preference
CAN12550,40-49,10,Master,Berlin,False,Hybrid
CAN12551,30-39,5,Vocational training,Other Germany,False,No preference
CAN12552,40-49,2,Bachelor,Cologne,False,No preference
CAN12553,40-49,11,Bachelor,Other Germany,True,Hybrid
CAN12554,30-39,4,Master,Munich,False,Hybrid
CAN12555,30-39,3,Master,Outside Germany,False,Hybrid
CAN12556,30-39,9,Bachelor,Hamburg,False,Hybrid
CAN12557,50+,13,Vocational training,Frankfurt,False,On-site
CAN12558,30-39,6,Bachelor,Other Germany,False,Hybrid
CAN12559,20-29,0,Vocational training,Frankfurt,True,Remote
CAN12560,40-49,3,Master,Frankfurt,False,Hybrid
CAN12561,30-39,3,Vocational training,Frankfurt,False,Hybrid
CAN12562,40-49,18,Master,Cologne,False,Hybrid
CAN12563,30-39,2,Vocational training,Frankfurt,False,No preference
CAN12564,20-29,4,Vocational training,Berlin,True,Remote
CAN12565,40-49,5,Other,Other Germany,False,Remote
CAN12566,30-39,4,Bachelor,Hamburg,False,No preference
CAN12567,40-49,15,Vocational training,Outside Germany,True,No preference
CAN12568,50+,6,Master,Berlin,False,On-site
CAN12569,30-39,8,Bachelor,Other Germany,True,Remote
CAN12570,30-39,3,Master,Other Germany,False,Remote
CAN12571,50+,10,Vocational training,Berlin,False,Remote
CAN12572,30-39,3,Bachelor,Cologne,True,On-site
CAN12573,40-49,3,Bachelor,Other Germany,False,Hybrid
CAN12574,40-49,15,Bachelor,Frankfurt,False,Hybrid
CAN12575,30-39,13,Bachelor,Other Germany,False,No preference
CAN12576,30-39,4,Master,Other Germany,True,Remote
CAN12577,50+,11,Bachelor,Cologne,False,Remote
CAN12578,30-39,4,Master,Other Germany,True,On-site
CAN12579,30-39,4,Other,Berlin,False,On-site
CAN12580,40-49,4,Bachelor,Munich,True,Remote
CAN12581,40-49,9,Master,Munich,False,On-site
CAN12582,30-39,4,Bachelor,Berlin,False,Hybrid
CAN12583,20-29,3,Bachelor,Other Germany,False,Remote
CAN12584,40-49,11,Vocational training,Other Germany,False,Hybrid
CAN12585,30-39,3,Master,Frankfurt,True,Hybrid
CAN12586,20-29,1,Vocational training,Munich,False,On-site
CAN12587,40-49,7,Bachelor,Cologne,False,Remote
CAN12588,20-29,9,Vocational training,Hamburg,True,Hybrid
CAN12589,40-49,9,Master,Outside Germany,False,Hybrid
CAN12590,30-39,7,Bachelor,Berlin,False,No preference
CAN12591,40-49,1,Master,Munich,True,On-site
CAN12592,30-39,1,Master,Frankfurt,False,No preference
CAN12593,30-39,2,Vocational training,Other Germany,False,No preference
CAN12594,40-49,4,Master,Other Germany,True,Remote
CAN12595,30-39,3,Vocational training,Other Germany,False,No preference
CAN12596,30-39,6,Bachelor,Other Germany,True,Hybrid
CAN12597,30-39,8,Vocational training,Frankfurt,True,Remote
CAN12598,40-49,11,Bachelor,Frankfurt,False,Hybrid
CAN12599,30-39,1,Master,Other Germany,True,Remote
CAN12600,40-49,2,Master,Munich,False,Remote
CAN12601,40-49,15,Master,Other Germany,False,Hybrid
CAN12602,30-39,5,Doctorate,Hamburg,False,Hybrid
CAN12603,20-29,6,Master,Other Germany,False,Hybrid
CAN12604,30-39,8,Master,Berlin,False,On-site
CAN12605,20-29,5,Vocational training,Frankfurt,False,Hybrid
CAN12606,50+,14,Master,Hamburg,True,Hybrid
CAN12607,20-29,1,Vocational training,Hamburg,False,Remote
CAN12608,40-49,3,Bachelor,Hamburg,False,Hybrid
CAN12609,30-39,11,Bachelor,,False,No preference
CAN12610,40-49,8,Bachelor,Munich,True,Remote
CAN12611,40-49,5,Master,Frankfurt,True,On-site
CAN12612,40-49,5,Vocational training,Frankfurt,True,Remote
CAN12613,30-39,8,Master,Berlin,False,Hybrid
CAN12614,30-39,18,Master,Frankfurt,False,Remote
CAN12615,30-39,5,Bachelor,Hamburg,False,No preference
CAN12616,40-49,1,Vocational training,Munich,True,Hybrid
CAN12617,40-49,3,Master,Berlin,True,Remote
CAN12618,20-29,3,Vocational training,Berlin,True,Hybrid
CAN12619,40-49,3,Bachelor,Outside Germany,False,On-site
CAN12620,30-39,3,Master,Berlin,True,Hybrid
CAN12621,40-49,5,Bachelor,Frankfurt,False,Remote
CAN12622,40-49,2,Vocational training,Cologne,False,Hybrid
CAN12623,30-39,5,Master,Hamburg,False,No preference
CAN12624,30-39,12,Master,Frankfurt,False,Remote
CAN12625,40-49,12,Bachelor,Berlin,False,Hybrid
CAN12626,40-49,5,Vocational training,Other Germany,False,No preference
CAN12627,40-49,3,Bachelor,Other Germany,False,Hybrid
CAN12628,40-49,3,Bachelor,Frankfurt,False,On-site
CAN12629,30-39,4,Master,Munich,False,Remote
CAN12630,20-29,5,Bachelor,Other Germany,False,Hybrid
CAN12631,40-49,10,Bachelor,Munich,False,Hybrid
CAN12632,20-29,3,Bachelor,Frankfurt,False,On-site
CAN12633,30-39,1,Bachelor,Hamburg,True,Hybrid
CAN12634,40-49,6,Other,Other Germany,True,No preference
CAN12635,40-49,6,Vocational training,Cologne,False,No preference
CAN12636,20-29,7,Vocational training,Other Germany,True,Remote
CAN12637,40-49,6,Bachelor,Berlin,True,No preference
CAN12638,20-29,6,Bachelor,Frankfurt,True,Hybrid
CAN12639,20-29,3,Bachelor,Other Germany,True,Remote
CAN12640,30-39,3,Vocational training,Frankfurt,False,No preference
CAN12641,40-49,1,Bachelor,Munich,False,Hybrid
CAN12642,30-39,0,Bachelor,Other Germany,False,Hybrid
CAN12643,30-39,5,Bachelor,Frankfurt,False,On-site
CAN12644,30-39,5,Bachelor,Other Germany,False,Remote
CAN12645,40-49,9,Other,Cologne,True,Hybrid
CAN12646,30-39,3,Master,Other Germany,False,On-site
CAN12647,30-39,12,Master,Frankfurt,False,Remote
CAN12648,20-29,4,Bachelor,Cologne,False,Remote
CAN12649,30-39,5,Bachelor,Other Germany,True,Hybrid
CAN12650,30-39,9,Bachelor,Frankfurt,False,Hybrid
CAN12651,20-29,1,Bachelor,Munich,False,Remote
CAN12652,40-49,10,Bachelor,Frankfurt,False,Hybrid
CAN12653,20-29,6,Bachelor,Other Germany,False,Hybrid
CAN12654,40-49,15,Vocational training,Frankfurt,False,Remote
CAN12655,30-39,4,Vocational training,Frankfurt,True,Hybrid
CAN12656,40-49,14,Master,Berlin,True,Hybrid
CAN12657,30-39,9,Bachelor,Other Germany,False,Hybrid
CAN12658,40-49,6,Vocational training,Munich,True,Hybrid
CAN12659,40-49,3,Bachelor,Cologne,True,On-site
CAN12660,40-49,1,Master,Frankfurt,True,Hybrid
CAN12661,20-29,4,Bachelor,Munich,False,No preference
CAN12662,20-29,5,Vocational training,Berlin,False,Hybrid
CAN12663,30-39,15,Master,Other Germany,False,On-site
CAN12664,20-29,2,Bachelor,Hamburg,False,Hybrid
CAN12665,40-49,4,Master,Berlin,False,On-site
CAN12666,30-39,11,Bachelor,Berlin,False,Remote
CAN12667,30-39,9,Master,Frankfurt,True,On-site
CAN12668,40-49,8,Vocational training,Berlin,True,Hybrid
CAN12669,40-49,5,Master,Berlin,True,Remote
CAN12670,40-49,9,Bachelor,Cologne,True,No preference
CAN12671,40-49,5,Master,Other Germany,True,Hybrid
CAN12672,40-49,15,Master,Outside Germany,False,No preference
CAN12673,40-49,6,Bachelor,Munich,True,On-site
CAN12674,20-29,5,Master,Cologne,False,Hybrid
CAN12675,20-29,4,Master,Cologne,False,Hybrid
CAN12676,20-29,3,Vocational training,Other Germany,True,Hybrid
CAN12677,40-49,5,Bachelor,Other Germany,False,Remote
CAN12678,20-29,3,Bachelor,Frankfurt,False,No preference
CAN12679,30-39,11,Vocational training,Other Germany,True,Remote
CAN12680,30-39,4,Master,Frankfurt,False,No preference
CAN12681,30-39,9,Other,Other Germany,True,Remote
CAN12682,30-39,4,Vocational training,Other Germany,True,Hybrid
CAN12683,40-49,9,Vocational training,Munich,False,No preference
CAN12684,20-29,4,Vocational training,Other Germany,False,On-site
CAN12685,50+,12,Bachelor,Outside Germany,False,Remote
CAN12686,20-29,1,Bachelor,Munich,True,No preference
CAN12687,40-49,11,Bachelor,Other Germany,False,No preference
CAN12688,40-49,18,Other,Other Germany,True,No preference
CAN12689,40-49,5,Master,Frankfurt,False,Hybrid
CAN12690,30-39,7,Vocational training,Frankfurt,True,Hybrid
CAN12691,40-49,3,Master,Cologne,True,Hybrid
CAN12692,50+,7,Master,Other Germany,False,No preference
CAN12693,20-29,2,Doctorate,Munich,False,Hybrid
CAN12694,40-49,13,Vocational training,Frankfurt,False,On-site
CAN12695,30-39,10,Vocational training,Cologne,True,Remote
CAN12696,40-49,6,Vocational training,Other Germany,True,Hybrid
CAN12697,20-29,2,Master,Other Germany,False,Remote
CAN12698,40-49,4,Doctorate,Frankfurt,False,Remote
CAN12699,40-49,3,Vocational training,Berlin,False,On-site
CAN12700,20-29,2,Vocational training,Frankfurt,False,Hybrid
CAN12701,50+,16,Bachelor,Berlin,True,Hybrid
CAN12702,30-39,2,Bachelor,Other Germany,True,No preference
CAN12703,40-49,13,Vocational training,Frankfurt,False,No preference
CAN12704,40-49,10,Vocational training,Other Germany,False,Remote
CAN12705,40-49,9,Bachelor,Berlin,False,Hybrid
CAN12706,50+,7,Master,Other Germany,False,Hybrid
CAN12707,50+,21,Master,Other Germany,True,Hybrid
CAN12708,20-29,1,Doctorate,Frankfurt,True,Hybrid
CAN12709,20-29,3,Bachelor,Cologne,False,No preference
CAN12710,30-39,6,Bachelor,Berlin,True,On-site
CAN12711,30-39,5,Bachelor,Other Germany,True,Remote
CAN12712,50+,13,Master,Munich,False,Hybrid
CAN12713,20-29,1,Vocational training,Hamburg,True,On-site
CAN12714,30-39,4,Vocational training,Other Germany,False,On-site
CAN12715,30-39,12,Vocational training,Frankfurt,False,Remote
CAN12716,30-39,13,Master,Frankfurt,True,Hybrid
CAN12717,40-49,8,Bachelor,Berlin,True,Remote
CAN12718,40-49,1,Vocational training,Munich,False,No preference
CAN12719,40-49,9,Master,Frankfurt,False,No preference
CAN12720,40-49,15,Bachelor,Frankfurt,False,Remote
CAN12721,30-39,2,Vocational training,Outside Germany,False,Hybrid
CAN12722,30-39,10,Master,Hamburg,False,Hybrid
CAN12723,40-49,4,Bachelor,Other Germany,True,On-site
CAN12724,40-49,6,Master,Munich,False,Hybrid
CAN12725,50+,10,Vocational training,Berlin,True,Hybrid
CAN12726,30-39,2,Vocational training,Berlin,False,Hybrid
CAN12727,20-29,5,Vocational training,Berlin,False,Hybrid
CAN12728,30-39,4,Vocational training,Frankfurt,False,Hybrid
CAN12729,40-49,6,Bachelor,Other Germany,False,Remote
CAN12730,30-39,8,Bachelor,Frankfurt,False,Hybrid
CAN12731,40-49,1,Bachelor,Cologne,True,No preference
CAN12732,30-39,10,Master,Other Germany,False,On-site
CAN12733,30-39,7,Bachelor,Frankfurt,False,Remote
CAN12734,40-49,1,Vocational training,Other Germany,False,Hybrid
CAN12735,30-39,4,Vocational training,Hamburg,False,Hybrid
CAN12736,30-39,12,Bachelor,Frankfurt,False,Hybrid
CAN12737,40-49,1,Other,Other Germany,False,Hybrid
CAN12738,50+,25,Bachelor,Cologne,False,No preference
CAN12739,30-39,7,Bachelor,Other Germany,False,No preference
CAN12740,20-29,6,Bachelor,Berlin,True,On-site
CAN12741,30-39,3,Bachelor,Berlin,True,On-site
CAN12742,30-39,11,Doctorate,Frankfurt,True,Hybrid
CAN12743,40-49,2,Bachelor,Outside Germany,False,Hybrid
CAN12744,20-29,2,Vocational training,Outside Germany,False,On-site
CAN12745,30-39,9,Vocational training,Frankfurt,True,Hybrid
CAN12746,40-49,5,Master,Other Germany,True,Hybrid
CAN12747,20-29,1,Master,Berlin,True,No preference
CAN12748,30-39,8,Vocational training,Other Germany,True,Hybrid
CAN12749,50+,14,Master,Frankfurt,True,Remote
CAN12750,40-49,4,Vocational training,Hamburg,True,Hybrid
CAN12751,40-49,7,Bachelor,Other Germany,False,Hybrid
CAN12752,20-29,7,Master,Other Germany,False,Hybrid
CAN12753,30-39,2,Vocational training,Cologne,False,On-site
CAN12754,40-49,6,Vocational training,Frankfurt,False,Hybrid
CAN12755,30-39,7,Other,Munich,False,Remote
CAN12756,30-39,1,Bachelor,Munich,False,Hybrid
CAN12757,30-39,4,Vocational training,Other Germany,True,Hybrid
CAN12758,40-49,5,Other,Berlin,True,No preference
CAN12759,40-49,5,Vocational training,Other Germany,False,Remote
CAN12760,40-49,6,Master,Outside Germany,False,Hybrid
CAN12761,20-29,7,Bachelor,Berlin,True,Remote
CAN12762,30-39,6,Vocational training,Frankfurt,False,No preference
CAN12763,30-39,3,Vocational training,Hamburg,True,Hybrid
CAN12764,30-39,2,Doctorate,Hamburg,True,Hybrid
CAN12765,50+,14,Bachelor,Berlin,True,Hybrid
CAN12766,30-39,7,Vocational training,Other Germany,True,Remote
CAN12767,30-39,4,Master,Berlin,False,On-site
CAN12768,40-49,12,Vocational training,Frankfurt,False,On-site
CAN12769,30-39,6,Master,Munich,True,Remote
CAN12770,50+,9,Bachelor,Frankfurt,True,Hybrid
CAN12771,20-29,8,Vocational training,Munich,False,Hybrid
CAN12772,50+,16,Vocational training,Other Germany,False,No preference
CAN12773,40-49,15,Master,Berlin,True,Hybrid
CAN12774,30-39,6,Vocational training,Munich,False,Hybrid
CAN12775,20-29,1,Bachelor,Other Germany,False,Hybrid
CAN12776,30-39,6,Master,Other Germany,True,Remote
CAN12777,40-49,9,Vocational training,Berlin,False,Hybrid
CAN12778,30-39,2,Vocational training,Hamburg,False,Remote
CAN12779,40-49,3,Bachelor,Berlin,False,Hybrid
CAN12780,30-39,8,Vocational training,Other Germany,False,Hybrid
CAN12781,30-39,3,Master,Frankfurt,False,On-site
CAN12782,30-39,4,Bachelor,Frankfurt,False,On-site
CAN12783,40-49,5,Bachelor,Other Germany,False,No preference
CAN12784,30-39,3,Bachelor,Munich,False,Hybrid
CAN12785,50+,13,Vocational training,Hamburg,False,Hybrid
CAN12786,20-29,1,Vocational training,Other Germany,False,Remote
CAN12787,40-49,7,Vocational training,,False,Remote
CAN12788,30-39,2,Vocational training,Berlin,False,Hybrid
CAN12789,20-29,5,Master,Other Germany,False,Hybrid
CAN12790,50+,15,Bachelor,Berlin,False,On-site
CAN12791,30-39,7,Master,Munich,False,No preference
CAN12792,40-49,1,Master,Frankfurt,True,Hybrid
CAN12793,20-29,6,Bachelor,Hamburg,False,On-site
CAN12794,30-39,3,Master,Other Germany,False,Hybrid
CAN12795,40-49,5,Bachelor,Munich,False,Hybrid
CAN12796,20-29,4,Bachelor,Berlin,False,Remote
CAN12797,40-49,4,Bachelor,Other Germany,True,On-site
CAN12798,40-49,16,Master,Frankfurt,False,Hybrid
CAN12799,30-39,3,Vocational training,Frankfurt,False,Hybrid
CAN12800,30-39,5,Bachelor,Other Germany,False,Hybrid
CAN12801,20-29,4,Bachelor,Hamburg,False,Hybrid
CAN12802,40-49,20,Bachelor,Other Germany,False,Remote
CAN12803,30-39,4,Bachelor,Cologne,True,Hybrid
CAN12804,30-39,12,Vocational training,Other Germany,False,Hybrid
CAN12805,30-39,3,Doctorate,Frankfurt,False,Hybrid
CAN12806,40-49,4,Bachelor,Other Germany,False,Remote
CAN12807,30-39,7,Bachelor,Outside Germany,True,No preference
CAN12808,50+,22,Bachelor,Other Germany,True,Remote
CAN12809,30-39,8,Bachelor,Hamburg,False,Remote
CAN12810,20-29,7,Bachelor,Outside Germany,False,Hybrid
CAN12811,30-39,5,Master,Other Germany,True,Hybrid
CAN12812,40-49,6,Master,Other Germany,False,Remote
CAN12813,20-29,5,Bachelor,Munich,False,Hybrid
CAN12814,40-49,8,Master,Berlin,True,Hybrid
CAN12815,30-39,6,Bachelor,Other Germany,True,No preference
CAN12816,50+,7,Bachelor,Other Germany,True,Remote
CAN12817,20-29,4,Vocational training,Other Germany,True,Remote
CAN12818,40-49,6,Bachelor,Frankfurt,False,Remote
CAN12819,30-39,2,Vocational training,,True,Hybrid
CAN12820,30-39,3,Master,Frankfurt,True,On-site
CAN12821,40-49,1,Vocational training,Hamburg,False,Hybrid
CAN12822,30-39,5,Bachelor,Other Germany,False,Hybrid
CAN12823,40-49,6,Bachelor,Other Germany,False,Hybrid
CAN12824,30-39,5,Vocational training,Frankfurt,False,Remote
CAN12825,30-39,6,Vocational training,Cologne,True,On-site
CAN12826,40-49,9,Bachelor,Other Germany,True,Remote
CAN12827,30-39,4,Bachelor,Other Germany,False,Remote
CAN12828,30-39,7,Master,Other Germany,False,Hybrid
CAN12829,30-39,6,Vocational training,Other Germany,False,Remote
CAN12830,30-39,2,Vocational training,Berlin,False,Hybrid
CAN12831,40-49,4,Bachelor,Other Germany,False,No preference
CAN12832,40-49,4,Vocational training,Other Germany,False,Hybrid
CAN12833,40-49,3,Bachelor,Cologne,False,Hybrid
CAN12834,40-49,4,Bachelor,Other Germany,False,No preference
CAN12835,40-49,6,Bachelor,Frankfurt,False,Remote
CAN12836,40-49,7,Bachelor,Other Germany,False,Hybrid
CAN12837,50+,15,Master,Hamburg,False,Hybrid
CAN12838,30-39,8,Vocational training,Other Germany,True,No preference
CAN12839,40-49,9,Vocational training,Other Germany,False,Hybrid
CAN12840,20-29,10,Bachelor,Other Germany,True,Hybrid
CAN12841,40-49,8,Bachelor,Other Germany,False,Hybrid
CAN12842,30-39,3,Bachelor,Outside Germany,True,Hybrid
CAN12843,20-29,2,Bachelor,Other Germany,False,No preference
CAN12844,40-49,1,Vocational training,Other Germany,False,Hybrid
CAN12845,30-39,4,Vocational training,Munich,False,Hybrid
CAN12846,30-39,4,Vocational training,Berlin,False,Hybrid
CAN12847,30-39,5,Bachelor,Hamburg,False,Remote
CAN12848,50+,8,Bachelor,Berlin,False,Hybrid
CAN12849,40-49,1,Bachelor,Other Germany,True,Hybrid
CAN12850,30-39,5,Master,Hamburg,False,Remote
CAN12851,40-49,20,Vocational training,Frankfurt,False,Remote
CAN12852,30-39,11,Vocational training,Berlin,False,Hybrid
CAN12853,50+,10,Bachelor,Munich,False,Hybrid
CAN12854,20-29,1,Master,Frankfurt,False,No preference
CAN12855,30-39,3,Master,Hamburg,True,No preference
CAN12856,30-39,5,Master,Hamburg,True,On-site
CAN12857,30-39,1,Doctorate,Frankfurt,False,Remote
CAN12858,30-39,2,Bachelor,Berlin,False,Hybrid
CAN12859,40-49,3,Bachelor,Hamburg,False,Hybrid
CAN12860,40-49,0,Master,Frankfurt,False,On-site
CAN12861,40-49,7,Master,Berlin,False,Hybrid
CAN12862,30-39,2,Bachelor,Hamburg,True,Hybrid
CAN12863,50+,13,Other,Berlin,False,On-site
CAN12864,30-39,5,Bachelor,Berlin,False,No preference
CAN12865,40-49,3,Bachelor,Outside Germany,False,Hybrid
CAN12866,40-49,10,Vocational training,Other Germany,True,On-site
CAN12867,40-49,5,Bachelor,Outside Germany,False,Hybrid
CAN12868,40-49,6,Vocational training,Other Germany,True,On-site
CAN12869,40-49,7,Bachelor,Cologne,False,Hybrid
CAN12870,30-39,3,Bachelor,Berlin,False,No preference
CAN12871,20-29,4,Bachelor,Other Germany,False,No preference
CAN12872,40-49,7,Vocational training,Other Germany,False,Remote
CAN12873,40-49,5,Master,Frankfurt,True,On-site
CAN12874,40-49,6,Master,Cologne,False,Hybrid
CAN12875,20-29,2,Bachelor,Munich,False,Hybrid
CAN12876,40-49,9,Master,Other Germany,True,Hybrid
CAN12877,40-49,22,Vocational training,Other Germany,False,No preference
CAN12878,30-39,11,Bachelor,Berlin,False,Hybrid
CAN12879,30-39,2,Bachelor,Frankfurt,True,No preference
CAN12880,30-39,10,Vocational training,Other Germany,False,Hybrid
CAN12881,30-39,9,Bachelor,Berlin,True,Hybrid
CAN12882,50+,9,Bachelor,Frankfurt,False,Hybrid
CAN12883,40-49,9,Vocational training,Munich,False,Hybrid
CAN12884,40-49,5,Vocational training,Other Germany,False,Remote
CAN12885,40-49,4,Vocational training,Cologne,False,Hybrid
CAN12886,30-39,3,Other,Berlin,True,On-site
CAN12887,20-29,0,Vocational training,Berlin,True,Remote
CAN12888,30-39,4,Bachelor,Outside Germany,True,Remote
CAN12889,30-39,3,Bachelor,Hamburg,True,Hybrid
CAN12890,50+,14,Vocational training,Outside Germany,False,On-site
CAN12891,40-49,7,Bachelor,Frankfurt,False,Hybrid
CAN12892,30-39,2,Vocational training,Other Germany,False,Hybrid
CAN12893,20-29,6,Bachelor,Hamburg,True,Hybrid
CAN12894,30-39,0,Bachelor,Frankfurt,False,Hybrid
CAN12895,40-49,11,Vocational training,Berlin,False,Hybrid
CAN12896,50+,10,Vocational training,Cologne,True,Remote
CAN12897,30-39,6,Bachelor,Hamburg,True,No preference
CAN12898,20-29,5,Vocational training,Hamburg,False,Remote
CAN12899,40-49,2,Bachelor,Munich,False,Remote
CAN12900,50+,9,Bachelor,Berlin,False,Hybrid
CAN12901,40-49,5,Bachelor,Munich,True,Hybrid
CAN12902,40-49,3,Vocational training,Berlin,False,Hybrid
CAN12903,30-39,5,Bachelor,Berlin,False,No preference
CAN12904,30-39,6,Vocational training,Munich,False,Hybrid
CAN12905,20-29,1,Other,Other Germany,False,Hybrid
CAN12906,30-39,6,Master,Cologne,False,Hybrid
CAN12907,40-49,5,Other,Other Germany,True,Hybrid
CAN12908,30-39,1,Bachelor,,False,Hybrid
CAN12909,20-29,2,Bachelor,Cologne,False,Hybrid
CAN12910,30-39,7,Bachelor,Hamburg,True,Hybrid
CAN12911,20-29,2,Bachelor,Berlin,False,Hybrid
CAN12912,30-39,3,Vocational training,Other Germany,False,Hybrid
CAN12913,30-39,4,Doctorate,Other Germany,True,Remote
CAN12914,40-49,3,Vocational training,Munich,False,Remote
CAN12915,50+,20,Vocational training,Berlin,False,On-site
CAN12916,40-49,8,Vocational training,Frankfurt,True,Hybrid
CAN12917,40-49,5,Bachelor,Berlin,False,Hybrid
CAN12918,40-49,4,Vocational training,Outside Germany,True,Remote
CAN12919,20-29,4,Vocational training,Outside Germany,False,Remote
CAN12920,20-29,3,Bachelor,Cologne,False,On-site
CAN12921,40-49,9,Other,Munich,False,Remote
CAN12922,50+,16,Vocational training,Cologne,False,No preference
CAN12923,30-39,9,Vocational training,Frankfurt,True,On-site
CAN12924,20-29,4,Bachelor,Berlin,False,Hybrid
CAN12925,30-39,2,Master,Other Germany,True,Hybrid
CAN12926,40-49,4,Vocational training,Cologne,False,Hybrid
CAN12927,40-49,1,Bachelor,Outside Germany,False,Remote
CAN12928,20-29,3,Bachelor,Berlin,True,No preference
CAN12929,40-49,5,Master,Other Germany,True,Remote
CAN12930,30-39,4,Doctorate,Berlin,False,Hybrid
CAN12931,20-29,3,Vocational training,Other Germany,True,Hybrid
CAN12932,40-49,8,Master,Frankfurt,False,No preference
CAN12933,20-29,6,Other,Berlin,False,Hybrid
CAN12934,30-39,1,Master,Frankfurt,False,Remote
CAN12935,30-39,2,Vocational training,Other Germany,True,Hybrid
CAN12936,30-39,9,Bachelor,Frankfurt,False,Hybrid
CAN12937,40-49,2,Master,Other Germany,False,Hybrid
CAN12938,40-49,13,Master,Munich,False,Hybrid
CAN12939,30-39,11,Vocational training,Cologne,True,Hybrid
CAN12940,30-39,4,Bachelor,Cologne,True,Remote
CAN12941,40-49,11,Vocational training,Frankfurt,False,Remote
CAN12942,20-29,2,Master,Hamburg,True,Hybrid
CAN12943,30-39,4,Vocational training,Berlin,True,Remote
CAN12944,30-39,4,Other,Frankfurt,False,Remote
CAN12945,40-49,5,Master,Munich,False,On-site
CAN12946,30-39,10,Other,Berlin,False,Remote
CAN12947,40-49,7,Bachelor,Berlin,False,Hybrid
CAN12948,20-29,6,Bachelor,Other Germany,True,Hybrid
CAN12949,30-39,12,Master,Hamburg,False,On-site
CAN12950,40-49,7,Bachelor,Berlin,True,Hybrid
CAN12951,40-49,2,Vocational training,Other Germany,False,Hybrid
CAN12952,40-49,4,Vocational training,Other Germany,False,Remote
CAN12953,30-39,4,Bachelor,Other Germany,False,Hybrid
CAN12954,40-49,10,Bachelor,Frankfurt,True,Hybrid
CAN12955,20-29,6,Vocational training,Munich,False,Hybrid
CAN12956,40-49,2,Master,Cologne,True,Hybrid
CAN12957,20-29,9,Bachelor,Cologne,False,No preference
CAN12958,30-39,12,Vocational training,Frankfurt,False,Hybrid
CAN12959,30-39,9,Master,Munich,True,On-site
CAN12960,20-29,4,Vocational training,Berlin,False,No preference
CAN12961,30-39,12,Bachelor,Other Germany,False,Remote
CAN12962,30-39,5,Other,Cologne,True,Hybrid
CAN12963,40-49,8,Vocational training,Frankfurt,False,Hybrid
CAN12964,20-29,2,Vocational training,Frankfurt,False,Hybrid
CAN12965,40-49,9,Vocational training,Other Germany,False,Hybrid
CAN12966,30-39,6,Vocational training,Outside Germany,False,Hybrid
CAN12967,20-29,3,Master,Cologne,False,Hybrid
CAN12968,30-39,2,Doctorate,Frankfurt,True,On-site
CAN12969,40-49,0,Bachelor,Cologne,False,Hybrid
CAN12970,40-49,2,Vocational training,Munich,True,On-site
CAN12971,20-29,2,Vocational training,Berlin,False,On-site
CAN12972,30-39,12,Bachelor,Hamburg,False,Hybrid
CAN12973,30-39,6,Bachelor,Hamburg,True,Remote
CAN12974,40-49,16,Master,Outside Germany,False,On-site
CAN12975,20-29,3,Vocational training,Frankfurt,True,No preference
CAN12976,20-29,2,Vocational training,Outside Germany,False,Remote
CAN12977,20-29,6,Vocational training,Other Germany,True,Remote
CAN12978,30-39,1,Other,Frankfurt,False,Hybrid
CAN12979,20-29,5,Vocational training,Berlin,False,Remote
CAN12980,20-29,5,Doctorate,Cologne,False,Hybrid
CAN12981,40-49,13,Vocational training,Berlin,True,Hybrid
CAN12982,30-39,5,Master,Other Germany,False,Hybrid
CAN12983,30-39,4,Doctorate,Berlin,False,Hybrid
CAN12984,30-39,7,Vocational training,Berlin,True,Hybrid
CAN12985,40-49,3,Other,Other Germany,False,No preference
CAN12986,40-49,4,Vocational training,Outside Germany,False,Hybrid
CAN12987,30-39,3,Bachelor,Hamburg,False,On-site
CAN12988,30-39,5,Master,Other Germany,False,Hybrid
CAN12989,40-49,4,Vocational training,Cologne,False,Remote
CAN12990,30-39,1,Vocational training,Hamburg,True,Remote
CAN12991,40-49,16,Bachelor,Other Germany,True,Remote
CAN12992,30-39,8,Bachelor,Other Germany,True,Hybrid
CAN12993,50+,7,Bachelor,Cologne,True,Hybrid
CAN12994,20-29,2,Vocational training,Frankfurt,False,No preference
CAN12995,30-39,4,Master,Frankfurt,False,Hybrid
CAN12996,20-29,5,Vocational training,Frankfurt,False,Hybrid
CAN12997,40-49,2,Bachelor,Berlin,False,On-site
CAN12998,40-49,6,Master,Berlin,False,Hybrid
CAN12999,40-49,2,Doctorate,Other Germany,False,Remote
CAN13000,20-29,1,Vocational training,Munich,True,On-site
CAN13001,20-29,1,Vocational training,Other Germany,False,Remote
CAN13002,30-39,16,Bachelor,Other Germany,True,Hybrid
CAN13003,30-39,10,Vocational training,Frankfurt,True,On-site
CAN13004,30-39,8,Bachelor,Munich,False,Hybrid
CAN13005,30-39,7,Vocational training,Munich,True,No preference
CAN13006,30-39,2,Vocational training,Other Germany,False,No preference
CAN13007,20-29,2,Master,Hamburg,False,Remote
CAN13008,40-49,5,Master,Munich,True,Hybrid
CAN13009,50+,16,Bachelor,Other Germany,True,Hybrid
CAN13010,40-49,8,Bachelor,Berlin,True,Remote
CAN13011,30-39,9,Bachelor,Other Germany,False,Remote
CAN13012,20-29,2,Vocational training,Other Germany,False,Hybrid
CAN13013,50+,20,Bachelor,Munich,False,Remote
CAN13014,40-49,13,Vocational training,Munich,False,Remote
CAN13015,30-39,8,Doctorate,Outside Germany,False,Hybrid
CAN13016,50+,25,Other,Munich,False,Remote
CAN13017,40-49,11,Vocational training,Hamburg,False,Remote
CAN13018,40-49,7,Bachelor,Berlin,True,Hybrid
CAN13019,40-49,13,Vocational training,Frankfurt,False,Remote
CAN13020,40-49,7,Bachelor,Other Germany,False,Remote
CAN13021,20-29,2,Bachelor,Berlin,True,Hybrid
CAN13022,20-29,2,Bachelor,Munich,False,Hybrid
CAN13023,20-29,5,Bachelor,Munich,False,Hybrid
CAN13024,30-39,6,Bachelor,Berlin,False,Hybrid
CAN13025,30-39,3,Master,Munich,True,No preference
CAN13026,40-49,6,Bachelor,Munich,False,Hybrid
CAN13027,30-39,5,Other,Other Germany,False,Remote
CAN13028,20-29,2,Bachelor,Munich,False,Remote
CAN13029,40-49,10,Master,Frankfurt,False,No preference
CAN13030,30-39,2,Bachelor,Outside Germany,False,No preference
CAN13031,20-29,2,Bachelor,Hamburg,False,Remote
CAN13032,40-49,5,Vocational training,Frankfurt,True,Remote
CAN13033,40-49,8,Bachelor,Munich,True,Hybrid
CAN13034,30-39,3,Other,Hamburg,True,Remote
CAN13035,20-29,2,Bachelor,Frankfurt,False,Hybrid
CAN13036,50+,13,Bachelor,Other Germany,True,Hybrid
CAN13037,40-49,21,Bachelor,Berlin,False,Hybrid
CAN13038,40-49,1,Master,Berlin,False,Hybrid
CAN13039,40-49,3,Master,Frankfurt,False,Hybrid
CAN13040,30-39,2,Master,Munich,True,Remote
CAN13041,40-49,15,Bachelor,Berlin,False,Hybrid
CAN13042,30-39,3,Bachelor,Frankfurt,False,Hybrid
CAN13043,30-39,2,Vocational training,Frankfurt,True,Hybrid
CAN13044,20-29,6,Vocational training,Hamburg,False,Hybrid
CAN13045,50+,6,Vocational training,Frankfurt,False,Hybrid
CAN13046,40-49,1,Vocational training,Frankfurt,True,Hybrid
CAN13047,20-29,3,Vocational training,Frankfurt,True,Hybrid
CAN13048,30-39,7,Doctorate,Frankfurt,False,No preference
CAN13049,20-29,4,Vocational training,Other Germany,False,On-site
CAN13050,30-39,5,Vocational training,Frankfurt,True,Hybrid
CAN13051,30-39,2,Vocational training,Other Germany,True,Hybrid
CAN13052,30-39,9,Vocational training,Frankfurt,True,Remote
CAN13053,30-39,7,Bachelor,Berlin,False,Remote
CAN13054,20-29,3,Vocational training,Berlin,False,Hybrid
CAN13055,30-39,11,Bachelor,Frankfurt,False,On-site
CAN13056,30-39,4,Bachelor,Hamburg,False,Remote
CAN13057,50+,8,Vocational training,Other Germany,False,Hybrid
CAN13058,30-39,4,Master,Berlin,False,Hybrid
CAN13059,50+,7,Bachelor,Other Germany,False,Remote
CAN13060,40-49,1,Bachelor,Outside Germany,False,On-site
CAN13061,40-49,3,Vocational training,Hamburg,False,Hybrid
CAN13062,20-29,2,Bachelor,Frankfurt,False,Remote
CAN13063,30-39,4,Bachelor,Frankfurt,False,On-site
CAN13064,40-49,9,Vocational training,Berlin,False,Remote
CAN13065,30-39,2,Bachelor,Hamburg,False,Hybrid
CAN13066,20-29,2,Bachelor,Frankfurt,True,Hybrid
CAN13067,30-39,1,Bachelor,Munich,True,Hybrid
CAN13068,50+,11,Bachelor,Frankfurt,False,On-site
CAN13069,20-29,4,Bachelor,Other Germany,False,Hybrid
CAN13070,50+,11,Vocational training,Hamburg,True,Hybrid
CAN13071,40-49,8,Vocational training,Frankfurt,False,No preference
CAN13072,30-39,9,Bachelor,Berlin,False,No preference
CAN13073,30-39,2,Master,Cologne,False,Remote
CAN13074,40-49,2,Bachelor,Other Germany,False,Hybrid
CAN13075,30-39,0,Vocational training,Outside Germany,False,On-site
CAN13076,20-29,4,Master,Hamburg,True,Hybrid
CAN13077,40-49,1,Master,Other Germany,False,No preference
CAN13078,40-49,15,Master,Hamburg,True,No preference
CAN13079,40-49,1,Vocational training,Outside Germany,False,On-site
CAN13080,30-39,2,Master,Hamburg,False,Hybrid
CAN13081,30-39,2,Bachelor,Munich,False,Remote
CAN13082,20-29,2,Vocational training,Other Germany,True,On-site
CAN13083,20-29,0,Master,Cologne,False,Hybrid
CAN13084,20-29,6,Vocational training,Berlin,False,Hybrid
CAN13085,30-39,7,Vocational training,Other Germany,True,On-site
CAN13086,40-49,5,Vocational training,Frankfurt,False,No preference
CAN13087,30-39,2,Doctorate,Frankfurt,False,Hybrid
CAN13088,40-49,2,Bachelor,Outside Germany,True,Remote
CAN13089,30-39,8,Vocational training,Other Germany,True,Remote
CAN13090,50+,11,Bachelor,Other Germany,False,Hybrid
CAN13091,50+,9,Bachelor,Frankfurt,True,On-site
CAN13092,40-49,10,Master,Cologne,True,Remote
CAN13093,30-39,0,Bachelor,Frankfurt,True,Hybrid
CAN13094,50+,6,Master,Munich,False,Hybrid
CAN13095,30-39,3,Bachelor,Hamburg,True,Hybrid
CAN13096,20-29,3,Bachelor,Hamburg,False,Remote
CAN13097,30-39,3,Vocational training,Hamburg,True,On-site
CAN13098,30-39,2,Bachelor,Outside Germany,False,No preference
CAN13099,40-49,15,Vocational training,Munich,False,Hybrid
CAN13100,40-49,4,Bachelor,Frankfurt,True,No preference
CAN13101,20-29,2,Master,Hamburg,True,No preference
CAN13102,30-39,11,Vocational training,Frankfurt,False,Hybrid
CAN13103,40-49,6,Vocational training,Frankfurt,False,Remote
CAN13104,40-49,2,Bachelor,Frankfurt,False,Hybrid
CAN13105,40-49,2,Bachelor,Munich,False,Hybrid
CAN13106,40-49,4,Vocational training,Other Germany,False,Hybrid
CAN13107,40-49,9,Vocational training,Cologne,False,No preference
CAN13108,40-49,5,Vocational training,Frankfurt,False,Hybrid
CAN13109,30-39,18,Bachelor,Frankfurt,False,On-site
CAN13110,50+,9,Other,Other Germany,True,On-site
CAN13111,40-49,14,Bachelor,Other Germany,False,No preference
CAN13112,40-49,8,Master,Cologne,False,Remote
CAN13113,30-39,3,Vocational training,Frankfurt,True,Remote
CAN13114,30-39,15,Bachelor,Berlin,False,No preference
CAN13115,20-29,5,Master,Berlin,False,Hybrid
CAN13116,40-49,4,Doctorate,Munich,False,Hybrid
CAN13117,40-49,2,Master,Berlin,True,Hybrid
CAN13118,40-49,4,Vocational training,Frankfurt,True,Hybrid
CAN13119,30-39,2,Master,Outside Germany,False,Remote
CAN13120,30-39,3,Bachelor,Other Germany,True,Hybrid
CAN13121,20-29,3,Master,Hamburg,True,Hybrid
CAN13122,30-39,4,Bachelor,Berlin,False,Hybrid
CAN13123,40-49,4,Doctorate,Munich,True,Hybrid
CAN13124,40-49,3,Vocational training,Frankfurt,False,No preference
CAN13125,40-49,4,Master,Hamburg,False,Hybrid
CAN13126,40-49,6,Master,Hamburg,False,On-site
CAN13127,50+,7,Bachelor,Cologne,False,Hybrid
CAN13128,30-39,3,Master,Frankfurt,False,No preference
CAN13129,20-29,3,Other,Frankfurt,True,No preference
CAN13130,30-39,6,Master,Hamburg,True,Remote
CAN13131,40-49,4,Bachelor,Other Germany,False,Remote
CAN13132,40-49,15,Doctorate,Hamburg,False,No preference
CAN13133,20-29,3,Vocational training,Munich,False,Remote
CAN13134,40-49,7,Bachelor,Hamburg,False,No preference
CAN13135,50+,15,Vocational training,Other Germany,True,No preference
CAN13136,40-49,8,Master,Other Germany,False,Remote
CAN13137,30-39,7,Vocational training,Frankfurt,False,No preference
CAN13138,20-29,8,Bachelor,Other Germany,False,Hybrid
CAN13139,40-49,5,Bachelor,Berlin,False,Remote
CAN13140,30-39,10,Master,Munich,True,Remote
CAN13141,40-49,3,Master,Hamburg,True,No preference
CAN13142,20-29,5,Bachelor,Berlin,False,Remote
CAN13143,30-39,2,Master,Cologne,False,Hybrid
CAN13144,50+,10,Master,Berlin,False,Remote
CAN13145,40-49,5,Master,Berlin,False,Hybrid
CAN13146,50+,11,Bachelor,Other Germany,False,Hybrid
CAN13147,30-39,4,Vocational training,Other Germany,True,On-site
CAN13148,40-49,3,Bachelor,Other Germany,True,Remote
CAN13149,40-49,3,Bachelor,Munich,True,Hybrid
CAN13150,20-29,0,Vocational training,Other Germany,False,Hybrid
CAN13151,40-49,15,Bachelor,Hamburg,False,Hybrid
CAN13152,30-39,5,Bachelor,Hamburg,False,Remote
CAN13153,20-29,9,Bachelor,Munich,True,Remote
CAN13154,30-39,5,Vocational training,Frankfurt,False,Hybrid
CAN13155,20-29,2,Master,Frankfurt,True,Hybrid
CAN13156,50+,11,Bachelor,Other Germany,False,Hybrid
CAN13157,40-49,8,Vocational training,Cologne,False,Hybrid
CAN13158,30-39,2,Bachelor,Berlin,False,On-site
CAN13159,30-39,8,Bachelor,Frankfurt,False,Remote
CAN13160,30-39,6,Vocational training,Berlin,False,No preference
CAN13161,30-39,10,Master,Munich,False,Hybrid
CAN13162,40-49,4,Bachelor,Cologne,False,Hybrid
CAN13163,20-29,2,Vocational training,Cologne,True,Hybrid
CAN13164,50+,6,Master,Frankfurt,False,Hybrid
CAN13165,20-29,5,Master,Berlin,True,Hybrid
CAN13166,20-29,1,Vocational training,Outside Germany,True,Remote
CAN13167,40-49,8,Bachelor,Cologne,True,No preference
CAN13168,30-39,1,Vocational training,Other Germany,False,Hybrid
CAN13169,30-39,5,Vocational training,Frankfurt,True,Hybrid
CAN13170,30-39,7,Bachelor,Munich,True,Hybrid
CAN13171,30-39,9,Vocational training,Other Germany,False,On-site
CAN13172,40-49,13,Vocational training,Munich,False,Remote
CAN13173,30-39,9,Vocational training,Cologne,True,Hybrid
CAN13174,30-39,7,Vocational training,Frankfurt,False,Hybrid
CAN13175,40-49,9,Bachelor,Other Germany,False,Hybrid
CAN13176,30-39,2,Bachelor,Frankfurt,False,On-site
CAN13177,30-39,11,Master,Frankfurt,True,On-site
CAN13178,30-39,0,Vocational training,Frankfurt,True,Hybrid
CAN13179,30-39,7,Vocational training,Frankfurt,True,Hybrid
CAN13180,30-39,6,Bachelor,Munich,True,Hybrid
CAN13181,20-29,5,Bachelor,Berlin,True,Remote
CAN13182,30-39,4,Vocational training,Other Germany,True,No preference
CAN13183,40-49,17,Bachelor,Berlin,True,Hybrid
CAN13184,20-29,4,Vocational training,Berlin,False,No preference
CAN13185,20-29,5,Vocational training,Hamburg,False,Hybrid
CAN13186,40-49,5,Other,Munich,False,Hybrid
CAN13187,30-39,7,Master,Other Germany,False,Hybrid
CAN13188,30-39,2,Vocational training,Other Germany,True,Hybrid
CAN13189,20-29,6,Master,Munich,False,Remote
CAN13190,20-29,4,Bachelor,Hamburg,False,Remote
CAN13191,30-39,0,Vocational training,Cologne,False,Hybrid
CAN13192,20-29,4,Bachelor,Other Germany,False,On-site
CAN13193,20-29,2,Bachelor,Other Germany,False,No preference
CAN13194,40-49,7,Master,Other Germany,False,Hybrid
CAN13195,30-39,3,Bachelor,Hamburg,False,Hybrid
CAN13196,40-49,7,Master,Berlin,True,Remote
CAN13197,40-49,4,Master,Frankfurt,False,Hybrid
CAN13198,20-29,4,Bachelor,Hamburg,False,Remote
CAN13199,20-29,4,Master,Frankfurt,False,Hybrid
CAN13200,20-29,6,Vocational training,Other Germany,True,Hybrid
CAN13201,40-49,2,Vocational training,Other Germany,True,Hybrid
CAN13202,20-29,1,Bachelor,Berlin,False,No preference
CAN13203,40-49,5,Vocational training,Cologne,False,On-site
CAN13204,50+,8,Bachelor,Munich,False,Hybrid
CAN13205,30-39,3,Master,Other Germany,True,Remote
CAN13206,20-29,2,Master,Munich,False,Remote
CAN13207,20-29,6,Bachelor,Frankfurt,False,No preference
CAN13208,30-39,3,Master,Hamburg,False,Hybrid
CAN13209,30-39,9,Master,Frankfurt,False,Hybrid
CAN13210,30-39,10,Bachelor,Munich,False,Hybrid
CAN13211,40-49,7,Master,Munich,True,Hybrid
CAN13212,20-29,2,Vocational training,Other Germany,True,Hybrid
CAN13213,20-29,8,Vocational training,Frankfurt,True,On-site
CAN13214,20-29,4,Bachelor,Frankfurt,True,No preference
CAN13215,20-29,6,Master,Other Germany,False,Hybrid
CAN13216,20-29,2,Bachelor,Outside Germany,True,Hybrid
CAN13217,30-39,4,Doctorate,Munich,False,Hybrid
CAN13218,50+,14,Master,Other Germany,False,No preference
CAN13219,30-39,2,Vocational training,Hamburg,False,Hybrid
CAN13220,30-39,5,Bachelor,Berlin,False,Hybrid
CAN13221,30-39,10,Bachelor,Berlin,True,Remote
CAN13222,20-29,6,Bachelor,Other Germany,False,Hybrid
CAN13223,20-29,1,Bachelor,Munich,False,Hybrid
CAN13224,20-29,5,Master,Frankfurt,False,Hybrid
CAN13225,40-49,20,Other,Outside Germany,True,Hybrid
CAN13226,40-49,6,Vocational training,Berlin,False,Hybrid
CAN13227,30-39,1,Doctorate,Hamburg,False,Remote
CAN13228,50+,25,Bachelor,Berlin,True,Hybrid
CAN13229,30-39,3,Vocational training,Hamburg,False,Hybrid
CAN13230,40-49,7,Bachelor,Other Germany,False,Hybrid
CAN13231,40-49,12,Other,Other Germany,False,No preference
CAN13232,30-39,9,Master,Other Germany,False,Remote
CAN13233,30-39,10,Vocational training,Hamburg,False,Hybrid
CAN13234,30-39,2,Bachelor,Cologne,False,No preference
CAN13235,30-39,13,Doctorate,Hamburg,False,Remote
CAN13236,40-49,6,Master,Other Germany,False,No preference
CAN13237,20-29,2,Vocational training,Other Germany,False,Hybrid
CAN13238,20-29,9,Vocational training,Frankfurt,False,Hybrid
CAN13239,40-49,6,Vocational training,Berlin,False,Hybrid
CAN13240,50+,10,Bachelor,Munich,False,Hybrid
CAN13241,50+,13,Other,Frankfurt,False,On-site
CAN13242,30-39,12,Vocational training,Other Germany,False,No preference
CAN13243,50+,10,Vocational training,Other Germany,False,No preference
CAN13244,30-39,4,Bachelor,Munich,True,Remote
CAN13245,30-39,0,Other,Frankfurt,True,No preference
CAN13246,40-49,8,Vocational training,Other Germany,False,No preference
CAN13247,30-39,9,Master,Other Germany,False,Hybrid
CAN13248,40-49,4,Vocational training,Other Germany,False,Remote
CAN13249,30-39,13,Vocational training,Berlin,True,No preference
CAN13250,30-39,5,Bachelor,Other Germany,True,Remote
CAN13251,30-39,5,Doctorate,Frankfurt,False,Hybrid
CAN13252,40-49,8,Bachelor,Outside Germany,True,Hybrid
CAN13253,50+,22,Other,Cologne,False,No preference
CAN13254,40-49,3,Vocational training,Berlin,True,Remote
CAN13255,20-29,7,Vocational training,Frankfurt,True,Remote
CAN13256,50+,25,Vocational training,Munich,True,Remote
CAN13257,30-39,12,Master,Frankfurt,False,On-site
CAN13258,20-29,4,Bachelor,Berlin,False,No preference
CAN13259,30-39,6,Bachelor,,True,Hybrid
CAN13260,30-39,4,Bachelor,Cologne,False,Hybrid
CAN13261,40-49,0,Bachelor,Cologne,False,Hybrid
CAN13262,20-29,1,Vocational training,Munich,True,On-site
CAN13263,20-29,3,Vocational training,Frankfurt,True,Hybrid
CAN13264,20-29,8,Bachelor,Frankfurt,False,On-site
CAN13265,40-49,15,Vocational training,Munich,False,On-site
CAN13266,30-39,4,Master,Hamburg,False,No preference
CAN13267,30-39,10,Vocational training,Other Germany,False,Hybrid
CAN13268,20-29,3,Bachelor,Munich,False,Hybrid
CAN13269,20-29,1,Bachelor,Other Germany,False,Hybrid
CAN13270,40-49,3,Vocational training,Hamburg,False,No preference
CAN13271,20-29,9,Vocational training,Other Germany,False,No preference
CAN13272,40-49,10,Bachelor,Berlin,True,Hybrid
CAN13273,30-39,5,Vocational training,Other Germany,False,Hybrid
CAN13274,40-49,7,Bachelor,Outside Germany,True,Remote
CAN13275,30-39,1,Master,Other Germany,False,Hybrid
CAN13276,40-49,4,Vocational training,Hamburg,True,Hybrid
CAN13277,40-49,10,Bachelor,Berlin,False,On-site
CAN13278,40-49,6,Bachelor,Other Germany,True,Remote
CAN13279,50+,10,Other,Frankfurt,False,On-site
CAN13280,40-49,7,Bachelor,Munich,True,On-site
CAN13281,20-29,6,Master,Outside Germany,False,Hybrid
CAN13282,30-39,6,Vocational training,Hamburg,True,Hybrid
CAN13283,40-49,10,Vocational training,Cologne,False,Hybrid
CAN13284,50+,15,Bachelor,Frankfurt,False,No preference
CAN13285,20-29,0,Vocational training,Hamburg,True,Remote
CAN13286,30-39,3,Bachelor,Cologne,True,No preference
CAN13287,30-39,7,Bachelor,Munich,True,Hybrid
CAN13288,40-49,16,Vocational training,Other Germany,False,Hybrid
CAN13289,50+,17,Bachelor,Berlin,False,On-site
CAN13290,40-49,4,Bachelor,Berlin,True,Hybrid
CAN13291,40-49,9,Master,Outside Germany,True,Remote
CAN13292,20-29,0,Vocational training,Berlin,False,Remote
CAN13293,30-39,6,Vocational training,Other Germany,False,Hybrid
CAN13294,20-29,3,Bachelor,Munich,True,Hybrid
CAN13295,20-29,3,Other,Other Germany,False,Hybrid
CAN13296,40-49,3,Bachelor,Cologne,True,Hybrid
CAN13297,30-39,14,Bachelor,Cologne,False,Hybrid
CAN13298,50+,20,Other,Hamburg,True,Hybrid
CAN13299,40-49,3,Master,Other Germany,False,Remote
CAN13300,30-39,3,Vocational training,Other Germany,False,No preference
CAN13301,30-39,1,Master,Frankfurt,False,Hybrid
CAN13302,30-39,8,Bachelor,Frankfurt,False,Remote
CAN13303,30-39,3,Vocational training,Munich,False,Hybrid
CAN13304,20-29,6,Vocational training,Munich,False,Remote
CAN13305,30-39,2,Bachelor,Outside Germany,True,Hybrid
CAN13306,20-29,3,Vocational training,Other Germany,False,On-site
CAN13307,30-39,3,Vocational training,Hamburg,False,Remote
CAN13308,40-49,6,Vocational training,Berlin,False,Remote
CAN13309,30-39,7,Bachelor,Frankfurt,False,Hybrid
CAN13310,40-49,10,Vocational training,Berlin,True,On-site
CAN13311,20-29,3,Vocational training,Frankfurt,False,Remote
CAN13312,30-39,11,Vocational training,Cologne,True,Hybrid
CAN13313,30-39,3,Master,Other Germany,False,Remote
CAN13314,40-49,10,Bachelor,Other Germany,False,Remote
CAN13315,20-29,4,Bachelor,Other Germany,False,Remote
CAN13316,20-29,7,Master,Munich,False,Remote
CAN13317,50+,12,Bachelor,Cologne,False,Hybrid
CAN13318,20-29,1,Bachelor,Other Germany,True,No preference
CAN13319,40-49,10,Vocational training,Frankfurt,False,Remote
CAN13320,30-39,1,Bachelor,Other Germany,True,On-site
CAN13321,50+,14,Vocational training,Frankfurt,False,Hybrid
CAN13322,50+,18,Bachelor,Berlin,False,On-site
CAN13323,50+,12,Bachelor,Hamburg,True,On-site
CAN13324,30-39,2,Vocational training,Frankfurt,False,Hybrid
CAN13325,30-39,6,Bachelor,Berlin,True,Hybrid
CAN13326,30-39,6,Vocational training,Berlin,True,Hybrid
CAN13327,20-29,6,Master,Frankfurt,True,Hybrid
CAN13328,40-49,8,Bachelor,Frankfurt,False,Hybrid
CAN13329,40-49,7,Vocational training,Frankfurt,True,On-site
CAN13330,30-39,10,Master,Other Germany,False,Hybrid
CAN13331,40-49,11,Vocational training,Munich,False,Hybrid
CAN13332,40-49,2,Bachelor,Munich,True,Remote
CAN13333,30-39,1,Vocational training,Hamburg,True,On-site
CAN13334,40-49,14,Doctorate,Hamburg,False,Hybrid
CAN13335,30-39,4,Vocational training,Frankfurt,True,Hybrid
CAN13336,30-39,8,Bachelor,Berlin,True,Remote
CAN13337,30-39,14,Master,Other Germany,True,Hybrid
CAN13338,20-29,3,Vocational training,Outside Germany,True,No preference
CAN13339,30-39,0,Doctorate,Other Germany,True,Hybrid
CAN13340,30-39,7,Bachelor,Outside Germany,False,Hybrid
CAN13341,40-49,3,Master,Other Germany,False,Hybrid
CAN13342,30-39,7,Vocational training,Frankfurt,False,Hybrid
CAN13343,40-49,5,Master,Frankfurt,False,Remote
CAN13344,20-29,0,Master,Cologne,True,Hybrid
CAN13345,30-39,3,Bachelor,Munich,True,Hybrid
CAN13346,20-29,2,Vocational training,Frankfurt,False,Hybrid
CAN13347,40-49,3,Vocational training,Other Germany,True,Hybrid
CAN13348,30-39,8,Vocational training,Other Germany,True,Hybrid
CAN13349,30-39,7,Master,Berlin,True,Remote
CAN13350,30-39,10,Vocational training,Frankfurt,False,Remote
CAN13351,40-49,12,Vocational training,Frankfurt,True,Remote
CAN13352,30-39,2,Bachelor,Cologne,True,Hybrid
CAN13353,30-39,3,Vocational training,Outside Germany,True,Remote
CAN13354,40-49,4,Other,Other Germany,False,On-site
CAN13355,30-39,11,Vocational training,Frankfurt,True,Hybrid
CAN13356,40-49,3,Bachelor,Other Germany,False,Hybrid
CAN13357,40-49,4,Master,Hamburg,False,Hybrid
CAN13358,40-49,7,Doctorate,Munich,False,On-site
CAN13359,40-49,9,Vocational training,Frankfurt,False,Remote
CAN13360,30-39,9,Master,Other Germany,True,Hybrid
CAN13361,20-29,0,Vocational training,Frankfurt,True,Hybrid
CAN13362,20-29,0,Bachelor,Other Germany,False,Hybrid
CAN13363,30-39,4,Vocational training,Munich,False,Hybrid
CAN13364,40-49,6,Other,Berlin,True,Hybrid
CAN13365,40-49,11,Vocational training,Berlin,True,No preference
CAN13366,20-29,5,Bachelor,Hamburg,False,No preference
CAN13367,40-49,1,Bachelor,Munich,True,Hybrid
CAN13368,40-49,1,Vocational training,Frankfurt,False,Hybrid
CAN13369,40-49,2,Bachelor,Munich,True,Hybrid
CAN13370,30-39,2,Bachelor,Other Germany,False,On-site
CAN13371,20-29,3,Vocational training,Other Germany,True,No preference
CAN13372,40-49,8,Bachelor,Frankfurt,False,Remote
CAN13373,30-39,2,Vocational training,Outside Germany,True,Remote
CAN13374,30-39,10,Vocational training,Hamburg,False,Hybrid
CAN13375,40-49,2,Vocational training,Hamburg,False,On-site
CAN13376,40-49,6,Vocational training,Hamburg,False,On-site
CAN13377,40-49,15,Master,Other Germany,False,On-site
CAN13378,40-49,6,Master,Frankfurt,True,No preference
CAN13379,20-29,3,Master,Hamburg,False,Hybrid
CAN13380,40-49,5,Vocational training,Other Germany,False,Hybrid
CAN13381,50+,10,Other,Outside Germany,False,On-site
CAN13382,30-39,4,Vocational training,Hamburg,True,Hybrid
CAN13383,30-39,1,Master,Cologne,True,No preference
CAN13384,40-49,10,Master,Hamburg,True,Remote
CAN13385,40-49,3,Master,Other Germany,True,Hybrid
CAN13386,40-49,6,Vocational training,Cologne,False,Hybrid
CAN13387,40-49,7,Bachelor,Berlin,True,Hybrid
CAN13388,40-49,3,Bachelor,Munich,True,Hybrid
CAN13389,30-39,11,Master,Other Germany,False,Hybrid
CAN13390,20-29,6,Master,Frankfurt,False,Remote
CAN13391,20-29,0,Vocational training,Other Germany,True,Remote
CAN13392,20-29,3,Bachelor,Munich,True,Hybrid
CAN13393,20-29,2,Other,Frankfurt,False,Remote
CAN13394,40-49,10,Bachelor,Berlin,True,Remote
CAN13395,30-39,1,Vocational training,Other Germany,False,Hybrid
CAN13396,40-49,3,Master,Other Germany,True,No preference
CAN13397,50+,10,Bachelor,Hamburg,False,On-site
CAN13398,30-39,1,Vocational training,Cologne,False,Hybrid
CAN13399,30-39,2,Bachelor,Frankfurt,False,Hybrid
CAN13400,40-49,12,Vocational training,Outside Germany,True,Hybrid
CAN13401,30-39,2,Vocational training,Munich,False,No preference
CAN13402,40-49,3,Vocational training,Cologne,True,Hybrid
CAN13403,50+,6,Vocational training,Other Germany,False,No preference
CAN13404,50+,18,Vocational training,Munich,False,No preference
CAN13405,40-49,12,Master,Other Germany,False,Remote
CAN13406,30-39,1,Vocational training,Outside Germany,False,No preference
CAN13407,40-49,3,Vocational training,Berlin,False,No preference
CAN13408,40-49,0,Bachelor,Hamburg,True,No preference
CAN13409,30-39,2,Vocational training,Frankfurt,False,Hybrid
CAN13410,20-29,1,Doctorate,Hamburg,False,Hybrid
CAN13411,40-49,10,Vocational training,Other Germany,False,No preference
CAN13412,20-29,6,Bachelor,Munich,True,Hybrid
CAN13413,40-49,19,Vocational training,Hamburg,False,No preference
CAN13414,40-49,15,Bachelor,Frankfurt,False,Remote
CAN13415,30-39,1,Other,Other Germany,False,Remote
CAN13416,20-29,2,Master,Berlin,False,On-site
CAN13417,40-49,4,Bachelor,Frankfurt,True,Remote
CAN13418,40-49,4,Master,Berlin,True,Hybrid
CAN13419,40-49,7,Vocational training,Berlin,False,On-site
CAN13420,20-29,3,Vocational training,Frankfurt,False,No preference
CAN13421,40-49,2,Bachelor,Hamburg,False,Hybrid
CAN13422,30-39,5,Vocational training,Frankfurt,False,On-site
CAN13423,40-49,15,Bachelor,Frankfurt,True,Remote
CAN13424,30-39,2,Vocational training,Munich,False,Hybrid
CAN13425,20-29,2,Master,Munich,False,On-site
CAN13426,20-29,1,Vocational training,Berlin,True,Remote
CAN13427,20-29,4,Vocational training,Frankfurt,True,No preference
CAN13428,30-39,14,Bachelor,Other Germany,False,Remote
CAN13429,30-39,6,Bachelor,Frankfurt,False,On-site
CAN13430,40-49,9,Other,Other Germany,False,No preference
CAN13431,50+,9,Vocational training,Frankfurt,True,Remote
CAN13432,30-39,0,Bachelor,Frankfurt,False,Remote
CAN13433,50+,15,Vocational training,Other Germany,True,Remote
CAN13434,40-49,4,Doctorate,Other Germany,False,Remote
CAN13435,40-49,13,Vocational training,Berlin,True,Hybrid
CAN13436,40-49,5,Master,Frankfurt,False,Hybrid
CAN13437,40-49,5,Bachelor,Other Germany,False,Hybrid
CAN13438,40-49,3,Vocational training,Frankfurt,True,Hybrid
CAN13439,40-49,10,Vocational training,Munich,False,Hybrid
CAN13440,20-29,4,Vocational training,Hamburg,False,Hybrid
CAN13441,20-29,1,Vocational training,Other Germany,True,Remote
CAN13442,30-39,7,Bachelor,Other Germany,True,Hybrid
CAN13443,30-39,5,Bachelor,Frankfurt,True,Hybrid
CAN13444,30-39,11,Vocational training,Munich,False,Hybrid
CAN13445,50+,14,Bachelor,Berlin,False,Hybrid
CAN13446,40-49,6,Vocational training,Frankfurt,False,Remote
CAN13447,20-29,2,Vocational training,Other Germany,False,Hybrid
CAN13448,40-49,6,Bachelor,Other Germany,False,Hybrid
CAN13449,40-49,3,Bachelor,Cologne,True,No preference
CAN13450,40-49,9,Bachelor,Berlin,False,No preference
CAN13451,40-49,2,Vocational training,Cologne,False,On-site
CAN13452,50+,21,Bachelor,Cologne,False,Remote
CAN13453,30-39,2,Master,Berlin,True,On-site
CAN13454,30-39,5,Master,Munich,False,Hybrid
CAN13455,40-49,12,Master,Other Germany,False,On-site
CAN13456,30-39,7,Bachelor,Munich,False,Hybrid
CAN13457,40-49,7,Vocational training,Hamburg,True,Remote
CAN13458,20-29,9,Bachelor,Outside Germany,False,On-site
CAN13459,40-49,9,Master,Other Germany,True,Hybrid
CAN13460,30-39,5,Bachelor,Frankfurt,True,Hybrid
CAN13461,20-29,7,Vocational training,Hamburg,True,Remote
CAN13462,20-29,2,Bachelor,Hamburg,False,Remote
CAN13463,30-39,11,Vocational training,Other Germany,False,Hybrid
CAN13464,20-29,3,Bachelor,Hamburg,True,Hybrid
CAN13465,30-39,3,Bachelor,Munich,False,Hybrid
CAN13466,30-39,8,Vocational training,Hamburg,True,Hybrid
CAN13467,30-39,3,Bachelor,Munich,False,Remote
CAN13468,20-29,3,Master,Berlin,False,Remote
CAN13469,50+,14,Vocational training,Outside Germany,True,No preference
CAN13470,30-39,4,Other,Frankfurt,True,Hybrid
CAN13471,30-39,1,Bachelor,Cologne,False,Hybrid
CAN13472,20-29,4,Bachelor,Outside Germany,False,Hybrid
CAN13473,20-29,6,Vocational training,Other Germany,True,Hybrid
CAN13474,20-29,2,Vocational training,Other Germany,False,Hybrid
CAN13475,20-29,4,Vocational training,Munich,True,Hybrid
CAN13476,20-29,8,Vocational training,Other Germany,True,No preference
CAN13477,40-49,4,Bachelor,Other Germany,False,Remote
CAN13478,40-49,2,Vocational training,Other Germany,False,Remote
CAN13479,30-39,4,Master,Berlin,False,Hybrid
CAN13480,20-29,3,Bachelor,Other Germany,True,No preference
CAN13481,30-39,11,Vocational training,Frankfurt,False,Remote
CAN13482,30-39,6,Vocational training,Munich,False,Hybrid
CAN13483,40-49,6,Master,Berlin,False,Hybrid
CAN13484,30-39,5,Vocational training,Other Germany,False,Remote
CAN13485,40-49,17,Vocational training,Berlin,False,Remote
CAN13486,40-49,1,Vocational training,Outside Germany,False,Hybrid
CAN13487,40-49,6,Vocational training,Berlin,True,Hybrid
CAN13488,50+,14,Vocational training,Other Germany,False,Remote
CAN13489,50+,9,Master,Berlin,False,No preference
CAN13490,50+,16,Master,Frankfurt,False,Hybrid
CAN13491,40-49,6,Master,Berlin,True,On-site
CAN13492,40-49,3,Vocational training,Cologne,True,Hybrid
CAN13493,40-49,18,Vocational training,Other Germany,True,Hybrid
CAN13494,20-29,2,Vocational training,Other Germany,False,Remote
CAN13495,20-29,4,Bachelor,Munich,True,Remote
CAN13496,30-39,3,Vocational training,Frankfurt,False,Hybrid
CAN13497,20-29,3,Bachelor,Frankfurt,False,No preference
CAN13498,30-39,0,Vocational training,Munich,False,Hybrid
CAN13499,40-49,8,Master,Other Germany,False,Hybrid
CAN13500,20-29,6,Master,Frankfurt,True,Remote
CAN13501,40-49,12,Bachelor,Outside Germany,False,Hybrid
CAN13502,20-29,4,Master,Other Germany,True,Hybrid
CAN13503,30-39,7,Master,Outside Germany,True,No preference
CAN13504,30-39,2,Bachelor,Other Germany,False,Hybrid
CAN13505,20-29,4,Master,Frankfurt,False,Remote
CAN13506,30-39,15,Bachelor,Other Germany,False,Hybrid
CAN13507,40-49,2,Vocational training,Berlin,True,No preference
CAN13508,40-49,8,Master,Munich,False,Remote
CAN13509,20-29,2,Master,Berlin,True,Hybrid
CAN13510,40-49,2,Bachelor,Frankfurt,False,Remote
CAN13511,30-39,6,Vocational training,Frankfurt,False,Hybrid
CAN13512,40-49,3,Bachelor,Munich,False,On-site
CAN13513,40-49,4,Bachelor,Frankfurt,False,Hybrid
CAN13514,30-39,10,Bachelor,Hamburg,True,Hybrid
CAN13515,40-49,8,Other,Munich,False,Hybrid
CAN13516,40-49,4,Bachelor,Other Germany,True,Remote
CAN13517,30-39,10,Master,Berlin,False,No preference
CAN13518,30-39,9,Vocational training,Other Germany,False,On-site
CAN13519,40-49,7,Vocational training,Other Germany,True,Hybrid
CAN13520,40-49,13,Bachelor,Berlin,False,Hybrid
CAN13521,30-39,5,Master,Frankfurt,False,Hybrid
CAN13522,40-49,2,Master,Munich,True,On-site
CAN13523,40-49,4,Bachelor,Berlin,True,On-site
CAN13524,20-29,6,Vocational training,Cologne,True,Hybrid
CAN13525,40-49,3,Vocational training,Munich,False,Hybrid
CAN13526,20-29,5,Vocational training,Other Germany,False,Hybrid
CAN13527,40-49,14,Vocational training,Other Germany,False,Hybrid
CAN13528,30-39,5,Vocational training,Hamburg,False,Remote
CAN13529,30-39,2,Master,Frankfurt,True,Remote
CAN13530,30-39,11,Vocational training,Frankfurt,True,Hybrid
CAN13531,50+,9,Vocational training,Cologne,False,Remote
CAN13532,30-39,7,Vocational training,Other Germany,False,Hybrid
CAN13533,20-29,2,Vocational training,Other Germany,False,Hybrid
CAN13534,40-49,10,Bachelor,Other Germany,False,Hybrid
CAN13535,40-49,10,Bachelor,Other Germany,False,Remote
CAN13536,20-29,2,Vocational training,Other Germany,True,No preference
CAN13537,30-39,5,Vocational training,Outside Germany,False,Hybrid
CAN13538,20-29,5,Bachelor,Other Germany,False,Hybrid
CAN13539,40-49,5,Vocational training,Other Germany,True,Remote
CAN13540,40-49,5,Master,Munich,True,No preference
CAN13541,30-39,3,Bachelor,Hamburg,False,Remote
CAN13542,30-39,8,Master,Other Germany,False,Hybrid
CAN13543,30-39,8,Bachelor,Outside Germany,False,Hybrid
CAN13544,20-29,2,Bachelor,Frankfurt,True,Hybrid
CAN13545,30-39,10,Vocational training,Frankfurt,True,Hybrid
CAN13546,20-29,4,Other,Cologne,False,Hybrid
CAN13547,30-39,1,Bachelor,Other Germany,False,Hybrid
CAN13548,20-29,5,Vocational training,Frankfurt,False,Remote
CAN13549,20-29,2,Bachelor,Other Germany,False,No preference
CAN13550,30-39,11,Vocational training,Frankfurt,False,On-site
CAN13551,30-39,2,Vocational training,Frankfurt,True,Hybrid
CAN13552,30-39,9,Vocational training,Munich,False,Hybrid
CAN13553,40-49,5,Master,Frankfurt,False,Hybrid
CAN13554,20-29,2,Bachelor,Berlin,True,Hybrid
CAN13555,40-49,8,Bachelor,Frankfurt,True,Hybrid
CAN13556,20-29,8,Master,Berlin,False,No preference
CAN13557,40-49,2,Master,Frankfurt,False,Hybrid
CAN13558,30-39,1,Master,Frankfurt,False,Remote
CAN13559,40-49,3,Vocational training,Hamburg,True,Hybrid
CAN13560,30-39,7,Bachelor,Other Germany,False,Remote
CAN13561,40-49,4,Vocational training,Other Germany,True,Remote
CAN13562,20-29,9,Bachelor,Hamburg,False,Remote
CAN13563,30-39,4,Bachelor,Other Germany,False,Hybrid
CAN13564,30-39,6,Master,Other Germany,False,Hybrid
CAN13565,50+,16,Vocational training,Munich,True,Remote
CAN13566,40-49,0,Bachelor,Other Germany,False,Hybrid
CAN13567,40-49,2,Bachelor,Berlin,False,Remote
CAN13568,20-29,2,Bachelor,Frankfurt,False,Hybrid
CAN13569,40-49,8,Bachelor,Other Germany,False,On-site
CAN13570,20-29,3,Master,Cologne,False,Remote
CAN13571,20-29,3,Bachelor,Hamburg,False,On-site
CAN13572,40-49,3,Vocational training,Other Germany,True,Hybrid
CAN13573,20-29,4,Bachelor,Other Germany,False,Remote
CAN13574,20-29,5,Master,Other Germany,True,Hybrid
CAN13575,40-49,9,Bachelor,Other Germany,False,Hybrid
CAN13576,40-49,4,Vocational training,Frankfurt,True,Remote
CAN13577,40-49,8,Master,Munich,False,Remote
CAN13578,30-39,11,Vocational training,Munich,False,Remote
CAN13579,50+,8,Bachelor,Munich,True,No preference
CAN13580,30-39,13,Bachelor,Other Germany,False,Hybrid
CAN13581,30-39,9,Vocational training,Frankfurt,False,No preference
CAN13582,50+,10,Bachelor,Other Germany,True,Remote
CAN13583,20-29,2,Bachelor,Munich,False,Remote
CAN13584,30-39,3,Master,Munich,False,No preference
CAN13585,20-29,5,Master,Frankfurt,False,Hybrid
CAN13586,40-49,6,Vocational training,Berlin,False,Remote
CAN13587,30-39,6,Vocational training,Hamburg,False,Hybrid
CAN13588,30-39,6,Bachelor,Other Germany,True,Hybrid
CAN13589,50+,7,Master,Berlin,False,Hybrid
CAN13590,40-49,4,Master,Berlin,True,Hybrid
CAN13591,30-39,13,Vocational training,Hamburg,False,Hybrid
CAN13592,20-29,1,Other,Munich,False,No preference
CAN13593,30-39,1,Master,Munich,True,Hybrid
CAN13594,50+,24,Vocational training,Cologne,False,Remote
CAN13595,20-29,7,Vocational training,Other Germany,True,Hybrid
CAN13596,20-29,5,Bachelor,Other Germany,False,Hybrid
CAN13597,30-39,4,Vocational training,,False,No preference
CAN13598,50+,14,Other,Frankfurt,True,Remote
CAN13599,50+,13,Bachelor,Frankfurt,False,Hybrid
CAN13600,30-39,8,Vocational training,Munich,False,Hybrid
CAN13601,40-49,1,Doctorate,Berlin,False,Hybrid
CAN13602,30-39,9,Vocational training,Other Germany,False,No preference
CAN13603,30-39,12,Master,Other Germany,False,Hybrid
CAN13604,20-29,4,Vocational training,Other Germany,True,Hybrid
CAN13605,40-49,17,Vocational training,Cologne,True,Remote
CAN13606,20-29,5,Bachelor,Outside Germany,False,Remote
CAN13607,30-39,17,Bachelor,Frankfurt,False,Hybrid
CAN13608,30-39,6,Vocational training,Hamburg,False,No preference
CAN13609,40-49,10,Vocational training,Hamburg,True,Hybrid
CAN13610,20-29,2,Vocational training,Munich,False,Hybrid
CAN13611,20-29,5,Master,Munich,False,Hybrid
CAN13612,30-39,6,Bachelor,Frankfurt,True,No preference
CAN13613,40-49,6,Vocational training,Hamburg,True,Remote
CAN13614,30-39,15,Bachelor,Other Germany,False,No preference
CAN13615,40-49,3,Bachelor,Frankfurt,False,Hybrid
CAN13616,30-39,7,Bachelor,Cologne,False,Remote
CAN13617,40-49,7,Bachelor,Other Germany,True,Hybrid
CAN13618,30-39,8,Bachelor,Berlin,True,Hybrid
CAN13619,30-39,7,Vocational training,Berlin,False,Hybrid
CAN13620,50+,10,Doctorate,Frankfurt,False,Hybrid
CAN13621,50+,14,Master,Berlin,False,Hybrid
CAN13622,40-49,10,Vocational training,Hamburg,False,Hybrid
CAN13623,30-39,8,Vocational training,Cologne,False,Remote
CAN13624,30-39,7,Vocational training,Berlin,False,Hybrid
CAN13625,20-29,4,Bachelor,Outside Germany,True,Hybrid
CAN13626,50+,18,Master,Berlin,False,Remote
CAN13627,20-29,4,Vocational training,Hamburg,False,No preference
CAN13628,30-39,17,Master,Frankfurt,False,Remote
CAN13629,30-39,5,Bachelor,Other Germany,False,Remote
CAN13630,40-49,9,Bachelor,Frankfurt,False,Hybrid
CAN13631,30-39,13,Bachelor,Frankfurt,False,Hybrid
CAN13632,40-49,2,Master,Other Germany,False,Remote
CAN13633,40-49,5,Vocational training,Hamburg,True,Hybrid
CAN13634,40-49,4,Master,Hamburg,False,No preference
CAN13635,30-39,3,Bachelor,Other Germany,False,Remote
CAN13636,40-49,14,Bachelor,Munich,True,No preference
CAN13637,40-49,14,Master,Frankfurt,False,Remote
CAN13638,30-39,2,Bachelor,Frankfurt,False,Remote
CAN13639,40-49,4,Other,Munich,True,Hybrid
CAN13640,30-39,9,Vocational training,Munich,False,On-site
CAN13641,30-39,3,Vocational training,Hamburg,False,Remote
CAN13642,30-39,4,Master,Berlin,False,Hybrid
CAN13643,40-49,10,Bachelor,Frankfurt,True,Remote
CAN13644,30-39,4,Bachelor,Munich,True,Hybrid
CAN13645,40-49,6,Vocational training,Berlin,False,No preference
CAN13646,30-39,5,Vocational training,Frankfurt,False,Hybrid
CAN13647,30-39,4,Master,Frankfurt,False,Hybrid
CAN13648,40-49,5,Bachelor,Munich,True,Remote
CAN13649,40-49,9,Bachelor,Berlin,False,On-site
CAN13650,50+,16,Master,Other Germany,False,Remote
CAN13651,40-49,6,Vocational training,Cologne,True,Remote
CAN13652,30-39,12,Bachelor,Cologne,False,No preference
CAN13653,40-49,7,Master,Frankfurt,True,Remote
CAN13654,30-39,6,Bachelor,Other Germany,False,Hybrid
CAN13655,30-39,4,Master,Berlin,False,Remote
CAN13656,20-29,5,Bachelor,Outside Germany,True,Remote
CAN13657,20-29,1,Vocational training,Frankfurt,True,Hybrid
CAN13658,30-39,2,Bachelor,Other Germany,True,No preference
CAN13659,50+,10,Doctorate,Berlin,False,Hybrid
CAN13660,20-29,4,Vocational training,Frankfurt,True,On-site
CAN13661,30-39,5,Vocational training,Cologne,False,No preference
CAN13662,40-49,13,Master,Other Germany,True,No preference
CAN13663,30-39,14,Bachelor,Other Germany,True,Hybrid
CAN13664,40-49,5,Vocational training,Berlin,False,Hybrid
CAN13665,30-39,11,Vocational training,Cologne,False,Hybrid
CAN13666,30-39,6,Bachelor,Frankfurt,False,Hybrid
CAN13667,30-39,3,Master,Other Germany,True,Remote
CAN13668,50+,10,Master,Cologne,True,No preference
CAN13669,20-29,3,Master,Frankfurt,False,On-site
CAN13670,30-39,0,Vocational training,Other Germany,True,Hybrid
CAN13671,40-49,19,Vocational training,Frankfurt,False,Hybrid
CAN13672,30-39,11,Bachelor,Other Germany,False,No preference
CAN13673,30-39,1,Vocational training,Outside Germany,True,Remote
CAN13674,40-49,3,Master,Berlin,False,Hybrid
CAN13675,50+,10,Master,Frankfurt,True,Remote
CAN13676,30-39,7,Vocational training,Munich,True,On-site
CAN13677,20-29,3,Other,Other Germany,True,Hybrid
CAN13678,30-39,7,Master,Frankfurt,False,Hybrid
CAN13679,30-39,5,Master,Frankfurt,False,Hybrid
CAN13680,50+,25,Vocational training,,False,On-site
CAN13681,30-39,5,Master,Other Germany,True,On-site
CAN13682,50+,11,Vocational training,Other Germany,True,Hybrid
CAN13683,30-39,8,Bachelor,Hamburg,True,Hybrid
CAN13684,30-39,4,Other,Other Germany,False,No preference
CAN13685,20-29,3,Vocational training,Frankfurt,False,Hybrid
CAN13686,20-29,3,Master,Munich,True,Hybrid
CAN13687,30-39,13,Bachelor,Frankfurt,False,Hybrid
CAN13688,20-29,2,Doctorate,Berlin,True,No preference
CAN13689,30-39,3,Vocational training,Berlin,True,Hybrid
CAN13690,30-39,15,Vocational training,Berlin,False,On-site
CAN13691,20-29,6,Vocational training,Other Germany,False,No preference
CAN13692,30-39,4,Master,Cologne,True,Remote
CAN13693,30-39,9,Bachelor,Frankfurt,True,No preference
CAN13694,50+,7,Bachelor,Cologne,True,Remote
CAN13695,20-29,3,Vocational training,Hamburg,False,On-site
CAN13696,30-39,3,Doctorate,Other Germany,True,Remote
CAN13697,30-39,1,Vocational training,Other Germany,True,Hybrid
CAN13698,40-49,4,Vocational training,Other Germany,False,Remote
CAN13699,30-39,4,Vocational training,Cologne,False,Hybrid
CAN13700,40-49,7,Bachelor,Munich,False,Remote
CAN13701,50+,12,Bachelor,Frankfurt,False,Hybrid
CAN13702,20-29,5,Other,Hamburg,True,No preference
CAN13703,50+,6,Master,Frankfurt,True,Hybrid
CAN13704,30-39,2,Master,Hamburg,True,Remote
CAN13705,20-29,2,Master,Munich,True,On-site
CAN13706,20-29,9,Bachelor,Other Germany,False,Hybrid
CAN13707,20-29,5,Bachelor,Berlin,True,Hybrid
CAN13708,20-29,1,Bachelor,Hamburg,False,Remote
CAN13709,40-49,5,Bachelor,Cologne,False,Remote
CAN13710,30-39,5,Master,Frankfurt,False,Remote
CAN13711,20-29,3,Vocational training,Outside Germany,False,Hybrid
CAN13712,20-29,3,Master,Frankfurt,False,Hybrid
CAN13713,20-29,3,Master,Hamburg,False,On-site
CAN13714,30-39,2,Vocational training,Other Germany,False,No preference
CAN13715,30-39,10,Other,Munich,True,On-site
CAN13716,40-49,3,Vocational training,Other Germany,False,Hybrid
CAN13717,40-49,2,Bachelor,Other Germany,False,No preference
CAN13718,20-29,2,Master,Frankfurt,True,Hybrid
CAN13719,40-49,6,Vocational training,Other Germany,True,Remote
CAN13720,30-39,6,Master,Munich,True,On-site
CAN13721,30-39,4,Master,Frankfurt,False,On-site
CAN13722,30-39,2,Master,Hamburg,False,No preference
CAN13723,30-39,3,Master,Munich,False,No preference
CAN13724,40-49,6,Bachelor,Hamburg,False,Remote
CAN13725,30-39,3,Vocational training,Berlin,True,No preference
CAN13726,30-39,5,Bachelor,Other Germany,False,Remote
CAN13727,40-49,1,Master,Munich,False,Hybrid
CAN13728,30-39,6,Bachelor,Berlin,False,On-site
CAN13729,30-39,10,Other,Hamburg,True,Remote
CAN13730,40-49,5,Master,Munich,False,Hybrid
CAN13731,50+,8,Bachelor,,False,No preference
CAN13732,30-39,4,Vocational training,Frankfurt,False,Hybrid
CAN13733,20-29,10,Bachelor,Outside Germany,False,Hybrid
CAN13734,40-49,4,Master,Berlin,True,Remote
CAN13735,40-49,7,Vocational training,Other Germany,False,Hybrid
CAN13736,40-49,9,Vocational training,Cologne,False,Hybrid
CAN13737,30-39,5,Bachelor,Berlin,False,Remote
CAN13738,30-39,17,Bachelor,Hamburg,True,Remote
CAN13739,40-49,4,Vocational training,Frankfurt,False,No preference
CAN13740,20-29,3,Master,Other Germany,False,Remote
CAN13741,50+,16,Vocational training,Hamburg,False,Remote
CAN13742,40-49,5,Master,Munich,False,Hybrid
CAN13743,30-39,10,Master,Hamburg,False,Remote
CAN13744,20-29,9,Bachelor,Other Germany,True,Hybrid
CAN13745,40-49,7,Bachelor,Other Germany,True,Hybrid
CAN13746,20-29,2,Other,Frankfurt,True,Hybrid
CAN13747,40-49,3,Bachelor,Frankfurt,False,Remote
CAN13748,50+,17,Vocational training,Munich,True,Hybrid
CAN13749,50+,15,Master,Berlin,False,Remote
CAN13750,30-39,12,Vocational training,Frankfurt,True,Hybrid
CAN13751,40-49,3,Vocational training,Outside Germany,False,Hybrid
CAN13752,50+,10,Vocational training,Other Germany,False,Remote
CAN13753,40-49,8,Vocational training,Frankfurt,False,Hybrid
CAN13754,50+,11,Bachelor,Hamburg,True,Hybrid
CAN13755,20-29,3,Bachelor,Berlin,True,No preference
CAN13756,40-49,12,Master,Frankfurt,False,On-site
CAN13757,40-49,15,Vocational training,Frankfurt,True,Remote
CAN13758,40-49,4,Master,Other Germany,True,Hybrid
CAN13759,20-29,0,Bachelor,Other Germany,False,On-site
CAN13760,40-49,8,Bachelor,Frankfurt,False,No preference
CAN13761,50+,7,Vocational training,Other Germany,True,Remote
CAN13762,40-49,10,Bachelor,Berlin,True,Remote
CAN13763,40-49,8,Master,Munich,True,Hybrid
CAN13764,20-29,4,Vocational training,Cologne,False,Remote
CAN13765,30-39,11,Vocational training,Munich,False,Hybrid
CAN13766,30-39,7,Bachelor,Frankfurt,False,Hybrid
CAN13767,40-49,5,Master,Hamburg,False,On-site
CAN13768,30-39,10,Bachelor,Frankfurt,False,On-site
CAN13769,40-49,6,Vocational training,Other Germany,False,Remote
CAN13770,40-49,14,Master,Berlin,True,Hybrid
CAN13771,30-39,2,Vocational training,Frankfurt,True,Hybrid
CAN13772,40-49,6,Master,Munich,False,No preference
CAN13773,30-39,7,Vocational training,Frankfurt,True,No preference
CAN13774,30-39,1,Vocational training,Hamburg,False,On-site
CAN13775,20-29,4,Master,Berlin,False,Hybrid
CAN13776,20-29,9,Vocational training,Frankfurt,False,Hybrid
CAN13777,40-49,5,Vocational training,Outside Germany,True,Hybrid
CAN13778,40-49,9,Vocational training,Hamburg,True,Remote
CAN13779,50+,10,Other,Frankfurt,False,No preference
CAN13780,40-49,4,Vocational training,Berlin,True,Remote
CAN13781,20-29,6,Vocational training,Hamburg,False,No preference
CAN13782,30-39,2,Master,Hamburg,False,Hybrid
CAN13783,40-49,11,Vocational training,Munich,True,Hybrid
CAN13784,20-29,5,Vocational training,Berlin,False,No preference
CAN13785,30-39,5,Vocational training,Hamburg,True,Hybrid
CAN13786,20-29,5,Bachelor,Hamburg,False,Hybrid
CAN13787,40-49,12,Vocational training,Other Germany,False,On-site
CAN13788,30-39,6,Master,Munich,False,No preference
CAN13789,40-49,5,Bachelor,Other Germany,False,No preference
CAN13790,20-29,2,Bachelor,Other Germany,False,Remote
CAN13791,40-49,14,Bachelor,Frankfurt,False,Remote
CAN13792,40-49,6,Vocational training,Frankfurt,True,No preference
CAN13793,30-39,6,Vocational training,Frankfurt,False,Hybrid
CAN13794,40-49,2,Bachelor,Munich,True,No preference
CAN13795,40-49,10,Vocational training,Frankfurt,False,Hybrid
CAN13796,30-39,3,Other,Hamburg,False,Hybrid
CAN13797,20-29,4,Vocational training,Other Germany,False,No preference
CAN13798,40-49,9,Vocational training,Outside Germany,False,Hybrid
CAN13799,20-29,4,Bachelor,Frankfurt,False,No preference
CAN13800,30-39,1,Master,Berlin,True,Remote
CAN13801,20-29,6,Bachelor,Cologne,False,Hybrid
CAN13802,20-29,2,Bachelor,Other Germany,False,Hybrid
CAN13803,30-39,12,Master,Cologne,False,Hybrid
CAN13804,30-39,10,Vocational training,Berlin,False,No preference
CAN13805,30-39,4,Master,Berlin,False,Hybrid
CAN13806,40-49,5,Vocational training,Hamburg,False,Hybrid
CAN13807,40-49,10,Bachelor,Other Germany,False,Remote
CAN13808,40-49,9,Bachelor,Berlin,False,Remote
CAN13809,30-39,5,Master,Hamburg,False,Remote
CAN13810,30-39,5,Bachelor,Other Germany,True,Remote
CAN13811,40-49,9,Vocational training,Frankfurt,False,Hybrid
CAN13812,30-39,1,Master,Hamburg,True,Remote
CAN13813,30-39,2,Other,Other Germany,False,Remote
CAN13814,40-49,5,Vocational training,Berlin,False,On-site
CAN13815,30-39,5,Vocational training,Other Germany,False,Hybrid
CAN13816,40-49,3,Bachelor,Frankfurt,False,Hybrid
CAN13817,20-29,4,Master,Munich,True,Remote
CAN13818,40-49,1,Vocational training,Other Germany,False,Hybrid
CAN13819,30-39,20,Vocational training,Hamburg,False,Remote
CAN13820,20-29,5,Vocational training,Other Germany,True,No preference
CAN13821,20-29,6,Vocational training,Hamburg,False,Hybrid
CAN13822,30-39,2,Doctorate,Hamburg,False,Hybrid
CAN13823,50+,14,Vocational training,Hamburg,False,Hybrid
CAN13824,30-39,12,Vocational training,Other Germany,False,Remote
CAN13825,40-49,1,Bachelor,Hamburg,True,On-site
CAN13826,30-39,4,Vocational training,Hamburg,False,Hybrid
CAN13827,30-39,8,Vocational training,Hamburg,False,Hybrid
CAN13828,20-29,10,Bachelor,Outside Germany,False,On-site
CAN13829,30-39,6,Bachelor,Frankfurt,False,Remote
CAN13830,50+,25,Doctorate,Frankfurt,False,Hybrid
CAN13831,40-49,8,Bachelor,Berlin,True,Hybrid
CAN13832,30-39,2,Vocational training,Berlin,False,Hybrid
CAN13833,20-29,5,Bachelor,Berlin,False,Hybrid
CAN13834,40-49,8,Bachelor,Other Germany,True,No preference
CAN13835,20-29,7,Vocational training,Other Germany,False,Hybrid
CAN13836,20-29,5,Vocational training,Frankfurt,False,Remote
CAN13837,50+,9,Bachelor,Outside Germany,False,On-site
CAN13838,30-39,7,Bachelor,Berlin,True,No preference
CAN13839,40-49,9,Bachelor,Other Germany,True,No preference
CAN13840,40-49,3,Vocational training,Munich,False,Remote
CAN13841,40-49,15,Bachelor,Hamburg,False,Hybrid
CAN13842,30-39,4,Bachelor,Other Germany,False,Remote
CAN13843,20-29,2,Master,Other Germany,True,Hybrid
CAN13844,50+,8,Master,Berlin,False,Hybrid
CAN13845,30-39,6,Master,Outside Germany,True,Hybrid
CAN13846,40-49,5,Master,Other Germany,False,Remote
CAN13847,40-49,2,Vocational training,Berlin,True,Hybrid
CAN13848,30-39,9,Master,Other Germany,False,Hybrid
CAN13849,30-39,2,Vocational training,Munich,False,No preference
CAN13850,20-29,5,Master,Other Germany,False,Hybrid
CAN13851,30-39,6,Bachelor,Frankfurt,False,Hybrid
CAN13852,40-49,5,Vocational training,Munich,False,Remote
CAN13853,30-39,3,Bachelor,Munich,False,Hybrid
CAN13854,40-49,4,Bachelor,Berlin,False,No preference
CAN13855,40-49,3,Bachelor,Hamburg,True,Hybrid
CAN13856,40-49,3,Master,Outside Germany,True,No preference
CAN13857,20-29,2,Bachelor,Berlin,True,Remote
CAN13858,40-49,14,Bachelor,Outside Germany,False,Remote
CAN13859,20-29,4,Master,Cologne,False,Hybrid
CAN13860,50+,12,Bachelor,Cologne,False,No preference
CAN13861,40-49,2,Master,Hamburg,True,Hybrid
CAN13862,30-39,7,Vocational training,Munich,False,Hybrid
CAN13863,20-29,7,Doctorate,Frankfurt,False,No preference
CAN13864,30-39,1,Bachelor,Frankfurt,False,No preference
CAN13865,40-49,18,Bachelor,Munich,True,No preference
CAN13866,30-39,11,Vocational training,Berlin,False,Remote
CAN13867,40-49,7,Bachelor,Cologne,False,Hybrid
CAN13868,20-29,3,Vocational training,,False,No preference
CAN13869,20-29,1,Master,Other Germany,False,No preference
CAN13870,40-49,2,Bachelor,Hamburg,False,Remote
CAN13871,40-49,17,Master,Outside Germany,False,Hybrid
CAN13872,30-39,9,Vocational training,Berlin,False,No preference
CAN13873,50+,14,Bachelor,Cologne,False,Remote
CAN13874,30-39,3,Doctorate,Cologne,False,Hybrid
CAN13875,30-39,5,Bachelor,Cologne,False,Hybrid
CAN13876,50+,16,Master,Berlin,False,Hybrid
CAN13877,40-49,13,Master,Berlin,True,On-site
CAN13878,30-39,1,Bachelor,Other Germany,True,Hybrid
CAN13879,50+,18,Bachelor,Other Germany,True,Hybrid
CAN13880,40-49,6,Vocational training,Hamburg,False,On-site
CAN13881,20-29,1,Master,Frankfurt,True,Hybrid
CAN13882,50+,9,Master,Frankfurt,False,Hybrid
CAN13883,50+,24,Master,Munich,False,Hybrid
CAN13884,40-49,2,Vocational training,Berlin,True,No preference
CAN13885,40-49,7,Master,Hamburg,False,Hybrid
CAN13886,30-39,3,Bachelor,Other Germany,False,Hybrid
CAN13887,40-49,2,Bachelor,Frankfurt,True,Hybrid
CAN13888,30-39,2,Vocational training,Hamburg,False,Hybrid
CAN13889,40-49,2,Bachelor,Berlin,False,No preference
CAN13890,40-49,3,Master,Hamburg,False,No preference
CAN13891,20-29,4,Bachelor,Berlin,False,Remote
CAN13892,20-29,6,Master,Cologne,True,Remote
CAN13893,30-39,8,Bachelor,Other Germany,False,Hybrid
CAN13894,40-49,0,Other,Other Germany,False,Hybrid
CAN13895,30-39,15,Vocational training,Munich,True,Remote
CAN13896,20-29,5,Master,Other Germany,True,Hybrid
CAN13897,40-49,17,Master,Hamburg,False,Hybrid
CAN13898,20-29,2,Master,Munich,False,No preference
CAN13899,30-39,13,Bachelor,Berlin,False,Hybrid
CAN13900,30-39,5,Vocational training,Other Germany,False,Hybrid
CAN13901,30-39,6,Bachelor,Frankfurt,True,No preference
CAN13902,30-39,4,Bachelor,Outside Germany,False,Hybrid
CAN13903,40-49,10,Vocational training,Berlin,False,On-site
CAN13904,40-49,18,Bachelor,Munich,False,Remote
CAN13905,30-39,7,Vocational training,Hamburg,True,On-site
CAN13906,30-39,2,Other,Frankfurt,True,No preference
CAN13907,40-49,5,Bachelor,Hamburg,False,Remote
CAN13908,50+,13,Vocational training,Outside Germany,False,Remote
CAN13909,30-39,5,Bachelor,Other Germany,False,No preference
CAN13910,40-49,19,Master,Berlin,False,Hybrid
CAN13911,40-49,4,Vocational training,Frankfurt,False,Hybrid
CAN13912,20-29,4,Bachelor,Berlin,False,On-site
CAN13913,20-29,3,Vocational training,Hamburg,False,Hybrid
CAN13914,30-39,11,Vocational training,Cologne,False,Hybrid
CAN13915,20-29,1,Bachelor,Frankfurt,True,Remote
CAN13916,30-39,0,Bachelor,Berlin,False,On-site
CAN13917,40-49,4,Doctorate,Cologne,True,Hybrid
CAN13918,20-29,7,Bachelor,Berlin,False,On-site
CAN13919,30-39,5,Bachelor,Berlin,True,Hybrid
CAN13920,30-39,11,Other,Frankfurt,False,No preference
CAN13921,20-29,4,Bachelor,Frankfurt,False,Remote
CAN13922,30-39,3,Master,Hamburg,False,Remote
CAN13923,20-29,7,Bachelor,Hamburg,False,Hybrid
CAN13924,30-39,7,Master,Other Germany,False,No preference
CAN13925,30-39,2,Bachelor,Hamburg,False,Remote
CAN13926,20-29,4,Other,Frankfurt,False,No preference
CAN13927,20-29,7,Other,Other Germany,True,On-site
CAN13928,40-49,4,Vocational training,Other Germany,True,Hybrid
CAN13929,40-49,25,Bachelor,Berlin,False,Remote
CAN13930,40-49,4,Bachelor,Hamburg,False,On-site
CAN13931,50+,11,Bachelor,Other Germany,False,Remote
CAN13932,30-39,10,Vocational training,Frankfurt,False,No preference
CAN13933,40-49,10,Vocational training,Berlin,False,Remote
CAN13934,40-49,2,Vocational training,Cologne,False,Hybrid
CAN13935,30-39,6,Bachelor,Berlin,False,Hybrid
CAN13936,30-39,5,Bachelor,Munich,False,No preference
CAN13937,40-49,7,Master,Berlin,False,On-site
CAN13938,50+,8,Master,Munich,False,On-site
CAN13939,30-39,6,Vocational training,Berlin,False,Hybrid
CAN13940,40-49,2,Bachelor,Cologne,False,Hybrid
CAN13941,40-49,5,Vocational training,Frankfurt,False,Remote
CAN13942,30-39,1,Vocational training,Frankfurt,False,Hybrid
CAN13943,20-29,5,Vocational training,Munich,False,No preference
CAN13944,40-49,5,Vocational training,Other Germany,False,Hybrid
CAN13945,50+,19,Bachelor,Frankfurt,True,Remote
CAN13946,40-49,9,Vocational training,Other Germany,False,Remote
CAN13947,30-39,1,Other,Munich,False,Remote
CAN13948,40-49,6,Bachelor,Hamburg,False,No preference
CAN13949,50+,15,Bachelor,Frankfurt,False,On-site
CAN13950,20-29,2,Doctorate,Munich,True,Remote
CAN13951,20-29,1,Master,Cologne,True,No preference
CAN13952,50+,21,Master,Hamburg,False,No preference
CAN13953,30-39,5,Bachelor,Other Germany,False,Remote
CAN13954,30-39,3,Other,Cologne,False,No preference
CAN13955,40-49,6,Bachelor,Other Germany,True,Hybrid
CAN13956,20-29,3,Bachelor,Hamburg,False,Hybrid
CAN13957,40-49,7,Master,Other Germany,True,On-site
CAN13958,50+,12,Other,Other Germany,False,Hybrid
CAN13959,30-39,5,Other,Berlin,False,Remote
CAN13960,40-49,8,Master,Berlin,True,Hybrid
CAN13961,40-49,8,Bachelor,Berlin,False,Hybrid
CAN13962,40-49,12,Vocational training,Hamburg,False,On-site
CAN13963,30-39,3,Bachelor,Berlin,False,No preference
CAN13964,30-39,10,Doctorate,Berlin,False,Hybrid
CAN13965,40-49,3,Master,Frankfurt,False,Hybrid
CAN13966,40-49,6,Bachelor,Cologne,False,Remote
CAN13967,40-49,11,Vocational training,Outside Germany,False,Remote
CAN13968,20-29,1,Vocational training,Berlin,False,No preference
CAN13969,20-29,1,Master,Frankfurt,True,Hybrid
CAN13970,40-49,9,Bachelor,Frankfurt,False,Hybrid
CAN13971,40-49,12,Bachelor,Hamburg,False,Hybrid
CAN13972,30-39,4,Vocational training,Other Germany,False,Hybrid
CAN13973,50+,14,Bachelor,Other Germany,False,Hybrid
CAN13974,20-29,1,Doctorate,Frankfurt,False,Hybrid
CAN13975,30-39,12,Bachelor,Other Germany,False,No preference
CAN13976,40-49,3,Vocational training,Hamburg,True,Hybrid
CAN13977,30-39,5,Vocational training,Munich,True,Hybrid
CAN13978,50+,14,Vocational training,Frankfurt,False,Hybrid
CAN13979,40-49,4,Bachelor,Hamburg,False,Hybrid
CAN13980,30-39,7,Bachelor,Other Germany,False,Hybrid
CAN13981,30-39,10,Master,Other Germany,False,No preference
CAN13982,20-29,3,Vocational training,Cologne,False,No preference
CAN13983,40-49,2,Vocational training,Outside Germany,False,Remote
CAN13984,20-29,7,Vocational training,Berlin,False,Hybrid
CAN13985,20-29,1,Doctorate,Other Germany,False,Hybrid
CAN13986,50+,13,Other,Outside Germany,True,Remote
CAN13987,30-39,6,Other,Frankfurt,False,Hybrid
CAN13988,30-39,5,Vocational training,Frankfurt,False,Hybrid
CAN13989,20-29,6,Vocational training,Munich,False,Remote
CAN13990,50+,21,Master,Other Germany,False,No preference
CAN13991,40-49,1,Bachelor,Frankfurt,False,Remote
CAN13992,40-49,6,Bachelor,Berlin,False,No preference
CAN13993,50+,10,Doctorate,Berlin,True,No preference
CAN13994,30-39,12,Master,Berlin,False,Remote
CAN13995,30-39,2,Other,Other Germany,False,No preference
CAN13996,40-49,3,Other,Cologne,True,On-site
CAN13997,40-49,3,Vocational training,Other Germany,True,Hybrid
CAN13998,40-49,15,Bachelor,Outside Germany,True,Hybrid
CAN13999,40-49,12,Doctorate,Munich,True,On-site
CAN14000,40-49,5,Master,Frankfurt,False,On-site
CAN14001,40-49,7,Vocational training,Berlin,False,No preference
CAN14002,40-49,4,Bachelor,Berlin,True,Hybrid
CAN14003,20-29,4,Master,Other Germany,False,Hybrid
CAN14004,50+,10,Other,Other Germany,True,Remote
CAN14005,50+,8,Vocational training,Other Germany,True,No preference
CAN14006,30-39,2,Doctorate,Munich,True,No preference
CAN14007,30-39,2,Master,Other Germany,False,Hybrid
CAN14008,20-29,8,Vocational training,Frankfurt,False,Hybrid
CAN14009,20-29,1,Master,Outside Germany,False,Hybrid
CAN14010,30-39,4,Vocational training,Other Germany,True,Hybrid
CAN14011,30-39,1,Vocational training,Other Germany,False,Remote
CAN14012,20-29,3,Vocational training,Berlin,False,Hybrid
CAN14013,50+,19,Vocational training,Other Germany,False,On-site
CAN14014,20-29,8,Master,Cologne,False,Hybrid
CAN14015,30-39,4,Master,Other Germany,True,Hybrid
CAN14016,40-49,9,Other,Outside Germany,True,Hybrid
CAN14017,50+,13,Master,Frankfurt,False,Hybrid
CAN14018,40-49,10,Vocational training,Other Germany,False,On-site
CAN14019,20-29,2,Bachelor,Other Germany,False,Remote
CAN14020,40-49,2,Vocational training,Hamburg,True,Hybrid
CAN14021,30-39,0,Bachelor,Other Germany,True,Remote
CAN14022,50+,21,Doctorate,Frankfurt,False,No preference
CAN14023,50+,14,Master,Other Germany,False,Remote
CAN14024,20-29,9,Bachelor,Frankfurt,False,Hybrid
CAN14025,20-29,1,Vocational training,Cologne,False,Hybrid
CAN14026,40-49,13,Bachelor,Berlin,False,On-site
CAN14027,40-49,3,Bachelor,Frankfurt,False,Remote
CAN14028,50+,7,Bachelor,Munich,True,Remote
CAN14029,40-49,4,Bachelor,Other Germany,True,Hybrid
CAN14030,30-39,9,Master,Other Germany,True,Hybrid
CAN14031,40-49,1,Vocational training,Frankfurt,False,Remote
CAN14032,30-39,1,Bachelor,Frankfurt,True,On-site
CAN14033,20-29,3,Other,Other Germany,False,Hybrid
CAN14034,40-49,10,Bachelor,Outside Germany,False,Hybrid
CAN14035,40-49,7,Other,Frankfurt,True,On-site
CAN14036,20-29,4,Master,Other Germany,False,Hybrid
CAN14037,40-49,9,Master,Other Germany,True,No preference
CAN14038,30-39,4,Master,Hamburg,False,On-site
CAN14039,20-29,3,Bachelor,Frankfurt,True,Hybrid
CAN14040,20-29,3,Other,Frankfurt,True,On-site
CAN14041,50+,12,Bachelor,Munich,False,No preference
CAN14042,30-39,6,Vocational training,Munich,True,On-site
CAN14043,40-49,2,Other,Frankfurt,False,Remote
CAN14044,30-39,7,Vocational training,Frankfurt,False,Hybrid
CAN14045,30-39,6,Other,Frankfurt,False,On-site
CAN14046,20-29,1,Bachelor,Hamburg,True,Remote
CAN14047,30-39,4,Bachelor,Frankfurt,False,Hybrid
CAN14048,30-39,6,Bachelor,Hamburg,False,Hybrid
CAN14049,20-29,4,Vocational training,Hamburg,False,Hybrid
CAN14050,30-39,12,Vocational training,Outside Germany,False,Hybrid
CAN14051,30-39,10,Bachelor,Munich,True,On-site
CAN14052,30-39,3,Other,Other Germany,False,No preference
CAN14053,50+,17,Vocational training,Berlin,False,Remote
CAN14054,20-29,8,Master,Outside Germany,False,Hybrid
CAN14055,40-49,5,Bachelor,Berlin,False,Hybrid
CAN14056,40-49,12,Bachelor,Outside Germany,False,Hybrid
CAN14057,40-49,7,Vocational training,Frankfurt,False,Remote
CAN14058,30-39,2,Vocational training,Hamburg,False,Hybrid
CAN14059,30-39,1,Bachelor,Frankfurt,True,Remote
CAN14060,30-39,4,Bachelor,Frankfurt,True,No preference
CAN14061,40-49,5,Vocational training,Munich,True,Hybrid
CAN14062,30-39,5,Bachelor,Munich,True,Remote
CAN14063,30-39,3,Bachelor,Cologne,False,Hybrid
CAN14064,50+,12,Doctorate,Hamburg,True,Remote
CAN14065,20-29,1,Master,Hamburg,True,On-site
CAN14066,20-29,3,Bachelor,Frankfurt,False,Remote
CAN14067,20-29,4,Master,Berlin,True,On-site
CAN14068,40-49,8,Bachelor,Frankfurt,False,On-site
CAN14069,20-29,2,Vocational training,Hamburg,True,Hybrid
CAN14070,40-49,8,Bachelor,Outside Germany,False,Hybrid
CAN14071,40-49,4,Bachelor,Other Germany,False,Remote
CAN14072,50+,11,Master,Berlin,True,Hybrid
CAN14073,20-29,4,Doctorate,Other Germany,False,Remote
CAN14074,30-39,8,Bachelor,Munich,True,On-site
CAN14075,40-49,9,Master,Outside Germany,False,Remote
CAN14076,20-29,0,Bachelor,Munich,False,On-site
CAN14077,50+,16,Bachelor,Berlin,False,Hybrid
CAN14078,30-39,4,Bachelor,Hamburg,False,Remote
CAN14079,50+,11,Vocational training,Hamburg,False,No preference
CAN14080,50+,18,Master,Berlin,False,No preference
CAN14081,40-49,9,Vocational training,Frankfurt,False,Hybrid
CAN14082,30-39,2,Vocational training,Frankfurt,False,Hybrid
CAN14083,30-39,2,Doctorate,Other Germany,False,Hybrid
CAN14084,40-49,0,Master,Other Germany,True,Remote
CAN14085,40-49,2,Vocational training,Other Germany,True,On-site
CAN14086,40-49,5,Bachelor,Frankfurt,True,No preference
CAN14087,50+,12,Bachelor,Frankfurt,False,No preference
CAN14088,30-39,7,Bachelor,Frankfurt,True,Hybrid
CAN14089,40-49,4,Vocational training,Munich,False,On-site
CAN14090,30-39,3,Other,Hamburg,False,Remote
CAN14091,30-39,5,Bachelor,Hamburg,False,On-site
CAN14092,20-29,5,Bachelor,Munich,True,Remote
CAN14093,30-39,11,Other,Frankfurt,False,On-site
CAN14094,30-39,5,Master,Frankfurt,False,Hybrid
CAN14095,40-49,13,Doctorate,Berlin,False,No preference
CAN14096,20-29,7,Bachelor,Berlin,False,Remote
CAN14097,30-39,4,Master,Other Germany,True,Hybrid
CAN14098,40-49,5,Master,Frankfurt,False,Hybrid
CAN14099,40-49,12,Master,Berlin,False,Hybrid
CAN14100,30-39,16,Vocational training,Cologne,False,Remote
CAN14101,20-29,4,Vocational training,Other Germany,True,Hybrid
CAN14102,50+,11,Bachelor,Other Germany,False,No preference
CAN14103,20-29,6,Bachelor,Berlin,False,Hybrid
CAN14104,30-39,6,Master,Munich,True,Hybrid
CAN14105,30-39,9,Master,Cologne,False,Remote
CAN14106,30-39,16,Vocational training,Outside Germany,False,Remote
CAN14107,20-29,2,Bachelor,Other Germany,False,Hybrid
CAN14108,40-49,3,Master,Other Germany,True,Remote
CAN14109,40-49,20,Doctorate,Other Germany,False,No preference
CAN14110,40-49,12,Doctorate,Other Germany,False,Hybrid
CAN14111,20-29,2,Bachelor,Munich,False,Hybrid
CAN14112,50+,17,Bachelor,Hamburg,True,On-site
CAN14113,20-29,5,Vocational training,Hamburg,False,On-site
CAN14114,30-39,5,Other,Outside Germany,False,Hybrid
CAN14115,40-49,3,Bachelor,Other Germany,True,Remote
CAN14116,50+,17,Vocational training,Hamburg,False,Hybrid
CAN14117,30-39,14,Doctorate,Frankfurt,False,No preference
CAN14118,30-39,15,Bachelor,Frankfurt,True,On-site
CAN14119,20-29,4,Bachelor,Cologne,True,Hybrid
CAN14120,30-39,7,Bachelor,Cologne,True,Remote
CAN14121,30-39,9,Bachelor,Other Germany,True,On-site
CAN14122,30-39,1,Master,Cologne,False,No preference
CAN14123,40-49,7,Bachelor,Munich,False,No preference
CAN14124,20-29,6,Vocational training,Berlin,False,Remote
CAN14125,40-49,3,Master,Cologne,False,Hybrid
CAN14126,30-39,7,Vocational training,Berlin,True,Hybrid
CAN14127,30-39,14,Master,Cologne,False,Hybrid
CAN14128,20-29,10,Doctorate,Frankfurt,False,No preference
CAN14129,40-49,4,Vocational training,Berlin,False,No preference
CAN14130,50+,7,Vocational training,Cologne,True,Remote
CAN14131,40-49,2,Bachelor,Berlin,False,On-site
CAN14132,30-39,2,Vocational training,Other Germany,False,Hybrid
CAN14133,40-49,8,Bachelor,Other Germany,False,Remote
CAN14134,30-39,7,Doctorate,Outside Germany,False,Remote
CAN14135,30-39,11,Vocational training,Hamburg,False,On-site
CAN14136,20-29,4,Bachelor,Hamburg,False,Remote
CAN14137,40-49,8,Vocational training,Berlin,False,Hybrid
CAN14138,40-49,3,Vocational training,Cologne,False,On-site
CAN14139,40-49,7,Vocational training,Berlin,True,On-site
CAN14140,30-39,7,Bachelor,Hamburg,False,Hybrid
CAN14141,30-39,10,Vocational training,Frankfurt,False,No preference
CAN14142,40-49,2,Vocational training,Outside Germany,True,Hybrid
CAN14143,30-39,4,Vocational training,Munich,False,Hybrid
CAN14144,30-39,7,Vocational training,Berlin,False,On-site
CAN14145,30-39,1,Bachelor,Munich,True,Remote
CAN14146,30-39,3,Master,Berlin,False,Remote
CAN14147,40-49,4,Bachelor,Other Germany,True,Remote
CAN14148,30-39,1,Master,Berlin,False,Hybrid
CAN14149,40-49,12,Vocational training,Berlin,False,Remote
CAN14150,30-39,2,Bachelor,Hamburg,False,No preference
CAN14151,40-49,12,Bachelor,Berlin,True,Remote
CAN14152,20-29,8,Master,Frankfurt,False,No preference
CAN14153,20-29,3,Bachelor,Other Germany,False,Remote
CAN14154,30-39,3,Bachelor,Other Germany,False,Hybrid
CAN14155,20-29,3,Master,Munich,True,No preference
CAN14156,20-29,7,Bachelor,Hamburg,False,Remote
CAN14157,20-29,2,Bachelor,,False,Remote
CAN14158,40-49,10,Other,Frankfurt,True,Hybrid
CAN14159,20-29,5,Vocational training,Hamburg,False,Hybrid
CAN14160,40-49,14,Master,Berlin,False,Remote
CAN14161,50+,12,Vocational training,Other Germany,False,No preference
CAN14162,30-39,12,Master,Berlin,False,Hybrid
CAN14163,30-39,13,Master,Other Germany,False,Hybrid
CAN14164,50+,8,Master,Other Germany,False,No preference
CAN14165,20-29,3,Vocational training,Berlin,True,Remote
CAN14166,50+,12,Master,Outside Germany,True,Hybrid
CAN14167,20-29,5,Bachelor,Other Germany,True,On-site
CAN14168,20-29,6,Vocational training,Other Germany,False,Hybrid
CAN14169,40-49,3,Vocational training,Hamburg,True,No preference
CAN14170,40-49,4,Bachelor,Other Germany,False,Remote
CAN14171,20-29,2,Bachelor,Hamburg,False,On-site
CAN14172,50+,13,Bachelor,Other Germany,True,Hybrid
CAN14173,50+,16,Master,Hamburg,False,Hybrid
CAN14174,40-49,1,Bachelor,Frankfurt,False,No preference
CAN14175,30-39,8,Master,Munich,False,Hybrid
CAN14176,40-49,5,Vocational training,Frankfurt,False,Hybrid
CAN14177,50+,12,Bachelor,Other Germany,False,Remote
CAN14178,40-49,6,Vocational training,Other Germany,False,Hybrid
CAN14179,30-39,6,Other,Frankfurt,True,Hybrid
CAN14180,20-29,3,Vocational training,Other Germany,True,Remote
CAN14181,30-39,1,Bachelor,Other Germany,False,Hybrid
CAN14182,30-39,1,Bachelor,Frankfurt,False,No preference
CAN14183,20-29,4,Vocational training,Frankfurt,False,Hybrid
CAN14184,50+,20,Bachelor,Hamburg,False,Remote
CAN14185,40-49,6,Doctorate,Other Germany,False,Hybrid
CAN14186,30-39,2,Master,Other Germany,True,No preference
CAN14187,40-49,4,Vocational training,Frankfurt,True,Hybrid
CAN14188,30-39,11,Vocational training,Other Germany,True,Hybrid
CAN14189,40-49,8,Bachelor,Berlin,True,Hybrid
CAN14190,30-39,4,Bachelor,Other Germany,False,Remote
CAN14191,40-49,4,Vocational training,Berlin,False,Hybrid
CAN14192,20-29,3,Bachelor,Frankfurt,False,Remote
CAN14193,40-49,12,Master,Other Germany,False,Hybrid
CAN14194,40-49,6,Master,Frankfurt,True,Remote
CAN14195,40-49,2,Bachelor,Frankfurt,False,Remote
CAN14196,30-39,1,Vocational training,Frankfurt,True,Hybrid
CAN14197,40-49,11,Other,Frankfurt,False,On-site
CAN14198,20-29,0,Other,Other Germany,True,Hybrid
CAN14199,50+,17,Vocational training,Berlin,True,Hybrid
CAN14200,40-49,1,Master,Outside Germany,False,Remote
CAN14201,30-39,5,Vocational training,Frankfurt,False,No preference
CAN14202,40-49,15,Master,Frankfurt,False,Remote
CAN14203,50+,8,Master,Other Germany,True,Remote
CAN14204,20-29,5,Vocational training,Frankfurt,False,Hybrid
CAN14205,20-29,1,Bachelor,Berlin,False,Remote
CAN14206,40-49,4,Bachelor,Other Germany,False,Hybrid
CAN14207,20-29,2,Vocational training,Other Germany,False,No preference
CAN14208,20-29,2,Master,Other Germany,False,No preference
CAN14209,30-39,7,Bachelor,Berlin,False,Hybrid
CAN14210,20-29,2,Bachelor,Berlin,False,No preference
CAN14211,40-49,2,Vocational training,Outside Germany,False,Remote
CAN14212,30-39,5,Bachelor,Frankfurt,False,Hybrid
CAN14213,50+,16,Vocational training,Berlin,True,Hybrid
CAN14214,30-39,2,Bachelor,,False,Hybrid
CAN14215,30-39,1,Master,Hamburg,True,Remote
CAN14216,20-29,3,Master,Other Germany,True,No preference
CAN14217,40-49,13,Vocational training,Berlin,True,No preference
CAN14218,40-49,12,Bachelor,Berlin,False,On-site
CAN14219,40-49,7,Vocational training,Berlin,False,Hybrid
CAN14220,30-39,10,Master,Other Germany,False,No preference
CAN14221,30-39,9,Vocational training,Other Germany,True,Hybrid
CAN14222,30-39,1,Master,Berlin,True,On-site
CAN14223,30-39,6,Master,Cologne,False,Hybrid
CAN14224,30-39,7,Master,Munich,False,Hybrid
CAN14225,30-39,2,Vocational training,Berlin,False,Hybrid
CAN14226,40-49,5,Master,Frankfurt,False,Hybrid
CAN14227,40-49,6,Vocational training,Munich,False,No preference
CAN14228,30-39,3,Master,Frankfurt,False,No preference
CAN14229,20-29,3,Master,Frankfurt,False,Hybrid
CAN14230,20-29,2,Bachelor,Berlin,True,No preference
CAN14231,20-29,3,Bachelor,Outside Germany,True,Hybrid
CAN14232,30-39,8,Master,Hamburg,False,No preference
CAN14233,50+,25,Vocational training,Other Germany,False,Remote
CAN14234,30-39,6,Master,Berlin,False,Hybrid
CAN14235,30-39,7,Vocational training,Berlin,False,Hybrid
CAN14236,40-49,3,Vocational training,Other Germany,False,No preference
CAN14237,30-39,9,Vocational training,Berlin,False,On-site
CAN14238,30-39,3,Bachelor,Berlin,False,Remote
CAN14239,30-39,4,Vocational training,Frankfurt,False,No preference
CAN14240,40-49,9,Bachelor,Outside Germany,True,Remote
CAN14241,40-49,8,Bachelor,Frankfurt,False,On-site
CAN14242,20-29,5,Bachelor,Cologne,False,Remote
CAN14243,50+,9,Vocational training,Frankfurt,False,Hybrid
CAN14244,50+,17,Vocational training,Frankfurt,False,Hybrid
CAN14245,50+,7,Vocational training,Other Germany,False,No preference
CAN14246,40-49,9,Bachelor,Berlin,True,Remote
CAN14247,30-39,4,Vocational training,Frankfurt,False,Hybrid
CAN14248,20-29,2,Bachelor,Cologne,False,Hybrid
CAN14249,40-49,5,Other,Munich,False,Remote
CAN14250,50+,9,Master,Berlin,True,Hybrid
CAN14251,30-39,9,Vocational training,Berlin,True,Remote
CAN14252,30-39,5,Vocational training,Munich,False,No preference
CAN14253,40-49,6,Doctorate,Other Germany,False,Remote
CAN14254,30-39,5,Bachelor,Munich,False,Hybrid
CAN14255,30-39,3,Vocational training,Other Germany,False,Remote
CAN14256,40-49,9,Master,Other Germany,False,Remote
CAN14257,20-29,3,Bachelor,Outside Germany,False,On-site
CAN14258,50+,14,Bachelor,Hamburg,False,Hybrid
CAN14259,20-29,3,Bachelor,Berlin,False,On-site
CAN14260,30-39,12,Bachelor,Frankfurt,True,Hybrid
CAN14261,50+,10,Bachelor,Other Germany,True,No preference
CAN14262,20-29,3,Bachelor,Outside Germany,False,No preference
CAN14263,40-49,1,Master,Other Germany,True,Hybrid
CAN14264,20-29,3,Bachelor,Other Germany,True,On-site
CAN14265,40-49,10,Bachelor,Frankfurt,False,Hybrid
CAN14266,30-39,10,Vocational training,Frankfurt,False,Hybrid
CAN14267,40-49,4,Vocational training,Berlin,False,No preference
CAN14268,30-39,11,Bachelor,Other Germany,False,On-site
CAN14269,20-29,3,Bachelor,Cologne,False,Hybrid
CAN14270,40-49,5,Other,Hamburg,False,Hybrid
CAN14271,30-39,8,Master,Other Germany,False,Hybrid
CAN14272,50+,8,Vocational training,Berlin,False,Remote
CAN14273,30-39,10,Master,Other Germany,False,On-site
CAN14274,40-49,7,Bachelor,Munich,False,Hybrid
CAN14275,30-39,4,Bachelor,Outside Germany,True,Hybrid
CAN14276,30-39,3,Master,Cologne,True,Hybrid
CAN14277,40-49,8,Bachelor,Other Germany,False,On-site
CAN14278,30-39,4,Bachelor,Frankfurt,False,Hybrid
CAN14279,30-39,1,Master,Munich,True,Hybrid
CAN14280,20-29,3,Bachelor,Other Germany,False,Hybrid
CAN14281,20-29,8,Vocational training,Hamburg,False,Hybrid
CAN14282,30-39,8,Other,,False,On-site
CAN14283,40-49,6,Bachelor,Outside Germany,False,Remote
CAN14284,30-39,7,Bachelor,Hamburg,True,Hybrid
CAN14285,30-39,8,Vocational training,Frankfurt,False,Remote
CAN14286,40-49,6,Bachelor,Other Germany,True,Hybrid
CAN14287,30-39,6,Vocational training,Other Germany,False,Remote
CAN14288,30-39,3,Bachelor,Berlin,False,Remote
CAN14289,40-49,4,Bachelor,Munich,False,Hybrid
CAN14290,20-29,1,Vocational training,Other Germany,False,Hybrid
CAN14291,40-49,4,Master,Other Germany,True,Remote
CAN14292,20-29,0,Bachelor,Frankfurt,False,Hybrid
CAN14293,50+,8,Bachelor,Frankfurt,False,No preference
CAN14294,50+,8,Vocational training,Cologne,False,Remote
CAN14295,40-49,8,Master,Hamburg,False,Remote
CAN14296,40-49,6,Bachelor,Munich,True,No preference
CAN14297,30-39,2,Master,Frankfurt,True,Remote
CAN14298,20-29,9,Master,Berlin,False,Remote
CAN14299,30-39,1,Master,Berlin,False,No preference
CAN14300,50+,13,Vocational training,Berlin,False,Remote
CAN14301,40-49,12,Master,Frankfurt,False,Hybrid
CAN14302,20-29,1,Master,Other Germany,True,Remote
CAN14303,30-39,2,Vocational training,Berlin,False,Remote
CAN14304,30-39,9,Vocational training,Other Germany,True,On-site
CAN14305,40-49,6,Other,Munich,False,Remote
CAN14306,50+,14,Vocational training,Berlin,False,Hybrid
CAN14307,30-39,7,Vocational training,Munich,True,Hybrid
CAN14308,50+,17,Bachelor,Berlin,False,Hybrid
CAN14309,30-39,10,Other,Hamburg,False,Hybrid
CAN14310,40-49,7,Bachelor,Other Germany,False,Remote
CAN14311,40-49,4,Bachelor,Cologne,False,Hybrid
CAN14312,40-49,4,Vocational training,Outside Germany,False,No preference
CAN14313,40-49,13,Vocational training,,False,Remote
CAN14314,30-39,2,Master,Cologne,True,Hybrid
CAN14315,30-39,13,Vocational training,Berlin,False,Hybrid
CAN14316,50+,9,Vocational training,Other Germany,True,Hybrid
CAN14317,40-49,6,Bachelor,Munich,False,On-site
CAN14318,30-39,3,Vocational training,Frankfurt,False,Remote
CAN14319,40-49,8,Bachelor,Hamburg,False,Hybrid
CAN14320,40-49,3,Master,Outside Germany,True,On-site
CAN14321,40-49,25,Vocational training,Hamburg,True,Hybrid
CAN14322,30-39,2,Bachelor,Frankfurt,False,Hybrid
CAN14323,30-39,7,Vocational training,Berlin,False,Remote
CAN14324,40-49,16,Bachelor,Frankfurt,False,Hybrid
CAN14325,40-49,11,Vocational training,Other Germany,True,Remote
CAN14326,40-49,16,Other,Outside Germany,False,Hybrid
CAN14327,50+,20,Bachelor,Frankfurt,False,Remote
CAN14328,30-39,5,Vocational training,Outside Germany,False,Hybrid
CAN14329,30-39,4,Other,Berlin,True,No preference
CAN14330,30-39,6,Master,Hamburg,False,Remote
CAN14331,40-49,2,Vocational training,Berlin,False,On-site
CAN14332,40-49,4,Vocational training,Other Germany,False,Hybrid
CAN14333,40-49,3,Bachelor,Berlin,True,On-site
CAN14334,30-39,6,Vocational training,Berlin,False,Hybrid
CAN14335,30-39,4,Master,Other Germany,True,No preference
CAN14336,40-49,8,Bachelor,Munich,True,Hybrid
CAN14337,20-29,4,Doctorate,Cologne,False,Hybrid
CAN14338,40-49,3,Doctorate,Other Germany,True,On-site
CAN14339,30-39,1,Master,Hamburg,False,Hybrid
CAN14340,40-49,13,Vocational training,Frankfurt,False,Hybrid
CAN14341,30-39,4,Bachelor,Cologne,False,Remote
CAN14342,30-39,5,Master,Outside Germany,True,Remote
CAN14343,50+,19,Vocational training,Other Germany,False,On-site
CAN14344,40-49,5,Vocational training,Hamburg,False,No preference
CAN14345,30-39,6,Master,Munich,True,Remote
CAN14346,30-39,5,Vocational training,Berlin,False,No preference
CAN14347,30-39,3,Master,Other Germany,False,On-site
CAN14348,20-29,3,Vocational training,Berlin,False,Hybrid
CAN14349,20-29,2,Bachelor,Munich,False,No preference
CAN14350,30-39,4,Bachelor,Cologne,True,Remote
CAN14351,30-39,1,Master,Cologne,False,On-site
CAN14352,40-49,7,Bachelor,Frankfurt,False,Hybrid
CAN14353,40-49,3,Vocational training,Other Germany,False,Remote
CAN14354,30-39,3,Vocational training,Other Germany,False,Hybrid
CAN14355,20-29,3,Master,Other Germany,False,Hybrid
CAN14356,50+,21,Master,Outside Germany,False,No preference
CAN14357,40-49,10,Master,Outside Germany,True,Hybrid
CAN14358,30-39,15,Vocational training,Frankfurt,False,No preference
CAN14359,40-49,4,Bachelor,Other Germany,False,Hybrid
CAN14360,40-49,15,Vocational training,Frankfurt,False,No preference
CAN14361,40-49,5,Bachelor,Hamburg,True,Hybrid
CAN14362,30-39,5,Doctorate,Berlin,True,Hybrid
CAN14363,20-29,2,Vocational training,Frankfurt,True,Hybrid
CAN14364,30-39,3,Vocational training,Frankfurt,True,No preference
CAN14365,30-39,7,Vocational training,Munich,False,On-site
CAN14366,20-29,4,Bachelor,Outside Germany,False,Hybrid
CAN14367,40-49,12,Vocational training,Berlin,True,Remote
CAN14368,50+,11,Vocational training,Other Germany,True,Remote
CAN14369,30-39,3,Vocational training,Munich,False,No preference
CAN14370,50+,18,Other,Other Germany,False,Hybrid
CAN14371,20-29,5,Vocational training,Outside Germany,False,Hybrid
CAN14372,30-39,4,Vocational training,Berlin,False,Hybrid
CAN14373,20-29,2,Master,Berlin,False,Remote
CAN14374,40-49,1,Other,Outside Germany,True,Hybrid
CAN14375,40-49,6,Bachelor,Munich,False,No preference
CAN14376,40-49,1,Bachelor,Outside Germany,True,No preference
CAN14377,40-49,8,Vocational training,Cologne,False,Remote
CAN14378,40-49,5,Doctorate,Munich,True,No preference
CAN14379,50+,9,Master,Frankfurt,False,No preference
CAN14380,30-39,11,Other,Other Germany,True,Hybrid
CAN14381,50+,11,Vocational training,Frankfurt,True,Hybrid
CAN14382,30-39,6,Master,Hamburg,True,Remote
CAN14383,40-49,9,Bachelor,Munich,False,Remote
CAN14384,30-39,7,Bachelor,Other Germany,False,Hybrid
CAN14385,30-39,4,Master,Other Germany,True,Hybrid
CAN14386,40-49,3,Master,Other Germany,False,Hybrid
CAN14387,40-49,4,Master,Hamburg,False,Hybrid
CAN14388,20-29,2,Bachelor,Other Germany,True,Hybrid
CAN14389,40-49,9,Master,Berlin,False,No preference
CAN14390,30-39,2,Master,Munich,False,Hybrid
CAN14391,30-39,1,Bachelor,Cologne,False,Remote
CAN14392,30-39,7,Vocational training,Munich,False,Hybrid
CAN14393,20-29,3,Master,Other Germany,False,Hybrid
CAN14394,30-39,5,Master,,False,Remote
CAN14395,40-49,5,Bachelor,Other Germany,False,On-site
CAN14396,30-39,16,Bachelor,Other Germany,True,Hybrid
CAN14397,50+,12,Master,Other Germany,False,Remote
CAN14398,20-29,7,Bachelor,Cologne,False,Hybrid
CAN14399,50+,21,Vocational training,Frankfurt,False,Hybrid
CAN14400,40-49,10,Vocational training,Berlin,True,No preference
CAN14401,40-49,6,Bachelor,Hamburg,True,Hybrid
CAN14402,40-49,5,Vocational training,Munich,False,Hybrid
CAN14403,20-29,5,Bachelor,Frankfurt,False,Hybrid
CAN14404,50+,14,Bachelor,Other Germany,False,On-site
CAN14405,30-39,15,Master,Hamburg,True,Hybrid
CAN14406,30-39,1,Bachelor,Frankfurt,False,Remote
CAN14407,40-49,23,Bachelor,Munich,True,No preference
CAN14408,40-49,6,Master,Munich,False,Hybrid
CAN14409,30-39,7,Bachelor,Cologne,True,No preference
CAN14410,40-49,9,Master,Other Germany,True,No preference
CAN14411,30-39,4,Vocational training,Berlin,False,No preference
CAN14412,30-39,2,Master,Berlin,False,Remote
CAN14413,40-49,6,Bachelor,Frankfurt,True,Remote
CAN14414,30-39,4,Bachelor,Hamburg,True,Hybrid
CAN14415,40-49,3,Bachelor,Hamburg,True,Hybrid
CAN14416,30-39,9,Vocational training,Other Germany,False,No preference
CAN14417,20-29,0,Bachelor,Berlin,True,On-site
CAN14418,30-39,2,Vocational training,Cologne,True,Hybrid
CAN14419,30-39,9,Vocational training,Outside Germany,False,Hybrid
CAN14420,40-49,3,Bachelor,Hamburg,False,Hybrid
CAN14421,40-49,9,Vocational training,Berlin,False,Remote
CAN14422,40-49,5,Bachelor,Outside Germany,False,Hybrid
CAN14423,30-39,3,Vocational training,Hamburg,False,Hybrid
CAN14424,30-39,6,Vocational training,Cologne,False,Hybrid
CAN14425,30-39,5,Bachelor,Hamburg,False,Hybrid
CAN14426,30-39,2,Master,Munich,True,Hybrid
CAN14427,40-49,18,Vocational training,Cologne,True,Hybrid
CAN14428,20-29,3,Vocational training,Berlin,True,Hybrid
CAN14429,40-49,5,Other,Hamburg,False,Hybrid
CAN14430,40-49,8,Vocational training,Frankfurt,False,Remote
CAN14431,20-29,4,Master,Frankfurt,False,Hybrid
CAN14432,40-49,2,Bachelor,Other Germany,False,Remote
CAN14433,40-49,13,Master,Munich,False,Hybrid
CAN14434,30-39,6,Bachelor,Other Germany,False,Remote
CAN14435,20-29,2,Master,Munich,True,Remote
CAN14436,20-29,3,Vocational training,Other Germany,False,Remote
CAN14437,40-49,9,Bachelor,Other Germany,True,Hybrid
CAN14438,30-39,3,Other,Frankfurt,True,Hybrid
CAN14439,40-49,7,Bachelor,Munich,False,No preference
CAN14440,20-29,6,Doctorate,Frankfurt,False,No preference
CAN14441,20-29,0,Bachelor,Frankfurt,True,On-site
CAN14442,50+,7,Vocational training,Munich,True,Hybrid
CAN14443,20-29,3,Vocational training,Munich,False,No preference
CAN14444,30-39,15,Master,Munich,True,Hybrid
CAN14445,20-29,3,Vocational training,Frankfurt,False,No preference
CAN14446,40-49,15,Vocational training,Berlin,True,No preference
CAN14447,40-49,7,Other,Other Germany,True,Hybrid
CAN14448,50+,19,Bachelor,Other Germany,False,No preference
CAN14449,30-39,10,Vocational training,Cologne,False,Remote
CAN14450,30-39,4,Vocational training,Munich,False,Hybrid
CAN14451,40-49,2,Master,Frankfurt,False,Remote
CAN14452,50+,18,Vocational training,Berlin,False,Hybrid
CAN14453,40-49,4,Vocational training,Frankfurt,False,Hybrid
CAN14454,40-49,5,Bachelor,Hamburg,False,Hybrid
CAN14455,40-49,2,Master,Other Germany,False,Hybrid
CAN14456,30-39,7,Vocational training,Hamburg,False,Hybrid
CAN14457,40-49,9,Master,Hamburg,False,Hybrid
CAN14458,40-49,18,Vocational training,Berlin,True,Hybrid
CAN14459,20-29,3,Master,Other Germany,True,On-site
CAN14460,30-39,8,Master,Hamburg,True,No preference
CAN14461,30-39,14,Vocational training,Frankfurt,True,Remote
CAN14462,40-49,14,Other,Other Germany,False,Remote
CAN14463,20-29,6,Vocational training,Berlin,True,Remote
CAN14464,30-39,13,Bachelor,Munich,False,Hybrid
CAN14465,50+,13,Vocational training,Frankfurt,False,Remote
CAN14466,20-29,1,Master,Cologne,False,On-site
CAN14467,50+,11,Vocational training,Cologne,True,Remote
CAN14468,20-29,5,Master,Other Germany,False,Hybrid
CAN14469,40-49,12,Doctorate,Other Germany,False,Hybrid
CAN14470,40-49,15,Bachelor,Outside Germany,False,On-site
CAN14471,30-39,3,Master,Hamburg,False,Hybrid
CAN14472,30-39,4,Master,Munich,True,No preference
CAN14473,30-39,6,Vocational training,Frankfurt,False,Hybrid
CAN14474,30-39,3,Bachelor,Other Germany,True,Hybrid
CAN14475,40-49,3,Bachelor,Frankfurt,False,Remote
CAN14476,40-49,4,Vocational training,Frankfurt,False,No preference
CAN14477,40-49,13,Other,Munich,True,Hybrid
CAN14478,40-49,11,Bachelor,Berlin,False,Remote
CAN14479,30-39,1,Bachelor,Berlin,False,No preference
CAN14480,20-29,2,Master,Munich,True,Remote
CAN14481,40-49,8,Vocational training,Other Germany,False,Hybrid
CAN14482,40-49,3,Bachelor,Other Germany,False,Hybrid
CAN14483,30-39,4,Bachelor,Other Germany,False,Hybrid
CAN14484,30-39,7,Master,Berlin,True,Hybrid
CAN14485,50+,15,Vocational training,Munich,False,Hybrid
CAN14486,40-49,2,Vocational training,Frankfurt,True,Remote
CAN14487,40-49,2,Vocational training,Other Germany,False,No preference
CAN14488,30-39,4,Bachelor,Other Germany,True,Remote
CAN14489,30-39,9,Other,Hamburg,False,No preference
CAN14490,30-39,8,Master,Other Germany,False,Remote
CAN14491,40-49,3,Bachelor,Frankfurt,True,No preference
CAN14492,30-39,1,Bachelor,Frankfurt,True,Hybrid
CAN14493,30-39,6,Bachelor,Frankfurt,False,Hybrid
CAN14494,40-49,7,Vocational training,Frankfurt,False,Hybrid
CAN14495,40-49,6,Vocational training,Munich,False,Hybrid
CAN14496,40-49,12,Bachelor,Berlin,False,No preference
CAN14497,50+,25,Other,Other Germany,False,No preference
CAN14498,20-29,4,Vocational training,Hamburg,False,Remote
CAN14499,30-39,10,Bachelor,Frankfurt,True,Hybrid
CAN14500,40-49,7,Bachelor,Berlin,False,On-site
CAN14501,40-49,4,Vocational training,Frankfurt,True,No preference
CAN14502,30-39,10,Vocational training,Hamburg,True,No preference
CAN14503,20-29,9,Bachelor,Berlin,False,On-site
CAN14504,50+,16,Vocational training,Cologne,False,Hybrid
CAN14505,20-29,5,Master,Frankfurt,True,Remote
CAN14506,40-49,3,Bachelor,Berlin,False,Hybrid
CAN14507,30-39,0,Master,Other Germany,False,Hybrid
CAN14508,40-49,8,Bachelor,Berlin,False,Remote
CAN14509,40-49,2,Vocational training,Other Germany,False,On-site
CAN14510,40-49,3,Vocational training,Other Germany,False,Remote
CAN14511,30-39,1,Vocational training,Hamburg,True,Hybrid
CAN14512,40-49,6,Bachelor,Berlin,False,Hybrid
CAN14513,30-39,6,Vocational training,Cologne,False,Remote
CAN14514,20-29,6,Vocational training,Outside Germany,False,Hybrid
CAN14515,30-39,7,Vocational training,Other Germany,False,Hybrid
CAN14516,30-39,10,Vocational training,Other Germany,False,Hybrid
CAN14517,40-49,5,Vocational training,Frankfurt,False,Hybrid
CAN14518,40-49,5,Bachelor,Frankfurt,False,Remote
CAN14519,40-49,7,Master,Hamburg,False,Hybrid
CAN14520,40-49,5,Master,Munich,False,No preference
CAN14521,30-39,4,Vocational training,Other Germany,False,Remote
CAN14522,30-39,9,Vocational training,Other Germany,True,On-site
CAN14523,40-49,15,Master,Frankfurt,False,Hybrid
CAN14524,20-29,1,Bachelor,Other Germany,False,On-site
CAN14525,40-49,10,Master,Hamburg,False,No preference
CAN14526,30-39,6,Bachelor,Other Germany,False,Hybrid
CAN14527,20-29,2,Vocational training,Cologne,False,Remote
CAN14528,40-49,5,Bachelor,Munich,False,Hybrid
CAN14529,50+,9,Doctorate,Hamburg,False,On-site
CAN14530,20-29,4,Vocational training,Other Germany,False,Hybrid
CAN14531,20-29,5,Master,Munich,False,On-site
CAN14532,30-39,5,Bachelor,Other Germany,True,Hybrid
CAN14533,40-49,7,Vocational training,Cologne,False,Remote
CAN14534,40-49,1,Vocational training,Other Germany,False,Hybrid
CAN14535,20-29,2,Vocational training,Munich,False,Hybrid
CAN14536,40-49,4,Master,Munich,False,No preference
CAN14537,30-39,4,Other,Other Germany,False,On-site
CAN14538,40-49,0,Master,Hamburg,False,Hybrid
CAN14539,20-29,2,Vocational training,Frankfurt,False,Hybrid
CAN14540,30-39,5,Master,Hamburg,True,On-site
CAN14541,30-39,8,Master,Other Germany,False,On-site
CAN14542,30-39,4,Master,Frankfurt,False,Remote
CAN14543,40-49,4,Bachelor,Frankfurt,False,On-site
CAN14544,40-49,12,Vocational training,Other Germany,False,Remote
CAN14545,20-29,3,Vocational training,Berlin,False,Hybrid
CAN14546,30-39,4,Master,Hamburg,False,Remote
CAN14547,50+,13,Doctorate,Frankfurt,False,On-site
CAN14548,30-39,7,Vocational training,Hamburg,True,On-site
CAN14549,40-49,8,Vocational training,Munich,True,Hybrid
CAN14550,40-49,17,Vocational training,Munich,False,Remote
CAN14551,40-49,3,Bachelor,Other Germany,True,Remote
CAN14552,20-29,4,Vocational training,Other Germany,True,No preference
CAN14553,20-29,8,Master,Berlin,False,Hybrid
CAN14554,20-29,2,Bachelor,Other Germany,False,Hybrid
CAN14555,30-39,9,Bachelor,Other Germany,False,On-site
CAN14556,20-29,9,Bachelor,Berlin,False,Hybrid
CAN14557,20-29,2,Vocational training,Other Germany,True,No preference
CAN14558,30-39,1,Master,Frankfurt,True,Hybrid
CAN14559,30-39,0,Bachelor,Berlin,False,No preference
CAN14560,30-39,2,Master,Outside Germany,False,Remote
CAN14561,20-29,5,Bachelor,Cologne,False,Hybrid
CAN14562,30-39,6,Master,Other Germany,False,On-site
CAN14563,40-49,10,Master,Berlin,False,Hybrid
CAN14564,50+,16,Master,Cologne,False,Remote
CAN14565,40-49,6,Bachelor,Hamburg,True,Remote
CAN14566,20-29,3,Doctorate,Berlin,True,Hybrid
CAN14567,40-49,5,Master,Other Germany,False,On-site
CAN14568,40-49,6,Vocational training,Hamburg,False,On-site
CAN14569,30-39,6,Vocational training,Outside Germany,False,Hybrid
CAN14570,40-49,20,Master,Frankfurt,False,No preference
CAN14571,30-39,11,Bachelor,Other Germany,False,Hybrid
CAN14572,40-49,13,Bachelor,Other Germany,True,No preference
CAN14573,30-39,7,Master,Other Germany,False,Hybrid
CAN14574,30-39,6,Bachelor,Frankfurt,False,Hybrid
CAN14575,40-49,5,Vocational training,Hamburg,True,Remote
CAN14576,20-29,0,Master,Berlin,False,Remote
CAN14577,20-29,1,Master,Munich,False,On-site
CAN14578,20-29,0,Master,Other Germany,True,Hybrid
CAN14579,40-49,15,Vocational training,Cologne,False,Remote
CAN14580,20-29,4,Bachelor,Hamburg,True,On-site
CAN14581,30-39,2,Vocational training,Berlin,False,Hybrid
CAN14582,40-49,13,Vocational training,Frankfurt,False,Hybrid
CAN14583,30-39,8,Master,Cologne,True,On-site
CAN14584,30-39,8,Bachelor,Other Germany,False,Remote
CAN14585,20-29,4,Bachelor,Other Germany,True,On-site
CAN14586,40-49,7,Master,Frankfurt,False,Hybrid
CAN14587,20-29,5,Master,Frankfurt,True,Remote
CAN14588,30-39,2,Master,Berlin,False,Remote
CAN14589,40-49,22,Bachelor,Berlin,False,No preference
CAN14590,40-49,8,Master,Other Germany,False,Remote
CAN14591,30-39,9,Vocational training,Outside Germany,True,Hybrid
CAN14592,20-29,4,Vocational training,Other Germany,True,No preference
CAN14593,40-49,3,Bachelor,Munich,False,Hybrid
CAN14594,50+,9,Vocational training,Berlin,True,On-site
CAN14595,30-39,6,Other,Frankfurt,False,Hybrid
CAN14596,40-49,6,Bachelor,Frankfurt,True,No preference
CAN14597,40-49,3,Vocational training,Berlin,True,Hybrid
CAN14598,20-29,3,Bachelor,Outside Germany,False,Remote
CAN14599,40-49,5,Other,Frankfurt,True,Hybrid
CAN14600,50+,25,Vocational training,Munich,False,Hybrid
CAN14601,40-49,6,Bachelor,Cologne,False,On-site
CAN14602,20-29,7,Vocational training,Frankfurt,True,Remote
CAN14603,30-39,11,Bachelor,Frankfurt,False,Remote
CAN14604,30-39,10,Doctorate,Frankfurt,False,On-site
CAN14605,30-39,2,Bachelor,Frankfurt,False,No preference
CAN14606,40-49,7,Master,Outside Germany,False,Hybrid
CAN14607,40-49,4,Other,Other Germany,True,Remote
CAN14608,20-29,4,Vocational training,Munich,False,Hybrid
CAN14609,40-49,2,Bachelor,Frankfurt,True,No preference
CAN14610,30-39,2,Bachelor,Other Germany,True,Remote
CAN14611,40-49,5,Vocational training,Hamburg,False,Remote
CAN14612,40-49,4,Master,Berlin,False,Hybrid
CAN14613,20-29,2,Doctorate,Other Germany,True,On-site
CAN14614,50+,14,Bachelor,Frankfurt,True,On-site
CAN14615,30-39,1,Other,Other Germany,True,Hybrid
CAN14616,20-29,5,Vocational training,Cologne,False,On-site
CAN14617,40-49,5,Bachelor,Munich,True,No preference
CAN14618,20-29,1,Bachelor,Munich,False,On-site
CAN14619,50+,18,Bachelor,Hamburg,False,Hybrid
CAN14620,30-39,9,Bachelor,Other Germany,False,Hybrid
CAN14621,20-29,2,Master,Outside Germany,False,Hybrid
CAN14622,20-29,1,Bachelor,Frankfurt,False,Hybrid
CAN14623,40-49,8,Master,Berlin,False,Hybrid
CAN14624,20-29,2,Vocational training,Hamburg,False,Hybrid
CAN14625,40-49,16,Vocational training,Other Germany,False,Remote
CAN14626,30-39,7,Vocational training,Other Germany,False,On-site
CAN14627,20-29,0,Master,Frankfurt,False,Hybrid
CAN14628,50+,15,Vocational training,Other Germany,False,Hybrid
CAN14629,40-49,7,Master,Other Germany,False,No preference
CAN14630,30-39,3,Master,Outside Germany,True,Remote
CAN14631,30-39,4,Bachelor,Other Germany,True,No preference
CAN14632,30-39,6,Vocational training,Munich,False,Remote
CAN14633,30-39,2,Master,Other Germany,True,Hybrid
CAN14634,30-39,9,Vocational training,Hamburg,False,Hybrid
CAN14635,20-29,1,Other,Other Germany,False,Remote
CAN14636,20-29,9,Bachelor,Berlin,False,On-site
CAN14637,40-49,14,Bachelor,Other Germany,True,Remote
CAN14638,20-29,1,Vocational training,Other Germany,True,Remote
CAN14639,30-39,3,Vocational training,Other Germany,True,Hybrid
CAN14640,30-39,1,Master,Other Germany,False,Remote
CAN14641,50+,20,Bachelor,Munich,True,Hybrid
CAN14642,30-39,2,Bachelor,Other Germany,True,No preference
CAN14643,30-39,3,Doctorate,Hamburg,False,Remote
CAN14644,40-49,2,Other,Other Germany,False,Remote
CAN14645,50+,7,Vocational training,Other Germany,True,No preference
CAN14646,20-29,8,Other,Other Germany,False,Hybrid
CAN14647,40-49,4,Master,Frankfurt,True,Remote
CAN14648,20-29,5,Other,Berlin,False,Hybrid
CAN14649,20-29,6,Bachelor,Other Germany,False,Remote
CAN14650,20-29,6,Master,Frankfurt,True,Remote
CAN14651,20-29,6,Bachelor,Other Germany,False,Hybrid
CAN14652,40-49,6,Master,Frankfurt,False,Hybrid
CAN14653,30-39,7,Bachelor,Hamburg,False,Remote
CAN14654,40-49,3,Bachelor,Other Germany,True,Hybrid
CAN14655,50+,8,Doctorate,Berlin,False,Remote
CAN14656,30-39,4,Master,Munich,False,No preference
CAN14657,20-29,2,Bachelor,,False,On-site
CAN14658,30-39,8,Bachelor,Berlin,True,Hybrid
CAN14659,30-39,4,Bachelor,Frankfurt,False,Hybrid
CAN14660,30-39,8,Bachelor,Other Germany,False,On-site
CAN14661,30-39,4,Bachelor,Outside Germany,False,On-site
CAN14662,50+,11,Other,Other Germany,False,Hybrid
CAN14663,30-39,7,Bachelor,Munich,False,Remote
CAN14664,40-49,24,Master,Munich,False,Hybrid
CAN14665,20-29,3,Vocational training,Munich,False,Remote
CAN14666,30-39,4,Vocational training,Frankfurt,False,Hybrid
CAN14667,30-39,3,Master,Other Germany,False,Hybrid
CAN14668,40-49,14,Doctorate,Berlin,True,On-site
CAN14669,50+,8,Bachelor,Hamburg,False,Hybrid
CAN14670,30-39,9,Vocational training,Other Germany,False,Remote
CAN14671,20-29,9,Vocational training,Munich,False,Remote
CAN14672,50+,16,Vocational training,Other Germany,True,Hybrid
CAN14673,30-39,9,Bachelor,Cologne,False,On-site
CAN14674,30-39,8,Bachelor,Other Germany,False,Remote
CAN14675,40-49,14,Master,Munich,False,Hybrid
CAN14676,40-49,6,Bachelor,Other Germany,False,No preference
CAN14677,20-29,2,Bachelor,Other Germany,True,No preference
CAN14678,40-49,10,Bachelor,Munich,True,Hybrid
CAN14679,40-49,13,Bachelor,Frankfurt,True,Hybrid
CAN14680,30-39,2,Vocational training,Frankfurt,False,Hybrid
CAN14681,30-39,11,Master,Cologne,True,Hybrid
CAN14682,50+,11,Master,Berlin,True,Remote
CAN14683,20-29,1,Master,Munich,False,Hybrid
CAN14684,20-29,1,Bachelor,Hamburg,True,Remote
CAN14685,40-49,10,Doctorate,Cologne,True,Remote
CAN14686,40-49,10,Vocational training,Cologne,False,Hybrid
CAN14687,20-29,5,Vocational training,Other Germany,False,Hybrid
CAN14688,30-39,6,Vocational training,Hamburg,False,On-site
CAN14689,40-49,0,Vocational training,Berlin,False,Hybrid
CAN14690,30-39,9,Master,Hamburg,False,Remote
CAN14691,20-29,7,Master,Cologne,False,Remote
CAN14692,20-29,0,Doctorate,Berlin,True,Hybrid
CAN14693,50+,9,Bachelor,Berlin,False,Hybrid
CAN14694,40-49,4,Vocational training,Other Germany,False,Remote
CAN14695,20-29,7,Vocational training,Berlin,False,Hybrid
CAN14696,40-49,6,Master,Frankfurt,False,Hybrid
CAN14697,30-39,5,Vocational training,Other Germany,False,Hybrid
CAN14698,40-49,9,Vocational training,Munich,False,Hybrid
CAN14699,50+,10,Vocational training,Frankfurt,True,Hybrid
CAN14700,30-39,4,Vocational training,Other Germany,True,Hybrid
CAN14701,30-39,9,Bachelor,Frankfurt,False,Hybrid
CAN14702,20-29,5,Vocational training,Berlin,False,Hybrid
CAN14703,20-29,5,Bachelor,Berlin,False,Hybrid
CAN14704,30-39,2,Master,Munich,False,On-site
CAN14705,40-49,12,Master,Frankfurt,False,No preference
CAN14706,30-39,0,Bachelor,Berlin,False,Remote
CAN14707,40-49,9,Other,Other Germany,False,Remote
CAN14708,30-39,12,Vocational training,Frankfurt,True,On-site
CAN14709,20-29,3,Bachelor,Berlin,False,Remote
CAN14710,30-39,4,Bachelor,Outside Germany,False,On-site
CAN14711,40-49,4,Master,Frankfurt,False,Hybrid
CAN14712,30-39,2,Master,Hamburg,False,Hybrid
CAN14713,40-49,8,Bachelor,Cologne,True,Remote
CAN14714,50+,19,Bachelor,Other Germany,False,On-site
CAN14715,30-39,6,Other,Berlin,False,No preference
CAN14716,30-39,3,Master,Munich,False,No preference
CAN14717,20-29,2,Bachelor,Other Germany,False,Hybrid
CAN14718,40-49,7,Master,Other Germany,False,No preference
CAN14719,30-39,4,Bachelor,Frankfurt,True,Hybrid
CAN14720,20-29,5,Bachelor,Outside Germany,True,Hybrid
CAN14721,40-49,1,Bachelor,Frankfurt,False,Remote
CAN14722,30-39,1,Bachelor,Hamburg,False,Hybrid
CAN14723,40-49,17,Vocational training,Hamburg,False,Remote
CAN14724,50+,8,Bachelor,Berlin,False,No preference
CAN14725,30-39,4,Bachelor,Hamburg,True,Remote
CAN14726,30-39,8,Other,Other Germany,False,Hybrid
CAN14727,30-39,2,Vocational training,Hamburg,False,Hybrid
CAN14728,50+,22,Doctorate,Other Germany,True,Remote
CAN14729,50+,25,Master,Frankfurt,False,Hybrid
CAN14730,30-39,6,Bachelor,Other Germany,False,On-site
CAN14731,30-39,2,Vocational training,Hamburg,True,Remote
CAN14732,40-49,4,Vocational training,Frankfurt,True,Remote
CAN14733,40-49,6,Bachelor,Other Germany,False,Hybrid
CAN14734,50+,9,Other,,False,No preference
CAN14735,40-49,7,Bachelor,Outside Germany,False,Hybrid
CAN14736,20-29,5,Bachelor,Munich,True,Hybrid
CAN14737,30-39,3,Master,Hamburg,False,On-site
CAN14738,50+,14,Vocational training,Other Germany,False,On-site
CAN14739,30-39,4,Other,Berlin,True,Remote
CAN14740,30-39,5,Bachelor,Hamburg,True,On-site
CAN14741,30-39,6,Master,Frankfurt,False,On-site
CAN14742,30-39,5,Master,Cologne,False,No preference
CAN14743,40-49,10,Master,Other Germany,False,Remote
CAN14744,20-29,2,Bachelor,Cologne,False,Hybrid
CAN14745,30-39,1,Bachelor,Other Germany,False,No preference
CAN14746,40-49,17,Bachelor,Munich,True,Remote
CAN14747,40-49,3,Master,Frankfurt,False,Hybrid
CAN14748,40-49,11,Vocational training,Hamburg,True,Hybrid
CAN14749,30-39,8,Bachelor,Frankfurt,True,On-site
CAN14750,30-39,5,Doctorate,Other Germany,False,Remote
CAN14751,50+,25,Bachelor,Frankfurt,True,Hybrid
CAN14752,30-39,5,Bachelor,Hamburg,True,Hybrid
CAN14753,40-49,16,Other,Frankfurt,False,No preference
CAN14754,30-39,5,Master,Cologne,True,Hybrid
CAN14755,20-29,2,Bachelor,Other Germany,False,Hybrid
CAN14756,40-49,7,Bachelor,Other Germany,False,Hybrid
CAN14757,40-49,9,Bachelor,Frankfurt,False,Remote
CAN14758,30-39,7,Doctorate,Frankfurt,False,Hybrid
CAN14759,20-29,7,Vocational training,Berlin,True,Hybrid
CAN14760,50+,16,Bachelor,Munich,False,No preference
CAN14761,40-49,6,Bachelor,Other Germany,True,On-site
CAN14762,40-49,2,Master,Frankfurt,True,Hybrid
CAN14763,20-29,5,Master,Berlin,True,Hybrid
CAN14764,40-49,8,Bachelor,Munich,True,On-site
CAN14765,50+,13,Bachelor,Cologne,False,Hybrid
CAN14766,40-49,4,Bachelor,Munich,False,Hybrid
CAN14767,30-39,18,Bachelor,Frankfurt,False,Hybrid
CAN14768,30-39,11,Doctorate,Hamburg,False,On-site
CAN14769,40-49,25,Vocational training,Berlin,False,Remote
CAN14770,40-49,2,Bachelor,Other Germany,False,Hybrid
CAN14771,40-49,5,Bachelor,Berlin,True,Hybrid
CAN14772,40-49,5,Master,Munich,True,Hybrid
CAN14773,20-29,3,Other,Frankfurt,False,Hybrid
CAN14774,50+,10,Vocational training,Berlin,False,Hybrid
CAN14775,40-49,3,Other,Other Germany,False,Hybrid
CAN14776,20-29,2,Doctorate,Berlin,False,Hybrid
CAN14777,30-39,2,Vocational training,Frankfurt,True,Hybrid
CAN14778,30-39,2,Vocational training,Frankfurt,False,Hybrid
CAN14779,20-29,4,Bachelor,Berlin,True,No preference
CAN14780,30-39,3,Bachelor,Outside Germany,False,Hybrid
CAN14781,40-49,3,Other,Munich,False,Hybrid
CAN14782,50+,9,Bachelor,Berlin,False,Hybrid
CAN14783,40-49,5,Master,Other Germany,True,Remote
CAN14784,30-39,6,Other,Berlin,True,Hybrid
CAN14785,50+,14,Bachelor,Other Germany,False,On-site
CAN14786,40-49,8,Bachelor,Munich,True,On-site
CAN14787,30-39,6,Master,Other Germany,False,Hybrid
CAN14788,40-49,20,Bachelor,Hamburg,True,Hybrid
CAN14789,30-39,7,Master,Munich,False,Remote
CAN14790,50+,18,Bachelor,Frankfurt,True,Hybrid
CAN14791,20-29,8,Bachelor,Other Germany,False,Hybrid
CAN14792,40-49,2,Bachelor,Other Germany,True,Hybrid
CAN14793,40-49,10,Master,Other Germany,False,Remote
CAN14794,40-49,8,Vocational training,Other Germany,False,Hybrid
CAN14795,20-29,6,Bachelor,Berlin,False,Hybrid
CAN14796,20-29,3,Master,Frankfurt,False,No preference
CAN14797,20-29,0,Bachelor,Berlin,False,Remote
CAN14798,30-39,13,Bachelor,Other Germany,False,Remote
CAN14799,50+,13,Master,Munich,False,Hybrid
CAN14800,20-29,2,Doctorate,Munich,False,On-site
CAN14801,40-49,3,Bachelor,Frankfurt,True,Remote
CAN14802,30-39,8,Bachelor,Frankfurt,True,Remote
CAN14803,30-39,2,Vocational training,Other Germany,False,Hybrid
CAN14804,40-49,2,Vocational training,Hamburg,True,Hybrid
CAN14805,40-49,7,Master,Hamburg,True,On-site
CAN14806,50+,13,Master,Other Germany,False,Hybrid
CAN14807,30-39,0,Vocational training,Outside Germany,True,Hybrid
CAN14808,30-39,10,Vocational training,Berlin,True,On-site
CAN14809,20-29,4,Other,Hamburg,True,On-site
CAN14810,40-49,9,Vocational training,Other Germany,True,On-site
CAN14811,40-49,4,Vocational training,Frankfurt,False,Hybrid
CAN14812,20-29,4,Vocational training,Frankfurt,False,Remote
CAN14813,30-39,3,Bachelor,Cologne,False,No preference
CAN14814,40-49,1,Vocational training,Hamburg,True,Remote
CAN14815,20-29,6,Bachelor,Other Germany,False,Remote
CAN14816,50+,12,Master,Cologne,False,Hybrid
CAN14817,30-39,1,Master,Other Germany,True,Hybrid
CAN14818,40-49,7,Bachelor,Hamburg,False,On-site
CAN14819,40-49,7,Master,Other Germany,True,Hybrid
CAN14820,30-39,6,Master,Berlin,False,Remote
CAN14821,30-39,5,Bachelor,Outside Germany,False,On-site
CAN14822,50+,9,Master,Munich,True,Hybrid
CAN14823,40-49,6,Bachelor,Other Germany,False,Hybrid
CAN14824,40-49,1,Vocational training,Frankfurt,False,Hybrid
CAN14825,40-49,4,Vocational training,Munich,False,No preference
CAN14826,30-39,6,Bachelor,Berlin,False,Remote
CAN14827,30-39,0,Bachelor,Other Germany,False,On-site
CAN14828,20-29,2,Master,Hamburg,True,Hybrid
CAN14829,40-49,3,Other,Hamburg,False,Hybrid
CAN14830,30-39,1,Master,Other Germany,True,Hybrid
CAN14831,30-39,3,Vocational training,Other Germany,False,On-site
CAN14832,20-29,6,Bachelor,Berlin,True,Remote
CAN14833,30-39,10,Master,Cologne,True,Hybrid
CAN14834,50+,13,Vocational training,Other Germany,True,No preference
CAN14835,30-39,1,Vocational training,Hamburg,True,Hybrid
CAN14836,20-29,4,Vocational training,Frankfurt,True,No preference
CAN14837,30-39,6,Vocational training,Frankfurt,False,Hybrid
CAN14838,40-49,9,Vocational training,Munich,True,On-site
CAN14839,40-49,8,Vocational training,Other Germany,False,Hybrid
CAN14840,20-29,6,Master,Cologne,False,On-site
CAN14841,30-39,5,Master,Berlin,True,Remote
CAN14842,40-49,10,Vocational training,Other Germany,False,Hybrid
CAN14843,40-49,9,Other,Berlin,False,No preference
CAN14844,40-49,11,Master,Cologne,False,Remote
CAN14845,30-39,9,Doctorate,Frankfurt,False,Hybrid
CAN14846,50+,8,Vocational training,Hamburg,False,Remote
CAN14847,20-29,10,Bachelor,Frankfurt,False,Hybrid
CAN14848,20-29,5,Master,Other Germany,False,Hybrid
CAN14849,30-39,4,Master,Other Germany,True,Remote
CAN14850,40-49,8,Vocational training,Hamburg,True,Hybrid
CAN14851,50+,22,Bachelor,Hamburg,False,No preference
CAN14852,20-29,6,Vocational training,Other Germany,False,Remote
CAN14853,30-39,17,Master,Other Germany,False,Hybrid
CAN14854,30-39,4,Vocational training,Other Germany,True,No preference
CAN14855,30-39,9,Bachelor,Berlin,False,Hybrid
CAN14856,20-29,2,Vocational training,Other Germany,False,No preference
CAN14857,30-39,14,Vocational training,Other Germany,False,Hybrid
CAN14858,30-39,3,Master,Other Germany,False,Hybrid
CAN14859,30-39,2,Bachelor,Munich,True,Remote
CAN14860,20-29,3,Other,Frankfurt,True,No preference
CAN14861,30-39,3,Other,Frankfurt,False,Hybrid
CAN14862,20-29,8,Master,Hamburg,False,Remote
CAN14863,30-39,3,Master,Munich,False,No preference
CAN14864,20-29,2,Bachelor,Frankfurt,False,Hybrid
CAN14865,40-49,4,Vocational training,Frankfurt,False,Remote
CAN14866,20-29,4,Master,Berlin,True,On-site
CAN14867,20-29,3,Vocational training,Other Germany,False,Remote
CAN14868,30-39,10,Bachelor,Hamburg,False,Remote
CAN14869,30-39,2,Bachelor,Cologne,False,Hybrid
CAN14870,30-39,11,Bachelor,Other Germany,False,Hybrid
CAN14871,20-29,5,Doctorate,Other Germany,False,Remote
CAN14872,30-39,10,Vocational training,Hamburg,False,Hybrid
CAN14873,30-39,5,Doctorate,Berlin,True,Remote
CAN14874,20-29,7,Vocational training,Cologne,True,Hybrid
CAN14875,40-49,1,Bachelor,Frankfurt,True,Hybrid
CAN14876,30-39,6,Vocational training,Frankfurt,False,Remote
CAN14877,20-29,1,Vocational training,Other Germany,False,On-site
CAN14878,20-29,2,Vocational training,Frankfurt,True,Hybrid
CAN14879,30-39,3,Master,Frankfurt,False,Remote
CAN14880,30-39,4,Master,Outside Germany,True,Hybrid
CAN14881,40-49,11,Vocational training,Other Germany,False,Remote
CAN14882,20-29,1,Master,Other Germany,False,Remote
CAN14883,30-39,2,Bachelor,Other Germany,False,No preference
CAN14884,30-39,7,Bachelor,Berlin,False,Hybrid
CAN14885,20-29,4,Other,Munich,False,Hybrid
CAN14886,50+,12,Bachelor,Hamburg,False,Hybrid
CAN14887,30-39,3,Vocational training,Hamburg,False,Hybrid
CAN14888,30-39,2,Vocational training,Berlin,False,Remote
CAN14889,40-49,9,Doctorate,Hamburg,False,Hybrid
CAN14890,30-39,9,Master,Munich,True,No preference
CAN14891,20-29,3,Vocational training,Other Germany,True,On-site
CAN14892,40-49,5,Bachelor,Other Germany,False,Hybrid
CAN14893,40-49,12,Master,Other Germany,True,On-site
CAN14894,40-49,5,Vocational training,Frankfurt,True,Remote
CAN14895,30-39,10,Doctorate,Hamburg,False,Hybrid
CAN14896,30-39,3,Master,Other Germany,False,Hybrid
CAN14897,30-39,10,Doctorate,Other Germany,False,Remote
CAN14898,20-29,2,Doctorate,Berlin,True,On-site
CAN14899,30-39,3,Master,Frankfurt,False,Hybrid
CAN14900,40-49,9,Bachelor,Berlin,False,Hybrid
CAN14901,50+,10,Bachelor,Frankfurt,True,Hybrid
CAN14902,30-39,5,Bachelor,Cologne,False,No preference
CAN14903,20-29,5,Bachelor,Frankfurt,False,On-site
CAN14904,30-39,14,Bachelor,Hamburg,False,Hybrid
CAN14905,20-29,3,Vocational training,Munich,True,Hybrid
CAN14906,30-39,7,Master,Berlin,False,No preference
CAN14907,30-39,7,Vocational training,Berlin,True,Remote
CAN14908,20-29,5,Bachelor,Other Germany,False,Remote
CAN14909,30-39,1,Bachelor,Other Germany,False,Hybrid
CAN14910,40-49,14,Master,Munich,False,Remote
CAN14911,20-29,2,Other,Other Germany,True,Hybrid
CAN14912,40-49,6,Vocational training,Outside Germany,False,Remote
CAN14913,20-29,5,Vocational training,Cologne,True,No preference
CAN14914,40-49,2,Bachelor,Cologne,True,Hybrid
CAN14915,20-29,7,Master,Other Germany,False,Remote
CAN14916,20-29,2,Master,Other Germany,True,Hybrid
CAN14917,40-49,6,Vocational training,Berlin,True,Hybrid
CAN14918,30-39,10,Bachelor,Hamburg,False,Hybrid
CAN14919,30-39,9,Master,Berlin,True,No preference
CAN14920,40-49,8,Other,Frankfurt,False,Hybrid
CAN14921,30-39,0,Vocational training,Other Germany,False,No preference
CAN14922,50+,11,Other,Outside Germany,False,Hybrid
CAN14923,30-39,4,Vocational training,Cologne,False,Remote
CAN14924,40-49,25,Vocational training,Cologne,True,Hybrid
CAN14925,40-49,5,Vocational training,Berlin,False,Hybrid
CAN14926,20-29,2,Bachelor,Hamburg,True,Hybrid
CAN14927,20-29,3,Bachelor,Munich,False,Remote
CAN14928,30-39,1,Bachelor,Frankfurt,True,Hybrid
CAN14929,30-39,6,Master,Other Germany,True,On-site
CAN14930,40-49,5,Other,Munich,False,Remote
CAN14931,30-39,3,Master,Cologne,False,No preference
CAN14932,30-39,13,Bachelor,Frankfurt,False,Hybrid
CAN14933,30-39,1,Vocational training,Berlin,True,Remote
CAN14934,30-39,5,Bachelor,Outside Germany,False,No preference
CAN14935,20-29,4,Other,Cologne,True,Remote
CAN14936,30-39,10,Other,Munich,True,On-site
CAN14937,30-39,4,Doctorate,Frankfurt,False,Remote
CAN14938,20-29,2,Doctorate,Berlin,False,Remote
CAN14939,50+,15,Bachelor,Frankfurt,False,Remote
CAN14940,30-39,12,Master,Hamburg,False,No preference
CAN14941,50+,13,Bachelor,Other Germany,True,Remote
CAN14942,30-39,3,Bachelor,Outside Germany,False,Hybrid
CAN14943,20-29,1,Vocational training,Berlin,True,Hybrid
CAN14944,40-49,6,Bachelor,Berlin,False,Hybrid
CAN14945,30-39,1,Bachelor,Frankfurt,False,No preference
CAN14946,40-49,7,Master,Berlin,False,On-site
CAN14947,20-29,6,Vocational training,Munich,False,Hybrid
CAN14948,20-29,1,Bachelor,Frankfurt,False,Remote
CAN14949,30-39,4,Other,Frankfurt,False,Hybrid
CAN14950,20-29,0,Master,Munich,True,Hybrid
CAN14951,30-39,5,Bachelor,Cologne,False,Remote
CAN14952,40-49,6,Vocational training,Cologne,True,Hybrid
CAN14953,40-49,2,Vocational training,Other Germany,True,No preference
CAN14954,20-29,1,Vocational training,Frankfurt,False,Hybrid
CAN14955,30-39,3,Vocational training,Other Germany,True,Hybrid
CAN14956,30-39,10,Vocational training,Cologne,False,On-site
CAN14957,40-49,8,Bachelor,Berlin,False,Hybrid
CAN14958,40-49,2,Bachelor,Hamburg,False,Remote
CAN14959,30-39,7,Master,Cologne,True,On-site
CAN14960,30-39,2,Master,Hamburg,False,On-site
CAN14961,50+,13,Bachelor,Frankfurt,False,Remote
CAN14962,40-49,7,Bachelor,Outside Germany,False,Remote
CAN14963,40-49,9,Bachelor,Hamburg,True,Remote
CAN14964,20-29,1,Master,Berlin,False,Hybrid
CAN14965,40-49,4,Master,Hamburg,True,On-site
CAN14966,40-49,21,Bachelor,Berlin,False,Hybrid
CAN14967,30-39,8,Bachelor,Other Germany,False,Hybrid
CAN14968,30-39,1,Bachelor,Hamburg,False,On-site
CAN14969,40-49,12,Master,Berlin,False,Hybrid
CAN14970,40-49,8,Vocational training,Other Germany,True,Hybrid
CAN14971,40-49,6,Bachelor,Hamburg,False,Hybrid
CAN14972,50+,15,Master,Berlin,False,Hybrid
CAN14973,20-29,1,Bachelor,Hamburg,False,Hybrid
CAN14974,30-39,5,Bachelor,Munich,False,Remote
CAN14975,30-39,6,Bachelor,Hamburg,True,Hybrid
CAN14976,40-49,5,Bachelor,Other Germany,False,No preference
CAN14977,40-49,17,Vocational training,Cologne,True,Hybrid
CAN14978,20-29,4,Bachelor,Berlin,False,Hybrid
CAN14979,50+,8,Master,Hamburg,False,Remote
CAN14980,30-39,3,Vocational training,Other Germany,True,No preference
CAN14981,30-39,6,Bachelor,Other Germany,True,Remote
CAN14982,40-49,4,Vocational training,Frankfurt,False,Hybrid
CAN14983,40-49,2,Master,Berlin,False,Remote
CAN14984,50+,15,Master,Hamburg,False,Hybrid
CAN14985,40-49,5,Vocational training,Cologne,True,Hybrid
CAN14986,20-29,2,Bachelor,Munich,False,Remote
CAN14987,30-39,0,Master,Frankfurt,True,Hybrid
CAN14988,40-49,16,Bachelor,Frankfurt,True,Hybrid
CAN14989,40-49,4,Master,Hamburg,False,Hybrid
CAN14990,40-49,7,Vocational training,Other Germany,True,Remote
CAN14991,30-39,2,Bachelor,Berlin,True,Hybrid
CAN14992,30-39,2,Bachelor,Frankfurt,False,Hybrid
CAN14993,30-39,8,Vocational training,Hamburg,True,Hybrid
CAN14994,20-29,5,Vocational training,Other Germany,False,Remote
CAN14995,30-39,0,Bachelor,Outside Germany,False,Hybrid
CAN14996,20-29,2,Bachelor,Hamburg,False,Hybrid
CAN14997,50+,8,Bachelor,Frankfurt,False,Remote
CAN14998,30-39,2,Other,Other Germany,False,Remote
CAN14999,30-39,2,Other,Other Germany,False,On-site
CAN15000,40-49,3,Master,Frankfurt,True,Hybrid
CAN14404,50+,14,Bachelor,Other Germany,False,On-site
CAN10995,40-49,11,Master,Cologne,False,Hybrid
CAN03366,30-39,2,Vocational training,Cologne,False,Remote
CAN07146,40-49,5,Other,Berlin,True,On-site
CAN06854,40-49,6,Vocational training,Munich,False,No preference
CAN14559,30-39,0,Bachelor,Berlin,False,No preference
CAN05749,50+,17,Bachelor,Hamburg,False,Hybrid
CAN13474,20-29,2,Vocational training,Other Germany,False,Hybrid
CAN04748,30-39,9,Master,Other Germany,True,Hybrid
CAN00911,30-39,2,Vocational training,Hamburg,False,On-site
CAN03155,30-39,2,Bachelor,Berlin,False,Hybrid
CAN07238,20-29,10,Bachelor,Cologne,False,No preference
CAN09560,30-39,5,Other,Other Germany,True,Remote
CAN08282,20-29,1,Bachelor,Munich,False,Remote
CAN13191,30-39,0,Vocational training,Cologne,False,Hybrid
