interview_id,application_id,interview_round,scheduled_date,completed_date,interview_format,interviewer_role,score,recommendation,no_show
INT000001,APP000001,1,2025-03-27,2025-03-27,On-site,Hiring Manager,4.5,Proceed,False
INT000002,APP000002,1,2025-08-13,2025-08-13,Video,Hiring Manager,3.8,Proceed,False
INT000003,APP000005,1,2025-08-21,2025-08-21,Video,Hiring Manager,2.6,Reject,False
INT000004,APP000009,1,2024-08-19,2024-08-19,On-site,Hiring Manager,2.3,Reject,False
INT000005,APP000010,1,2025-10-03,2025-10-03,Phone,Hiring Manager,3.8,Proceed,False
INT000006,APP000012,1,2025-05-09,2025-05-09,Phone,Hiring Manager,1.8,Reject,False
INT000007,APP000012,2,2025-05-20,2025-05-20,On-site,Panel,2.0,Hold,False
INT000008,APP000020,1,2024-04-29,2024-04-29,On-site,Hiring Manager,3.3,Hold,False
INT000009,APP000021,1,2025-06-03,2025-06-03,Video,Hiring Manager,3.9,Proceed,False
INT000010,APP000024,1,2024-11-27,2024-11-27,Video,Hiring Manager,3.4,Proceed,False
INT000011,APP000025,1,2024-07-21,2024-07-21,Video,Hiring Manager,2.2,Reject,False
INT000012,APP000032,1,2025-09-07,2025-09-07,Phone,Hiring Manager,3.1,Hold,False
INT000013,APP000035,1,2024-06-02,2024-06-02,Video,Hiring Manager,4.1,Proceed,False
INT000014,APP000040,1,2024-08-08,2024-08-08,Video,Hiring Manager,2.6,Reject,False
INT000015,APP000044,1,2024-09-09,2024-09-09,On-site,Hiring Manager,3.1,Hold,False
INT000016,APP000053,1,2024-10-07,2024-10-07,Video,Hiring Manager,5.0,Proceed,False
INT000017,APP000057,1,2024-02-25,2024-02-25,On-site,Hiring Manager,3.1,Hold,False
INT000018,APP000061,1,2025-07-07,2025-07-07,Phone,Hiring Manager,3.5,Proceed,False
INT000019,APP000067,1,2025-12-14,2025-12-14,Video,Hiring Manager,4.1,Proceed,False
INT000020,APP000068,1,2025-08-26,2025-08-26,On-site,Hiring Manager,4.3,Proceed,False
INT000021,APP000068,2,2025-09-03,2025-09-03,On-site,Panel,3.8,Proceed,False
INT000022,APP000070,1,2024-09-12,2024-09-12,On-site,Hiring Manager,3.3,Hold,False
INT000023,APP000070,2,2024-09-18,2024-09-18,On-site,Panel,3.0,Hold,False
INT000024,APP000075,1,2025-06-01,2025-06-01,On-site,Hiring Manager,4.5,Proceed,False
INT000025,APP000085,1,2025-08-24,2025-08-24,Video,Hiring Manager,2.3,Reject,False
INT000026,APP000092,1,2024-12-28,2024-12-28,Video,Hiring Manager,5.0,Proceed,False
INT000027,APP000093,1,2024-08-01,2024-08-01,On-site,Hiring Manager,3.4,Proceed,False
INT000028,APP000093,2,2024-08-07,2024-08-07,Video,Panel,4.1,Proceed,False
INT000029,APP000097,1,2024-06-14,2024-06-14,Phone,Hiring Manager,1.9,Reject,False
INT000030,APP000099,1,2025-07-01,2025-07-01,Video,Hiring Manager,4.0,Proceed,False
INT000031,APP000102,1,2025-10-31,2025-10-31,On-site,Hiring Manager,4.4,Proceed,False
INT000032,APP000109,1,2024-06-12,2024-06-12,Video,Hiring Manager,2.4,Reject,False
INT000033,APP000113,1,2024-12-04,2024-12-04,Video,Hiring Manager,1.6,Reject,False
INT000034,APP000119,1,2025-10-17,2025-10-17,On-site,Hiring Manager,4.0,Proceed,False
INT000035,APP000120,1,2025-06-14,2025-06-14,On-site,Hiring Manager,3.6,Proceed,False
INT000036,APP000121,1,2025-08-17,2025-08-17,Video,Hiring Manager,4.0,Proceed,False
INT000037,APP000123,1,2025-11-02,2025-11-02,Video,Hiring Manager,3.6,Proceed,False
INT000038,APP000135,1,2025-09-22,2025-09-22,Video,Hiring Manager,3.5,Proceed,False
INT000039,APP000144,1,2025-11-22,2025-11-22,Phone,Hiring Manager,3.6,Proceed,False
INT000040,APP000145,1,2025-10-19,2025-10-19,On-site,Hiring Manager,2.1,Reject,False
INT000041,APP000146,1,2025-04-17,2025-04-17,Video,Hiring Manager,4.5,Proceed,False
INT000042,APP000150,1,2025-06-01,2025-06-01,On-site,Hiring Manager,4.7,Proceed,False
INT000043,APP000152,1,2026-01-12,2026-01-12,Video,Hiring Manager,4.7,Proceed,False
INT000044,APP000159,1,2025-07-29,2025-07-29,Video,Hiring Manager,4.1,Proceed,False
INT000045,APP000160,1,2025-01-08,2025-01-08,Video,Hiring Manager,2.9,Hold,False
INT000046,APP000163,1,2024-03-26,2024-03-26,Video,Hiring Manager,3.8,Proceed,False
INT000047,APP000163,2,2024-04-01,2024-04-01,On-site,Panel,3.7,Proceed,False
INT000048,APP000164,1,2025-08-02,2025-08-02,On-site,Hiring Manager,2.8,Hold,False
INT000049,APP000167,1,2025-05-22,2025-05-22,On-site,Hiring Manager,1.5,Reject,False
INT000050,APP000169,1,2024-11-26,2024-11-26,Video,Hiring Manager,2.8,Hold,False
INT000051,APP000170,1,2025-04-22,2025-04-22,Video,Hiring Manager,4.5,Proceed,False
INT000052,APP000173,1,2025-01-02,2025-01-02,Video,Hiring Manager,4.6,Proceed,False
INT000053,APP000177,1,2024-12-11,2024-12-11,On-site,Hiring Manager,2.2,Reject,False
INT000054,APP000177,2,2024-12-21,2024-12-21,On-site,Panel,2.7,Hold,False
INT000055,APP000180,1,2025-03-01,2025-03-01,On-site,Hiring Manager,4.4,Proceed,False
INT000056,APP000186,1,2025-08-21,2025-08-21,On-site,Hiring Manager,2.6,Reject,False
INT000057,APP000186,2,2025-08-28,2025-08-28,On-site,Panel,3.4,Proceed,False
INT000058,APP000189,1,2025-02-01,2025-02-01,Video,Hiring Manager,3.5,Proceed,False
INT000059,APP000191,1,2024-07-20,2024-07-20,Video,Hiring Manager,4.5,Proceed,False
INT000060,APP000191,2,2024-07-30,2024-07-30,On-site,Panel,4.6,Proceed,False
INT000061,APP000192,1,2025-11-07,2025-11-07,Phone,Hiring Manager,3.1,Hold,False
INT000062,APP000195,1,2024-02-24,2024-02-24,On-site,Hiring Manager,4.1,Proceed,False
INT000063,APP000199,1,2024-09-28,2024-09-28,Video,Hiring Manager,4.4,Proceed,False
INT000064,APP000213,1,2024-06-03,2024-06-03,On-site,Hiring Manager,3.9,Proceed,False
INT000065,APP000215,1,2024-03-25,2024-03-25,Video,Hiring Manager,3.3,Hold,False
INT000066,APP000225,1,2024-12-21,2024-12-21,Video,Hiring Manager,3.6,Proceed,False
INT000067,APP000226,1,2025-04-19,2025-04-19,On-site,Hiring Manager,3.1,Hold,False
INT000068,APP000227,1,2024-09-29,2024-09-29,Phone,Hiring Manager,2.8,Hold,False
INT000069,APP000230,1,2024-04-30,2024-04-30,On-site,Hiring Manager,2.5,Reject,False
INT000070,APP000231,1,2025-02-12,2025-02-12,Video,Hiring Manager,3.6,Proceed,False
INT000071,APP000234,1,2025-10-07,2025-10-07,Video,Hiring Manager,2.5,Reject,False
INT000072,APP000234,2,2025-10-12,2025-10-12,On-site,Panel,2.5,Hold,False
INT000073,APP000236,1,2025-11-02,2025-11-02,Video,Hiring Manager,4.1,Proceed,False
INT000074,APP000243,1,2024-04-02,2024-04-02,On-site,Hiring Manager,3.6,Proceed,False
INT000075,APP000249,1,2024-10-17,2024-10-17,On-site,Hiring Manager,3.5,Proceed,False
INT000076,APP000254,1,2025-06-06,2025-06-06,Video,Hiring Manager,2.9,Hold,False
INT000077,APP000258,1,2025-04-30,2025-04-30,On-site,Hiring Manager,2.6,Reject,False
INT000078,APP000262,1,2025-04-10,2025-04-10,Video,Hiring Manager,4.2,Proceed,False
INT000079,APP000262,2,2025-04-15,2025-04-15,On-site,Panel,4.5,Proceed,False
INT000080,APP000263,1,2025-12-27,2025-12-27,On-site,Hiring Manager,2.4,Reject,False
INT000081,APP000265,1,2024-12-27,2024-12-27,On-site,Hiring Manager,5.0,Proceed,False
INT000082,APP000271,1,2024-03-17,2024-03-17,Video,Hiring Manager,4.9,Proceed,False
INT000083,APP000273,1,2024-08-19,2024-08-19,Video,Hiring Manager,2.9,Hold,False
INT000084,APP000276,1,2024-10-29,2024-10-29,Phone,Hiring Manager,,Reject,False
INT000085,APP000276,2,2024-11-08,2024-11-08,On-site,Panel,2.7,Hold,False
INT000086,APP000277,1,2024-05-29,2024-05-29,Phone,Hiring Manager,4.1,Proceed,False
INT000087,APP000278,1,2024-08-24,2024-08-24,On-site,Hiring Manager,3.7,Proceed,False
INT000088,APP000278,2,2024-08-30,2024-08-30,On-site,Panel,4.5,Proceed,False
INT000089,APP000284,1,2024-04-07,2024-04-07,On-site,Hiring Manager,2.8,Hold,False
INT000090,APP000287,1,2024-09-12,2024-09-12,Video,Hiring Manager,3.6,Proceed,False
INT000091,APP000289,1,2025-06-15,2025-06-15,On-site,Hiring Manager,3.0,Hold,False
INT000092,APP000295,1,2024-05-17,2024-05-17,Video,Hiring Manager,3.9,Proceed,False
INT000093,APP000299,1,2025-10-05,2025-10-05,Video,Hiring Manager,3.9,Proceed,False
INT000094,APP000303,1,2024-10-27,2024-10-27,Phone,Hiring Manager,3.0,Hold,False
INT000095,APP000309,1,2025-08-07,2025-08-07,On-site,Hiring Manager,4.8,Proceed,False
INT000096,APP000310,1,2024-09-22,2024-09-22,Video,Hiring Manager,3.6,Proceed,False
INT000097,APP000311,1,2025-11-03,2025-11-03,On-site,Hiring Manager,2.5,Reject,False
INT000098,APP000324,1,2024-12-16,2024-12-16,Video,Hiring Manager,3.0,Hold,False
INT000099,APP000325,1,2024-10-31,2024-10-31,On-site,Hiring Manager,1.4,Reject,False
INT000100,APP000330,1,2025-02-15,2025-02-15,On-site,Hiring Manager,4.2,Proceed,False
INT000101,APP000334,1,2025-04-25,2025-04-25,Video,Hiring Manager,3.2,Hold,False
INT000102,APP000334,2,2025-05-06,2025-05-06,Video,Panel,2.8,Hold,False
INT000103,APP000338,1,2025-10-06,2025-10-06,On-site,Hiring Manager,3.5,Proceed,False
INT000104,APP000341,1,2025-01-02,2025-01-02,Video,Hiring Manager,3.2,Hold,False
INT000105,APP000349,1,2024-08-04,2024-08-04,Video,Hiring Manager,3.3,Hold,False
INT000106,APP000353,1,2025-09-06,2025-09-06,Video,Hiring Manager,3.5,Proceed,False
INT000107,APP000354,1,2025-02-05,2025-02-05,On-site,Hiring Manager,2.6,Reject,False
INT000108,APP000368,1,2025-03-14,2025-03-14,On-site,Hiring Manager,3.5,Proceed,False
INT000109,APP000373,1,2024-10-27,2024-10-27,On-site,Hiring Manager,3.9,Proceed,False
INT000110,APP000389,1,2025-03-16,2025-03-16,Video,Hiring Manager,3.3,Hold,False
INT000111,APP000399,1,2024-12-23,2024-12-23,Phone,Hiring Manager,2.5,Reject,False
INT000112,APP000410,1,2025-03-21,2025-03-21,Video,Hiring Manager,3.3,Hold,False
INT000113,APP000424,1,2024-06-25,2024-06-25,Video,Hiring Manager,2.8,Hold,False
INT000114,APP000426,1,2024-11-23,2024-11-23,Video,Hiring Manager,3.4,Proceed,False
INT000115,APP000443,1,2024-10-29,2024-10-29,Video,Hiring Manager,3.5,Proceed,False
INT000116,APP000444,1,2025-04-10,2025-04-10,Video,Hiring Manager,3.7,Proceed,False
INT000117,APP000445,1,2025-11-27,2025-11-27,Video,Hiring Manager,5.0,Proceed,False
INT000118,APP000446,1,2025-03-14,2025-03-14,Video,Hiring Manager,2.8,Hold,False
INT000119,APP000453,1,2025-10-21,2025-10-21,On-site,Hiring Manager,4.3,Proceed,False
INT000120,APP000458,1,2025-10-12,2025-10-12,Video,Hiring Manager,4.2,Proceed,False
INT000121,APP000470,1,2025-06-17,2025-06-17,On-site,Hiring Manager,2.5,Reject,False
INT000122,APP000483,1,2024-12-22,2024-12-22,Phone,Hiring Manager,3.3,Hold,False
INT000123,APP000491,1,2024-12-14,2024-12-14,Video,Hiring Manager,2.7,Reject,False
INT000124,APP000491,2,2024-12-18,2024-12-18,On-site,Panel,2.6,Hold,False
INT000125,APP000493,1,2024-09-03,2024-09-03,Phone,Hiring Manager,2.3,Reject,False
INT000126,APP000494,1,2025-11-28,2025-11-28,Video,Hiring Manager,4.2,Proceed,False
INT000127,APP000497,1,2025-01-11,2025-01-11,Phone,Hiring Manager,4.7,Proceed,False
INT000128,APP000499,1,2025-01-08,2025-01-08,Video,Hiring Manager,2.8,Hold,False
INT000129,APP000502,1,2025-04-09,2025-04-09,On-site,Hiring Manager,3.9,Proceed,False
INT000130,APP000503,1,2025-10-20,2025-10-20,On-site,Hiring Manager,2.5,Reject,False
INT000131,APP000507,1,2024-05-22,2024-05-22,Video,Hiring Manager,4.1,Proceed,False
INT000132,APP000507,2,2024-05-29,2024-05-29,On-site,Panel,4.5,Proceed,False
INT000133,APP000513,1,2024-06-11,2024-06-11,On-site,Hiring Manager,2.2,Reject,False
INT000134,APP000514,1,2025-01-21,2025-01-21,On-site,Hiring Manager,3.4,Proceed,False
INT000135,APP000524,1,2025-09-01,2025-09-01,Video,Hiring Manager,4.2,Proceed,False
INT000136,APP000529,1,2024-03-19,2024-03-19,Video,Hiring Manager,4.2,Proceed,False
INT000137,APP000530,1,2025-05-30,2025-05-30,On-site,Hiring Manager,3.1,Hold,False
INT000138,APP000540,1,2025-06-30,2025-06-30,On-site,Hiring Manager,2.8,Hold,False
INT000139,APP000548,1,2025-02-14,2025-02-14,Phone,Hiring Manager,3.3,Hold,False
INT000140,APP000548,2,2025-02-23,2025-02-23,On-site,Panel,3.3,Proceed,False
INT000141,APP000556,1,2025-04-09,2025-04-09,Video,Hiring Manager,2.9,Hold,False
INT000142,APP000556,2,2025-04-14,2025-04-14,On-site,Panel,3.5,Proceed,False
INT000143,APP000561,1,2024-03-23,2024-03-23,On-site,Hiring Manager,2.2,Reject,False
INT000144,APP000562,1,2025-04-01,2025-04-01,On-site,Hiring Manager,2.9,Hold,False
INT000145,APP000564,1,2024-11-06,2024-11-06,Video,Hiring Manager,3.5,Proceed,False
INT000146,APP000565,1,2024-09-27,2024-09-27,Phone,Hiring Manager,1.5,Reject,False
INT000147,APP000569,1,2025-10-21,2025-10-21,Video,Hiring Manager,3.3,Hold,False
INT000148,APP000571,1,2025-12-30,2025-12-30,Phone,Hiring Manager,3.9,Proceed,False
INT000149,APP000580,1,2025-02-06,2025-02-06,On-site,Hiring Manager,3.2,Hold,False
INT000150,APP000583,1,2025-01-23,2025-01-23,Video,Hiring Manager,4.7,Proceed,False
INT000151,APP000584,1,2024-07-31,2024-07-31,Video,Hiring Manager,3.2,Hold,False
INT000152,APP000585,1,2024-02-28,2024-02-28,Video,Hiring Manager,4.3,Proceed,False
INT000153,APP000587,1,2025-06-18,2025-06-18,On-site,Hiring Manager,4.4,Proceed,False
INT000154,APP000592,1,2025-06-24,2025-06-24,Video,Hiring Manager,3.9,Proceed,False
INT000155,APP000600,1,2025-08-31,2025-08-31,Video,Hiring Manager,3.3,Hold,False
INT000156,APP000603,1,2024-04-16,2024-04-16,Video,Hiring Manager,1.6,Reject,False
INT000157,APP000603,2,2024-04-27,2024-04-27,On-site,Panel,1.0,Hold,False
INT000158,APP000604,1,2024-07-16,2024-07-16,On-site,Hiring Manager,2.9,Hold,False
INT000159,APP000627,1,2024-07-07,2024-07-07,Phone,Hiring Manager,4.3,Proceed,False
INT000160,APP000629,1,2025-05-27,2025-05-27,Video,Hiring Manager,4.1,Proceed,False
INT000161,APP000639,1,2024-09-11,2024-09-11,Video,Hiring Manager,3.9,Proceed,False
INT000162,APP000639,2,2024-09-16,2024-09-16,On-site,Panel,4.0,Proceed,False
INT000163,APP000642,1,2025-06-30,2025-06-30,Video,Hiring Manager,4.0,Proceed,False
INT000164,APP000644,1,2025-04-24,2025-04-24,Video,Hiring Manager,3.4,Proceed,False
INT000165,APP000655,1,2025-09-10,2025-09-10,Video,Hiring Manager,3.0,Hold,False
INT000166,APP000657,1,2024-05-04,2024-05-04,On-site,Hiring Manager,3.9,Proceed,False
INT000167,APP000660,1,2024-05-24,2024-05-24,Video,Hiring Manager,3.7,Proceed,False
INT000168,APP000661,1,2024-12-13,2024-12-13,Video,Hiring Manager,3.7,Proceed,False
INT000169,APP000663,1,2024-03-26,2024-03-26,Video,Hiring Manager,3.0,Hold,False
INT000170,APP000671,1,2025-07-29,2025-07-29,On-site,Hiring Manager,3.8,Proceed,False
INT000171,APP000671,2,2025-08-04,2025-08-04,On-site,Panel,4.2,Proceed,False
INT000172,APP000675,1,2025-08-29,2025-08-29,Video,Hiring Manager,3.3,Hold,False
INT000173,APP000687,1,2025-12-19,2025-12-19,On-site,Hiring Manager,2.6,Reject,False
INT000174,APP000689,1,2024-09-03,2024-09-03,Video,Hiring Manager,3.8,Proceed,False
INT000175,APP000693,1,2025-11-05,2025-11-05,On-site,Hiring Manager,2.7,Reject,False
INT000176,APP000697,1,2025-03-15,2025-03-15,Video,Hiring Manager,4.4,Proceed,False
INT000177,APP000698,1,2025-09-05,2025-09-05,On-site,Hiring Manager,2.5,Reject,False
INT000178,APP000712,1,2025-12-05,2025-12-05,Video,Hiring Manager,2.9,Hold,False
INT000179,APP000712,2,2025-12-14,2025-12-14,On-site,Panel,3.4,Proceed,False
INT000180,APP000716,1,2025-02-06,2025-02-06,On-site,Hiring Manager,4.6,Proceed,False
INT000181,APP000720,1,2025-03-30,2025-03-30,Phone,Hiring Manager,4.3,Proceed,False
INT000182,APP000722,1,2025-05-01,2025-05-01,Video,Hiring Manager,3.8,Proceed,False
INT000183,APP000728,1,2025-02-06,2025-02-06,Video,Hiring Manager,3.4,Proceed,False
INT000184,APP000736,1,2024-09-25,2024-09-25,Phone,Hiring Manager,3.2,Hold,False
INT000185,APP000738,1,2025-09-04,2025-09-04,Video,Hiring Manager,4.7,Proceed,False
INT000186,APP000740,1,2025-06-10,2025-06-10,Video,Hiring Manager,5.0,Proceed,False
INT000187,APP000741,1,2025-05-28,2025-05-28,Video,Hiring Manager,2.6,Reject,False
INT000188,APP000752,1,2024-07-31,2024-07-31,Video,Hiring Manager,2.9,Hold,False
INT000189,APP000753,1,2025-11-14,2025-11-14,Video,Hiring Manager,4.3,Proceed,False
INT000190,APP000758,1,2025-04-13,2025-04-13,Video,Hiring Manager,3.6,Proceed,False
INT000191,APP000761,1,2025-10-24,2025-10-24,Video,Hiring Manager,2.5,Reject,False
INT000192,APP000763,1,2025-05-11,2025-05-11,Video,Hiring Manager,2.1,Reject,False
INT000193,APP000767,1,2025-04-04,2025-04-04,On-site,Hiring Manager,3.1,Hold,False
INT000194,APP000770,1,2025-03-04,2025-03-04,On-site,Hiring Manager,3.8,Proceed,False
INT000195,APP000773,1,2024-03-30,2024-03-30,On-site,Hiring Manager,2.9,Hold,False
INT000196,APP000782,1,2025-03-29,2025-03-29,Video,Hiring Manager,4.3,Proceed,False
INT000197,APP000787,1,2025-10-25,2025-10-25,On-site,Hiring Manager,5.0,Proceed,False
INT000198,APP000789,1,2025-07-04,2025-07-04,Video,Hiring Manager,3.9,Proceed,False
INT000199,APP000789,2,2025-07-09,2025-07-09,On-site,Panel,3.2,Hold,False
INT000200,APP000793,1,2025-04-29,2025-04-29,Video,Hiring Manager,4.5,Proceed,False
INT000201,APP000800,1,2024-10-09,2024-10-09,On-site,Hiring Manager,3.0,Hold,False
INT000202,APP000801,1,2025-07-18,2025-07-18,On-site,Hiring Manager,2.2,Reject,False
INT000203,APP000808,1,2024-05-29,2024-05-29,On-site,Hiring Manager,3.1,Hold,False
INT000204,APP000809,1,2024-05-18,2024-05-18,Video,Hiring Manager,2.9,Hold,False
INT000205,APP000814,1,2025-01-19,2025-01-19,On-site,Hiring Manager,3.5,Proceed,False
INT000206,APP000822,1,2024-09-03,2024-09-03,Phone,Hiring Manager,2.9,Hold,False
INT000207,APP000823,1,2025-02-01,2025-02-01,Video,Hiring Manager,3.5,Proceed,False
INT000208,APP000824,1,2025-05-11,2025-05-11,On-site,Hiring Manager,2.0,Reject,False
INT000209,APP000828,1,2024-12-14,2024-12-14,Video,Hiring Manager,4.7,Proceed,False
INT000210,APP000831,1,2024-05-13,2024-05-13,On-site,Hiring Manager,3.3,Hold,False
INT000211,APP000831,2,2024-05-19,2024-05-19,On-site,Panel,2.9,Hold,False
INT000212,APP000834,1,2025-04-15,2025-04-15,Video,Hiring Manager,2.9,Hold,False
INT000213,APP000841,1,2024-10-15,2024-10-15,Video,Hiring Manager,3.3,Hold,False
INT000214,APP000846,1,2025-05-23,2025-05-23,Video,Hiring Manager,4.2,Proceed,False
INT000215,APP000851,1,2024-10-28,2024-10-28,Video,Hiring Manager,2.8,Hold,False
INT000216,APP000853,1,2025-05-20,2025-05-20,Video,Hiring Manager,4.1,Proceed,False
INT000217,APP000865,1,2024-12-22,2024-12-22,Video,Hiring Manager,3.8,Proceed,False
INT000218,APP000867,1,2024-03-12,2024-03-12,Video,Hiring Manager,3.9,Proceed,False
INT000219,APP000869,1,2025-02-01,2025-02-01,Video,Hiring Manager,2.9,Hold,False
INT000220,APP000870,1,2024-05-18,2024-05-18,Video,Hiring Manager,2.7,Reject,False
INT000221,APP000873,1,2024-09-28,2024-09-28,Video,Hiring Manager,2.6,Reject,False
INT000222,APP000873,2,2024-10-06,2024-10-06,On-site,Panel,2.8,Hold,False
INT000223,APP000885,1,2024-11-01,2024-11-01,Video,Hiring Manager,3.2,Hold,False
INT000224,APP000887,1,2025-08-21,2025-08-21,Phone,Hiring Manager,3.9,Proceed,False
INT000225,APP000891,1,2025-12-03,2025-12-03,On-site,Hiring Manager,1.8,Reject,False
INT000226,APP000894,1,2025-10-15,2025-10-15,On-site,Hiring Manager,3.3,Hold,False
INT000227,APP000897,1,2024-02-16,2024-02-16,On-site,Hiring Manager,3.0,Hold,False
INT000228,APP000899,1,2025-01-30,2025-01-30,Video,Hiring Manager,3.3,Hold,False
INT000229,APP000904,1,2025-10-07,2025-10-07,Video,Hiring Manager,,Proceed,False
INT000230,APP000905,1,2024-08-25,2024-08-25,On-site,Hiring Manager,1.9,Reject,False
INT000231,APP000905,2,2024-09-02,2024-09-02,On-site,Panel,2.7,Hold,False
INT000232,APP000913,1,2025-04-26,2025-04-26,On-site,Hiring Manager,2.7,Reject,False
INT000233,APP000916,1,2024-05-25,2024-05-25,Video,Hiring Manager,4.4,Proceed,False
INT000234,APP000918,1,2025-02-17,2025-02-17,Video,Hiring Manager,3.9,Proceed,False
INT000235,APP000919,1,2024-03-30,2024-03-30,Video,Hiring Manager,3.7,Proceed,False
INT000236,APP000922,1,2025-11-19,2025-11-19,On-site,Hiring Manager,2.6,Reject,False
INT000237,APP000923,1,2025-04-04,2025-04-04,Video,Hiring Manager,3.2,Hold,False
INT000238,APP000925,1,2025-05-03,2025-05-03,Video,Hiring Manager,,Proceed,False
INT000239,APP000930,1,2025-04-15,2025-04-15,Video,Hiring Manager,3.5,Proceed,False
INT000240,APP000931,1,2025-06-14,2025-06-14,On-site,Hiring Manager,5.0,Proceed,False
INT000241,APP000934,1,2025-01-22,2025-01-22,Video,Hiring Manager,3.0,Hold,False
INT000242,APP000941,1,2024-03-14,2024-03-14,Phone,Hiring Manager,4.9,Proceed,False
INT000243,APP000946,1,2025-12-22,2025-12-22,Video,Hiring Manager,1.8,Reject,False
INT000244,APP000954,1,2024-08-29,2024-08-29,On-site,Hiring Manager,2.8,Hold,False
INT000245,APP000954,2,2024-09-03,2024-09-03,On-site,Panel,3.2,Hold,False
INT000246,APP000959,1,2025-08-15,2025-08-15,Video,Hiring Manager,5.0,Proceed,False
INT000247,APP000960,1,2025-08-16,2025-08-16,On-site,Hiring Manager,,Proceed,False
INT000248,APP000966,1,2024-04-27,2024-04-27,Video,Hiring Manager,2.3,Reject,False
INT000249,APP000967,1,2025-01-17,2025-01-17,Phone,Hiring Manager,3.7,Proceed,False
INT000250,APP000973,1,2025-10-13,2025-10-13,Video,Hiring Manager,3.6,Proceed,False
INT000251,APP000977,1,2025-03-24,2025-03-24,Phone,Hiring Manager,3.9,Proceed,False
INT000252,APP000981,1,2025-09-08,2025-09-08,Phone,Hiring Manager,4.1,Proceed,False
INT000253,APP000985,1,2025-02-06,2025-02-06,Phone,Hiring Manager,3.0,Hold,False
INT000254,APP000988,1,2025-03-03,2025-03-03,On-site,Hiring Manager,2.0,Reject,False
INT000255,APP000991,1,2025-06-30,2025-06-30,Video,Hiring Manager,3.1,Hold,False
INT000256,APP000992,1,2024-09-11,2024-09-11,On-site,Hiring Manager,4.1,Proceed,False
INT000257,APP000998,1,2025-09-18,2025-09-18,Video,Hiring Manager,2.1,Reject,False
INT000258,APP000998,2,2025-09-29,2025-09-29,On-site,Panel,3.0,Hold,False
INT000259,APP001000,1,2024-12-03,2024-12-03,Phone,Hiring Manager,3.2,Hold,False
INT000260,APP001000,2,2024-12-11,2024-12-11,On-site,Panel,4.0,Proceed,False
INT000261,APP001003,1,2024-12-03,2024-12-03,Phone,Hiring Manager,4.3,Proceed,False
INT000262,APP001003,2,2024-12-09,2024-12-09,On-site,Panel,5.0,Proceed,False
INT000263,APP001004,1,2024-12-14,2024-12-14,Video,Hiring Manager,,Hold,False
INT000264,APP001011,1,2025-12-09,2025-12-09,Video,Hiring Manager,3.4,Proceed,False
INT000265,APP001019,1,2025-08-12,2025-08-12,On-site,Hiring Manager,2.2,Reject,False
INT000266,APP001025,1,2024-11-20,2024-11-20,On-site,Hiring Manager,3.8,Proceed,False
INT000267,APP001032,1,2025-04-28,2025-04-28,Video,Hiring Manager,4.1,Proceed,False
INT000268,APP001034,1,2024-10-28,2024-10-28,Phone,Hiring Manager,2.8,Hold,False
INT000269,APP001034,2,2024-11-07,2024-11-07,On-site,Panel,2.6,Hold,False
INT000270,APP001041,1,2025-09-15,2025-09-15,Video,Hiring Manager,3.2,Hold,False
INT000271,APP001050,1,2025-02-27,2025-02-27,On-site,Hiring Manager,3.5,Proceed,False
INT000272,APP001052,1,2024-11-25,2024-11-25,On-site,Hiring Manager,3.0,Hold,False
INT000273,APP001053,1,2025-01-22,2025-01-22,Video,Hiring Manager,2.6,Reject,False
INT000274,APP001059,1,2024-12-23,2024-12-23,On-site,Hiring Manager,2.7,Reject,False
INT000275,APP001062,1,2025-11-11,2025-11-11,Video,Hiring Manager,2.6,Reject,False
INT000276,APP001062,2,2025-11-22,2025-11-22,On-site,Panel,2.6,Hold,False
INT000277,APP001063,1,2025-02-18,2025-02-18,Phone,Hiring Manager,3.7,Proceed,False
INT000278,APP001066,1,2025-01-31,2025-01-31,Video,Hiring Manager,3.2,Hold,False
INT000279,APP001066,2,2025-02-07,2025-02-07,On-site,Panel,3.9,Proceed,False
INT000280,APP001075,1,2025-10-13,2025-10-13,Video,Hiring Manager,2.3,Reject,False
INT000281,APP001082,1,2024-03-04,2024-03-04,Video,Hiring Manager,3.0,Hold,False
INT000282,APP001085,1,2024-08-31,2024-08-31,Phone,Hiring Manager,3.1,Hold,False
INT000283,APP001086,1,2024-05-17,2024-05-17,Video,Hiring Manager,3.0,Hold,False
INT000284,APP001093,1,2025-03-21,2025-03-21,Video,Hiring Manager,2.6,Reject,False
INT000285,APP001095,1,2024-02-15,2024-02-15,On-site,Hiring Manager,3.4,Proceed,False
INT000286,APP001099,1,2025-11-02,2025-11-02,Video,Hiring Manager,3.5,Proceed,False
INT000287,APP001109,1,2025-09-04,2025-09-04,Video,Hiring Manager,2.5,Reject,False
INT000288,APP001111,1,2024-12-30,2024-12-30,On-site,Hiring Manager,4.0,Proceed,False
INT000289,APP001113,1,2024-08-01,2024-08-01,Video,Hiring Manager,3.1,Hold,False
INT000290,APP001114,1,2024-05-11,2024-05-11,On-site,Hiring Manager,2.8,Hold,False
INT000291,APP001114,2,2024-05-20,2024-05-20,Video,Panel,3.4,Proceed,False
INT000292,APP001120,1,2024-09-02,2024-09-02,On-site,Hiring Manager,3.5,Proceed,False
INT000293,APP001124,1,2026-01-16,2026-01-16,Video,Hiring Manager,3.8,Proceed,False
INT000294,APP001131,1,2025-05-26,2025-05-26,Video,Hiring Manager,2.7,Reject,False
INT000295,APP001140,1,2025-03-22,2025-03-22,Video,Hiring Manager,2.8,Hold,False
INT000296,APP001143,1,2025-09-11,2025-09-11,Phone,Hiring Manager,2.6,Reject,False
INT000297,APP001146,1,2024-12-01,2024-12-01,On-site,Hiring Manager,5.0,Proceed,False
INT000298,APP001154,1,2025-07-12,2025-07-12,On-site,Hiring Manager,4.2,Proceed,False
INT000299,APP001159,1,2024-04-02,2024-04-02,Video,Hiring Manager,4.8,Proceed,False
INT000300,APP001160,1,2024-09-24,2024-09-24,Video,Hiring Manager,3.9,Proceed,False
INT000301,APP001166,1,2025-08-04,2025-08-04,Video,Hiring Manager,1.5,Reject,False
INT000302,APP001167,1,2024-03-18,2024-03-18,On-site,Hiring Manager,2.6,Reject,False
INT000303,APP001168,1,2025-10-08,2025-10-08,On-site,Hiring Manager,3.0,Hold,False
INT000304,APP001173,1,2025-09-01,2025-09-01,Video,Hiring Manager,3.5,Proceed,False
INT000305,APP001174,1,2025-03-05,2025-03-05,On-site,Hiring Manager,4.0,Proceed,False
INT000306,APP001179,1,2025-09-16,2025-09-16,Video,Hiring Manager,3.6,Proceed,False
INT000307,APP001180,1,2025-10-13,2025-10-13,On-site,Hiring Manager,3.2,Hold,False
INT000308,APP001182,1,2024-02-20,2024-02-20,Phone,Hiring Manager,4.1,Proceed,False
INT000309,APP001189,1,2024-07-09,2024-07-09,Video,Hiring Manager,3.9,Proceed,False
INT000310,APP001189,2,2024-07-18,2024-07-18,On-site,Panel,,Proceed,False
INT000311,APP001191,1,2024-11-21,2024-11-21,On-site,Hiring Manager,3.5,Proceed,False
INT000312,APP001197,1,2025-07-26,2025-07-26,On-site,Hiring Manager,2.7,Reject,False
INT000313,APP001202,1,2024-11-15,2024-11-15,On-site,Hiring Manager,3.3,Hold,False
INT000314,APP001202,2,2024-11-23,2024-11-23,Video,Panel,3.5,Proceed,False
INT000315,APP001204,1,2024-07-10,2024-07-10,Video,Hiring Manager,4.8,Proceed,False
INT000316,APP001204,2,2024-07-16,2024-07-16,Video,Panel,4.2,Proceed,False
INT000317,APP001224,1,2024-02-18,2024-02-18,On-site,Hiring Manager,3.8,Proceed,False
INT000318,APP001228,1,2025-08-31,2025-08-31,On-site,Hiring Manager,2.7,Reject,False
INT000319,APP001237,1,2024-12-21,2024-12-21,Video,Hiring Manager,3.2,Hold,False
INT000320,APP001242,1,2025-02-19,2025-02-19,Video,Hiring Manager,1.9,Reject,False
INT000321,APP001245,1,2025-10-30,2025-10-30,On-site,Hiring Manager,4.5,Proceed,False
INT000322,APP001250,1,2024-02-24,2024-02-24,Video,Hiring Manager,3.9,Proceed,False
INT000323,APP001256,1,2024-03-22,2024-03-22,Video,Hiring Manager,3.6,Proceed,False
INT000324,APP001259,1,2024-09-25,2024-09-25,Video,Hiring Manager,3.4,Proceed,False
INT000325,APP001259,2,2024-10-05,2024-10-05,Video,Panel,4.0,Proceed,False
INT000326,APP001266,1,2024-12-12,2024-12-12,Video,Hiring Manager,3.9,Proceed,False
INT000327,APP001267,1,2025-06-13,2025-06-13,On-site,Hiring Manager,3.7,Proceed,False
INT000328,APP001269,1,2024-10-27,2024-10-27,On-site,Hiring Manager,4.2,Proceed,False
INT000329,APP001270,1,2024-05-28,2024-05-28,On-site,Hiring Manager,2.7,Reject,False
INT000330,APP001272,1,2025-08-28,2025-08-28,Video,Hiring Manager,5.0,Proceed,False
INT000331,APP001273,1,2024-12-09,2024-12-09,Phone,Hiring Manager,4.6,Proceed,False
INT000332,APP001273,2,2024-12-17,2024-12-17,On-site,Panel,5.0,Proceed,False
INT000333,APP001283,1,2025-08-12,2025-08-12,Phone,Hiring Manager,3.2,Hold,False
INT000334,APP001284,1,2024-05-02,2024-05-02,Phone,Hiring Manager,2.1,Reject,False
INT000335,APP001291,1,2024-12-30,2024-12-30,Video,Hiring Manager,4.1,Proceed,False
INT000336,APP001298,1,2024-10-14,2024-10-14,Video,Hiring Manager,4.0,Proceed,False
INT000337,APP001300,1,2025-12-07,2025-12-07,Video,Hiring Manager,3.1,Hold,False
INT000338,APP001302,1,2025-05-09,2025-05-09,Video,Hiring Manager,2.9,Hold,False
INT000339,APP001311,1,2025-10-07,2025-10-07,On-site,Hiring Manager,5.0,Proceed,False
INT000340,APP001318,1,2025-01-01,2025-01-01,Video,Hiring Manager,3.5,Proceed,False
INT000341,APP001319,1,2025-04-14,2025-04-14,Video,Hiring Manager,4.0,Proceed,False
INT000342,APP001326,1,2024-04-21,2024-04-21,On-site,Hiring Manager,3.8,Proceed,False
INT000343,APP001347,1,2025-12-06,2025-12-06,Video,Hiring Manager,5.0,Proceed,False
INT000344,APP001355,1,2025-11-04,2025-11-04,Video,Hiring Manager,3.3,Hold,False
INT000345,APP001358,1,2024-11-14,2024-11-14,Video,Hiring Manager,4.3,Proceed,False
INT000346,APP001372,1,2024-04-20,2024-04-20,Video,Hiring Manager,4.3,Proceed,False
INT000347,APP001372,2,2024-04-26,2024-04-26,On-site,Panel,3.7,Proceed,False
INT000348,APP001373,1,2025-01-21,2025-01-21,Phone,Hiring Manager,4.4,Proceed,False
INT000349,APP001374,1,2025-03-04,2025-03-04,Video,Hiring Manager,4.1,Proceed,False
INT000350,APP001378,1,2024-08-21,2024-08-21,On-site,Hiring Manager,3.3,Hold,False
INT000351,APP001382,1,2025-05-24,2025-05-24,Video,Hiring Manager,4.1,Proceed,False
INT000352,APP001408,1,2024-05-20,2024-05-20,Phone,Hiring Manager,4.8,Proceed,False
INT000353,APP001411,1,2025-05-30,2025-05-30,Video,Hiring Manager,4.1,Proceed,False
INT000354,APP001411,2,2025-06-07,2025-06-07,Video,Panel,4.1,Proceed,False
INT000355,APP001415,1,2025-04-21,2025-04-21,Video,Hiring Manager,3.7,Proceed,False
INT000356,APP001416,1,2025-12-06,2025-12-06,Video,Hiring Manager,2.6,Reject,False
INT000357,APP001417,1,2024-11-23,2024-11-23,On-site,Hiring Manager,2.7,Reject,False
INT000358,APP001420,1,2025-06-27,2025-06-27,Video,Hiring Manager,2.8,Hold,False
INT000359,APP001425,1,2025-10-14,2025-10-14,Phone,Hiring Manager,1.9,Reject,False
INT000360,APP001433,1,2025-03-29,2025-03-29,Video,Hiring Manager,3.0,Hold,False
INT000361,APP001434,1,2025-08-11,2025-08-11,Video,Hiring Manager,5.0,Proceed,False
INT000362,APP001442,1,2025-09-30,2025-09-30,Video,Hiring Manager,4.8,Proceed,False
INT000363,APP001443,1,2024-08-24,2024-08-24,On-site,Hiring Manager,3.9,Proceed,False
INT000364,APP001444,1,2024-10-27,2024-10-27,Video,Hiring Manager,2.2,Reject,False
INT000365,APP001445,1,2024-11-24,2024-11-24,Video,Hiring Manager,3.3,Hold,False
INT000366,APP001447,1,2024-11-02,2024-11-02,On-site,Hiring Manager,3.7,Proceed,False
INT000367,APP001449,1,2024-04-24,2024-04-24,On-site,Hiring Manager,2.4,Reject,False
INT000368,APP001453,1,2024-08-25,2024-08-25,On-site,Hiring Manager,2.5,Reject,False
INT000369,APP001455,1,2024-10-19,2024-10-19,Video,Hiring Manager,3.6,Proceed,False
INT000370,APP001455,2,2024-10-26,2024-10-26,On-site,Panel,4.4,Proceed,False
INT000371,APP001458,1,2024-11-19,2024-11-19,Phone,Hiring Manager,3.4,Proceed,False
INT000372,APP001459,1,2025-06-18,2025-06-18,Video,Hiring Manager,2.8,Hold,False
INT000373,APP001462,1,2024-05-05,2024-05-05,On-site,Hiring Manager,4.6,Proceed,False
INT000374,APP001464,1,2025-01-16,2025-01-16,Phone,Hiring Manager,3.8,Proceed,False
INT000375,APP001468,1,2024-10-05,2024-10-05,Phone,Hiring Manager,2.9,Hold,False
INT000376,APP001469,1,2025-04-17,2025-04-17,On-site,Hiring Manager,3.4,Proceed,False
INT000377,APP001469,2,2025-04-26,2025-04-26,On-site,Panel,3.1,Hold,False
INT000378,APP001471,1,2025-12-20,2025-12-20,Video,Hiring Manager,3.9,Proceed,False
INT000379,APP001471,2,2025-12-25,2025-12-25,On-site,Panel,3.7,Proceed,False
INT000380,APP001476,1,2025-02-08,2025-02-08,Video,Hiring Manager,3.8,Proceed,False
INT000381,APP001491,1,2025-12-19,2025-12-19,Video,Hiring Manager,3.8,Proceed,False
INT000382,APP001492,1,2025-02-06,2025-02-06,On-site,Hiring Manager,2.4,Reject,False
INT000383,APP001493,1,2025-08-23,2025-08-23,Video,Hiring Manager,4.9,Proceed,False
INT000384,APP001499,1,2025-12-14,2025-12-14,Video,Hiring Manager,4.4,Proceed,False
INT000385,APP001504,1,2025-05-21,2025-05-21,Video,Hiring Manager,4.8,Proceed,False
INT000386,APP001511,1,2024-10-24,2024-10-24,Video,Hiring Manager,2.5,Reject,False
INT000387,APP001511,2,2024-11-04,2024-11-04,On-site,Panel,2.7,Hold,False
INT000388,APP001523,1,2025-01-02,2025-01-02,Video,Hiring Manager,2.7,Reject,False
INT000389,APP001535,1,2025-01-19,2025-01-19,Video,Hiring Manager,3.9,Proceed,False
INT000390,APP001536,1,2025-07-19,2025-07-19,Video,Hiring Manager,3.0,Hold,False
INT000391,APP001536,2,2025-07-28,2025-07-28,On-site,Panel,2.4,Hold,False
INT000392,APP001537,1,2025-03-21,2025-03-21,Phone,Hiring Manager,3.2,Hold,False
INT000393,APP001538,1,2025-11-29,2025-11-29,Video,Hiring Manager,2.4,Reject,False
INT000394,APP001540,1,2025-05-27,2025-05-27,On-site,Hiring Manager,4.7,Proceed,False
INT000395,APP001545,1,2025-02-13,2025-02-13,Video,Hiring Manager,2.9,Hold,False
INT000396,APP001547,1,2025-10-04,2025-10-04,On-site,Hiring Manager,,Proceed,False
INT000397,APP001554,1,2025-04-15,2025-04-15,Video,Hiring Manager,3.1,Hold,False
INT000398,APP001554,2,2025-04-24,2025-04-24,On-site,Panel,3.2,Hold,False
INT000399,APP001560,1,2024-04-09,2024-04-09,Video,Hiring Manager,3.7,Proceed,False
INT000400,APP001561,1,2025-09-24,2025-09-24,Phone,Hiring Manager,3.4,Proceed,False
INT000401,APP001563,1,2025-06-02,2025-06-02,Video,Hiring Manager,3.6,Proceed,False
INT000402,APP001565,1,2025-04-16,2025-04-16,Phone,Hiring Manager,3.5,Proceed,False
INT000403,APP001566,1,2024-03-22,2024-03-22,Video,Hiring Manager,3.9,Proceed,False
INT000404,APP001569,1,2024-03-25,2024-03-25,Video,Hiring Manager,3.1,Hold,False
INT000405,APP001571,1,2025-05-24,2025-05-24,Video,Hiring Manager,1.8,Reject,False
INT000406,APP001573,1,2024-09-26,2024-09-26,Video,Hiring Manager,4.5,Proceed,False
INT000407,APP001575,1,2025-02-08,2025-02-08,On-site,Hiring Manager,4.1,Proceed,False
INT000408,APP001575,2,2025-02-12,2025-02-12,On-site,Panel,3.7,Proceed,False
INT000409,APP001576,1,2024-07-22,2024-07-22,Video,Hiring Manager,1.7,Reject,False
INT000410,APP001579,1,2025-11-09,2025-11-09,Video,Hiring Manager,3.8,Proceed,False
INT000411,APP001580,1,2024-10-29,2024-10-29,On-site,Hiring Manager,3.1,Hold,False
INT000412,APP001592,1,2025-02-17,2025-02-17,Phone,Hiring Manager,3.1,Hold,False
INT000413,APP001599,1,2025-03-26,2025-03-26,Video,Hiring Manager,3.0,Hold,False
INT000414,APP001606,1,2024-09-12,2024-09-12,On-site,Hiring Manager,3.1,Hold,False
INT000415,APP001610,1,2025-08-16,2025-08-16,Video,Hiring Manager,2.3,Reject,False
INT000416,APP001616,1,2025-03-26,2025-03-26,Video,Hiring Manager,2.6,Reject,False
INT000417,APP001618,1,2024-10-07,2024-10-07,On-site,Hiring Manager,3.6,Proceed,False
INT000418,APP001621,1,2024-08-09,2024-08-09,Video,Hiring Manager,4.4,Proceed,False
INT000419,APP001623,1,2024-07-26,2024-07-26,Phone,Hiring Manager,3.4,Proceed,False
INT000420,APP001623,2,2024-08-03,2024-08-03,Video,Panel,3.4,Proceed,False
INT000421,APP001624,1,2025-03-07,2025-03-07,Phone,Hiring Manager,4.8,Proceed,False
INT000422,APP001639,1,2025-04-14,2025-04-14,Video,Hiring Manager,5.0,Proceed,False
INT000423,APP001643,1,2025-04-07,2025-04-07,On-site,Hiring Manager,3.9,Proceed,False
INT000424,APP001655,1,2024-07-30,2024-07-30,On-site,Hiring Manager,4.5,Proceed,False
INT000425,APP001658,1,2024-12-11,2024-12-11,Video,Hiring Manager,3.2,Hold,False
INT000426,APP001659,1,2025-10-07,2025-10-07,Phone,Hiring Manager,2.6,Reject,False
INT000427,APP001660,1,2024-07-20,2024-07-20,Video,Hiring Manager,2.8,Hold,False
INT000428,APP001660,2,2024-07-29,2024-07-29,Video,Panel,2.9,Hold,False
INT000429,APP001661,1,2025-09-04,2025-09-04,Phone,Hiring Manager,3.2,Hold,False
INT000430,APP001668,1,2025-01-09,2025-01-09,Video,Hiring Manager,3.4,Proceed,False
INT000431,APP001672,1,2025-11-24,2025-11-24,On-site,Hiring Manager,3.3,Hold,False
INT000432,APP001674,1,2025-02-15,2025-02-15,Video,Hiring Manager,2.6,Reject,False
INT000433,APP001689,1,2024-04-15,2024-04-15,Video,Hiring Manager,3.3,Hold,False
INT000434,APP001690,1,2024-05-14,2024-05-14,On-site,Hiring Manager,3.6,Proceed,False
INT000435,APP001693,1,2024-10-29,2024-10-29,Video,Hiring Manager,3.6,Proceed,False
INT000436,APP001694,1,2024-12-09,2024-12-09,Video,Hiring Manager,4.9,Proceed,False
INT000437,APP001705,1,2025-06-02,2025-06-02,Video,Hiring Manager,1.8,Reject,False
INT000438,APP001708,1,2024-11-06,2024-11-06,Video,Hiring Manager,4.2,Proceed,False
INT000439,APP001711,1,2025-09-17,2025-09-17,Video,Hiring Manager,4.3,Proceed,False
INT000440,APP001712,1,2025-07-09,2025-07-09,On-site,Hiring Manager,3.4,Proceed,False
INT000441,APP001714,1,2025-06-01,2025-06-01,Video,Hiring Manager,3.7,Proceed,False
INT000442,APP001717,1,2025-04-05,2025-04-05,Phone,Hiring Manager,3.3,Hold,False
INT000443,APP001719,1,2025-10-18,2025-10-18,On-site,Hiring Manager,1.6,Reject,False
INT000444,APP001720,1,2025-12-08,2025-12-08,Video,Hiring Manager,3.4,Proceed,False
INT000445,APP001721,1,2024-04-13,2024-04-13,Video,Hiring Manager,4.4,Proceed,False
INT000446,APP001723,1,2025-04-26,2025-04-26,On-site,Hiring Manager,2.5,Reject,False
INT000447,APP001723,2,2025-05-04,2025-05-04,On-site,Panel,3.5,Proceed,False
INT000448,APP001727,1,2025-08-05,2025-08-05,Video,Hiring Manager,1.6,Reject,False
INT000449,APP001745,1,2025-06-26,2025-06-26,Phone,Hiring Manager,3.1,Hold,False
INT000450,APP001745,2,2025-07-04,2025-07-04,Video,Panel,3.1,Hold,False
INT000451,APP001747,1,2025-12-29,2025-12-29,Video,Hiring Manager,2.1,Reject,False
INT000452,APP001757,1,2024-08-06,2024-08-06,Video,Hiring Manager,3.4,Proceed,False
INT000453,APP001758,1,2025-08-31,2025-08-31,Video,Hiring Manager,4.2,Proceed,False
INT000454,APP001761,1,2025-01-04,2025-01-04,On-site,Hiring Manager,3.9,Proceed,False
INT000455,APP001774,1,2025-11-08,2025-11-08,Phone,Hiring Manager,3.1,Hold,False
INT000456,APP001774,2,2025-11-18,2025-11-18,On-site,Panel,3.5,Proceed,False
INT000457,APP001778,1,2025-11-16,2025-11-16,Video,Hiring Manager,3.7,Proceed,False
INT000458,APP001780,1,2024-05-29,2024-05-29,On-site,Hiring Manager,4.0,Proceed,False
INT000459,APP001784,1,2025-02-22,2025-02-22,Video,Hiring Manager,4.8,Proceed,False
INT000460,APP001785,1,2024-02-27,2024-02-27,Phone,Hiring Manager,3.9,Proceed,False
INT000461,APP001793,1,2025-01-02,2025-01-02,On-site,Hiring Manager,2.5,Reject,False
INT000462,APP001800,1,2024-12-26,2024-12-26,On-site,Hiring Manager,3.3,Hold,False
INT000463,APP001801,1,2025-11-21,2025-11-21,Video,Hiring Manager,3.3,Hold,False
INT000464,APP001802,1,2024-11-11,2024-11-11,Video,Hiring Manager,3.5,Proceed,False
INT000465,APP001806,1,2024-03-14,2024-03-14,Video,Hiring Manager,3.3,Hold,False
INT000466,APP001808,1,2025-08-14,2025-08-14,On-site,Hiring Manager,2.0,Reject,False
INT000467,APP001812,1,2025-06-04,2025-06-04,Phone,Hiring Manager,2.5,Reject,False
INT000468,APP001817,1,2025-09-28,2025-09-28,On-site,Hiring Manager,3.5,Proceed,False
INT000469,APP001819,1,2024-08-11,2024-08-11,Video,Hiring Manager,3.7,Proceed,False
INT000470,APP001819,2,2024-08-17,2024-08-17,On-site,Panel,5.0,Proceed,False
INT000471,APP001820,1,2025-09-23,2025-09-23,Video,Hiring Manager,4.4,Proceed,False
INT000472,APP001827,1,2024-09-07,2024-09-07,Video,Hiring Manager,2.6,Reject,False
INT000473,APP001831,1,2024-02-07,2024-02-07,Video,Hiring Manager,4.0,Proceed,False
INT000474,APP001835,1,2024-11-12,2024-11-12,Video,Hiring Manager,3.6,Proceed,False
INT000475,APP001835,2,2024-11-17,2024-11-17,On-site,Panel,3.2,Hold,False
INT000476,APP001838,1,2024-05-11,2024-05-11,Video,Hiring Manager,3.5,Proceed,False
INT000477,APP001840,1,2025-06-03,2025-06-03,On-site,Hiring Manager,2.2,Reject,False
INT000478,APP001847,1,2025-10-03,2025-10-03,Video,Hiring Manager,3.1,Hold,False
INT000479,APP001852,1,2024-04-03,2024-04-03,Phone,Hiring Manager,4.3,Proceed,False
INT000480,APP001853,1,2024-08-28,2024-08-28,Video,Hiring Manager,2.8,Hold,False
INT000481,APP001857,1,2025-07-25,2025-07-25,Video,Hiring Manager,1.0,Reject,False
INT000482,APP001859,1,2024-06-28,2024-06-28,On-site,Hiring Manager,4.1,Proceed,False
INT000483,APP001863,1,2025-03-24,2025-03-24,Video,Hiring Manager,4.1,Proceed,False
INT000484,APP001863,2,2025-03-30,2025-03-30,On-site,Panel,4.4,Proceed,False
INT000485,APP001866,1,2024-09-17,2024-09-17,Video,Hiring Manager,2.6,Reject,False
INT000486,APP001868,1,2025-02-05,2025-02-05,Video,Hiring Manager,3.8,Proceed,False
INT000487,APP001869,1,2025-04-28,2025-04-28,Phone,Hiring Manager,4.7,Proceed,False
INT000488,APP001876,1,2025-03-30,2025-03-30,Video,Hiring Manager,3.6,Proceed,False
INT000489,APP001880,1,2024-11-24,2024-11-24,Video,Hiring Manager,2.7,Reject,False
INT000490,APP001887,1,2025-05-20,2025-05-20,Video,Hiring Manager,4.3,Proceed,False
INT000491,APP001895,1,2024-06-25,2024-06-25,On-site,Hiring Manager,3.5,Proceed,False
INT000492,APP001896,1,2025-01-11,2025-01-11,Phone,Hiring Manager,4.4,Proceed,False
INT000493,APP001902,1,2024-07-03,2024-07-03,Video,Hiring Manager,3.0,Hold,False
INT000494,APP001903,1,2024-11-04,2024-11-04,On-site,Hiring Manager,3.1,Hold,False
INT000495,APP001909,1,2025-11-26,2025-11-26,On-site,Hiring Manager,4.0,Proceed,False
INT000496,APP001912,1,2025-10-10,2025-10-10,Phone,Hiring Manager,3.1,Hold,False
INT000497,APP001913,1,2025-11-03,2025-11-03,Phone,Hiring Manager,3.7,Proceed,False
INT000498,APP001913,2,2025-11-13,2025-11-13,On-site,Panel,4.0,Proceed,False
INT000499,APP001916,1,2024-08-30,2024-08-30,Video,Hiring Manager,2.9,Hold,False
INT000500,APP001917,1,2025-07-14,2025-07-14,Phone,Hiring Manager,3.2,Hold,False
INT000501,APP001921,1,2025-02-10,2025-02-10,On-site,Hiring Manager,3.6,Proceed,False
INT000502,APP001927,1,2024-04-14,2024-04-14,Video,Hiring Manager,2.8,Hold,False
INT000503,APP001928,1,2025-06-04,2025-06-04,Video,Hiring Manager,2.8,Hold,False
INT000504,APP001931,1,2025-12-26,2025-12-26,On-site,Hiring Manager,1.7,Reject,False
INT000505,APP001934,1,2025-09-03,2025-09-03,Video,Hiring Manager,2.5,Reject,False
INT000506,APP001937,1,2025-07-29,2025-07-29,Video,Hiring Manager,2.1,Reject,False
INT000507,APP001940,1,2025-07-19,2025-07-19,Phone,Hiring Manager,4.8,Proceed,False
INT000508,APP001945,1,2025-10-28,2025-10-28,Video,Hiring Manager,4.2,Proceed,False
INT000509,APP001952,1,2025-08-17,2025-08-17,Phone,Hiring Manager,3.1,Hold,False
INT000510,APP001953,1,2025-12-23,2025-12-23,On-site,Hiring Manager,2.2,Reject,False
INT000511,APP001960,1,2025-12-30,2025-12-30,Video,Hiring Manager,2.4,Reject,False
INT000512,APP001963,1,2025-09-17,2025-09-17,On-site,Hiring Manager,4.4,Proceed,False
INT000513,APP001973,1,2024-10-17,2024-10-17,Video,Hiring Manager,2.5,Reject,False
INT000514,APP001977,1,2024-11-30,2024-11-30,On-site,Hiring Manager,3.5,Proceed,False
INT000515,APP001988,1,2024-11-21,2024-11-21,Phone,Hiring Manager,2.9,Hold,False
INT000516,APP001989,1,2024-04-19,2024-04-19,Video,Hiring Manager,3.1,Hold,False
INT000517,APP001989,2,2024-04-26,2024-04-26,On-site,Panel,2.9,Hold,False
INT000518,APP001990,1,2025-05-12,2025-05-12,Video,Hiring Manager,3.6,Proceed,False
INT000519,APP001992,1,2025-07-21,2025-07-21,On-site,Hiring Manager,4.9,Proceed,False
INT000520,APP001993,1,2024-09-18,2024-09-18,On-site,Hiring Manager,2.2,Reject,False
INT000521,APP002001,1,2025-07-29,2025-07-29,Phone,Hiring Manager,2.3,Reject,False
INT000522,APP002007,1,2025-01-01,2025-01-01,Video,Hiring Manager,1.0,Reject,False
INT000523,APP002009,1,2025-01-14,2025-01-14,On-site,Hiring Manager,1.7,Reject,False
INT000524,APP002013,1,2024-03-04,2024-03-04,Video,Hiring Manager,3.5,Proceed,False
INT000525,APP002014,1,2024-02-15,2024-02-15,Video,Hiring Manager,2.7,Reject,False
INT000526,APP002014,2,2024-02-24,2024-02-24,On-site,Panel,2.6,Hold,False
INT000527,APP002017,1,2024-03-29,2024-03-29,Video,Hiring Manager,4.5,Proceed,False
INT000528,APP002017,2,2024-04-07,2024-04-07,On-site,Panel,3.9,Proceed,False
INT000529,APP002019,1,2025-08-06,2025-08-06,Video,Hiring Manager,1.7,Reject,False
INT000530,APP002027,1,2024-05-30,2024-05-30,On-site,Hiring Manager,3.2,Hold,False
INT000531,APP002030,1,2024-04-26,2024-04-26,Video,Hiring Manager,3.8,Proceed,False
INT000532,APP002032,1,2024-08-11,2024-08-11,On-site,Hiring Manager,3.1,Hold,False
INT000533,APP002033,1,2025-02-03,2025-02-03,Video,Hiring Manager,4.8,Proceed,False
INT000534,APP002034,1,2025-09-27,2025-09-27,Video,Hiring Manager,3.4,Proceed,False
INT000535,APP002045,1,2025-08-03,2025-07-21,Video,Hiring Manager,3.0,Hold,False
INT000536,APP002053,1,2025-07-18,2025-07-18,Video,Hiring Manager,4.0,Proceed,False
INT000537,APP002054,1,2024-04-08,2024-04-08,Video,Hiring Manager,2.2,Reject,False
INT000538,APP002058,1,2025-12-28,2025-12-28,Video,Hiring Manager,3.6,Proceed,False
INT000539,APP002059,1,2025-01-28,2025-01-28,Video,Hiring Manager,2.5,Reject,False
INT000540,APP002060,1,2025-02-17,2025-02-17,Video,Hiring Manager,3.3,Hold,False
INT000541,APP002061,1,2024-04-08,2024-04-08,Video,Hiring Manager,2.3,Reject,False
INT000542,APP002063,1,2025-06-06,2025-06-06,Video,Hiring Manager,3.2,Hold,False
INT000543,APP002064,1,2024-09-24,2024-09-24,On-site,Hiring Manager,4.0,Proceed,False
INT000544,APP002066,1,2025-10-27,2025-10-27,Video,Hiring Manager,3.4,Proceed,False
INT000545,APP002067,1,2024-02-22,2024-02-22,Video,Hiring Manager,3.1,Hold,False
INT000546,APP002076,1,2024-12-23,2024-12-23,On-site,Hiring Manager,3.7,Proceed,False
INT000547,APP002076,2,2024-12-27,2024-12-27,On-site,Panel,3.4,Proceed,False
INT000548,APP002078,1,2025-04-26,2025-04-26,On-site,Hiring Manager,2.8,Hold,False
INT000549,APP002080,1,2025-08-15,2025-08-15,Video,Hiring Manager,3.7,Proceed,False
INT000550,APP002083,1,2024-03-12,2024-03-12,Video,Hiring Manager,1.9,Reject,False
INT000551,APP002085,1,2025-03-09,2025-03-09,Phone,Hiring Manager,3.9,Proceed,False
INT000552,APP002085,2,2025-03-14,2025-03-14,On-site,Panel,3.8,Proceed,False
INT000553,APP002087,1,2025-07-23,2025-07-23,Phone,Hiring Manager,3.3,Hold,False
INT000554,APP002093,1,2024-11-19,2024-11-19,Video,Hiring Manager,2.7,Reject,False
INT000555,APP002096,1,2025-04-17,2025-04-17,Video,Hiring Manager,3.3,Hold,False
INT000556,APP002098,1,2024-10-07,2024-10-07,Video,Hiring Manager,3.1,Hold,False
INT000557,APP002105,1,2025-09-12,2025-09-12,On-site,Hiring Manager,4.1,Proceed,False
INT000558,APP002105,2,2025-09-23,2025-09-23,On-site,Panel,4.2,Proceed,False
INT000559,APP002111,1,2025-10-08,2025-10-08,Video,Hiring Manager,4.0,Proceed,False
INT000560,APP002115,1,2025-11-11,2025-11-11,Video,Hiring Manager,2.8,Hold,False
INT000561,APP002117,1,2025-04-30,2025-04-30,Video,Hiring Manager,3.4,Proceed,False
INT000562,APP002117,2,2025-05-06,2025-05-06,On-site,Panel,3.1,Hold,False
INT000563,APP002122,1,2024-08-06,2024-08-06,On-site,Hiring Manager,3.8,Proceed,False
INT000564,APP002136,1,2025-06-18,2025-06-18,Video,Hiring Manager,3.9,Proceed,False
INT000565,APP002137,1,2025-01-26,2025-01-26,On-site,Hiring Manager,3.0,Hold,False
INT000566,APP002139,1,2025-02-08,2025-02-08,On-site,Hiring Manager,2.5,Reject,False
INT000567,APP002140,1,2025-08-24,2025-08-24,Video,Hiring Manager,4.1,Proceed,False
INT000568,APP002145,1,2024-10-23,2024-10-23,Video,Hiring Manager,3.7,Proceed,False
INT000569,APP002146,1,2025-01-09,2025-01-09,Video,Hiring Manager,4.8,Proceed,False
INT000570,APP002148,1,2025-09-30,2025-09-30,Phone,Hiring Manager,2.9,Hold,False
INT000571,APP002161,1,2024-08-22,2024-08-22,Video,Hiring Manager,3.7,Proceed,False
INT000572,APP002165,1,2025-05-26,2025-05-26,Video,Hiring Manager,4.3,Proceed,False
INT000573,APP002167,1,2025-09-13,2025-09-13,On-site,Hiring Manager,3.4,Proceed,False
INT000574,APP002169,1,2024-12-16,2024-12-16,Video,Hiring Manager,3.0,Hold,False
INT000575,APP002171,1,2025-07-15,2025-07-15,Video,Hiring Manager,3.8,Proceed,False
INT000576,APP002173,1,2025-01-21,2025-01-21,On-site,Hiring Manager,4.7,Proceed,False
INT000577,APP002174,1,2024-02-18,2024-02-18,Video,Hiring Manager,3.3,Hold,False
INT000578,APP002178,1,2024-09-13,2024-09-13,Video,Hiring Manager,4.1,Proceed,False
INT000579,APP002179,1,2024-04-29,2024-04-29,Video,Hiring Manager,2.4,Reject,False
INT000580,APP002182,1,2024-06-19,2024-06-19,Video,Hiring Manager,2.8,Hold,False
INT000581,APP002183,1,2024-04-06,2024-04-06,Video,Hiring Manager,3.3,Hold,False
INT000582,APP002185,1,2025-02-17,2025-02-17,Video,Hiring Manager,3.9,Proceed,False
INT000583,APP002187,1,2024-12-14,2024-12-14,Video,Hiring Manager,3.5,Proceed,False
INT000584,APP002189,1,2024-10-28,2024-10-28,Video,Hiring Manager,4.6,Proceed,False
INT000585,APP002190,1,2025-09-24,2025-09-24,On-site,Hiring Manager,,Reject,False
INT000586,APP002194,1,2024-02-13,2024-02-13,On-site,Hiring Manager,1.4,Reject,False
INT000587,APP002201,1,2025-03-30,2025-03-30,On-site,Hiring Manager,3.7,Proceed,False
INT000588,APP002201,2,2025-04-06,2025-04-06,On-site,Panel,3.8,Proceed,False
INT000589,APP002207,1,2025-02-15,2025-02-15,Video,Hiring Manager,2.2,Reject,False
INT000590,APP002220,1,2025-04-10,2025-04-10,Phone,Hiring Manager,2.5,Reject,False
INT000591,APP002220,2,2025-04-20,2025-04-20,On-site,Panel,3.0,Hold,False
INT000592,APP002223,1,2025-09-16,2025-09-16,Video,Hiring Manager,4.5,Proceed,False
INT000593,APP002228,1,2024-07-17,2024-07-17,Video,Hiring Manager,4.6,Proceed,False
INT000594,APP002231,1,2025-11-15,2025-11-15,On-site,Hiring Manager,4.3,Proceed,False
INT000595,APP002232,1,2025-04-08,2025-04-08,Video,Hiring Manager,4.2,Proceed,False
INT000596,APP002233,1,2025-04-15,2025-04-15,Phone,Hiring Manager,4.7,Proceed,False
INT000597,APP002236,1,2024-04-01,2024-04-01,Phone,Hiring Manager,2.5,Reject,False
INT000598,APP002240,1,2025-08-02,2025-08-02,Phone,Hiring Manager,3.6,Proceed,False
INT000599,APP002244,1,2025-04-23,2025-04-23,On-site,Hiring Manager,2.6,Reject,False
INT000600,APP002248,1,2024-12-16,2024-12-16,Phone,Hiring Manager,3.0,Hold,False
INT000601,APP002257,1,2025-04-15,2025-04-15,Video,Hiring Manager,2.9,Hold,False
INT000602,APP002261,1,2025-03-13,2025-03-13,Video,Hiring Manager,2.8,Hold,False
INT000603,APP002261,2,2025-03-18,2025-03-18,On-site,Panel,2.7,Hold,False
INT000604,APP002264,1,2024-12-19,2024-12-19,Video,Hiring Manager,3.0,Hold,False
INT000605,APP002275,1,2025-07-12,2025-07-12,Video,Hiring Manager,2.8,Hold,False
INT000606,APP002281,1,2025-06-09,2025-06-09,Video,Hiring Manager,3.4,Proceed,False
INT000607,APP002289,1,2024-12-24,2024-12-24,Video,Hiring Manager,4.2,Proceed,False
INT000608,APP002294,1,2025-02-14,2025-02-14,On-site,Hiring Manager,4.6,Proceed,False
INT000609,APP002297,1,2024-07-02,2024-07-02,Phone,Hiring Manager,3.4,Proceed,False
INT000610,APP002300,1,2025-04-22,2025-04-22,Video,Hiring Manager,5.0,Proceed,False
INT000611,APP002304,1,2024-12-07,2024-12-07,On-site,Hiring Manager,4.1,Proceed,False
INT000612,APP002309,1,2024-05-05,2024-05-05,On-site,Hiring Manager,1.8,Reject,False
INT000613,APP002311,1,2024-05-22,2024-05-22,Video,Hiring Manager,4.0,Proceed,False
INT000614,APP002316,1,2024-07-10,2024-07-10,Video,Hiring Manager,3.9,Proceed,False
INT000615,APP002322,1,2025-05-07,2025-05-07,Video,Hiring Manager,1.8,Reject,False
INT000616,APP002325,1,2025-01-06,2025-01-06,Video,Hiring Manager,,Proceed,False
INT000617,APP002329,1,2025-11-06,2025-11-06,Video,Hiring Manager,2.6,Reject,False
INT000618,APP002332,1,2025-02-11,2025-02-11,Video,Hiring Manager,3.9,Proceed,False
INT000619,APP002333,1,2024-08-09,2024-08-09,On-site,Hiring Manager,3.1,Hold,False
INT000620,APP002344,1,2025-06-18,2025-06-18,Video,Hiring Manager,4.6,Proceed,False
INT000621,APP002346,1,2024-09-11,2024-09-11,Video,Hiring Manager,4.2,Proceed,False
INT000622,APP002347,1,2025-09-21,2025-09-21,Video,Hiring Manager,4.5,Proceed,False
INT000623,APP002353,1,2025-12-05,2025-12-05,Video,Hiring Manager,3.0,Hold,False
INT000624,APP002355,1,2024-04-07,2024-04-07,Video,Hiring Manager,2.2,Reject,False
INT000625,APP002359,1,2025-02-07,2025-02-07,Video,Hiring Manager,4.2,Proceed,False
INT000626,APP002360,1,2025-08-14,2025-08-14,On-site,Hiring Manager,3.4,Proceed,False
INT000627,APP002361,1,2025-01-22,2025-01-22,Video,Hiring Manager,3.7,Proceed,False
INT000628,APP002361,2,2025-01-29,2025-01-29,On-site,Panel,3.6,Proceed,False
INT000629,APP002363,1,2024-05-26,2024-05-26,Video,Hiring Manager,2.9,Hold,False
INT000630,APP002370,1,2025-08-01,2025-08-01,Video,Hiring Manager,3.5,Proceed,False
INT000631,APP002371,1,2025-06-11,2025-06-11,On-site,Hiring Manager,4.4,Proceed,False
INT000632,APP002382,1,2025-09-08,2025-09-08,Video,Hiring Manager,3.8,Proceed,False
INT000633,APP002382,2,2025-09-17,2025-09-17,On-site,Panel,4.2,Proceed,False
INT000634,APP002388,1,2025-09-29,2025-09-29,Video,Hiring Manager,2.1,Reject,False
INT000635,APP002398,1,2024-10-16,2024-10-16,Video,Hiring Manager,3.6,Proceed,False
INT000636,APP002402,1,2025-03-18,2025-03-18,Phone,Hiring Manager,5.0,Proceed,False
INT000637,APP002405,1,2025-05-14,2025-05-14,Video,Hiring Manager,4.4,Proceed,False
INT000638,APP002408,1,2025-08-09,2025-08-09,On-site,Hiring Manager,4.4,Proceed,False
INT000639,APP002408,2,2025-08-17,2025-08-17,On-site,Panel,4.0,Proceed,False
INT000640,APP002409,1,2024-10-03,2024-10-03,On-site,Hiring Manager,3.7,Proceed,False
INT000641,APP002412,1,2024-12-25,2024-12-25,Video,Hiring Manager,4.1,Proceed,False
INT000642,APP002416,1,2024-04-18,2024-04-18,On-site,Hiring Manager,3.2,Hold,False
INT000643,APP002416,2,2024-04-25,2024-04-25,On-site,Panel,3.3,Proceed,False
INT000644,APP002434,1,2025-04-02,2025-04-02,On-site,Hiring Manager,3.0,Hold,False
INT000645,APP002435,1,2025-10-31,2025-10-31,Video,Hiring Manager,3.8,Proceed,False
INT000646,APP002443,1,2025-03-29,2025-03-29,Video,Hiring Manager,3.1,Hold,False
INT000647,APP002448,1,2025-10-13,2025-10-13,Video,Hiring Manager,3.1,Hold,False
INT000648,APP002453,1,2024-12-28,2024-12-28,Phone,Hiring Manager,2.1,Reject,False
INT000649,APP002462,1,2024-07-21,2024-07-21,Video,Hiring Manager,4.5,Proceed,False
INT000650,APP002463,1,2024-07-10,2024-07-10,Video,Hiring Manager,3.5,Proceed,False
INT000651,APP002468,1,2025-03-15,2025-03-15,Video,Hiring Manager,2.2,Reject,False
INT000652,APP002469,1,2025-04-03,2025-04-03,Video,Hiring Manager,5.0,Proceed,False
INT000653,APP002469,2,2025-04-08,2025-04-08,On-site,Panel,5.0,Proceed,False
INT000654,APP002470,1,2024-05-07,2024-05-07,Video,Hiring Manager,4.4,Proceed,False
INT000655,APP002475,1,2025-06-11,2025-06-11,On-site,Hiring Manager,3.5,Proceed,False
INT000656,APP002475,2,2025-06-22,2025-06-22,On-site,Panel,3.2,Hold,False
INT000657,APP002485,1,2024-02-23,2024-02-23,Video,Hiring Manager,1.9,Reject,False
INT000658,APP002489,1,2025-03-20,2025-03-20,On-site,Hiring Manager,3.0,Hold,False
INT000659,APP002490,1,2025-01-15,2025-01-15,Video,Hiring Manager,2.0,Reject,False
INT000660,APP002492,1,2025-10-25,2025-10-25,On-site,Hiring Manager,4.7,Proceed,False
INT000661,APP002496,1,2025-10-17,2025-10-17,On-site,Hiring Manager,2.4,Reject,False
INT000662,APP002500,1,2024-11-19,2024-11-19,Video,Hiring Manager,3.4,Proceed,False
INT000663,APP002501,1,2025-11-12,2025-11-12,Phone,Hiring Manager,3.3,Hold,False
INT000664,APP002503,1,2025-08-19,2025-08-19,Video,Hiring Manager,2.7,Reject,False
INT000665,APP002513,1,2025-12-06,2025-12-06,Video,Hiring Manager,3.8,Proceed,False
INT000666,APP002515,1,2025-04-24,2025-04-24,Video,Hiring Manager,3.2,Hold,False
INT000667,APP002523,1,2024-03-01,2024-03-01,Video,Hiring Manager,3.1,Hold,False
INT000668,APP002526,1,2025-02-08,2025-02-08,Video,Hiring Manager,3.0,Hold,False
INT000669,APP002530,1,2024-07-02,2024-07-02,Video,Hiring Manager,3.6,Proceed,False
INT000670,APP002534,1,2024-09-14,2024-09-14,Video,Hiring Manager,4.7,Proceed,False
INT000671,APP002538,1,2025-10-23,2025-10-23,Video,Hiring Manager,2.2,Reject,False
INT000672,APP002542,1,2025-04-01,2025-04-01,Phone,Hiring Manager,4.2,Proceed,False
INT000673,APP002549,1,2025-11-22,2025-11-22,On-site,Hiring Manager,4.2,Proceed,False
INT000674,APP002549,2,2025-11-26,2025-11-26,On-site,Panel,4.5,Proceed,False
INT000675,APP002552,1,2024-06-13,2024-06-13,Video,Hiring Manager,2.8,Hold,False
INT000676,APP002552,2,2024-06-23,2024-06-23,On-site,Panel,2.7,Hold,False
INT000677,APP002553,1,2024-07-07,2024-07-07,Video,Hiring Manager,3.5,Proceed,False
INT000678,APP002557,1,2024-03-10,2024-03-10,Phone,Hiring Manager,5.0,Proceed,False
INT000679,APP002557,2,2024-03-19,2024-03-19,On-site,Panel,5.0,Proceed,False
INT000680,APP002559,1,2025-08-11,2025-08-11,Video,Hiring Manager,3.9,Proceed,False
INT000681,APP002563,1,2024-05-12,2024-05-12,On-site,Hiring Manager,4.1,Proceed,False
INT000682,APP002568,1,2025-04-23,2025-04-23,Video,Hiring Manager,4.2,Proceed,False
INT000683,APP002581,1,2024-06-21,2024-06-21,Video,Hiring Manager,2.4,Reject,False
INT000684,APP002591,1,2024-11-21,2024-11-21,Phone,Hiring Manager,4.0,Proceed,False
INT000685,APP002597,1,2024-08-27,2024-08-27,Video,Hiring Manager,2.9,Hold,False
INT000686,APP002601,1,2025-02-28,2025-02-28,Video,Hiring Manager,2.7,Reject,False
INT000687,APP002605,1,2024-11-12,2024-11-12,Video,Hiring Manager,4.1,Proceed,False
INT000688,APP002610,1,2024-04-19,2024-04-19,Video,Hiring Manager,4.1,Proceed,False
INT000689,APP002614,1,2024-07-14,2024-07-14,On-site,Hiring Manager,3.4,Proceed,False
INT000690,APP002614,2,2024-07-22,2024-07-22,On-site,Panel,4.5,Proceed,False
INT000691,APP002620,1,2024-12-29,2024-12-24,On-site,Hiring Manager,3.5,Proceed,False
INT000692,APP002622,1,2024-02-24,2024-02-24,Video,Hiring Manager,3.4,Proceed,False
INT000693,APP002631,1,2025-02-11,2025-02-11,Phone,Hiring Manager,3.9,Proceed,False
INT000694,APP002634,1,2024-04-19,2024-04-19,Video,Hiring Manager,2.1,Reject,False
INT000695,APP002635,1,2025-01-23,2025-01-23,On-site,Hiring Manager,3.9,Proceed,False
INT000696,APP002640,1,2025-04-29,2025-04-29,Video,Hiring Manager,2.9,Hold,False
INT000697,APP002642,1,2024-10-31,2024-10-31,Phone,Hiring Manager,3.0,Hold,False
INT000698,APP002644,1,2025-07-05,2025-07-05,Video,Hiring Manager,3.8,Proceed,False
INT000699,APP002644,2,2025-07-12,2025-07-12,Video,Panel,4.7,Proceed,False
INT000700,APP002647,1,2026-01-05,2026-01-05,Video,Hiring Manager,3.5,Proceed,False
INT000701,APP002651,1,2025-05-09,2025-05-09,Video,Hiring Manager,2.3,Reject,False
INT000702,APP002653,1,2025-04-11,2025-04-11,On-site,Hiring Manager,3.3,Hold,False
INT000703,APP002661,1,2024-03-14,2024-03-14,On-site,Hiring Manager,3.3,Hold,False
INT000704,APP002663,1,2024-05-02,2024-05-02,Video,Hiring Manager,2.3,Reject,False
INT000705,APP002665,1,2024-12-24,2024-12-24,Video,Hiring Manager,1.6,Reject,False
INT000706,APP002665,2,2025-01-02,2025-01-02,On-site,Panel,1.6,Hold,False
INT000707,APP002668,1,2025-08-22,2025-08-22,Phone,Hiring Manager,4.0,Proceed,False
INT000708,APP002671,1,2025-04-08,2025-04-08,Phone,Hiring Manager,2.6,Reject,False
INT000709,APP002671,2,2025-04-18,2025-04-18,On-site,Panel,1.8,Hold,False
INT000710,APP002672,1,2025-01-13,2025-01-13,Video,Hiring Manager,4.2,Proceed,False
INT000711,APP002675,1,2024-12-22,2024-12-22,Video,Hiring Manager,3.9,Proceed,False
INT000712,APP002677,1,2024-07-05,2024-07-05,Video,Hiring Manager,1.7,Reject,False
INT000713,APP002681,1,2025-07-19,2025-07-19,Video,Hiring Manager,2.6,Reject,False
INT000714,APP002681,2,2025-07-28,2025-07-28,On-site,Panel,2.7,Hold,False
INT000715,APP002682,1,2025-03-11,2025-03-11,Video,Hiring Manager,2.8,Hold,False
INT000716,APP002687,1,2024-12-04,2024-12-04,On-site,Hiring Manager,3.9,Proceed,False
INT000717,APP002688,1,2025-02-11,2025-02-11,Video,Hiring Manager,2.5,Reject,False
INT000718,APP002690,1,2025-06-07,2025-06-07,On-site,Hiring Manager,5.0,Proceed,False
INT000719,APP002693,1,2024-08-28,2024-08-28,On-site,Hiring Manager,3.7,Proceed,False
INT000720,APP002693,2,2024-09-07,2024-09-07,On-site,Panel,3.8,Proceed,False
INT000721,APP002700,1,2025-09-05,2025-09-05,Phone,Hiring Manager,3.6,Proceed,False
INT000722,APP002704,1,2024-06-21,2024-06-21,Video,Hiring Manager,2.2,Reject,False
INT000723,APP002714,1,2025-05-14,2025-05-14,Phone,Hiring Manager,4.0,Proceed,False
INT000724,APP002723,1,2025-09-01,2025-09-01,Video,Hiring Manager,2.4,Reject,False
INT000725,APP002723,2,2025-09-06,2025-09-06,On-site,Panel,1.8,Hold,False
INT000726,APP002728,1,2025-12-07,2025-12-07,On-site,Hiring Manager,3.1,Hold,False
INT000727,APP002735,1,2024-04-18,2024-04-18,Phone,Hiring Manager,3.4,Proceed,False
INT000728,APP002736,1,2025-02-03,2025-02-03,Video,Hiring Manager,3.2,Hold,False
INT000729,APP002738,1,2024-08-22,2024-08-22,Phone,Hiring Manager,3.2,Hold,False
INT000730,APP002738,2,2024-09-01,2024-09-01,On-site,Panel,3.8,Proceed,False
INT000731,APP002739,1,2025-11-13,2025-11-13,Video,Hiring Manager,3.3,Hold,False
INT000732,APP002745,1,2025-05-20,2025-05-20,Phone,Hiring Manager,3.9,Proceed,False
INT000733,APP002748,1,2025-09-16,2025-09-16,Video,Hiring Manager,4.2,Proceed,False
INT000734,APP002753,1,2024-08-30,2024-08-30,Video,Hiring Manager,,Reject,False
INT000735,APP002755,1,2025-07-01,2025-07-01,Video,Hiring Manager,3.6,Proceed,False
INT000736,APP002766,1,2025-07-14,2025-07-14,On-site,Hiring Manager,4.5,Proceed,False
INT000737,APP002769,1,2025-05-22,2025-05-22,On-site,Hiring Manager,3.3,Hold,False
INT000738,APP002771,1,2024-08-15,2024-08-15,On-site,Hiring Manager,2.5,Reject,False
INT000739,APP002775,1,2025-05-02,2025-05-02,On-site,Hiring Manager,1.6,Reject,False
INT000740,APP002777,1,2024-04-28,2024-04-28,Video,Hiring Manager,4.6,Proceed,False
INT000741,APP002779,1,2025-10-22,2025-10-22,Video,Hiring Manager,3.3,Hold,False
INT000742,APP002790,1,2025-10-23,2025-10-23,On-site,Hiring Manager,2.4,Reject,False
INT000743,APP002790,2,2025-10-27,2025-10-27,On-site,Panel,2.6,Hold,False
INT000744,APP002791,1,2025-06-05,2025-06-05,Phone,Hiring Manager,2.8,Hold,False
INT000745,APP002794,1,2024-12-30,2024-12-30,On-site,Hiring Manager,3.0,Hold,False
INT000746,APP002796,1,2025-04-27,2025-04-27,Phone,Hiring Manager,3.4,Proceed,False
INT000747,APP002797,1,2025-05-25,2025-05-25,Video,Hiring Manager,3.5,Proceed,False
INT000748,APP002797,2,2025-06-05,2025-06-05,On-site,Panel,3.3,Proceed,False
INT000749,APP002799,1,2024-07-28,2024-07-28,Video,Hiring Manager,4.7,Proceed,False
INT000750,APP002803,1,2024-06-02,2024-06-02,Video,Hiring Manager,2.8,Hold,False
INT000751,APP002803,2,2024-06-06,2024-06-06,On-site,Panel,3.2,Hold,False
INT000752,APP002809,1,2024-08-28,2024-08-28,Video,Hiring Manager,4.3,Proceed,False
INT000753,APP002809,2,2024-09-02,2024-09-02,On-site,Panel,3.4,Proceed,False
INT000754,APP002810,1,2024-08-13,2024-08-13,Video,Hiring Manager,4.8,Proceed,False
INT000755,APP002811,1,2025-05-25,2025-05-25,On-site,Hiring Manager,2.7,Reject,False
INT000756,APP002811,2,2025-05-30,2025-05-30,On-site,Panel,2.9,Hold,False
INT000757,APP002819,1,2024-10-15,2024-10-15,Video,Hiring Manager,3.0,Hold,False
INT000758,APP002821,1,2024-12-31,2024-12-31,Video,Hiring Manager,3.8,Proceed,False
INT000759,APP002821,2,2025-01-08,2025-01-08,On-site,Panel,3.3,Proceed,False
INT000760,APP002824,1,2025-02-27,2025-02-27,Video,Hiring Manager,3.2,Hold,False
INT000761,APP002825,1,2024-04-07,2024-04-07,On-site,Hiring Manager,2.5,Reject,False
INT000762,APP002828,1,2024-03-08,2024-03-08,Video,Hiring Manager,4.4,Proceed,False
INT000763,APP002829,1,2024-02-17,2024-02-17,On-site,Hiring Manager,2.9,Hold,False
INT000764,APP002835,1,2025-11-28,2025-11-28,Video,Hiring Manager,4.2,Proceed,False
INT000765,APP002835,2,2025-12-08,2025-12-08,On-site,Panel,4.9,Proceed,False
INT000766,APP002840,1,2025-06-06,2025-06-06,Video,Hiring Manager,4.4,Proceed,False
INT000767,APP002843,1,2024-07-10,2024-07-10,Video,Hiring Manager,3.2,Hold,False
INT000768,APP002848,1,2025-10-19,2025-10-19,Video,Hiring Manager,1.9,Reject,False
INT000769,APP002848,2,2025-10-23,2025-10-23,On-site,Panel,2.7,Hold,False
INT000770,APP002851,1,2025-06-15,2025-06-15,Video,Hiring Manager,2.2,Reject,False
INT000771,APP002851,2,2025-06-23,2025-06-23,On-site,Panel,2.9,Hold,False
INT000772,APP002853,1,2025-02-18,2025-02-18,Video,Hiring Manager,2.9,Hold,False
INT000773,APP002858,1,2024-12-17,2024-12-17,Video,Hiring Manager,3.9,Proceed,False
INT000774,APP002860,1,2025-05-05,2025-05-05,On-site,Hiring Manager,3.8,Proceed,False
INT000775,APP002870,1,2025-04-27,2025-04-27,Video,Hiring Manager,1.6,Reject,False
INT000776,APP002870,2,2025-05-05,2025-05-05,On-site,Panel,2.5,Hold,False
INT000777,APP002871,1,2024-06-21,2024-06-21,On-site,Hiring Manager,4.3,Proceed,False
INT000778,APP002872,1,2025-10-23,2025-10-23,Video,Hiring Manager,4.4,Proceed,False
INT000779,APP002877,1,2024-08-28,2024-08-28,On-site,Hiring Manager,4.9,Proceed,False
INT000780,APP002877,2,2024-09-08,2024-09-08,Video,Panel,5.0,Proceed,False
INT000781,APP002882,1,2025-02-10,2025-02-10,Video,Hiring Manager,3.5,Proceed,False
INT000782,APP002883,1,2025-04-15,2025-04-09,On-site,Hiring Manager,3.1,Hold,False
INT000783,APP002883,2,2025-04-20,2025-04-20,On-site,Panel,3.7,Proceed,False
INT000784,APP002897,1,2024-07-08,2024-07-08,On-site,Hiring Manager,3.7,Proceed,False
INT000785,APP002898,1,2024-05-15,2024-05-15,Video,Hiring Manager,3.7,Proceed,False
INT000786,APP002901,1,2024-05-28,2024-05-28,Video,Hiring Manager,4.7,Proceed,False
INT000787,APP002902,1,2025-09-22,2025-09-22,On-site,Hiring Manager,5.0,Proceed,False
INT000788,APP002907,1,2025-07-16,2025-07-16,Video,Hiring Manager,2.5,Reject,False
INT000789,APP002908,1,2025-06-02,2025-06-02,Video,Hiring Manager,4.1,Proceed,False
INT000790,APP002913,1,2024-09-14,2024-09-14,Phone,Hiring Manager,3.5,Proceed,False
INT000791,APP002927,1,2024-07-25,2024-07-25,Phone,Hiring Manager,4.3,Proceed,False
INT000792,APP002934,1,2024-07-22,2024-07-22,Video,Hiring Manager,4.0,Proceed,False
INT000793,APP002934,2,2024-07-28,2024-07-28,On-site,Panel,4.5,Proceed,False
INT000794,APP002937,1,2025-08-01,2025-08-01,Phone,Hiring Manager,4.5,Proceed,False
INT000795,APP002938,1,2024-09-14,2024-09-14,Video,Hiring Manager,4.0,Proceed,False
INT000796,APP002939,1,2024-08-04,2024-08-04,On-site,Hiring Manager,3.8,Proceed,False
INT000797,APP002941,1,2025-10-01,2025-10-01,Phone,Hiring Manager,2.4,Reject,False
INT000798,APP002951,1,2025-02-11,2025-02-11,On-site,Hiring Manager,4.8,Proceed,False
INT000799,APP002962,1,2025-10-29,2025-10-29,Video,Hiring Manager,3.3,Hold,False
INT000800,APP002973,1,2024-05-31,2024-05-31,Video,Hiring Manager,3.4,Proceed,False
INT000801,APP002975,1,2024-09-30,2024-09-30,Video,Hiring Manager,2.0,Reject,False
INT000802,APP002976,1,2024-06-26,2024-06-26,Video,Hiring Manager,2.5,Reject,False
INT000803,APP002977,1,2024-02-26,2024-02-26,Video,Hiring Manager,4.4,Proceed,False
INT000804,APP002980,1,2025-12-03,2025-12-03,Phone,Hiring Manager,3.3,Hold,False
INT000805,APP002982,1,2024-04-14,2024-04-14,Video,Hiring Manager,3.6,Proceed,False
INT000806,APP002987,1,2025-06-05,2025-06-05,Video,Hiring Manager,5.0,Proceed,False
INT000807,APP002988,1,2025-06-24,2025-06-24,Video,Hiring Manager,2.8,Hold,False
INT000808,APP002995,1,2025-03-18,2025-03-18,On-site,Hiring Manager,3.5,Proceed,False
INT000809,APP002998,1,2025-09-05,2025-09-05,Phone,Hiring Manager,2.5,Reject,False
INT000810,APP003004,1,2024-02-28,2024-02-28,On-site,Hiring Manager,4.2,Proceed,False
INT000811,APP003006,1,2025-08-06,2025-08-06,Video,Hiring Manager,3.5,Proceed,False
INT000812,APP003007,1,2025-02-15,2025-02-15,Video,Hiring Manager,3.7,Proceed,False
INT000813,APP003024,1,2024-11-07,2024-11-07,Video,Hiring Manager,3.8,Proceed,False
INT000814,APP003026,1,2024-04-30,2024-04-30,Video,Hiring Manager,4.2,Proceed,False
INT000815,APP003029,1,2025-02-23,2025-02-23,Video,Hiring Manager,2.8,Hold,False
INT000816,APP003031,1,2025-02-06,2025-02-06,On-site,Hiring Manager,4.9,Proceed,False
INT000817,APP003034,1,2025-01-31,2025-01-31,Video,Hiring Manager,2.4,Reject,False
INT000818,APP003036,1,2025-11-28,2025-11-28,Video,Hiring Manager,4.6,Proceed,False
INT000819,APP003037,1,2025-06-09,2025-06-09,Phone,Hiring Manager,4.2,Proceed,False
INT000820,APP003039,1,2024-11-09,2024-11-09,Video,Hiring Manager,1.9,Reject,False
INT000821,APP003043,1,2025-05-06,2025-05-06,On-site,Hiring Manager,3.3,Hold,False
INT000822,APP003043,2,2025-05-15,2025-05-15,On-site,Panel,2.8,Hold,False
INT000823,APP003052,1,2025-10-03,2025-10-03,Video,Hiring Manager,4.1,Proceed,False
INT000824,APP003060,1,2025-07-15,2025-07-15,On-site,Hiring Manager,4.0,Proceed,False
INT000825,APP003061,1,2025-02-10,2025-02-10,Phone,Hiring Manager,3.0,Hold,False
INT000826,APP003062,1,2025-01-09,2025-01-09,Phone,Hiring Manager,3.7,Proceed,False
INT000827,APP003063,1,2025-02-15,2025-02-15,Video,Hiring Manager,3.0,Hold,False
INT000828,APP003074,1,2024-05-12,2024-05-12,Video,Hiring Manager,2.3,Reject,False
INT000829,APP003074,2,2024-05-19,2024-05-19,On-site,Panel,2.9,Hold,False
INT000830,APP003075,1,2024-08-22,2024-08-22,Video,Hiring Manager,3.2,Hold,False
INT000831,APP003077,1,2025-02-08,2025-02-08,Video,Hiring Manager,4.4,Proceed,False
INT000832,APP003084,1,2025-12-08,2025-12-08,On-site,Hiring Manager,3.3,Hold,False
INT000833,APP003085,1,2024-11-13,2024-11-13,Video,Hiring Manager,3.2,Hold,False
INT000834,APP003094,1,2024-02-21,2024-02-21,Video,Hiring Manager,2.6,Reject,False
INT000835,APP003097,1,2025-12-17,2025-12-17,Video,Hiring Manager,5.0,Proceed,False
INT000836,APP003098,1,2024-05-26,2024-05-26,Video,Hiring Manager,3.3,Hold,False
INT000837,APP003099,1,2025-03-24,2025-03-24,Video,Hiring Manager,3.5,Proceed,False
INT000838,APP003099,2,2025-04-01,2025-04-01,On-site,Panel,4.3,Proceed,False
INT000839,APP003100,1,2025-10-07,2025-10-07,Video,Hiring Manager,3.3,Hold,False
INT000840,APP003103,1,2024-10-13,2024-10-13,Video,Hiring Manager,4.4,Proceed,False
INT000841,APP003107,1,2025-01-15,2025-01-15,Video,Hiring Manager,4.5,Proceed,False
INT000842,APP003108,1,2024-07-24,2024-07-24,Video,Hiring Manager,3.9,Proceed,False
INT000843,APP003109,1,2025-05-10,2025-05-10,Video,Hiring Manager,2.3,Reject,False
INT000844,APP003111,1,2024-09-27,2024-09-27,Video,Hiring Manager,3.0,Hold,False
INT000845,APP003117,1,2025-02-18,2025-02-18,Video,Hiring Manager,3.3,Hold,False
INT000846,APP003118,1,2024-06-18,2024-06-18,On-site,Hiring Manager,3.5,Proceed,False
INT000847,APP003128,1,2025-10-11,2025-10-11,Video,Hiring Manager,4.4,Proceed,False
INT000848,APP003138,1,2025-01-21,2025-01-21,Phone,Hiring Manager,3.7,Proceed,False
INT000849,APP003148,1,2025-09-19,2025-09-19,Video,Hiring Manager,4.0,Proceed,False
INT000850,APP003149,1,2025-03-14,2025-03-14,On-site,Hiring Manager,4.1,Proceed,False
INT000851,APP003155,1,2025-09-13,2025-09-13,Phone,Hiring Manager,4.8,Proceed,False
INT000852,APP003160,1,2024-07-18,2024-07-18,On-site,Hiring Manager,2.7,Reject,False
INT000853,APP003162,1,2024-11-04,2024-11-04,On-site,Hiring Manager,3.9,Proceed,False
INT000854,APP003166,1,2025-09-15,2025-09-15,Video,Hiring Manager,3.2,Hold,False
INT000855,APP003191,1,2024-04-09,2024-04-09,Video,Hiring Manager,3.4,Proceed,False
INT000856,APP003197,1,2024-04-19,2024-04-19,Video,Hiring Manager,2.3,Reject,False
INT000857,APP003203,1,2025-05-04,2025-05-04,Video,Hiring Manager,2.8,Hold,False
INT000858,APP003204,1,2024-02-02,2024-02-02,Video,Hiring Manager,4.4,Proceed,False
INT000859,APP003214,1,2024-11-15,2024-11-15,Video,Hiring Manager,3.3,Hold,False
INT000860,APP003215,1,2024-05-02,2024-05-02,Video,Hiring Manager,3.6,Proceed,False
INT000861,APP003221,1,2025-09-17,2025-09-17,Phone,Hiring Manager,3.2,Hold,False
INT000862,APP003229,1,2024-06-03,2024-06-03,On-site,Hiring Manager,5.0,Proceed,False
INT000863,APP003230,1,2025-03-03,2025-03-03,Video,Hiring Manager,3.5,Proceed,False
INT000864,APP003230,2,2025-03-10,2025-03-10,On-site,Panel,2.5,Hold,False
INT000865,APP003232,1,2025-12-23,2025-12-23,On-site,Hiring Manager,3.5,Proceed,False
INT000866,APP003233,1,2024-12-19,2024-12-19,Video,Hiring Manager,4.2,Proceed,False
INT000867,APP003234,1,2025-09-04,2025-09-04,On-site,Hiring Manager,3.4,Proceed,False
INT000868,APP003237,1,2024-10-10,2024-10-10,Video,Hiring Manager,1.9,Reject,False
INT000869,APP003237,2,2024-10-17,2024-10-17,On-site,Panel,2.8,Hold,False
INT000870,APP003242,1,2024-02-02,2024-02-02,Video,Hiring Manager,1.9,Reject,False
INT000871,APP003250,1,2024-05-14,2024-05-14,On-site,Hiring Manager,4.6,Proceed,False
INT000872,APP003250,2,2024-05-24,2024-05-24,Video,Panel,4.1,Proceed,False
INT000873,APP003255,1,2024-09-07,2024-09-07,On-site,Hiring Manager,2.5,Reject,False
INT000874,APP003257,1,2024-08-02,2024-08-02,Video,Hiring Manager,3.4,Proceed,False
INT000875,APP003257,2,2024-08-10,2024-08-10,On-site,Panel,3.2,Hold,False
INT000876,APP003259,1,2025-11-22,2025-11-22,On-site,Hiring Manager,4.1,Proceed,False
INT000877,APP003260,1,2025-05-27,2025-05-27,On-site,Hiring Manager,3.4,Proceed,False
INT000878,APP003264,1,2025-02-01,2025-02-01,Video,Hiring Manager,3.4,Proceed,False
INT000879,APP003265,1,2025-02-13,2025-02-13,On-site,Hiring Manager,3.2,Hold,False
INT000880,APP003265,2,2025-02-20,2025-02-20,On-site,Panel,3.6,Proceed,False
INT000881,APP003267,1,2025-12-19,2025-12-19,Video,Hiring Manager,4.0,Proceed,False
INT000882,APP003273,1,2024-12-10,2024-12-10,Phone,Hiring Manager,,Proceed,False
INT000883,APP003278,1,2025-01-24,2025-01-24,Video,Hiring Manager,2.4,Reject,False
INT000884,APP003278,2,2025-02-04,2025-02-04,On-site,Panel,3.2,Hold,False
INT000885,APP003284,1,2025-04-05,2025-04-05,On-site,Hiring Manager,3.3,Hold,False
INT000886,APP003285,1,2024-04-23,2024-04-23,On-site,Hiring Manager,3.7,Proceed,False
INT000887,APP003290,1,2025-12-08,2025-12-08,Video,Hiring Manager,3.6,Proceed,False
INT000888,APP003299,1,2025-03-09,2025-03-09,Video,Hiring Manager,3.8,Proceed,False
INT000889,APP003303,1,2024-06-23,2024-06-23,Video,Hiring Manager,2.7,Reject,False
INT000890,APP003305,1,2024-10-06,2024-10-06,Video,Hiring Manager,4.3,Proceed,False
INT000891,APP003308,1,2025-04-01,2025-04-01,On-site,Hiring Manager,3.0,Hold,False
INT000892,APP003308,2,2025-04-05,2025-04-05,On-site,Panel,3.3,Proceed,False
INT000893,APP003314,1,2024-04-18,2024-04-18,On-site,Hiring Manager,2.5,Reject,False
INT000894,APP003340,1,2025-11-27,2025-11-27,Phone,Hiring Manager,3.7,Proceed,False
INT000895,APP003340,2,2025-12-01,2025-12-01,On-site,Panel,3.6,Proceed,False
INT000896,APP003344,1,2025-06-01,2025-06-01,Video,Hiring Manager,4.4,Proceed,False
INT000897,APP003344,2,2025-06-09,2025-06-09,Video,Panel,5.0,Proceed,False
INT000898,APP003346,1,2024-12-14,2024-12-14,Phone,Hiring Manager,3.5,Proceed,False
INT000899,APP003350,1,2025-03-05,2025-03-05,On-site,Hiring Manager,3.7,Proceed,False
INT000900,APP003352,1,2025-04-02,2025-04-02,Phone,Hiring Manager,3.2,Hold,False
INT000901,APP003359,1,2024-12-06,2024-12-06,Video,Hiring Manager,4.3,Proceed,False
INT000902,APP003365,1,2025-04-29,2025-04-29,Video,Hiring Manager,2.8,Hold,False
INT000903,APP003366,1,2024-12-17,2024-12-17,Video,Hiring Manager,3.2,Hold,False
INT000904,APP003366,2,2024-12-24,2024-12-24,Video,Panel,3.9,Proceed,False
INT000905,APP003368,1,2024-12-14,2024-12-14,On-site,Hiring Manager,3.0,Hold,False
INT000906,APP003373,1,2025-04-05,2025-04-05,Video,Hiring Manager,3.7,Proceed,False
INT000907,APP003382,1,2025-09-05,2025-09-05,Phone,Hiring Manager,4.2,Proceed,False
INT000908,APP003393,1,2025-05-09,2025-05-09,Video,Hiring Manager,3.5,Proceed,False
INT000909,APP003393,2,2025-05-14,2025-05-14,On-site,Panel,3.9,Proceed,False
INT000910,APP003399,1,2025-01-27,2025-01-27,On-site,Hiring Manager,2.6,Reject,False
INT000911,APP003401,1,2025-02-16,2025-02-16,Video,Hiring Manager,3.8,Proceed,False
INT000912,APP003404,1,2024-11-14,2024-11-14,Video,Hiring Manager,4.4,Proceed,False
INT000913,APP003404,2,2024-11-24,2024-11-24,On-site,Panel,4.4,Proceed,False
INT000914,APP003406,1,2024-12-28,2024-12-28,Phone,Hiring Manager,2.2,Reject,False
INT000915,APP003411,1,2024-07-15,2024-07-15,On-site,Hiring Manager,3.6,Proceed,False
INT000916,APP003412,1,2025-07-16,2025-07-16,On-site,Hiring Manager,3.4,Proceed,False
INT000917,APP003437,1,2025-02-22,2025-02-22,On-site,Hiring Manager,3.1,Hold,False
INT000918,APP003443,1,2025-12-21,2025-12-21,Video,Hiring Manager,2.5,Reject,False
INT000919,APP003445,1,2025-05-16,2025-05-16,Video,Hiring Manager,2.7,Reject,False
INT000920,APP003448,1,2025-07-20,2025-07-20,Video,Hiring Manager,2.8,Hold,False
INT000921,APP003449,1,2025-04-17,2025-04-17,Video,Hiring Manager,4.1,Proceed,False
INT000922,APP003452,1,2025-04-23,2025-04-23,Video,Hiring Manager,4.6,Proceed,False
INT000923,APP003452,2,2025-04-28,2025-04-28,Video,Panel,4.8,Proceed,False
INT000924,APP003454,1,2024-06-26,2024-06-26,Video,Hiring Manager,3.2,Hold,False
INT000925,APP003454,2,2024-07-06,2024-07-06,On-site,Panel,4.4,Proceed,False
INT000926,APP003456,1,2025-07-30,2025-07-30,On-site,Hiring Manager,4.3,Proceed,False
INT000927,APP003457,1,2025-07-12,2025-07-12,Phone,Hiring Manager,4.9,Proceed,False
INT000928,APP003457,2,2025-07-23,2025-07-23,On-site,Panel,5.0,Proceed,False
INT000929,APP003459,1,2024-05-03,2024-05-03,Video,Hiring Manager,3.9,Proceed,False
INT000930,APP003460,1,2025-03-15,2025-03-15,Video,Hiring Manager,2.6,Reject,False
INT000931,APP003463,1,2024-11-01,2024-11-01,Video,Hiring Manager,3.3,Hold,False
INT000932,APP003470,1,2025-01-23,2025-01-23,Video,Hiring Manager,3.7,Proceed,False
INT000933,APP003471,1,2025-11-25,2025-11-25,On-site,Hiring Manager,2.7,Reject,False
INT000934,APP003473,1,2024-08-17,2024-08-17,Video,Hiring Manager,3.9,Proceed,False
INT000935,APP003508,1,2024-08-01,2024-08-01,Video,Hiring Manager,4.2,Proceed,False
INT000936,APP003515,1,2025-04-04,2025-04-04,Video,Hiring Manager,2.4,Reject,False
INT000937,APP003517,1,2024-11-09,2024-11-09,On-site,Hiring Manager,3.6,Proceed,False
INT000938,APP003518,1,2024-11-09,2024-11-09,Video,Hiring Manager,4.4,Proceed,False
INT000939,APP003520,1,2025-08-16,2025-08-16,Video,Hiring Manager,4.0,Proceed,False
INT000940,APP003522,1,2025-11-18,2025-11-18,Video,Hiring Manager,4.4,Proceed,False
INT000941,APP003536,1,2025-10-24,2025-10-24,On-site,Hiring Manager,4.0,Proceed,False
INT000942,APP003536,2,2025-10-29,2025-10-29,Video,Panel,4.1,Proceed,False
INT000943,APP003538,1,2024-11-07,2024-11-07,On-site,Hiring Manager,4.6,Proceed,False
INT000944,APP003539,1,2025-02-04,2025-02-04,Video,Hiring Manager,2.8,Hold,False
INT000945,APP003542,1,2025-08-21,2025-08-21,On-site,Hiring Manager,3.5,Proceed,False
INT000946,APP003549,1,2024-07-19,2024-07-19,On-site,Hiring Manager,4.6,Proceed,False
INT000947,APP003570,1,2025-06-15,2025-06-15,Phone,Hiring Manager,3.7,Proceed,False
INT000948,APP003577,1,2025-10-13,2025-10-13,Video,Hiring Manager,3.1,Hold,False
INT000949,APP003578,1,2024-05-05,2024-05-05,Video,Hiring Manager,3.0,Hold,False
INT000950,APP003579,1,2025-11-03,2025-11-03,Video,Hiring Manager,3.1,Hold,False
INT000951,APP003580,1,2024-06-05,2024-06-05,Video,Hiring Manager,4.9,Proceed,False
INT000952,APP003583,1,2025-07-20,2025-07-20,Phone,Hiring Manager,3.6,Proceed,False
INT000953,APP003596,1,2025-04-11,2025-04-11,On-site,Hiring Manager,3.9,Proceed,False
INT000954,APP003598,1,2025-03-29,2025-03-29,On-site,Hiring Manager,3.7,Proceed,False
INT000955,APP003604,1,2025-06-01,2025-06-01,On-site,Hiring Manager,2.9,Hold,False
INT000956,APP003605,1,2025-01-23,2025-01-23,Video,Hiring Manager,3.8,Proceed,False
INT000957,APP003606,1,2024-12-15,2024-12-15,On-site,Hiring Manager,5.0,Proceed,False
INT000958,APP003609,1,2024-08-17,2024-08-17,On-site,Hiring Manager,5.0,Proceed,False
INT000959,APP003611,1,2024-08-09,2024-08-09,Video,Hiring Manager,3.7,Proceed,False
INT000960,APP003613,1,2024-06-04,2024-06-04,On-site,Hiring Manager,2.0,Reject,False
INT000961,APP003614,1,2025-05-06,2025-05-06,Phone,Hiring Manager,2.9,Hold,False
INT000962,APP003623,1,2025-01-19,2025-01-19,On-site,Hiring Manager,3.0,Hold,False
INT000963,APP003627,1,2025-06-27,2025-06-27,On-site,Hiring Manager,3.0,Hold,False
INT000964,APP003633,1,2025-04-03,2025-04-03,Video,Hiring Manager,1.8,Reject,False
INT000965,APP003636,1,2025-09-16,2025-09-16,Video,Hiring Manager,3.4,Proceed,False
INT000966,APP003645,1,2024-03-09,2024-03-09,Video,Hiring Manager,4.4,Proceed,False
INT000967,APP003648,1,2025-01-24,2025-01-24,On-site,Hiring Manager,3.3,Hold,False
INT000968,APP003656,1,2024-06-07,2024-06-07,On-site,Hiring Manager,3.7,Proceed,False
INT000969,APP003658,1,2024-09-24,2024-09-24,On-site,Hiring Manager,2.8,Hold,False
INT000970,APP003662,1,2024-04-24,2024-04-24,On-site,Hiring Manager,3.6,Proceed,False
INT000971,APP003664,1,2025-04-16,2025-04-16,On-site,Hiring Manager,3.8,Proceed,False
INT000972,APP003665,1,2025-10-06,2025-10-06,Video,Hiring Manager,,Proceed,False
INT000973,APP003668,1,2024-11-30,2024-11-30,Video,Hiring Manager,5.0,Proceed,False
INT000974,APP003668,2,2024-12-08,2024-12-08,On-site,Panel,5.0,Proceed,False
INT000975,APP003672,1,2024-11-02,2024-11-02,On-site,Hiring Manager,4.1,Proceed,False
INT000976,APP003676,1,2024-10-07,2024-10-07,Video,Hiring Manager,4.4,Proceed,False
INT000977,APP003676,2,2024-10-17,2024-10-17,On-site,Panel,4.8,Proceed,False
INT000978,APP003678,1,2024-09-24,2024-09-24,Video,Hiring Manager,3.3,Hold,False
INT000979,APP003681,1,2025-04-08,2025-04-08,Video,Hiring Manager,2.2,Reject,False
INT000980,APP003683,1,2025-10-07,2025-10-07,Video,Hiring Manager,3.1,Hold,False
INT000981,APP003685,1,2025-08-19,2025-08-19,On-site,Hiring Manager,3.7,Proceed,False
INT000982,APP003687,1,2025-04-04,2025-04-04,On-site,Hiring Manager,2.1,Reject,False
INT000983,APP003689,1,2024-09-10,2024-09-10,Video,Hiring Manager,3.8,Proceed,False
INT000984,APP003692,1,2024-09-24,2024-09-24,On-site,Hiring Manager,3.0,Hold,False
INT000985,APP003699,1,2024-06-18,2024-06-18,On-site,Hiring Manager,2.5,Reject,False
INT000986,APP003704,1,2025-11-27,2025-11-27,Video,Hiring Manager,3.7,Proceed,False
INT000987,APP003704,2,2025-12-01,2025-12-01,On-site,Panel,3.6,Proceed,False
INT000988,APP003707,1,2024-08-10,2024-08-10,On-site,Hiring Manager,2.8,Hold,False
INT000989,APP003710,1,2025-08-31,2025-08-31,Phone,Hiring Manager,3.4,Proceed,False
INT000990,APP003711,1,2024-05-02,2024-05-02,Video,Hiring Manager,3.5,Proceed,False
INT000991,APP003718,1,2025-04-11,2025-04-11,Video,Hiring Manager,4.3,Proceed,False
INT000992,APP003718,2,2025-04-19,2025-04-19,On-site,Panel,4.3,Proceed,False
INT000993,APP003720,1,2024-01-28,2024-01-28,Video,Hiring Manager,1.8,Reject,False
INT000994,APP003720,2,2024-02-01,2024-02-01,On-site,Panel,2.0,Hold,False
INT000995,APP003725,1,2026-01-02,2026-01-02,Video,Hiring Manager,3.3,Hold,False
INT000996,APP003746,1,2024-08-23,2024-08-16,Video,Hiring Manager,2.5,Reject,False
INT000997,APP003746,2,2024-08-31,2024-08-31,On-site,Panel,2.2,Hold,False
INT000998,APP003749,1,2024-10-17,2024-10-17,On-site,Hiring Manager,2.9,Hold,False
INT000999,APP003756,1,2024-12-30,2024-12-30,On-site,Hiring Manager,3.5,Proceed,False
INT001000,APP003757,1,2025-02-23,2025-02-23,Video,Hiring Manager,2.5,Reject,False
INT001001,APP003758,1,2024-02-26,2024-02-26,Video,Hiring Manager,2.8,Hold,False
INT001002,APP003766,1,2024-08-23,2024-08-23,On-site,Hiring Manager,2.6,Reject,False
INT001003,APP003769,1,2024-06-16,2024-06-16,Video,Hiring Manager,3.0,Hold,False
INT001004,APP003774,1,2025-03-13,2025-03-13,Video,Hiring Manager,2.7,Reject,False
INT001005,APP003774,2,2025-03-17,2025-03-17,On-site,Panel,3.4,Proceed,False
INT001006,APP003775,1,2024-12-23,2024-12-23,On-site,Hiring Manager,5.0,Proceed,False
INT001007,APP003779,1,2025-03-07,2025-03-07,Video,Hiring Manager,3.1,Hold,False
INT001008,APP003785,1,2025-02-18,2025-02-18,Phone,Hiring Manager,3.7,Proceed,False
INT001009,APP003789,1,2025-11-15,2025-11-15,Video,Hiring Manager,3.0,Hold,False
INT001010,APP003794,1,2024-04-07,2024-04-07,On-site,Hiring Manager,4.7,Proceed,False
INT001011,APP003794,2,2024-04-14,2024-04-14,Video,Panel,5.0,Proceed,False
INT001012,APP003796,1,2024-11-24,2024-11-24,Video,Hiring Manager,4.1,Proceed,False
INT001013,APP003797,1,2025-04-04,2025-04-04,On-site,Hiring Manager,3.6,Proceed,False
INT001014,APP003802,1,2025-04-19,2025-04-19,Phone,Hiring Manager,1.7,Reject,False
INT001015,APP003814,1,2025-04-30,2025-04-30,Video,Hiring Manager,3.4,Proceed,False
INT001016,APP003816,1,2024-09-23,2024-09-23,Video,Hiring Manager,3.5,Proceed,False
INT001017,APP003818,1,2025-04-15,2025-04-15,On-site,Hiring Manager,4.3,Proceed,False
INT001018,APP003819,1,2025-06-05,2025-06-05,Video,Hiring Manager,3.0,Hold,False
INT001019,APP003827,1,2024-05-31,2024-05-31,Video,Hiring Manager,4.0,Proceed,False
INT001020,APP003831,1,2025-06-08,2025-06-08,Video,Hiring Manager,2.3,Reject,False
INT001021,APP003834,1,2025-05-29,2025-05-29,Video,Hiring Manager,4.6,Proceed,False
INT001022,APP003840,1,2024-08-20,2024-08-20,On-site,Hiring Manager,2.8,Hold,False
INT001023,APP003841,1,2025-07-12,2025-07-12,On-site,Hiring Manager,3.9,Proceed,False
INT001024,APP003847,1,2025-01-05,2025-01-05,On-site,Hiring Manager,4.4,Proceed,False
INT001025,APP003847,2,2025-01-14,2025-01-14,On-site,Panel,4.6,Proceed,False
INT001026,APP003860,1,2025-02-22,2025-02-22,On-site,Hiring Manager,3.3,Hold,False
INT001027,APP003862,1,2025-04-03,2025-04-03,Video,Hiring Manager,3.4,Proceed,False
INT001028,APP003864,1,2025-12-01,2025-12-01,On-site,Hiring Manager,3.0,Hold,False
INT001029,APP003868,1,2025-03-29,2025-03-29,Video,Hiring Manager,3.3,Hold,False
INT001030,APP003871,1,2024-03-14,2024-03-14,On-site,Hiring Manager,2.3,Reject,False
INT001031,APP003877,1,2025-10-14,2025-10-14,Video,Hiring Manager,2.9,Hold,False
INT001032,APP003878,1,2025-09-20,2025-09-20,Video,Hiring Manager,5.0,Proceed,False
INT001033,APP003880,1,2025-07-05,2025-07-05,Video,Hiring Manager,3.8,Proceed,False
INT001034,APP003883,1,2024-03-29,2024-03-29,On-site,Hiring Manager,3.8,Proceed,False
INT001035,APP003884,1,2025-07-26,2025-07-26,Video,Hiring Manager,3.6,Proceed,False
INT001036,APP003886,1,2025-10-18,2025-10-18,Phone,Hiring Manager,4.2,Proceed,False
INT001037,APP003892,1,2025-07-22,2025-07-22,Video,Hiring Manager,3.2,Hold,False
INT001038,APP003898,1,2024-07-07,2024-07-07,Video,Hiring Manager,3.5,Proceed,False
INT001039,APP003910,1,2025-05-23,2025-05-23,Video,Hiring Manager,3.6,Proceed,False
INT001040,APP003915,1,2024-06-07,2024-06-07,Phone,Hiring Manager,3.9,Proceed,False
INT001041,APP003915,2,2024-06-14,2024-06-14,Video,Panel,4.8,Proceed,False
INT001042,APP003922,1,2025-06-03,2025-06-03,Video,Hiring Manager,2.7,Reject,False
INT001043,APP003923,1,2024-07-30,2024-07-30,On-site,Hiring Manager,2.5,Reject,False
INT001044,APP003928,1,2024-11-19,2024-11-19,On-site,Hiring Manager,4.1,Proceed,False
INT001045,APP003938,1,2025-09-29,2025-09-29,Phone,Hiring Manager,3.1,Hold,False
INT001046,APP003941,1,2025-02-15,2025-02-15,Video,Hiring Manager,2.3,Reject,False
INT001047,APP003945,1,2025-10-08,2025-10-08,On-site,Hiring Manager,5.0,Proceed,False
INT001048,APP003946,1,2025-07-05,2025-07-05,On-site,Hiring Manager,4.7,Proceed,False
INT001049,APP003946,2,2025-07-13,2025-07-13,On-site,Panel,5.0,Proceed,False
INT001050,APP003962,1,2025-02-20,2025-02-20,Phone,Hiring Manager,4.9,Proceed,False
INT001051,APP003969,1,2025-04-11,2025-04-11,On-site,Hiring Manager,3.2,Hold,False
INT001052,APP003972,1,2025-01-19,2025-01-19,Phone,Hiring Manager,3.2,Hold,False
INT001053,APP003981,1,2024-08-02,2024-08-02,Video,Hiring Manager,2.1,Reject,False
INT001054,APP003983,1,2025-11-15,2025-11-15,On-site,Hiring Manager,5.0,Proceed,False
INT001055,APP003989,1,2024-06-07,2024-06-07,On-site,Hiring Manager,4.5,Proceed,False
INT001056,APP003990,1,2024-11-25,2024-11-25,Video,Hiring Manager,4.4,Proceed,False
INT001057,APP003999,1,2025-05-22,2025-05-22,Video,Hiring Manager,2.6,Reject,False
INT001058,APP003999,2,2025-05-31,2025-05-31,Video,Panel,2.2,Hold,False
INT001059,APP004004,1,2025-07-22,2025-07-22,Video,Hiring Manager,3.3,Hold,False
INT001060,APP004006,1,2024-12-09,2024-12-09,Video,Hiring Manager,3.8,Proceed,False
INT001061,APP004011,1,2026-01-04,2026-01-04,Video,Hiring Manager,3.5,Proceed,False
INT001062,APP004012,1,2024-04-26,2024-04-26,Video,Hiring Manager,3.3,Hold,False
INT001063,APP004013,1,2024-11-12,2024-11-12,Phone,Hiring Manager,3.6,Proceed,False
INT001064,APP004016,1,2025-05-06,2025-05-06,Video,Hiring Manager,4.2,Proceed,False
INT001065,APP004025,1,2024-10-02,2024-10-02,Phone,Hiring Manager,2.4,Reject,False
INT001066,APP004027,1,2024-10-19,2024-10-19,Video,Hiring Manager,3.0,Hold,False
INT001067,APP004035,1,2025-07-20,2025-07-20,On-site,Hiring Manager,3.2,Hold,False
INT001068,APP004037,1,2024-04-18,2024-04-18,Phone,Hiring Manager,4.8,Proceed,False
INT001069,APP004039,1,2024-11-14,2024-11-14,Video,Hiring Manager,2.0,Reject,False
INT001070,APP004053,1,2025-11-14,2025-11-14,On-site,Hiring Manager,2.5,Reject,False
INT001071,APP004056,1,2025-08-18,2025-08-18,On-site,Hiring Manager,2.8,Hold,False
INT001072,APP004056,2,2025-08-22,2025-08-22,On-site,Panel,1.9,Hold,False
INT001073,APP004064,1,2024-06-09,2024-06-09,On-site,Hiring Manager,3.0,Hold,False
INT001074,APP004067,1,2025-10-01,2025-10-01,On-site,Hiring Manager,2.9,Hold,False
INT001075,APP004067,2,2025-10-11,2025-10-11,On-site,Panel,2.9,Hold,False
INT001076,APP004071,1,2025-01-25,2025-01-25,On-site,Hiring Manager,2.3,Reject,False
INT001077,APP004076,1,2025-03-19,2025-03-19,Phone,Hiring Manager,3.4,Proceed,False
INT001078,APP004085,1,2025-07-02,2025-07-02,On-site,Hiring Manager,1.6,Reject,False
INT001079,APP004092,1,2024-12-12,2024-12-12,Phone,Hiring Manager,3.5,Proceed,False
INT001080,APP004092,2,2024-12-21,2024-12-21,On-site,Panel,4.3,Proceed,False
INT001081,APP004095,1,2024-08-29,2024-08-17,On-site,Hiring Manager,3.6,Proceed,False
INT001082,APP004101,1,2025-02-19,2025-02-19,Video,Hiring Manager,3.3,Hold,False
INT001083,APP004107,1,2025-08-19,2025-08-19,Video,Hiring Manager,3.2,Hold,False
INT001084,APP004108,1,2025-11-19,2025-11-19,Video,Hiring Manager,4.1,Proceed,False
INT001085,APP004111,1,2024-04-04,2024-04-04,On-site,Hiring Manager,4.5,Proceed,False
INT001086,APP004111,2,2024-04-09,2024-04-09,On-site,Panel,4.8,Proceed,False
INT001087,APP004112,1,2025-07-06,2025-07-06,Video,Hiring Manager,3.3,Hold,False
INT001088,APP004127,1,2025-02-08,2025-02-08,Video,Hiring Manager,3.1,Hold,False
INT001089,APP004129,1,2025-07-10,2025-07-10,On-site,Hiring Manager,4.2,Proceed,False
INT001090,APP004130,1,2025-06-18,2025-06-18,Video,Hiring Manager,2.7,Reject,False
INT001091,APP004137,1,2025-05-18,2025-05-18,Video,Hiring Manager,4.4,Proceed,False
INT001092,APP004151,1,2024-08-01,2024-08-01,On-site,Hiring Manager,5.0,Proceed,False
INT001093,APP004154,1,2025-02-11,2025-02-11,Video,Hiring Manager,2.6,Reject,False
INT001094,APP004160,1,2025-09-26,2025-09-26,Video,Hiring Manager,4.6,Proceed,False
INT001095,APP004167,1,2024-08-11,2024-08-11,On-site,Hiring Manager,4.5,Proceed,False
INT001096,APP004181,1,2025-08-24,2025-08-24,Video,Hiring Manager,4.7,Proceed,False
INT001097,APP004186,1,2024-12-28,2024-12-28,Video,Hiring Manager,3.0,Hold,False
INT001098,APP004188,1,2024-06-03,2024-06-03,On-site,Hiring Manager,5.0,Proceed,False
INT001099,APP004189,1,2025-06-15,2025-06-15,On-site,Hiring Manager,3.0,Hold,False
INT001100,APP004200,1,2025-12-11,2025-12-11,Video,Hiring Manager,3.5,Proceed,False
INT001101,APP004209,1,2025-04-28,2025-04-28,On-site,Hiring Manager,3.2,Hold,False
INT001102,APP004211,1,2024-08-17,2024-08-17,Phone,Hiring Manager,2.8,Hold,False
INT001103,APP004212,1,2024-03-30,2024-03-30,On-site,Hiring Manager,2.8,Hold,False
INT001104,APP004215,1,2024-07-07,2024-07-07,Video,Hiring Manager,3.2,Hold,False
INT001105,APP004228,1,2024-07-26,2024-07-26,Video,Hiring Manager,3.4,Proceed,False
INT001106,APP004228,2,2024-08-02,2024-08-02,On-site,Panel,3.1,Hold,False
INT001107,APP004236,1,2025-01-25,2025-01-25,Video,Hiring Manager,2.7,Reject,False
INT001108,APP004239,1,2024-09-07,2024-09-07,Video,Hiring Manager,4.5,Proceed,False
INT001109,APP004250,1,2025-10-24,2025-10-24,Video,Hiring Manager,2.8,Hold,False
INT001110,APP004260,1,2024-05-17,2024-05-17,Phone,Hiring Manager,5.0,Proceed,False
INT001111,APP004263,1,2025-07-16,2025-07-16,Video,Hiring Manager,3.2,Hold,False
INT001112,APP004268,1,2025-05-13,2025-05-13,On-site,Hiring Manager,4.2,Proceed,False
INT001113,APP004281,1,2025-10-10,2025-10-10,Phone,Hiring Manager,4.2,Proceed,False
INT001114,APP004282,1,2025-03-16,2025-03-16,Phone,Hiring Manager,2.9,Hold,False
INT001115,APP004288,1,2024-02-19,2024-02-19,Video,Hiring Manager,4.0,Proceed,False
INT001116,APP004291,1,2024-06-01,2024-06-01,On-site,Hiring Manager,3.2,Hold,False
INT001117,APP004297,1,2024-06-26,2024-06-26,Video,Hiring Manager,3.6,Proceed,False
INT001118,APP004300,1,2025-04-12,2025-04-12,Video,Hiring Manager,4.0,Proceed,False
INT001119,APP004303,1,2024-04-13,2024-04-13,Phone,Hiring Manager,4.5,Proceed,False
INT001120,APP004303,2,2024-04-24,2024-04-24,Video,Panel,4.7,Proceed,False
INT001121,APP004310,1,2025-12-05,2025-12-05,Video,Hiring Manager,3.6,Proceed,False
INT001122,APP004310,2,2025-12-13,2025-12-13,On-site,Panel,4.1,Proceed,False
INT001123,APP004311,1,2025-07-17,2025-07-17,Video,Hiring Manager,4.0,Proceed,False
INT001124,APP004311,2,2025-07-28,2025-07-28,Video,Panel,3.2,Hold,False
INT001125,APP004312,1,2025-10-07,2025-10-07,Phone,Hiring Manager,1.6,Reject,False
INT001126,APP004316,1,2024-11-24,2024-11-24,On-site,Hiring Manager,2.5,Reject,False
INT001127,APP004318,1,2025-02-06,2025-02-06,Video,Hiring Manager,2.3,Reject,False
INT001128,APP004321,1,2025-07-03,2025-07-03,On-site,Hiring Manager,3.3,Hold,False
INT001129,APP004322,1,2024-09-12,2024-09-12,Video,Hiring Manager,1.8,Reject,False
INT001130,APP004324,1,2025-04-29,2025-04-29,Video,Hiring Manager,3.6,Proceed,False
INT001131,APP004325,1,2025-04-28,2025-04-28,On-site,Hiring Manager,3.8,Proceed,False
INT001132,APP004331,1,2024-02-11,2024-02-11,On-site,Hiring Manager,3.2,Hold,False
INT001133,APP004334,1,2024-04-24,2024-04-24,Video,Hiring Manager,3.8,Proceed,False
INT001134,APP004338,1,2024-07-03,2024-07-03,Video,Hiring Manager,4.1,Proceed,False
INT001135,APP004346,1,2025-02-10,2025-02-10,On-site,Hiring Manager,3.6,Proceed,False
INT001136,APP004348,1,2024-12-29,2024-12-29,On-site,Hiring Manager,5.0,Proceed,False
INT001137,APP004348,2,2025-01-07,2025-01-07,On-site,Panel,5.0,Proceed,False
INT001138,APP004352,1,2024-06-16,2024-06-16,On-site,Hiring Manager,2.0,Reject,False
INT001139,APP004352,2,2024-06-21,2024-06-21,On-site,Panel,2.1,Hold,False
INT001140,APP004360,1,2025-08-02,2025-08-02,Video,Hiring Manager,5.0,Proceed,False
INT001141,APP004367,1,2025-11-21,2025-11-21,Video,Hiring Manager,2.9,Hold,False
INT001142,APP004375,1,2025-02-09,2025-02-09,On-site,Hiring Manager,3.5,Proceed,False
INT001143,APP004381,1,2024-08-17,2024-08-17,Video,Hiring Manager,3.9,Proceed,False
INT001144,APP004382,1,2024-12-03,2024-12-03,On-site,Hiring Manager,2.9,Hold,False
INT001145,APP004386,1,2025-09-11,2025-09-11,Video,Hiring Manager,2.7,Reject,False
INT001146,APP004387,1,2024-11-09,2024-11-09,On-site,Hiring Manager,4.7,Proceed,False
INT001147,APP004400,1,2024-07-17,2024-07-17,Video,Hiring Manager,4.2,Proceed,False
INT001148,APP004413,1,2024-09-22,2024-09-22,Video,Hiring Manager,4.4,Proceed,False
INT001149,APP004426,1,2025-08-24,2025-08-24,On-site,Hiring Manager,4.6,Proceed,False
INT001150,APP004427,1,2025-04-05,2025-04-05,Video,Hiring Manager,2.6,Reject,False
INT001151,APP004434,1,2025-04-04,2025-04-04,Video,Hiring Manager,4.3,Proceed,False
INT001152,APP004436,1,2024-04-05,2024-04-05,Video,Hiring Manager,2.0,Reject,False
INT001153,APP004441,1,2025-08-12,2025-08-12,Video,Hiring Manager,2.0,Reject,False
INT001154,APP004444,1,2025-03-30,2025-03-30,Video,Hiring Manager,4.0,Proceed,False
INT001155,APP004447,1,2024-07-20,2024-07-20,Video,Hiring Manager,4.5,Proceed,False
INT001156,APP004464,1,2025-03-15,2025-03-15,Video,Hiring Manager,2.6,Reject,False
INT001157,APP004465,1,2025-06-05,2025-06-05,Video,Hiring Manager,3.2,Hold,False
INT001158,APP004468,1,2025-01-18,2025-01-18,Video,Hiring Manager,2.6,Reject,False
INT001159,APP004469,1,2025-10-14,2025-10-14,Video,Hiring Manager,3.8,Proceed,False
INT001160,APP004470,1,2025-12-04,2025-12-04,On-site,Hiring Manager,3.9,Proceed,False
INT001161,APP004471,1,2025-09-14,2025-09-14,On-site,Hiring Manager,3.2,Hold,False
INT001162,APP004475,1,2025-04-26,2025-04-26,On-site,Hiring Manager,5.0,Proceed,False
INT001163,APP004481,1,2025-06-30,2025-06-30,Video,Hiring Manager,4.5,Proceed,False
INT001164,APP004482,1,2025-06-23,2025-06-23,Video,Hiring Manager,3.9,Proceed,False
INT001165,APP004482,2,2025-07-03,2025-07-03,Video,Panel,4.0,Proceed,False
INT001166,APP004484,1,2024-03-22,2024-03-22,Video,Hiring Manager,3.6,Proceed,False
INT001167,APP004489,1,2024-02-26,2024-02-26,Video,Hiring Manager,4.3,Proceed,False
INT001168,APP004499,1,2025-10-04,2025-10-04,Video,Hiring Manager,4.3,Proceed,False
INT001169,APP004504,1,2024-03-21,2024-03-21,On-site,Hiring Manager,2.5,Reject,False
INT001170,APP004508,1,2025-01-05,2025-01-05,Video,Hiring Manager,,Proceed,False
INT001171,APP004510,1,2025-09-13,2025-09-13,Video,Hiring Manager,2.9,Hold,False
INT001172,APP004512,1,2025-02-28,2025-02-28,Video,Hiring Manager,2.1,Reject,False
INT001173,APP004514,1,2025-05-19,2025-05-19,Video,Hiring Manager,4.1,Proceed,False
INT001174,APP004517,1,2025-02-06,2025-02-06,Video,Hiring Manager,2.9,Hold,False
INT001175,APP004520,1,2025-03-28,2025-03-28,Video,Hiring Manager,2.4,Reject,False
INT001176,APP004521,1,2025-03-02,2025-03-02,On-site,Hiring Manager,1.8,Reject,False
INT001177,APP004522,1,2024-12-21,2024-12-21,Phone,Hiring Manager,3.1,Hold,False
INT001178,APP004529,1,2024-07-14,2024-07-14,Video,Hiring Manager,3.0,Hold,False
INT001179,APP004530,1,2024-10-27,2024-10-27,Video,Hiring Manager,4.2,Proceed,False
INT001180,APP004531,1,2025-01-19,2025-01-19,Phone,Hiring Manager,3.4,Proceed,False
INT001181,APP004536,1,2025-07-06,2025-07-06,Phone,Hiring Manager,2.9,Hold,False
INT001182,APP004542,1,2025-06-29,2025-06-29,Phone,Hiring Manager,3.4,Proceed,False
INT001183,APP004543,1,2025-03-05,2025-03-05,Video,Hiring Manager,3.1,Hold,False
INT001184,APP004558,1,2025-09-16,2025-09-16,Video,Hiring Manager,4.8,Proceed,False
INT001185,APP004563,1,2024-04-16,2024-04-16,Video,Hiring Manager,3.3,Hold,False
INT001186,APP004564,1,2024-10-12,2024-10-12,Phone,Hiring Manager,4.2,Proceed,False
INT001187,APP004567,1,2024-10-13,2024-10-13,On-site,Hiring Manager,3.3,Hold,False
INT001188,APP004574,1,2024-08-19,2024-08-19,Video,Hiring Manager,2.8,Hold,False
INT001189,APP004578,1,2024-12-19,2024-12-19,On-site,Hiring Manager,2.1,Reject,False
INT001190,APP004579,1,2024-10-07,2024-10-07,Phone,Hiring Manager,3.3,Hold,False
INT001191,APP004585,1,2025-12-12,2025-12-12,Video,Hiring Manager,3.3,Hold,False
INT001192,APP004587,1,2025-09-24,2025-09-24,Video,Hiring Manager,5.0,Proceed,False
INT001193,APP004589,1,2025-02-23,2025-02-23,Video,Hiring Manager,2.9,Hold,False
INT001194,APP004591,1,2025-08-29,2025-08-29,On-site,Hiring Manager,4.3,Proceed,False
INT001195,APP004594,1,2025-07-18,2025-07-18,Video,Hiring Manager,3.4,Proceed,False
INT001196,APP004606,1,2024-09-17,2024-09-17,On-site,Hiring Manager,3.2,Hold,False
INT001197,APP004608,1,2024-10-21,2024-10-21,Phone,Hiring Manager,3.8,Proceed,False
INT001198,APP004613,1,2025-06-21,2025-06-21,Video,Hiring Manager,4.0,Proceed,False
INT001199,APP004618,1,2024-12-22,2024-12-22,On-site,Hiring Manager,5.0,Proceed,False
INT001200,APP004619,1,2025-09-15,2025-09-15,Video,Hiring Manager,3.5,Proceed,False
INT001201,APP004624,1,2025-05-23,2025-05-23,Video,Hiring Manager,3.5,Proceed,False
INT001202,APP004631,1,2025-09-15,2025-09-15,On-site,Hiring Manager,2.3,Reject,False
INT001203,APP004635,1,2025-06-27,2025-06-27,Phone,Hiring Manager,4.4,Proceed,False
INT001204,APP004638,1,2024-03-24,2024-03-24,Phone,Hiring Manager,3.5,Proceed,False
INT001205,APP004638,2,2024-03-29,2024-03-29,On-site,Panel,3.6,Proceed,False
INT001206,APP004645,1,2024-05-27,2024-05-27,Video,Hiring Manager,3.4,Proceed,False
INT001207,APP004650,1,2024-05-17,2024-05-17,On-site,Hiring Manager,3.7,Proceed,False
INT001208,APP004656,1,2024-10-08,2024-10-08,Video,Hiring Manager,3.0,Hold,False
INT001209,APP004658,1,2025-04-23,2025-04-23,On-site,Hiring Manager,3.2,Hold,False
INT001210,APP004662,1,2024-05-13,2024-05-13,Video,Hiring Manager,3.9,Proceed,False
INT001211,APP004666,1,2024-11-17,2024-11-17,Phone,Hiring Manager,3.7,Proceed,False
INT001212,APP004666,2,2024-11-28,2024-11-28,On-site,Panel,4.2,Proceed,False
INT001213,APP004667,1,2025-02-01,2025-02-01,Video,Hiring Manager,2.5,Reject,False
INT001214,APP004667,2,2025-02-06,2025-02-06,On-site,Panel,2.5,Hold,False
INT001215,APP004682,1,2024-02-28,2024-02-28,Video,Hiring Manager,2.8,Hold,False
INT001216,APP004682,2,2024-03-06,2024-03-06,On-site,Panel,2.7,Hold,False
INT001217,APP004684,1,2025-06-08,2025-06-08,Video,Hiring Manager,4.1,Proceed,False
INT001218,APP004687,1,2025-02-25,2025-02-25,Video,Hiring Manager,4.0,Proceed,False
INT001219,APP004689,1,2025-05-02,2025-05-02,Video,Hiring Manager,3.7,Proceed,False
INT001220,APP004691,1,2024-08-02,2024-08-02,On-site,Hiring Manager,3.4,Proceed,False
INT001221,APP004692,1,2024-10-05,2024-10-05,On-site,Hiring Manager,1.3,Reject,False
INT001222,APP004697,1,2024-12-09,2024-12-09,Phone,Hiring Manager,2.7,Reject,False
INT001223,APP004698,1,2025-01-12,2025-01-12,Phone,Hiring Manager,4.1,Proceed,False
INT001224,APP004701,1,2024-07-29,2024-07-29,Video,Hiring Manager,4.0,Proceed,False
INT001225,APP004701,2,2024-08-09,2024-08-09,Video,Panel,4.6,Proceed,False
INT001226,APP004702,1,2025-11-19,2025-11-19,Video,Hiring Manager,3.4,Proceed,False
INT001227,APP004707,1,2025-01-04,2025-01-04,Video,Hiring Manager,3.5,Proceed,False
INT001228,APP004720,1,2025-07-28,2025-07-28,On-site,Hiring Manager,3.0,Hold,False
INT001229,APP004720,2,2025-08-08,2025-08-08,On-site,Panel,3.6,Proceed,False
INT001230,APP004722,1,2024-12-05,2024-12-05,Video,Hiring Manager,2.5,Reject,False
INT001231,APP004727,1,2025-01-17,2025-01-17,Video,Hiring Manager,3.9,Proceed,False
INT001232,APP004730,1,2025-09-23,2025-09-23,Video,Hiring Manager,3.4,Proceed,False
INT001233,APP004735,1,2025-06-13,2025-06-13,Phone,Hiring Manager,3.6,Proceed,False
INT001234,APP004736,1,2025-09-24,2025-09-24,Phone,Hiring Manager,3.5,Proceed,False
INT001235,APP004740,1,2024-09-09,2024-09-09,On-site,Hiring Manager,3.8,Proceed,False
INT001236,APP004743,1,2025-03-04,2025-03-04,Video,Hiring Manager,3.2,Hold,False
INT001237,APP004746,1,2024-02-15,2024-02-15,Video,Hiring Manager,4.1,Proceed,False
INT001238,APP004749,1,2025-07-14,2025-07-14,Video,Hiring Manager,3.8,Proceed,False
INT001239,APP004750,1,2025-05-10,2025-05-10,Video,Hiring Manager,3.4,Proceed,False
INT001240,APP004763,1,2025-01-12,2025-01-12,On-site,Hiring Manager,3.5,Proceed,False
INT001241,APP004773,1,2024-10-02,2024-10-02,Phone,Hiring Manager,,Proceed,False
INT001242,APP004773,2,2024-10-10,2024-10-10,On-site,Panel,3.5,Proceed,False
INT001243,APP004779,1,2024-09-02,2024-09-02,On-site,Hiring Manager,2.2,Reject,False
INT001244,APP004782,1,2024-10-08,2024-10-08,On-site,Hiring Manager,3.8,Proceed,False
INT001245,APP004798,1,2024-01-29,2024-01-29,Video,Hiring Manager,5.0,Proceed,False
INT001246,APP004799,1,2024-11-14,2024-11-14,Video,Hiring Manager,4.2,Proceed,False
INT001247,APP004804,1,2025-12-03,2025-12-03,Phone,Hiring Manager,,Hold,False
INT001248,APP004806,1,2025-07-04,2025-07-04,Video,Hiring Manager,3.4,Proceed,False
INT001249,APP004806,2,2025-07-12,2025-07-12,Video,Panel,3.5,Proceed,False
INT001250,APP004809,1,2025-10-10,2025-10-10,Video,Hiring Manager,4.6,Proceed,False
INT001251,APP004811,1,2025-01-27,2025-01-27,On-site,Hiring Manager,2.9,Hold,False
INT001252,APP004812,1,2024-09-05,2024-09-05,Video,Hiring Manager,2.5,Reject,False
INT001253,APP004812,2,2024-09-14,2024-09-14,On-site,Panel,2.4,Hold,False
INT001254,APP004821,1,2025-09-20,2025-09-20,On-site,Hiring Manager,3.5,Proceed,False
INT001255,APP004830,1,2025-05-05,2025-05-05,On-site,Hiring Manager,4.6,Proceed,False
INT001256,APP004835,1,2024-11-25,2024-11-25,Video,Hiring Manager,4.0,Proceed,False
INT001257,APP004839,1,2025-09-28,2025-09-28,On-site,Hiring Manager,2.9,Hold,False
INT001258,APP004843,1,2024-07-30,2024-07-30,Video,Hiring Manager,3.6,Proceed,False
INT001259,APP004844,1,2025-09-01,2025-09-01,Video,Hiring Manager,3.9,Proceed,False
INT001260,APP004844,2,2025-09-10,2025-09-10,On-site,Panel,4.5,Proceed,False
INT001261,APP004847,1,2025-04-09,2025-04-09,Phone,Hiring Manager,3.5,Proceed,False
INT001262,APP004849,1,2025-06-09,2025-06-09,Video,Hiring Manager,,Proceed,False
INT001263,APP004862,1,2025-09-14,2025-09-14,On-site,Hiring Manager,3.5,Proceed,False
INT001264,APP004867,1,2025-07-26,2025-07-26,Video,Hiring Manager,4.0,Proceed,False
INT001265,APP004868,1,2024-04-22,2024-04-22,Video,Hiring Manager,3.9,Proceed,False
INT001266,APP004869,1,2025-09-25,2025-09-25,Video,Hiring Manager,2.1,Reject,False
INT001267,APP004871,1,2025-08-27,2025-08-27,Video,Hiring Manager,3.1,Hold,False
INT001268,APP004874,1,2025-02-03,2025-02-03,Video,Hiring Manager,3.4,Proceed,False
INT001269,APP004874,2,2025-02-14,2025-02-14,On-site,Panel,,Proceed,False
INT001270,APP004883,1,2024-12-19,2024-12-19,Video,Hiring Manager,4.1,Proceed,False
INT001271,APP004883,2,2024-12-29,2024-12-29,On-site,Panel,4.4,Proceed,False
INT001272,APP004893,1,2024-05-07,2024-05-07,On-site,Hiring Manager,3.2,Hold,False
INT001273,APP004895,1,2025-07-13,2025-07-13,Video,Hiring Manager,4.0,Proceed,False
INT001274,APP004901,1,2025-04-08,2025-04-08,Phone,Hiring Manager,3.9,Proceed,False
INT001275,APP004902,1,2025-04-17,2025-04-17,On-site,Hiring Manager,3.8,Proceed,False
INT001276,APP004909,1,2024-04-16,2024-04-16,Video,Hiring Manager,3.6,Proceed,False
INT001277,APP004911,1,2025-11-22,2025-11-22,Phone,Hiring Manager,3.9,Proceed,False
INT001278,APP004914,1,2024-07-28,2024-07-28,On-site,Hiring Manager,3.6,Proceed,False
INT001279,APP004924,1,2025-10-29,2025-10-29,Video,Hiring Manager,3.6,Proceed,False
INT001280,APP004933,1,2025-09-24,2025-09-24,Video,Hiring Manager,3.1,Hold,False
INT001281,APP004935,1,2024-07-24,2024-07-24,Phone,Hiring Manager,2.9,Hold,False
INT001282,APP004940,1,2025-06-19,2025-06-19,Video,Hiring Manager,2.1,Reject,False
INT001283,APP004941,1,2024-09-21,2024-09-21,Video,Hiring Manager,4.7,Proceed,False
INT001284,APP004942,1,2025-11-15,2025-11-15,Video,Hiring Manager,2.5,Reject,False
INT001285,APP004945,1,2024-12-18,2024-12-18,Video,Hiring Manager,3.9,Proceed,False
INT001286,APP004946,1,2025-05-15,2025-05-15,On-site,Hiring Manager,2.8,Hold,False
INT001287,APP004957,1,2025-10-02,2025-10-02,Video,Hiring Manager,3.1,Hold,False
INT001288,APP004961,1,2025-04-17,2025-04-17,Video,Hiring Manager,3.0,Hold,False
INT001289,APP004962,1,2024-04-16,2024-04-16,Phone,Hiring Manager,2.5,Reject,False
INT001290,APP004965,1,2024-09-01,2024-09-01,On-site,Hiring Manager,3.3,Hold,False
INT001291,APP004968,1,2025-07-11,2025-07-11,Phone,Hiring Manager,3.4,Proceed,False
INT001292,APP004972,1,2025-10-22,2025-10-22,Video,Hiring Manager,2.2,Reject,False
INT001293,APP004978,1,2025-09-18,2025-09-18,Video,Hiring Manager,2.8,Hold,False
INT001294,APP004982,1,2024-05-11,2024-05-11,Video,Hiring Manager,4.5,Proceed,False
INT001295,APP005007,1,2025-09-03,2025-09-03,Video,Hiring Manager,3.9,Proceed,False
INT001296,APP005009,1,2024-11-09,2024-11-09,On-site,Hiring Manager,3.8,Proceed,False
INT001297,APP005014,1,2025-11-04,2025-11-04,Phone,Hiring Manager,3.5,Proceed,False
INT001298,APP005027,1,2024-05-18,2024-05-18,Video,Hiring Manager,4.6,Proceed,False
INT001299,APP005028,1,2025-10-18,2025-10-18,On-site,Hiring Manager,2.9,Hold,False
INT001300,APP005029,1,2025-10-11,2025-10-11,On-site,Hiring Manager,1.8,Reject,False
INT001301,APP005031,1,2024-04-04,2024-04-04,On-site,Hiring Manager,3.6,Proceed,False
INT001302,APP005037,1,2024-12-23,2024-12-23,Video,Hiring Manager,4.2,Proceed,False
INT001303,APP005043,1,2025-02-25,2025-02-25,Phone,Hiring Manager,4.3,Proceed,False
INT001304,APP005045,1,2024-10-26,2024-10-26,Video,Hiring Manager,4.9,Proceed,False
INT001305,APP005046,1,2025-12-03,2025-12-03,Video,Hiring Manager,3.0,Hold,False
INT001306,APP005054,1,2025-10-19,2025-10-19,Video,Hiring Manager,3.3,Hold,False
INT001307,APP005064,1,2024-05-04,2024-05-04,Video,Hiring Manager,3.4,Proceed,False
INT001308,APP005068,1,2025-03-31,2025-03-31,Video,Hiring Manager,2.6,Reject,False
INT001309,APP005068,2,2025-04-07,2025-04-07,On-site,Panel,3.2,Hold,False
INT001310,APP005087,1,2025-08-11,2025-08-11,Video,Hiring Manager,4.0,Proceed,False
INT001311,APP005095,1,2025-11-19,2025-11-19,On-site,Hiring Manager,4.5,Proceed,False
INT001312,APP005096,1,2025-11-09,2025-11-09,Video,Hiring Manager,3.9,Proceed,False
INT001313,APP005099,1,2025-12-01,2025-12-01,Video,Hiring Manager,3.0,Hold,False
INT001314,APP005113,1,2025-08-20,2025-08-20,Video,Hiring Manager,3.6,Proceed,False
INT001315,APP005113,2,2025-08-24,2025-08-24,On-site,Panel,3.4,Proceed,False
INT001316,APP005120,1,2024-10-01,2024-10-01,Video,Hiring Manager,4.6,Proceed,False
INT001317,APP005121,1,2024-03-31,2024-03-31,On-site,Hiring Manager,2.3,Reject,False
INT001318,APP005127,1,2025-05-07,2025-05-07,Phone,Hiring Manager,,Proceed,False
INT001319,APP005130,1,2025-08-16,2025-08-16,Video,Hiring Manager,1.1,Reject,False
INT001320,APP005130,2,2025-08-20,2025-08-20,On-site,Panel,1.0,Hold,False
INT001321,APP005134,1,2025-08-23,2025-08-23,On-site,Hiring Manager,2.4,Reject,False
INT001322,APP005134,2,2025-08-27,2025-08-27,On-site,Panel,2.6,Hold,False
INT001323,APP005135,1,2025-09-27,2025-09-27,On-site,Hiring Manager,4.0,Proceed,False
INT001324,APP005140,1,2025-02-21,2025-02-21,On-site,Hiring Manager,3.6,Proceed,False
INT001325,APP005144,1,2025-01-20,2025-01-20,Phone,Hiring Manager,2.1,Reject,False
INT001326,APP005146,1,2024-04-04,2024-04-04,Video,Hiring Manager,2.7,Reject,False
INT001327,APP005146,2,2024-04-11,2024-04-11,On-site,Panel,2.5,Hold,False
INT001328,APP005148,1,2024-08-29,2024-08-29,On-site,Hiring Manager,2.7,Reject,False
INT001329,APP005148,2,2024-09-05,2024-09-05,On-site,Panel,,Hold,False
INT001330,APP005151,1,2024-10-21,2024-10-21,Video,Hiring Manager,3.7,Proceed,False
INT001331,APP005157,1,2024-10-05,2024-10-05,Video,Hiring Manager,2.8,Hold,False
INT001332,APP005161,1,2024-10-10,2024-10-10,Video,Hiring Manager,4.4,Proceed,False
INT001333,APP005187,1,2025-07-04,2025-07-04,Video,Hiring Manager,4.3,Proceed,False
INT001334,APP005191,1,2025-07-23,2025-07-23,On-site,Hiring Manager,2.7,Reject,False
INT001335,APP005196,1,2024-02-11,2024-02-11,Video,Hiring Manager,5.0,Proceed,False
INT001336,APP005199,1,2024-11-06,2024-11-06,Video,Hiring Manager,,Hold,False
INT001337,APP005202,1,2025-01-07,2025-01-07,Video,Hiring Manager,3.3,Hold,False
INT001338,APP005207,1,2025-12-07,2025-12-07,Phone,Hiring Manager,4.6,Proceed,False
INT001339,APP005210,1,2025-09-08,2025-09-08,Video,Hiring Manager,2.4,Reject,False
INT001340,APP005211,1,2024-09-24,2024-09-24,Phone,Hiring Manager,4.5,Proceed,False
INT001341,APP005211,2,2024-10-04,2024-10-04,On-site,Panel,4.8,Proceed,False
INT001342,APP005213,1,2025-01-25,2025-01-25,Video,Hiring Manager,2.3,Reject,False
INT001343,APP005216,1,2025-12-19,2025-12-19,Video,Hiring Manager,3.2,Hold,False
INT001344,APP005231,1,2025-11-13,2025-11-13,Phone,Hiring Manager,2.0,Reject,False
INT001345,APP005235,1,2025-10-09,2025-10-09,Video,Hiring Manager,3.4,Proceed,False
INT001346,APP005236,1,2025-10-22,2025-10-22,Video,Hiring Manager,2.9,Hold,False
INT001347,APP005241,1,2024-04-05,2024-04-05,Phone,Hiring Manager,,Proceed,False
INT001348,APP005245,1,2025-12-19,2025-12-19,On-site,Hiring Manager,1.8,Reject,False
INT001349,APP005246,1,2025-03-16,2025-03-16,Video,Hiring Manager,2.9,Hold,False
INT001350,APP005251,1,2025-10-20,2025-10-20,Video,Hiring Manager,2.4,Reject,False
INT001351,APP005252,1,2024-12-23,2024-12-23,Video,Hiring Manager,2.5,Reject,False
INT001352,APP005255,1,2025-08-31,2025-08-31,Video,Hiring Manager,2.6,Reject,False
INT001353,APP005260,1,2024-12-18,2024-12-18,Video,Hiring Manager,4.1,Proceed,False
INT001354,APP005265,1,2025-06-24,2025-06-24,Video,Hiring Manager,2.7,Reject,False
INT001355,APP005267,1,2024-07-29,2024-07-29,Video,Hiring Manager,1.7,Reject,False
INT001356,APP005271,1,2025-01-22,2025-01-22,Video,Hiring Manager,4.5,Proceed,False
INT001357,APP005272,1,2024-04-23,2024-04-23,Video,Hiring Manager,3.3,Hold,False
INT001358,APP005290,1,2025-02-16,2025-02-16,On-site,Hiring Manager,3.2,Hold,False
INT001359,APP005291,1,2024-11-06,2024-11-06,On-site,Hiring Manager,,Proceed,False
INT001360,APP005293,1,2025-10-26,2025-10-26,Video,Hiring Manager,3.5,Proceed,False
INT001361,APP005296,1,2024-08-20,2024-08-20,Video,Hiring Manager,2.1,Reject,False
INT001362,APP005299,1,2025-02-27,2025-02-27,On-site,Hiring Manager,4.1,Proceed,False
INT001363,APP005300,1,2025-07-02,2025-07-02,Video,Hiring Manager,1.2,Reject,False
INT001364,APP005301,1,2024-03-14,2024-03-14,Video,Hiring Manager,1.9,Reject,False
INT001365,APP005303,1,2025-05-09,2025-05-09,Video,Hiring Manager,3.3,Hold,False
INT001366,APP005315,1,2024-03-01,2024-03-01,Video,Hiring Manager,2.6,Reject,False
INT001367,APP005323,1,2025-09-13,2025-09-13,On-site,Hiring Manager,2.2,Reject,False
INT001368,APP005324,1,2024-03-14,2024-03-14,Video,Hiring Manager,4.3,Proceed,False
INT001369,APP005327,1,2024-10-25,2024-10-25,Phone,Hiring Manager,4.5,Proceed,False
INT001370,APP005329,1,2024-09-01,2024-09-01,Video,Hiring Manager,3.2,Hold,False
INT001371,APP005347,1,2025-06-07,2025-06-07,On-site,Hiring Manager,4.3,Proceed,False
INT001372,APP005356,1,2024-03-10,2024-03-10,Video,Hiring Manager,2.4,Reject,False
INT001373,APP005360,1,2025-02-15,2025-02-15,Video,Hiring Manager,2.3,Reject,False
INT001374,APP005360,2,2025-02-25,2025-02-25,On-site,Panel,2.4,Hold,False
INT001375,APP005364,1,2025-05-11,2025-05-11,Video,Hiring Manager,3.3,Hold,False
INT001376,APP005367,1,2024-02-24,2024-02-24,Video,Hiring Manager,2.9,Hold,False
INT001377,APP005367,2,2024-02-29,2024-02-29,On-site,Panel,2.9,Hold,False
INT001378,APP005369,1,2025-03-17,2025-03-17,Video,Hiring Manager,3.1,Hold,False
INT001379,APP005372,1,2024-11-21,2024-11-21,On-site,Hiring Manager,2.8,Hold,False
INT001380,APP005384,1,2025-05-05,2025-05-05,On-site,Hiring Manager,2.7,Reject,False
INT001381,APP005389,1,2025-08-30,2025-08-30,Video,Hiring Manager,3.1,Hold,False
INT001382,APP005390,1,2025-05-17,2025-05-04,Video,Hiring Manager,3.6,Proceed,False
INT001383,APP005394,1,2025-01-18,2025-01-18,Phone,Hiring Manager,3.5,Proceed,False
INT001384,APP005398,1,2026-01-04,2026-01-04,On-site,Hiring Manager,4.6,Proceed,False
INT001385,APP005403,1,2024-06-20,2024-06-20,Video,Hiring Manager,2.6,Reject,False
INT001386,APP005405,1,2024-09-30,2024-09-30,Video,Hiring Manager,3.8,Proceed,False
INT001387,APP005407,1,2025-12-13,2025-12-13,Phone,Hiring Manager,2.9,Hold,False
INT001388,APP005407,2,2025-12-24,2025-12-24,On-site,Panel,2.5,Hold,False
INT001389,APP005408,1,2024-10-14,2024-10-14,Video,Hiring Manager,4.4,Proceed,False
INT001390,APP005411,1,2025-08-12,2025-08-12,Phone,Hiring Manager,3.2,Hold,False
INT001391,APP005413,1,2024-08-26,2024-08-26,Phone,Hiring Manager,3.5,Proceed,False
INT001392,APP005423,1,2025-10-05,2025-10-05,Video,Hiring Manager,4.4,Proceed,False
INT001393,APP005427,1,2025-05-11,2025-05-11,Video,Hiring Manager,2.9,Hold,False
INT001394,APP005436,1,2024-11-18,2024-11-18,On-site,Hiring Manager,3.5,Proceed,False
INT001395,APP005437,1,2025-06-18,2025-06-18,Video,Hiring Manager,3.3,Hold,False
INT001396,APP005438,1,2025-06-30,2025-06-30,Video,Hiring Manager,3.3,Hold,False
INT001397,APP005450,1,2024-10-03,2024-10-03,Phone,Hiring Manager,2.9,Hold,False
INT001398,APP005451,1,2025-03-17,2025-03-17,On-site,Hiring Manager,2.7,Reject,False
INT001399,APP005452,1,2024-12-13,2024-12-13,On-site,Hiring Manager,3.0,Hold,False
INT001400,APP005460,1,2025-06-08,2025-06-08,Video,Hiring Manager,3.2,Hold,False
INT001401,APP005460,2,2025-06-16,2025-06-16,On-site,Panel,4.1,Proceed,False
INT001402,APP005462,1,2024-04-24,2024-04-24,Video,Hiring Manager,3.1,Hold,False
INT001403,APP005470,1,2025-07-03,2025-07-03,Phone,Hiring Manager,2.8,Hold,False
INT001404,APP005471,1,2025-09-12,2025-09-12,Video,Hiring Manager,4.2,Proceed,False
INT001405,APP005474,1,2024-11-01,2024-11-01,On-site,Hiring Manager,3.0,Hold,False
INT001406,APP005474,2,2024-11-10,2024-10-29,On-site,Panel,2.8,Hold,False
INT001407,APP005489,1,2025-12-28,2025-12-28,Video,Hiring Manager,3.3,Hold,False
INT001408,APP005490,1,2024-05-13,2024-05-13,On-site,Hiring Manager,1.7,Reject,False
INT001409,APP005491,1,2024-08-27,2024-08-27,Phone,Hiring Manager,3.3,Hold,False
INT001410,APP005491,2,2024-09-07,2024-09-07,On-site,Panel,3.2,Hold,False
INT001411,APP005493,1,2024-04-13,2024-04-13,Video,Hiring Manager,4.3,Proceed,False
INT001412,APP005495,1,2024-05-30,2024-05-30,Video,Hiring Manager,5.0,Proceed,False
INT001413,APP005500,1,2024-04-22,2024-04-22,Video,Hiring Manager,4.1,Proceed,False
INT001414,APP005502,1,2025-02-10,2025-02-10,On-site,Hiring Manager,5.0,Proceed,False
INT001415,APP005508,1,2024-02-07,2024-02-07,Video,Hiring Manager,4.8,Proceed,False
INT001416,APP005521,1,2025-03-24,2025-03-24,Video,Hiring Manager,3.3,Hold,False
INT001417,APP005522,1,2024-05-23,2024-05-23,Phone,Hiring Manager,3.5,Proceed,False
INT001418,APP005524,1,2025-03-30,2025-03-30,Video,Hiring Manager,3.4,Proceed,False
INT001419,APP005526,1,2024-07-16,2024-07-16,On-site,Hiring Manager,4.7,Proceed,False
INT001420,APP005526,2,2024-07-23,2024-07-23,On-site,Panel,5.0,Proceed,False
INT001421,APP005537,1,2025-04-22,2025-04-22,On-site,Hiring Manager,2.5,Reject,False
INT001422,APP005538,1,2024-05-10,2024-05-10,Video,Hiring Manager,3.3,Hold,False
INT001423,APP005546,1,2024-03-28,2024-03-28,Video,Hiring Manager,1.9,Reject,False
INT001424,APP005548,1,2024-09-24,2024-09-24,On-site,Hiring Manager,4.6,Proceed,False
INT001425,APP005551,1,2024-05-23,2024-05-23,On-site,Hiring Manager,4.3,Proceed,False
INT001426,APP005555,1,2024-07-21,2024-07-21,Video,Hiring Manager,4.7,Proceed,False
INT001427,APP005561,1,2025-11-23,2025-11-23,On-site,Hiring Manager,2.2,Reject,False
INT001428,APP005562,1,2024-06-03,2024-06-03,On-site,Hiring Manager,4.3,Proceed,False
INT001429,APP005566,1,2025-07-08,2025-07-08,Phone,Hiring Manager,3.6,Proceed,False
INT001430,APP005566,2,2025-07-19,2025-07-19,Video,Panel,4.1,Proceed,False
INT001431,APP005572,1,2025-07-07,2025-07-07,Video,Hiring Manager,3.1,Hold,False
INT001432,APP005575,1,2024-05-04,2024-05-04,On-site,Hiring Manager,2.7,Reject,False
INT001433,APP005575,2,2024-05-14,2024-05-14,On-site,Panel,3.2,Hold,False
INT001434,APP005578,1,2024-10-25,2024-10-25,Video,Hiring Manager,3.4,Proceed,False
INT001435,APP005581,1,2025-10-20,2025-10-20,Phone,Hiring Manager,3.2,Hold,False
INT001436,APP005583,1,2024-03-26,2024-03-26,Video,Hiring Manager,3.7,Proceed,False
INT001437,APP005595,1,2025-06-18,2025-06-18,Video,Hiring Manager,4.1,Proceed,False
INT001438,APP005598,1,2025-01-01,2025-01-01,On-site,Hiring Manager,4.2,Proceed,False
INT001439,APP005602,1,2025-09-17,2025-09-17,Video,Hiring Manager,3.2,Hold,False
INT001440,APP005603,1,2025-04-12,2025-04-12,Video,Hiring Manager,3.1,Hold,False
INT001441,APP005611,1,2025-01-05,2025-01-05,Phone,Hiring Manager,1.9,Reject,False
INT001442,APP005613,1,2025-09-17,2025-09-17,Video,Hiring Manager,1.5,Reject,False
INT001443,APP005613,2,2025-09-21,2025-09-21,Video,Panel,2.7,Hold,False
INT001444,APP005614,1,2024-09-01,2024-09-01,Video,Hiring Manager,1.9,Reject,False
INT001445,APP005620,1,2025-10-13,2025-10-13,On-site,Hiring Manager,3.8,Proceed,False
INT001446,APP005621,1,2025-09-07,2025-09-07,Phone,Hiring Manager,3.2,Hold,False
INT001447,APP005633,1,2024-08-31,2024-08-31,On-site,Hiring Manager,2.3,Reject,False
INT001448,APP005636,1,2026-01-25,2026-01-25,Video,Hiring Manager,3.5,Proceed,False
INT001449,APP005645,1,2025-08-28,2025-08-28,On-site,Hiring Manager,3.8,Proceed,False
INT001450,APP005665,1,2024-07-21,2024-07-21,Video,Hiring Manager,3.7,Proceed,False
INT001451,APP005684,1,2025-09-11,2025-09-11,Video,Hiring Manager,2.7,Reject,False
INT001452,APP005689,1,2025-08-03,2025-08-03,Video,Hiring Manager,5.0,Proceed,False
INT001453,APP005690,1,2024-06-16,2024-06-16,Video,Hiring Manager,3.3,Hold,False
INT001454,APP005691,1,2025-08-02,2025-08-02,On-site,Hiring Manager,3.7,Proceed,False
INT001455,APP005691,2,2025-08-09,2025-08-09,On-site,Panel,4.1,Proceed,False
INT001456,APP005693,1,2025-12-07,2025-12-07,Video,Hiring Manager,4.3,Proceed,False
INT001457,APP005699,1,2024-11-12,2024-11-12,Phone,Hiring Manager,3.9,Proceed,False
INT001458,APP005700,1,2024-02-18,2024-02-18,Video,Hiring Manager,4.0,Proceed,False
INT001459,APP005700,2,2024-02-28,2024-02-28,On-site,Panel,4.4,Proceed,False
INT001460,APP005705,1,2025-10-13,2025-10-13,Video,Hiring Manager,4.2,Proceed,False
INT001461,APP005716,1,2025-05-01,2025-05-01,On-site,Hiring Manager,2.9,Hold,False
INT001462,APP005716,2,2025-05-08,2025-05-08,On-site,Panel,3.7,Proceed,False
INT001463,APP005719,1,2025-02-27,2025-02-27,Video,Hiring Manager,2.9,Hold,False
INT001464,APP005730,1,2025-11-24,2025-11-24,Video,Hiring Manager,4.0,Proceed,False
INT001465,APP005749,1,2025-10-09,2025-10-09,Phone,Hiring Manager,2.8,Hold,False
INT001466,APP005751,1,2025-07-20,2025-07-20,Video,Hiring Manager,3.7,Proceed,False
INT001467,APP005751,2,2025-07-31,2025-07-31,Video,Panel,3.5,Proceed,False
INT001468,APP005753,1,2025-02-15,2025-02-15,Video,Hiring Manager,2.7,Reject,False
INT001469,APP005756,1,2025-08-08,2025-08-08,On-site,Hiring Manager,2.7,Reject,False
INT001470,APP005757,1,2025-09-15,2025-09-15,On-site,Hiring Manager,3.2,Hold,False
INT001471,APP005761,1,2024-08-31,2024-08-31,Video,Hiring Manager,4.1,Proceed,False
INT001472,APP005763,1,2025-02-17,2025-02-17,On-site,Hiring Manager,4.5,Proceed,False
INT001473,APP005766,1,2025-06-08,2025-06-08,Video,Hiring Manager,4.2,Proceed,False
INT001474,APP005767,1,2025-06-18,2025-06-18,On-site,Hiring Manager,4.3,Proceed,False
INT001475,APP005767,2,2025-06-24,2025-06-24,On-site,Panel,5.0,Proceed,False
INT001476,APP005783,1,2025-03-22,2025-03-22,Video,Hiring Manager,3.4,Proceed,False
INT001477,APP005784,1,2025-04-22,2025-04-22,Video,Hiring Manager,2.1,Reject,False
INT001478,APP005791,1,2024-11-25,2024-11-25,On-site,Hiring Manager,3.9,Proceed,False
INT001479,APP005799,1,2024-04-02,2024-04-02,On-site,Hiring Manager,4.5,Proceed,False
INT001480,APP005804,1,2024-03-31,2024-03-31,Video,Hiring Manager,2.5,Reject,False
INT001481,APP005805,1,2025-07-15,2025-07-15,On-site,Hiring Manager,3.8,Proceed,False
INT001482,APP005808,1,2024-10-11,2024-10-11,Video,Hiring Manager,2.4,Reject,False
INT001483,APP005809,1,2025-06-16,2025-06-16,Phone,Hiring Manager,3.3,Hold,False
INT001484,APP005813,1,2024-02-17,2024-02-17,Video,Hiring Manager,3.5,Proceed,False
INT001485,APP005823,1,2025-12-15,2025-12-15,Video,Hiring Manager,3.8,Proceed,False
INT001486,APP005843,1,2024-08-10,2024-08-10,On-site,Hiring Manager,4.4,Proceed,False
INT001487,APP005845,1,2025-07-12,2025-07-12,Video,Hiring Manager,2.6,Reject,False
INT001488,APP005855,1,2024-09-15,2024-09-15,On-site,Hiring Manager,1.5,Reject,False
INT001489,APP005857,1,2025-04-27,2025-04-27,Video,Hiring Manager,3.3,Hold,False
INT001490,APP005868,1,2024-06-21,2024-06-21,On-site,Hiring Manager,2.5,Reject,False
INT001491,APP005869,1,2024-11-23,2024-11-23,Video,Hiring Manager,3.3,Hold,False
INT001492,APP005870,1,2025-03-18,2025-03-18,On-site,Hiring Manager,4.4,Proceed,False
INT001493,APP005872,1,2024-04-26,2024-04-26,On-site,Hiring Manager,3.3,Hold,False
INT001494,APP005873,1,2024-03-18,2024-03-18,Phone,Hiring Manager,4.4,Proceed,False
INT001495,APP005873,2,2024-03-23,2024-03-23,On-site,Panel,4.8,Proceed,False
INT001496,APP005879,1,2024-10-08,2024-10-08,Video,Hiring Manager,3.7,Proceed,False
INT001497,APP005880,1,2025-04-17,2025-04-17,Phone,Hiring Manager,2.3,Reject,False
INT001498,APP005880,2,2025-04-27,2025-04-27,On-site,Panel,2.0,Hold,False
INT001499,APP005883,1,2025-08-27,2025-08-27,Video,Hiring Manager,3.2,Hold,False
INT001500,APP005886,1,2025-01-23,2025-01-23,Video,Hiring Manager,3.1,Hold,False
INT001501,APP005892,1,2024-12-05,2024-12-05,Video,Hiring Manager,,Proceed,False
INT001502,APP005897,1,2024-05-06,2024-05-06,Phone,Hiring Manager,3.6,Proceed,False
INT001503,APP005903,1,2025-12-10,2025-12-10,Video,Hiring Manager,3.6,Proceed,False
INT001504,APP005903,2,2025-12-16,2025-12-16,On-site,Panel,2.9,Hold,False
INT001505,APP005910,1,2024-02-15,2024-02-15,Video,Hiring Manager,3.6,Proceed,False
INT001506,APP005913,1,2025-04-23,2025-04-23,Video,Hiring Manager,2.1,Reject,False
INT001507,APP005928,1,2024-07-19,2024-07-19,Video,Hiring Manager,4.0,Proceed,False
INT001508,APP005930,1,2024-12-09,2024-12-09,Phone,Hiring Manager,4.1,Proceed,False
INT001509,APP005939,1,2025-05-04,2025-05-04,On-site,Hiring Manager,4.2,Proceed,False
INT001510,APP005939,2,2025-05-15,2025-05-15,On-site,Panel,4.2,Proceed,False
INT001511,APP005944,1,2024-05-02,2024-05-02,On-site,Hiring Manager,4.2,Proceed,False
INT001512,APP005945,1,2024-04-30,2024-04-30,Video,Hiring Manager,2.6,Reject,False
INT001513,APP005945,2,2024-05-09,2024-05-09,On-site,Panel,2.8,Hold,False
INT001514,APP005952,1,2024-09-07,2024-09-07,On-site,Hiring Manager,3.3,Hold,False
INT001515,APP005955,1,2024-04-05,2024-04-05,Phone,Hiring Manager,3.0,Hold,False
INT001516,APP005955,2,2024-04-12,2024-04-12,On-site,Panel,2.9,Hold,False
INT001517,APP005962,1,2025-02-23,2025-02-23,On-site,Hiring Manager,3.1,Hold,False
INT001518,APP005963,1,2024-11-27,2024-11-27,Video,Hiring Manager,3.3,Hold,False
INT001519,APP005974,1,2024-10-27,2024-10-27,Video,Hiring Manager,2.8,Hold,False
INT001520,APP005974,2,2024-11-07,2024-11-07,On-site,Panel,2.4,Hold,False
INT001521,APP005975,1,2024-08-07,2024-08-07,Video,Hiring Manager,3.8,Proceed,False
INT001522,APP005984,1,2024-08-17,2024-08-17,On-site,Hiring Manager,2.8,Hold,False
INT001523,APP005985,1,2025-09-29,2025-09-29,Video,Hiring Manager,2.8,Hold,False
INT001524,APP005986,1,2025-06-27,2025-06-27,Phone,Hiring Manager,2.9,Hold,False
INT001525,APP005988,1,2024-04-21,2024-04-21,Phone,Hiring Manager,2.9,Hold,False
INT001526,APP005995,1,2025-08-19,2025-08-19,Video,Hiring Manager,3.5,Proceed,False
INT001527,APP005996,1,2024-11-09,2024-11-09,Phone,Hiring Manager,3.2,Hold,False
INT001528,APP006013,1,2024-12-26,2024-12-26,Video,Hiring Manager,4.3,Proceed,False
INT001529,APP006022,1,2025-11-20,2025-11-20,On-site,Hiring Manager,3.3,Hold,False
INT001530,APP006025,1,2024-08-21,2024-08-21,On-site,Hiring Manager,2.9,Hold,False
INT001531,APP006040,1,2025-07-18,2025-07-18,Video,Hiring Manager,3.0,Hold,False
INT001532,APP006040,2,2025-07-26,2025-07-26,On-site,Panel,3.5,Proceed,False
INT001533,APP006044,1,2024-04-21,2024-04-21,Video,Hiring Manager,3.2,Hold,False
INT001534,APP006046,1,2025-02-03,2025-02-03,Video,Hiring Manager,4.3,Proceed,False
INT001535,APP006050,1,2024-03-14,2024-03-14,Video,Hiring Manager,2.5,Reject,False
INT001536,APP006050,2,2024-03-18,2024-03-18,On-site,Panel,2.8,Hold,False
INT001537,APP006051,1,2025-08-02,2025-08-02,Video,Hiring Manager,3.9,Proceed,False
INT001538,APP006054,1,2024-12-10,2024-12-10,On-site,Hiring Manager,2.2,Reject,False
INT001539,APP006058,1,2024-07-04,2024-07-04,On-site,Hiring Manager,5.0,Proceed,False
INT001540,APP006065,1,2024-07-07,2024-07-07,Video,Hiring Manager,4.1,Proceed,False
INT001541,APP006074,1,2025-07-16,2025-07-16,On-site,Hiring Manager,3.6,Proceed,False
INT001542,APP006077,1,2025-11-18,2025-11-18,Phone,Hiring Manager,2.9,Hold,False
INT001543,APP006077,2,2025-11-24,2025-11-24,On-site,Panel,3.5,Proceed,False
INT001544,APP006079,1,2024-07-27,2024-07-27,On-site,Hiring Manager,3.6,Proceed,False
INT001545,APP006080,1,2024-05-05,2024-05-05,Video,Hiring Manager,3.5,Proceed,False
INT001546,APP006085,1,2025-12-23,2025-12-23,Video,Hiring Manager,3.2,Hold,False
INT001547,APP006087,1,2025-05-30,2025-05-30,On-site,Hiring Manager,3.5,Proceed,False
INT001548,APP006087,2,2025-06-03,2025-06-03,Video,Panel,3.6,Proceed,False
INT001549,APP006092,1,2025-03-27,2025-03-27,Video,Hiring Manager,4.3,Proceed,False
INT001550,APP006100,1,2025-04-10,2025-04-10,On-site,Hiring Manager,3.1,Hold,False
INT001551,APP006100,2,2025-04-21,2025-04-21,On-site,Panel,3.8,Proceed,False
INT001552,APP006108,1,2025-06-20,2025-06-20,Video,Hiring Manager,2.8,Hold,False
INT001553,APP006108,2,2025-06-25,2025-06-25,On-site,Panel,1.9,Hold,False
INT001554,APP006119,1,2025-03-20,2025-03-20,Video,Hiring Manager,3.8,Proceed,False
INT001555,APP006120,1,2025-06-07,2025-06-07,Video,Hiring Manager,4.8,Proceed,False
INT001556,APP006120,2,2025-06-16,2025-06-16,On-site,Panel,5.0,Proceed,False
INT001557,APP006123,1,2025-05-10,2025-05-10,On-site,Hiring Manager,3.1,Hold,False
INT001558,APP006124,1,2025-06-03,2025-06-03,Video,Hiring Manager,3.1,Hold,False
INT001559,APP006129,1,2024-06-08,2024-06-08,Video,Hiring Manager,3.7,Proceed,False
INT001560,APP006130,1,2025-03-23,2025-03-23,On-site,Hiring Manager,1.4,Reject,False
INT001561,APP006136,1,2025-01-26,2025-01-26,Video,Hiring Manager,3.8,Proceed,False
INT001562,APP006138,1,2024-07-04,2024-07-04,On-site,Hiring Manager,,Reject,False
INT001563,APP006139,1,2025-08-31,2025-08-31,On-site,Hiring Manager,3.3,Hold,False
INT001564,APP006140,1,2025-04-05,2025-04-05,Video,Hiring Manager,3.3,Hold,False
INT001565,APP006145,1,2025-07-19,2025-07-19,Video,Hiring Manager,1.6,Reject,False
INT001566,APP006145,2,2025-07-26,2025-07-26,On-site,Panel,1.7,Hold,False
INT001567,APP006153,1,2025-05-03,2025-05-03,Video,Hiring Manager,4.3,Proceed,False
INT001568,APP006154,1,2024-02-18,2024-02-18,On-site,Hiring Manager,3.2,Hold,False
INT001569,APP006157,1,2025-11-03,2025-11-03,Video,Hiring Manager,3.6,Proceed,False
INT001570,APP006162,1,2025-08-24,2025-08-24,On-site,Hiring Manager,3.6,Proceed,False
INT001571,APP006165,1,2025-03-08,2025-03-08,Video,Hiring Manager,5.0,Proceed,False
INT001572,APP006168,1,2024-08-06,2024-08-06,Video,Hiring Manager,2.5,Reject,False
INT001573,APP006170,1,2025-08-31,2025-08-31,On-site,Hiring Manager,2.4,Reject,False
INT001574,APP006172,1,2024-11-23,2024-11-23,Video,Hiring Manager,3.1,Hold,False
INT001575,APP006183,1,2024-10-29,2024-10-29,Video,Hiring Manager,2.3,Reject,False
INT001576,APP006187,1,2024-04-09,2024-04-09,Phone,Hiring Manager,3.1,Hold,False
INT001577,APP006193,1,2025-04-04,2025-04-04,Video,Hiring Manager,2.3,Reject,False
INT001578,APP006196,1,2025-05-05,2025-05-05,Video,Hiring Manager,4.5,Proceed,False
INT001579,APP006197,1,2024-10-12,2024-10-12,Video,Hiring Manager,4.6,Proceed,False
INT001580,APP006202,1,2024-08-04,2024-08-04,On-site,Hiring Manager,4.6,Proceed,False
INT001581,APP006206,1,2025-06-22,2025-06-22,On-site,Hiring Manager,4.2,Proceed,False
INT001582,APP006211,1,2025-08-14,2025-08-14,Video,Hiring Manager,3.4,Proceed,False
INT001583,APP006217,1,2024-10-22,2024-10-22,Video,Hiring Manager,4.0,Proceed,False
INT001584,APP006220,1,2024-11-29,2024-11-29,Video,Hiring Manager,1.9,Reject,False
INT001585,APP006222,1,2025-07-09,2025-07-09,On-site,Hiring Manager,3.8,Proceed,False
INT001586,APP006225,1,2024-07-24,2024-07-24,On-site,Hiring Manager,3.1,Hold,False
INT001587,APP006230,1,2025-03-07,2025-03-07,Video,Hiring Manager,3.5,Proceed,False
INT001588,APP006234,1,2025-11-30,2025-11-30,Phone,Hiring Manager,4.2,Proceed,False
INT001589,APP006242,1,2024-05-08,2024-05-08,On-site,Hiring Manager,2.0,Reject,False
INT001590,APP006243,1,2025-04-05,2025-04-05,Video,Hiring Manager,4.3,Proceed,False
INT001591,APP006259,1,2025-12-20,2025-12-20,Video,Hiring Manager,4.3,Proceed,False
INT001592,APP006262,1,2025-12-06,2025-12-06,On-site,Hiring Manager,4.5,Proceed,False
INT001593,APP006264,1,2025-02-05,2025-02-05,Video,Hiring Manager,4.1,Proceed,False
INT001594,APP006266,1,2025-01-26,2025-01-26,On-site,Hiring Manager,3.4,Proceed,False
INT001595,APP006267,1,2024-11-02,2024-11-02,Video,Hiring Manager,3.2,Hold,False
INT001596,APP006270,1,2025-03-09,2025-03-09,On-site,Hiring Manager,2.3,Reject,False
INT001597,APP006270,2,2025-03-13,2025-03-13,On-site,Panel,2.8,Hold,False
INT001598,APP006273,1,2024-06-29,2024-06-29,On-site,Hiring Manager,4.7,Proceed,False
INT001599,APP006282,1,2025-01-20,2025-01-20,Phone,Hiring Manager,2.5,Reject,False
INT001600,APP006283,1,2024-11-17,2024-11-17,Phone,Hiring Manager,3.4,Proceed,False
INT001601,APP006286,1,2024-10-10,2024-10-10,Video,Hiring Manager,3.2,Hold,False
INT001602,APP006287,1,2024-09-04,2024-09-04,Video,Hiring Manager,2.3,Reject,False
INT001603,APP006293,1,2025-06-28,2025-06-28,Video,Hiring Manager,3.0,Hold,False
INT001604,APP006301,1,2024-12-05,2024-12-05,Video,Hiring Manager,4.1,Proceed,False
INT001605,APP006303,1,2025-04-13,2025-04-13,Video,Hiring Manager,3.6,Proceed,False
INT001606,APP006307,1,2025-06-21,2025-06-21,Phone,Hiring Manager,5.0,Proceed,False
INT001607,APP006316,1,2025-01-21,2025-01-21,Video,Hiring Manager,4.1,Proceed,False
INT001608,APP006317,1,2025-06-16,2025-06-16,Video,Hiring Manager,4.0,Proceed,False
INT001609,APP006320,1,2025-08-17,2025-08-17,Video,Hiring Manager,3.4,Proceed,False
INT001610,APP006326,1,2025-04-17,2025-04-17,Video,Hiring Manager,4.3,Proceed,False
INT001611,APP006335,1,2025-11-24,2025-11-24,Video,Hiring Manager,3.6,Proceed,False
INT001612,APP006339,1,2025-07-05,2025-07-05,On-site,Hiring Manager,3.5,Proceed,False
INT001613,APP006351,1,2024-11-16,2024-11-16,Video,Hiring Manager,2.7,Reject,False
INT001614,APP006355,1,2024-06-01,2024-06-01,On-site,Hiring Manager,2.6,Reject,False
INT001615,APP006359,1,2024-08-11,2024-08-11,Phone,Hiring Manager,3.1,Hold,False
INT001616,APP006365,1,2025-02-10,2025-02-10,Video,Hiring Manager,3.8,Proceed,False
INT001617,APP006365,2,2025-02-20,2025-02-20,Video,Panel,3.8,Proceed,False
INT001618,APP006366,1,2025-02-17,2025-02-17,Video,Hiring Manager,4.5,Proceed,False
INT001619,APP006370,1,2024-04-26,2024-04-26,Video,Hiring Manager,3.6,Proceed,False
INT001620,APP006372,1,2025-11-02,2025-11-02,Phone,Hiring Manager,2.6,Reject,False
INT001621,APP006377,1,2024-07-03,2024-07-03,Video,Hiring Manager,3.5,Proceed,False
INT001622,APP006386,1,2025-09-13,2025-09-13,On-site,Hiring Manager,3.5,Proceed,False
INT001623,APP006389,1,2024-07-16,2024-07-16,Video,Hiring Manager,4.6,Proceed,False
INT001624,APP006391,1,2024-08-22,2024-08-22,On-site,Hiring Manager,4.3,Proceed,False
INT001625,APP006391,2,2024-08-28,2024-08-28,On-site,Panel,5.0,Proceed,False
INT001626,APP006396,1,2025-08-01,2025-08-01,Video,Hiring Manager,3.6,Proceed,False
INT001627,APP006400,1,2025-11-09,2025-11-09,Video,Hiring Manager,2.8,Hold,False
INT001628,APP006403,1,2025-03-26,2025-03-26,Video,Hiring Manager,2.5,Reject,False
INT001629,APP006410,1,2024-07-14,2024-07-14,Video,Hiring Manager,2.7,Reject,False
INT001630,APP006418,1,2025-08-26,2025-08-26,Phone,Hiring Manager,3.9,Proceed,False
INT001631,APP006419,1,2024-08-01,2024-08-01,On-site,Hiring Manager,3.6,Proceed,False
INT001632,APP006423,1,2024-12-07,2024-12-07,Video,Hiring Manager,3.2,Hold,False
INT001633,APP006425,1,2025-02-19,2025-02-19,Video,Hiring Manager,2.0,Reject,False
INT001634,APP006425,2,2025-02-24,2025-02-24,On-site,Panel,1.5,Hold,False
INT001635,APP006426,1,2025-07-22,2025-07-22,On-site,Hiring Manager,2.9,Hold,False
INT001636,APP006430,1,2024-09-09,2024-09-09,Video,Hiring Manager,5.0,Proceed,False
INT001637,APP006433,1,2024-09-19,2024-09-19,Video,Hiring Manager,4.9,Proceed,False
INT001638,APP006433,2,2024-09-23,2024-09-23,On-site,Panel,5.0,Proceed,False
INT001639,APP006441,1,2024-04-25,2024-04-25,Video,Hiring Manager,2.7,Reject,False
INT001640,APP006445,1,2024-07-01,2024-07-01,Video,Hiring Manager,3.5,Proceed,False
INT001641,APP006446,1,2025-05-06,2025-05-06,Video,Hiring Manager,3.9,Proceed,False
INT001642,APP006446,2,2025-05-16,2025-05-16,On-site,Panel,4.5,Proceed,False
INT001643,APP006458,1,2024-07-02,2024-07-02,Video,Hiring Manager,4.5,Proceed,False
INT001644,APP006461,1,2025-11-19,2025-11-19,Video,Hiring Manager,4.2,Proceed,False
INT001645,APP006461,2,2025-11-25,2025-11-25,On-site,Panel,5.0,Proceed,False
INT001646,APP006473,1,2025-11-12,2025-11-12,Video,Hiring Manager,5.0,Proceed,False
INT001647,APP006475,1,2024-06-05,2024-06-05,Phone,Hiring Manager,5.0,Proceed,False
INT001648,APP006481,1,2024-07-31,2024-07-31,On-site,Hiring Manager,4.2,Proceed,False
INT001649,APP006485,1,2024-11-29,2024-11-29,On-site,Hiring Manager,4.0,Proceed,False
INT001650,APP006485,2,2024-12-04,2024-12-04,On-site,Panel,5.0,Proceed,False
INT001651,APP006486,1,2024-05-23,2024-05-23,Video,Hiring Manager,2.3,Reject,False
INT001652,APP006488,1,2024-03-17,2024-03-17,Video,Hiring Manager,3.4,Proceed,False
INT001653,APP006490,1,2025-05-04,2025-05-04,Video,Hiring Manager,4.3,Proceed,False
INT001654,APP006497,1,2024-04-14,2024-04-14,Video,Hiring Manager,2.1,Reject,False
INT001655,APP006498,1,2024-11-14,2024-11-14,Phone,Hiring Manager,4.8,Proceed,False
INT001656,APP006502,1,2024-11-05,2024-11-05,Video,Hiring Manager,4.1,Proceed,False
INT001657,APP006503,1,2024-11-23,2024-11-23,Video,Hiring Manager,3.9,Proceed,False
INT001658,APP006505,1,2025-02-28,2025-02-28,Video,Hiring Manager,3.5,Proceed,False
INT001659,APP006511,1,2025-09-28,2025-09-28,Video,Hiring Manager,4.0,Proceed,False
INT001660,APP006516,1,2024-10-06,2024-10-06,Video,Hiring Manager,3.8,Proceed,False
INT001661,APP006520,1,2024-09-04,2024-09-04,Video,Hiring Manager,4.3,Proceed,False
INT001662,APP006521,1,2025-05-06,2025-05-06,On-site,Hiring Manager,4.1,Proceed,False
INT001663,APP006531,1,2024-10-16,2024-10-16,On-site,Hiring Manager,4.0,Proceed,False
INT001664,APP006532,1,2025-01-11,2025-01-11,On-site,Hiring Manager,4.5,Proceed,False
INT001665,APP006533,1,2025-07-21,2025-07-21,On-site,Hiring Manager,3.7,Proceed,False
INT001666,APP006533,2,2025-08-01,2025-08-01,On-site,Panel,4.4,Proceed,False
INT001667,APP006535,1,2025-02-24,2025-02-24,Video,Hiring Manager,3.5,Proceed,False
INT001668,APP006536,1,2024-05-14,2024-05-14,On-site,Hiring Manager,2.6,Reject,False
INT001669,APP006536,2,2024-05-19,2024-05-19,On-site,Panel,2.9,Hold,False
INT001670,APP006538,1,2024-04-12,2024-04-12,On-site,Hiring Manager,4.4,Proceed,False
INT001671,APP006542,1,2024-07-15,2024-07-15,Video,Hiring Manager,4.2,Proceed,False
INT001672,APP006545,1,2025-11-04,2025-11-04,On-site,Hiring Manager,4.1,Proceed,False
INT001673,APP006552,1,2025-02-19,2025-02-19,Video,Hiring Manager,3.9,Proceed,False
INT001674,APP006555,1,2025-09-30,2025-09-30,Video,Hiring Manager,2.7,Reject,False
INT001675,APP006556,1,2025-05-09,2025-05-09,Video,Hiring Manager,3.5,Proceed,False
INT001676,APP006558,1,2025-03-26,2025-03-26,On-site,Hiring Manager,3.5,Proceed,False
INT001677,APP006562,1,2024-07-08,2024-07-08,Video,Hiring Manager,2.7,Reject,False
INT001678,APP006563,1,2024-06-12,2024-06-12,On-site,Hiring Manager,3.2,Hold,False
INT001679,APP006564,1,2025-02-06,2025-02-06,Video,Hiring Manager,3.3,Hold,False
INT001680,APP006564,2,2025-02-11,2025-02-11,On-site,Panel,4.1,Proceed,False
INT001681,APP006569,1,2024-11-05,2024-11-05,Video,Hiring Manager,4.2,Proceed,False
INT001682,APP006578,1,2025-06-06,2025-06-06,Video,Hiring Manager,2.5,Reject,False
INT001683,APP006580,1,2024-09-02,2024-09-02,On-site,Hiring Manager,3.4,Proceed,False
INT001684,APP006583,1,2025-02-18,2025-02-18,On-site,Hiring Manager,4.1,Proceed,False
INT001685,APP006589,1,2025-02-10,2025-02-10,On-site,Hiring Manager,4.1,Proceed,False
INT001686,APP006590,1,2025-12-06,2025-12-06,On-site,Hiring Manager,3.1,Hold,False
INT001687,APP006594,1,2025-05-09,2025-05-09,Video,Hiring Manager,3.3,Hold,False
INT001688,APP006600,1,2025-08-09,2025-08-09,On-site,Hiring Manager,2.7,Reject,False
INT001689,APP006602,1,2024-06-01,2024-06-01,Phone,Hiring Manager,3.2,Hold,False
INT001690,APP006603,1,2024-08-26,2024-08-26,Phone,Hiring Manager,3.5,Proceed,False
INT001691,APP006610,1,2024-03-13,2024-03-13,Phone,Hiring Manager,,Proceed,False
INT001692,APP006613,1,2025-11-06,2025-11-06,Video,Hiring Manager,3.0,Hold,False
INT001693,APP006614,1,2025-03-24,2025-03-24,On-site,Hiring Manager,2.0,Reject,False
INT001694,APP006615,1,2025-03-29,2025-03-29,Video,Hiring Manager,4.5,Proceed,False
INT001695,APP006617,1,2025-01-09,2025-01-09,Video,Hiring Manager,2.8,Hold,False
INT001696,APP006622,1,2024-06-25,2024-06-25,Video,Hiring Manager,3.4,Proceed,False
INT001697,APP006625,1,2025-12-14,2025-12-14,Video,Hiring Manager,4.1,Proceed,False
INT001698,APP006627,1,2025-09-24,2025-09-24,Video,Hiring Manager,4.2,Proceed,False
INT001699,APP006629,1,2025-11-25,2025-11-25,Video,Hiring Manager,3.8,Proceed,False
INT001700,APP006630,1,2025-08-04,2025-08-04,On-site,Hiring Manager,3.2,Hold,False
INT001701,APP006643,1,2025-01-27,2025-01-27,On-site,Hiring Manager,3.9,Proceed,False
INT001702,APP006644,1,2024-12-14,2024-12-14,On-site,Hiring Manager,4.0,Proceed,False
INT001703,APP006646,1,2024-12-21,2024-12-21,Phone,Hiring Manager,3.2,Hold,False
INT001704,APP006648,1,2025-07-07,2025-07-07,Video,Hiring Manager,3.8,Proceed,False
INT001705,APP006655,1,2026-01-16,2026-01-16,On-site,Hiring Manager,4.2,Proceed,False
INT001706,APP006661,1,2025-06-22,2025-06-22,Phone,Hiring Manager,3.3,Hold,False
INT001707,APP006665,1,2024-12-10,2024-12-10,Video,Hiring Manager,2.7,Reject,False
INT001708,APP006673,1,2025-02-22,2025-02-22,Video,Hiring Manager,3.4,Proceed,False
INT001709,APP006675,1,2025-06-25,2025-06-25,Phone,Hiring Manager,5.0,Proceed,False
INT001710,APP006676,1,2024-12-21,2024-12-21,Video,Hiring Manager,4.2,Proceed,False
INT001711,APP006677,1,2024-04-22,2024-04-22,On-site,Hiring Manager,4.7,Proceed,False
INT001712,APP006677,2,2024-05-02,2024-05-02,Video,Panel,5.0,Proceed,False
INT001713,APP006690,1,2024-10-19,2024-10-19,Video,Hiring Manager,3.9,Proceed,False
INT001714,APP006694,1,2024-05-23,2024-05-23,Phone,Hiring Manager,3.6,Proceed,False
INT001715,APP006699,1,2025-09-24,2025-09-24,Video,Hiring Manager,2.6,Reject,False
INT001716,APP006699,2,2025-09-30,2025-09-30,Video,Panel,2.2,Hold,False
INT001717,APP006714,1,2025-03-07,2025-03-07,Video,Hiring Manager,2.9,Hold,False
INT001718,APP006719,1,2025-04-24,2025-04-24,On-site,Hiring Manager,4.6,Proceed,False
INT001719,APP006724,1,2024-05-25,2024-05-25,Video,Hiring Manager,5.0,Proceed,False
INT001720,APP006726,1,2024-12-06,2024-12-06,Video,Hiring Manager,3.6,Proceed,False
INT001721,APP006734,1,2025-05-16,2025-05-16,Phone,Hiring Manager,3.1,Hold,False
INT001722,APP006735,1,2024-03-23,2024-03-23,On-site,Hiring Manager,3.5,Proceed,False
INT001723,APP006742,1,2025-05-04,2025-05-04,Video,Hiring Manager,4.3,Proceed,False
INT001724,APP006746,1,2025-05-08,2025-05-08,Video,Hiring Manager,2.5,Reject,False
INT001725,APP006747,1,2024-11-20,2024-11-20,Video,Hiring Manager,3.4,Proceed,False
INT001726,APP006750,1,2024-04-18,2024-04-18,Video,Hiring Manager,4.5,Proceed,False
INT001727,APP006757,1,2024-10-23,2024-10-23,Phone,Hiring Manager,3.8,Proceed,False
INT001728,APP006760,1,2024-10-03,2024-10-03,On-site,Hiring Manager,3.4,Proceed,False
INT001729,APP006765,1,2025-03-18,2025-03-18,On-site,Hiring Manager,3.5,Proceed,False
INT001730,APP006769,1,2025-01-19,2025-01-19,Video,Hiring Manager,4.6,Proceed,False
INT001731,APP006786,1,2024-04-17,2024-04-17,Video,Hiring Manager,2.7,Reject,False
INT001732,APP006791,1,2025-11-08,2025-11-08,Video,Hiring Manager,1.6,Reject,False
INT001733,APP006793,1,2024-03-28,2024-03-28,On-site,Hiring Manager,1.7,Reject,False
INT001734,APP006793,2,2024-04-03,2024-04-03,On-site,Panel,2.0,Hold,False
INT001735,APP006795,1,2024-09-22,2024-09-22,On-site,Hiring Manager,3.6,Proceed,False
INT001736,APP006799,1,2025-05-27,2025-05-27,Video,Hiring Manager,4.4,Proceed,False
INT001737,APP006805,1,2025-04-01,2025-04-01,Phone,Hiring Manager,3.3,Hold,False
INT001738,APP006815,1,2024-12-07,2024-12-07,Video,Hiring Manager,3.5,Proceed,False
INT001739,APP006816,1,2025-04-05,2025-04-05,On-site,Hiring Manager,3.2,Hold,False
INT001740,APP006819,1,2025-05-10,2025-05-10,On-site,Hiring Manager,3.9,Proceed,False
INT001741,APP006824,1,2025-05-23,2025-05-23,On-site,Hiring Manager,3.3,Hold,False
INT001742,APP006825,1,2024-10-05,2024-10-05,Video,Hiring Manager,2.2,Reject,False
INT001743,APP006825,2,2024-10-09,2024-10-09,Video,Panel,1.7,Hold,False
INT001744,APP006832,1,2024-04-14,2024-04-14,Video,Hiring Manager,4.7,Proceed,False
INT001745,APP006835,1,2025-05-25,2025-05-25,Video,Hiring Manager,3.9,Proceed,False
INT001746,APP006840,1,2025-10-14,2025-10-14,Phone,Hiring Manager,3.4,Proceed,False
INT001747,APP006840,2,2025-10-18,2025-10-18,On-site,Panel,3.2,Hold,False
INT001748,APP006842,1,2025-08-11,2025-08-11,Video,Hiring Manager,3.5,Proceed,False
INT001749,APP006843,1,2024-04-26,2024-04-26,Video,Hiring Manager,2.8,Hold,False
INT001750,APP006843,2,2024-05-01,2024-05-01,On-site,Panel,1.8,Hold,False
INT001751,APP006846,1,2024-11-21,2024-11-21,Video,Hiring Manager,2.7,Reject,False
INT001752,APP006848,1,2025-06-19,2025-06-19,Phone,Hiring Manager,3.5,Proceed,False
INT001753,APP006851,1,2024-10-20,2024-10-20,Video,Hiring Manager,3.7,Proceed,False
INT001754,APP006857,1,2025-09-29,2025-09-29,Video,Hiring Manager,3.8,Proceed,False
INT001755,APP006857,2,2025-10-09,2025-10-09,On-site,Panel,4.2,Proceed,False
INT001756,APP006861,1,2024-12-01,2024-12-01,On-site,Hiring Manager,1.4,Reject,False
INT001757,APP006866,1,2025-12-17,2025-12-17,On-site,Hiring Manager,3.1,Hold,False
INT001758,APP006868,1,2024-03-28,2024-03-28,On-site,Hiring Manager,3.7,Proceed,False
INT001759,APP006869,1,2024-05-14,2024-05-14,Video,Hiring Manager,3.2,Hold,False
INT001760,APP006871,1,2025-01-31,2025-01-31,Video,Hiring Manager,3.1,Hold,False
INT001761,APP006881,1,2025-01-28,2025-01-28,On-site,Hiring Manager,2.3,Reject,False
INT001762,APP006898,1,2025-05-01,2025-05-01,On-site,Hiring Manager,2.8,Hold,False
INT001763,APP006899,1,2025-09-30,2025-09-30,Video,Hiring Manager,3.3,Hold,False
INT001764,APP006901,1,2024-08-30,2024-08-30,Video,Hiring Manager,4.9,Proceed,False
INT001765,APP006906,1,2025-06-29,2025-06-29,Video,Hiring Manager,4.4,Proceed,False
INT001766,APP006908,1,2025-03-26,2025-03-26,Video,Hiring Manager,3.5,Proceed,False
INT001767,APP006939,1,2025-06-29,2025-06-29,Video,Hiring Manager,2.3,Reject,False
INT001768,APP006940,1,2024-12-06,2024-12-06,Video,Hiring Manager,3.7,Proceed,False
INT001769,APP006943,1,2024-05-22,2024-05-22,Video,Hiring Manager,3.2,Hold,False
INT001770,APP006948,1,2025-01-31,2025-01-31,Video,Hiring Manager,3.0,Hold,False
INT001771,APP006951,1,2025-03-25,2025-03-25,Phone,Hiring Manager,4.2,Proceed,False
INT001772,APP006953,1,2025-02-05,2025-02-05,Video,Hiring Manager,4.7,Proceed,False
INT001773,APP006954,1,2024-03-18,2024-03-18,On-site,Hiring Manager,4.4,Proceed,False
INT001774,APP006955,1,2024-05-19,2024-05-19,Video,Hiring Manager,3.5,Proceed,False
INT001775,APP006959,1,2025-05-05,2025-05-05,Video,Hiring Manager,2.7,Reject,False
INT001776,APP006960,1,2024-07-24,2024-07-24,On-site,Hiring Manager,4.3,Proceed,False
INT001777,APP006960,2,2024-07-29,2024-07-29,On-site,Panel,4.1,Proceed,False
INT001778,APP006962,1,2025-07-05,2025-07-05,On-site,Hiring Manager,4.5,Proceed,False
INT001779,APP006963,1,2025-08-23,2025-08-23,Phone,Hiring Manager,3.7,Proceed,False
INT001780,APP006964,1,2024-04-08,2024-04-08,Video,Hiring Manager,2.3,Reject,False
INT001781,APP006965,1,2025-02-11,2025-02-11,Video,Hiring Manager,3.5,Proceed,False
INT001782,APP006965,2,2025-02-15,2025-02-15,On-site,Panel,3.5,Proceed,False
INT001783,APP006968,1,2025-10-23,2025-10-23,Video,Hiring Manager,4.3,Proceed,False
INT001784,APP006975,1,2025-05-21,2025-05-21,Video,Hiring Manager,3.4,Proceed,False
INT001785,APP006978,1,2025-02-10,2025-02-10,On-site,Hiring Manager,4.9,Proceed,False
INT001786,APP006986,1,2024-11-17,2024-11-17,Video,Hiring Manager,4.5,Proceed,False
INT001787,APP006987,1,2025-08-29,2025-08-29,Video,Hiring Manager,5.0,Proceed,False
INT001788,APP006990,1,2025-05-18,2025-05-18,Phone,Hiring Manager,4.3,Proceed,False
INT001789,APP006998,1,2025-12-27,2025-12-27,On-site,Hiring Manager,2.6,Reject,False
INT001790,APP007008,1,2025-10-25,2025-10-25,On-site,Hiring Manager,3.9,Proceed,False
INT001791,APP007023,1,2024-03-09,2024-03-09,Video,Hiring Manager,4.6,Proceed,False
INT001792,APP007027,1,2025-07-13,2025-07-13,Video,Hiring Manager,3.3,Hold,False
INT001793,APP007030,1,2024-12-26,2024-12-26,Video,Hiring Manager,3.7,Proceed,False
INT001794,APP007033,1,2025-10-22,2025-10-22,On-site,Hiring Manager,5.0,Proceed,False
INT001795,APP007036,1,2024-08-24,2024-08-24,On-site,Hiring Manager,4.0,Proceed,False
INT001796,APP007038,1,2024-11-29,2024-11-29,Phone,Hiring Manager,3.1,Hold,False
INT001797,APP007039,1,2024-04-13,2024-04-13,On-site,Hiring Manager,3.0,Hold,False
INT001798,APP007046,1,2024-03-19,2024-03-19,On-site,Hiring Manager,2.7,Reject,False
INT001799,APP007056,1,2025-04-27,2025-04-27,Video,Hiring Manager,3.1,Hold,False
INT001800,APP007057,1,2025-09-24,2025-09-24,On-site,Hiring Manager,2.9,Hold,False
INT001801,APP007065,1,2025-09-13,2025-09-13,Video,Hiring Manager,4.2,Proceed,False
INT001802,APP007065,2,2025-09-19,2025-09-19,On-site,Panel,4.2,Proceed,False
INT001803,APP007066,1,2025-04-29,2025-04-29,Phone,Hiring Manager,2.2,Reject,False
INT001804,APP007068,1,2025-01-23,2025-01-23,On-site,Hiring Manager,2.5,Reject,False
INT001805,APP007070,1,2025-06-03,2025-06-03,Phone,Hiring Manager,3.2,Hold,False
INT001806,APP007074,1,2024-09-13,2024-09-13,Video,Hiring Manager,2.8,Hold,False
INT001807,APP007075,1,2024-12-27,2024-12-27,Phone,Hiring Manager,5.0,Proceed,False
INT001808,APP007080,1,2024-07-06,2024-07-06,Video,Hiring Manager,3.4,Proceed,False
INT001809,APP007097,1,2025-09-30,2025-09-30,Phone,Hiring Manager,3.0,Hold,False
INT001810,APP007098,1,2025-11-14,2025-11-14,Video,Hiring Manager,2.9,Hold,False
INT001811,APP007100,1,2024-10-14,2024-10-14,Video,Hiring Manager,3.0,Hold,False
INT001812,APP007101,1,2025-05-02,2025-05-02,Video,Hiring Manager,4.0,Proceed,False
INT001813,APP007101,2,2025-05-11,2025-05-11,On-site,Panel,4.7,Proceed,False
INT001814,APP007102,1,2025-07-26,2025-07-26,Video,Hiring Manager,3.5,Proceed,False
INT001815,APP007103,1,2025-06-09,2025-06-09,On-site,Hiring Manager,3.4,Proceed,False
INT001816,APP007104,1,2025-05-04,2025-05-04,On-site,Hiring Manager,4.0,Proceed,False
INT001817,APP007107,1,2024-07-27,2024-07-27,Phone,Hiring Manager,4.3,Proceed,False
INT001818,APP007112,1,2025-12-03,2025-12-03,On-site,Hiring Manager,2.6,Reject,False
INT001819,APP007115,1,2024-08-24,2024-08-24,On-site,Hiring Manager,4.3,Proceed,False
INT001820,APP007118,1,2024-03-02,2024-03-02,On-site,Hiring Manager,4.1,Proceed,False
INT001821,APP007120,1,2025-10-29,2025-10-29,Video,Hiring Manager,3.5,Proceed,False
INT001822,APP007122,1,2024-06-21,2024-06-21,Video,Hiring Manager,3.6,Proceed,False
INT001823,APP007122,2,2024-06-26,2024-06-26,On-site,Panel,4.0,Proceed,False
INT001824,APP007134,1,2026-01-08,2026-01-08,Video,Hiring Manager,1.5,Reject,False
INT001825,APP007137,1,2024-09-05,2024-09-05,Video,Hiring Manager,4.8,Proceed,False
INT001826,APP007137,2,2024-09-12,2024-09-12,On-site,Panel,5.0,Proceed,False
INT001827,APP007140,1,2024-04-13,2024-04-13,Video,Hiring Manager,4.1,Proceed,False
INT001828,APP007142,1,2025-06-13,2025-06-13,Video,Hiring Manager,2.8,Hold,False
INT001829,APP007145,1,2025-08-26,2025-08-26,Phone,Hiring Manager,2.8,Hold,False
INT001830,APP007146,1,2025-01-15,2025-01-15,Video,Hiring Manager,3.4,Proceed,False
INT001831,APP007152,1,2024-03-09,2024-03-09,Video,Hiring Manager,2.2,Reject,False
INT001832,APP007153,1,2024-02-15,2024-02-15,Video,Hiring Manager,3.7,Proceed,False
INT001833,APP007155,1,2025-06-04,2025-06-04,Video,Hiring Manager,3.3,Hold,False
INT001834,APP007162,1,2025-02-12,2025-02-12,Video,Hiring Manager,3.5,Proceed,False
INT001835,APP007166,1,2024-10-23,2024-10-23,Video,Hiring Manager,3.7,Proceed,False
INT001836,APP007167,1,2024-03-22,2024-03-22,Video,Hiring Manager,4.4,Proceed,False
INT001837,APP007170,1,2025-04-02,2025-04-02,Video,Hiring Manager,2.8,Hold,False
INT001838,APP007170,2,2025-04-06,2025-04-06,On-site,Panel,3.8,Proceed,False
INT001839,APP007172,1,2025-08-03,2025-08-03,On-site,Hiring Manager,2.8,Hold,False
INT001840,APP007173,1,2024-10-05,2024-10-05,On-site,Hiring Manager,3.6,Proceed,False
INT001841,APP007179,1,2024-12-05,2024-12-05,Video,Hiring Manager,4.6,Proceed,False
INT001842,APP007180,1,2024-10-19,2024-10-19,Video,Hiring Manager,5.0,Proceed,False
INT001843,APP007181,1,2024-10-09,2024-10-09,On-site,Hiring Manager,4.2,Proceed,False
INT001844,APP007186,1,2025-06-15,2025-06-15,Video,Hiring Manager,4.2,Proceed,False
INT001845,APP007186,2,2025-06-23,2025-06-23,On-site,Panel,4.6,Proceed,False
INT001846,APP007189,1,2024-03-18,2024-03-18,Video,Hiring Manager,3.4,Proceed,False
INT001847,APP007198,1,2025-07-02,2025-07-02,On-site,Hiring Manager,3.1,Hold,False
INT001848,APP007198,2,2025-07-07,2025-07-07,On-site,Panel,3.8,Proceed,False
INT001849,APP007204,1,2025-12-09,2025-12-09,On-site,Hiring Manager,3.4,Proceed,False
INT001850,APP007218,1,2025-02-10,2025-02-10,On-site,Hiring Manager,3.7,Proceed,False
INT001851,APP007221,1,2025-04-05,2025-04-05,Phone,Hiring Manager,4.0,Proceed,False
INT001852,APP007234,1,2024-04-28,2024-04-28,Video,Hiring Manager,2.9,Hold,False
INT001853,APP007239,1,2025-12-07,2025-12-07,On-site,Hiring Manager,3.3,Hold,False
INT001854,APP007244,1,2024-02-28,2024-02-28,Phone,Hiring Manager,3.4,Proceed,False
INT001855,APP007245,1,2024-09-03,2024-09-03,On-site,Hiring Manager,4.1,Proceed,False
INT001856,APP007258,1,2025-01-12,2025-01-12,Video,Hiring Manager,3.4,Proceed,False
INT001857,APP007271,1,2024-08-02,2024-08-02,Video,Hiring Manager,2.1,Reject,False
INT001858,APP007277,1,2024-07-31,2024-07-31,Phone,Hiring Manager,2.4,Reject,False
INT001859,APP007284,1,2025-11-12,2025-11-12,Phone,Hiring Manager,4.4,Proceed,False
INT001860,APP007289,1,2025-05-22,2025-05-22,Phone,Hiring Manager,3.7,Proceed,False
INT001861,APP007290,1,2024-09-17,2024-09-17,Video,Hiring Manager,3.9,Proceed,False
INT001862,APP007298,1,2025-08-29,2025-08-29,Video,Hiring Manager,4.1,Proceed,False
INT001863,APP007301,1,2025-06-12,2025-06-12,Video,Hiring Manager,3.8,Proceed,False
INT001864,APP007304,1,2025-05-05,2025-05-05,On-site,Hiring Manager,2.6,Reject,False
INT001865,APP007305,1,2025-06-19,2025-06-19,On-site,Hiring Manager,4.9,Proceed,False
INT001866,APP007309,1,2025-03-26,2025-03-26,Video,Hiring Manager,3.2,Hold,False
INT001867,APP007332,1,2025-01-13,2025-01-13,Video,Hiring Manager,4.2,Proceed,False
INT001868,APP007335,1,2025-04-30,2025-04-30,On-site,Hiring Manager,3.1,Hold,False
INT001869,APP007343,1,2025-02-02,2025-02-02,Video,Hiring Manager,3.3,Hold,False
INT001870,APP007357,1,2024-01-29,2024-01-29,Phone,Hiring Manager,4.7,Proceed,False
INT001871,APP007366,1,2025-05-15,2025-05-15,Video,Hiring Manager,4.7,Proceed,False
INT001872,APP007367,1,2024-12-26,2024-12-26,On-site,Hiring Manager,4.1,Proceed,False
INT001873,APP007368,1,2025-09-17,2025-09-17,On-site,Hiring Manager,1.8,Reject,False
INT001874,APP007371,1,2024-05-22,2024-05-22,Video,Hiring Manager,3.3,Hold,False
INT001875,APP007371,2,2024-05-27,2024-05-27,On-site,Panel,2.6,Hold,False
INT001876,APP007374,1,2024-08-25,2024-08-25,Video,Hiring Manager,5.0,Proceed,False
INT001877,APP007376,1,2024-07-06,2024-07-06,On-site,Hiring Manager,2.5,Reject,False
INT001878,APP007379,1,2025-10-14,2025-10-14,Video,Hiring Manager,2.6,Reject,False
INT001879,APP007379,2,2025-10-21,2025-10-09,On-site,Panel,3.3,Proceed,False
INT001880,APP007380,1,2024-09-05,2024-09-05,On-site,Hiring Manager,3.0,Hold,False
INT001881,APP007380,2,2024-09-10,2024-09-10,On-site,Panel,,Hold,False
INT001882,APP007381,1,2025-12-13,2025-12-13,Video,Hiring Manager,2.2,Reject,False
INT001883,APP007383,1,2024-03-13,2024-03-13,Video,Hiring Manager,3.5,Proceed,False
INT001884,APP007391,1,2025-03-10,2025-03-10,On-site,Hiring Manager,3.9,Proceed,False
INT001885,APP007392,1,2024-02-21,2024-02-21,On-site,Hiring Manager,4.2,Proceed,False
INT001886,APP007393,1,2024-08-06,2024-08-06,Video,Hiring Manager,3.0,Hold,False
INT001887,APP007396,1,2024-09-26,2024-09-26,On-site,Hiring Manager,2.8,Hold,False
INT001888,APP007397,1,2025-06-01,2025-06-01,On-site,Hiring Manager,3.3,Hold,False
INT001889,APP007403,1,2024-04-01,2024-04-01,Video,Hiring Manager,2.8,Hold,False
INT001890,APP007423,1,2025-07-02,2025-07-02,Video,Hiring Manager,3.4,Proceed,False
INT001891,APP007424,1,2024-11-13,2024-11-13,Video,Hiring Manager,3.3,Hold,False
INT001892,APP007427,1,2024-11-26,2024-11-26,On-site,Hiring Manager,4.5,Proceed,False
INT001893,APP007428,1,2024-11-08,2024-11-08,On-site,Hiring Manager,4.1,Proceed,False
INT001894,APP007429,1,2025-11-25,2025-11-25,Video,Hiring Manager,3.7,Proceed,False
INT001895,APP007430,1,2025-12-29,2025-12-29,Video,Hiring Manager,2.8,Hold,False
INT001896,APP007431,1,2025-07-05,2025-07-05,Video,Hiring Manager,2.6,Reject,False
INT001897,APP007434,1,2024-02-14,2024-02-11,Video,Hiring Manager,3.5,Proceed,False
INT001898,APP007437,1,2025-03-22,2025-03-22,Video,Hiring Manager,4.8,Proceed,False
INT001899,APP007441,1,2025-06-13,2025-06-13,Video,Hiring Manager,2.2,Reject,False
INT001900,APP007444,1,2025-03-04,2025-03-04,Video,Hiring Manager,2.9,Hold,False
INT001901,APP007451,1,2025-07-26,2025-07-26,Video,Hiring Manager,4.1,Proceed,False
INT001902,APP007460,1,2024-04-30,2024-04-30,Video,Hiring Manager,3.3,Hold,False
INT001903,APP007462,1,2025-04-16,2025-04-16,Video,Hiring Manager,3.2,Hold,False
INT001904,APP007462,2,2025-04-21,2025-04-21,On-site,Panel,4.7,Proceed,False
INT001905,APP007463,1,2025-01-24,2025-01-24,On-site,Hiring Manager,4.3,Proceed,False
INT001906,APP007467,1,2024-02-28,2024-02-28,Video,Hiring Manager,4.1,Proceed,False
INT001907,APP007468,1,2025-02-02,2025-02-02,Video,Hiring Manager,3.2,Hold,False
INT001908,APP007471,1,2025-09-21,2025-09-21,Video,Hiring Manager,3.6,Proceed,False
INT001909,APP007475,1,2025-11-23,2025-11-23,Video,Hiring Manager,4.5,Proceed,False
INT001910,APP007476,1,2024-09-12,2024-09-12,Video,Hiring Manager,4.5,Proceed,False
INT001911,APP007479,1,2025-10-29,2025-10-29,Video,Hiring Manager,,Reject,False
INT001912,APP007482,1,2024-05-18,2024-05-18,Video,Hiring Manager,3.7,Proceed,False
INT001913,APP007484,1,2024-03-15,2024-03-15,Video,Hiring Manager,2.8,Hold,False
INT001914,APP007492,1,2025-01-08,2025-01-08,Video,Hiring Manager,3.5,Proceed,False
INT001915,APP007495,1,2025-03-03,2025-03-03,Video,Hiring Manager,1.3,Reject,False
INT001916,APP007496,1,2024-11-17,2024-11-17,On-site,Hiring Manager,3.2,Hold,False
INT001917,APP007496,2,2024-11-25,2024-11-25,Video,Panel,3.5,Proceed,False
INT001918,APP007500,1,2025-08-26,2025-08-26,On-site,Hiring Manager,2.5,Reject,False
INT001919,APP007506,1,2025-02-02,2025-02-02,Video,Hiring Manager,3.9,Proceed,False
INT001920,APP007512,1,2025-06-25,2025-06-25,On-site,Hiring Manager,3.1,Hold,False
INT001921,APP007513,1,2024-12-14,2024-12-14,Video,Hiring Manager,4.5,Proceed,False
INT001922,APP007515,1,2025-02-12,2025-02-12,On-site,Hiring Manager,3.3,Hold,False
INT001923,APP007519,1,2024-12-10,2024-12-10,Phone,Hiring Manager,3.4,Proceed,False
INT001924,APP007522,1,2025-09-26,2025-09-26,Video,Hiring Manager,3.5,Proceed,False
INT001925,APP007527,1,2024-05-24,2024-05-24,Video,Hiring Manager,3.4,Proceed,False
INT001926,APP007528,1,2024-08-03,2024-08-03,Video,Hiring Manager,2.6,Reject,False
INT001927,APP007529,1,2024-09-25,2024-09-25,Video,Hiring Manager,3.6,Proceed,False
INT001928,APP007537,1,2024-11-29,2024-11-29,Phone,Hiring Manager,2.5,Reject,False
INT001929,APP007544,1,2024-07-01,2024-07-01,On-site,Hiring Manager,3.4,Proceed,False
INT001930,APP007550,1,2024-09-11,2024-09-11,Video,Hiring Manager,3.5,Proceed,False
INT001931,APP007552,1,2025-01-21,2025-01-21,Phone,Hiring Manager,3.0,Hold,False
INT001932,APP007563,1,2025-06-16,2025-06-16,Video,Hiring Manager,3.3,Hold,False
INT001933,APP007564,1,2025-09-28,2025-09-28,Video,Hiring Manager,2.7,Reject,False
INT001934,APP007564,2,2025-10-02,2025-10-02,On-site,Panel,2.6,Hold,False
INT001935,APP007568,1,2025-02-10,2025-02-10,Video,Hiring Manager,4.2,Proceed,False
INT001936,APP007578,1,2024-08-09,2024-08-09,Video,Hiring Manager,2.9,Hold,False
INT001937,APP007584,1,2024-10-21,2024-10-21,Video,Hiring Manager,3.7,Proceed,False
INT001938,APP007586,1,2024-03-17,2024-03-17,Phone,Hiring Manager,3.1,Hold,False
INT001939,APP007587,1,2025-09-26,2025-09-26,Video,Hiring Manager,2.8,Hold,False
INT001940,APP007593,1,2024-03-02,2024-03-02,Video,Hiring Manager,2.8,Hold,False
INT001941,APP007596,1,2025-01-28,2025-01-28,On-site,Hiring Manager,1.0,Reject,False
INT001942,APP007603,1,2025-12-06,2025-12-06,Video,Hiring Manager,2.7,Reject,False
INT001943,APP007604,1,2025-06-13,2025-06-13,Video,Hiring Manager,3.3,Hold,False
INT001944,APP007613,1,2024-05-23,2024-05-23,On-site,Hiring Manager,2.8,Hold,False
INT001945,APP007613,2,2024-05-27,2024-05-27,Video,Panel,3.3,Proceed,False
INT001946,APP007614,1,2024-04-22,2024-04-22,Video,Hiring Manager,3.0,Hold,False
INT001947,APP007619,1,2025-06-18,2025-06-18,Video,Hiring Manager,4.1,Proceed,False
INT001948,APP007622,1,2024-06-18,2024-06-18,Video,Hiring Manager,,Proceed,False
INT001949,APP007623,1,2024-04-16,2024-04-16,Video,Hiring Manager,2.8,Hold,False
INT001950,APP007635,1,2025-05-16,2025-05-16,Phone,Hiring Manager,1.7,Reject,False
INT001951,APP007642,1,2025-11-23,2025-11-23,Video,Hiring Manager,2.5,Reject,False
INT001952,APP007645,1,2025-08-25,2025-08-25,Video,Hiring Manager,1.7,Reject,False
INT001953,APP007645,2,2025-09-03,2025-09-03,On-site,Panel,2.4,Hold,False
INT001954,APP007647,1,2025-11-04,2025-11-04,On-site,Hiring Manager,2.2,Reject,False
INT001955,APP007649,1,2025-01-12,2025-01-12,Phone,Hiring Manager,3.4,Proceed,False
INT001956,APP007652,1,2025-09-28,2025-09-28,Video,Hiring Manager,2.2,Reject,False
INT001957,APP007653,1,2025-07-18,2025-07-18,On-site,Hiring Manager,3.9,Proceed,False
INT001958,APP007660,1,2025-08-01,2025-08-01,On-site,Hiring Manager,2.5,Reject,False
INT001959,APP007666,1,2025-08-12,2025-08-12,Video,Hiring Manager,5.0,Proceed,False
INT001960,APP007668,1,2025-11-10,2025-11-10,On-site,Hiring Manager,3.3,Hold,False
INT001961,APP007668,2,2025-11-16,2025-11-16,Video,Panel,3.7,Proceed,False
INT001962,APP007671,1,2024-08-19,2024-08-19,Video,Hiring Manager,3.7,Proceed,False
INT001963,APP007672,1,2024-09-17,2024-09-17,On-site,Hiring Manager,4.4,Proceed,False
INT001964,APP007675,1,2025-03-27,2025-03-27,Video,Hiring Manager,4.0,Proceed,False
INT001965,APP007675,2,2025-04-04,2025-04-04,Video,Panel,4.4,Proceed,False
INT001966,APP007681,1,2025-04-28,2025-04-28,Video,Hiring Manager,3.9,Proceed,False
INT001967,APP007686,1,2025-02-13,2025-02-13,Video,Hiring Manager,3.3,Hold,False
INT001968,APP007690,1,2024-07-25,2024-07-25,Video,Hiring Manager,2.6,Reject,False
INT001969,APP007707,1,2025-04-27,2025-04-27,On-site,Hiring Manager,4.1,Proceed,False
INT001970,APP007709,1,2025-03-12,2025-03-12,Video,Hiring Manager,2.6,Reject,False
INT001971,APP007711,1,2025-10-18,2025-10-18,On-site,Hiring Manager,2.3,Reject,False
INT001972,APP007713,1,2025-08-23,2025-08-17,Video,Hiring Manager,1.0,Reject,False
INT001973,APP007715,1,2024-03-25,2024-03-25,Video,Hiring Manager,5.0,Proceed,False
INT001974,APP007715,2,2024-04-05,2024-04-05,On-site,Panel,4.7,Proceed,False
INT001975,APP007721,1,2025-07-10,2025-07-10,Video,Hiring Manager,4.6,Proceed,False
INT001976,APP007724,1,2024-05-17,2024-05-17,Video,Hiring Manager,2.9,Hold,False
INT001977,APP007725,1,2025-09-09,2025-09-09,Video,Hiring Manager,2.6,Reject,False
INT001978,APP007726,1,2025-05-13,2025-05-13,Video,Hiring Manager,4.1,Proceed,False
INT001979,APP007726,2,2025-05-22,2025-05-22,On-site,Panel,5.0,Proceed,False
INT001980,APP007729,1,2024-09-28,2024-09-28,Video,Hiring Manager,2.0,Reject,False
INT001981,APP007732,1,2024-06-30,2024-06-30,Video,Hiring Manager,2.1,Reject,False
INT001982,APP007737,1,2025-01-24,2025-01-24,On-site,Hiring Manager,4.4,Proceed,False
INT001983,APP007741,1,2025-04-23,2025-04-23,Phone,Hiring Manager,3.1,Hold,False
INT001984,APP007749,1,2025-01-24,2025-01-24,Video,Hiring Manager,4.6,Proceed,False
INT001985,APP007749,2,2025-02-03,2025-02-03,On-site,Panel,4.4,Proceed,False
INT001986,APP007756,1,2025-11-12,2025-11-12,Video,Hiring Manager,3.4,Proceed,False
INT001987,APP007762,1,2025-09-17,2025-09-17,On-site,Hiring Manager,,Proceed,False
INT001988,APP007762,2,2025-09-25,2025-09-25,On-site,Panel,3.7,Proceed,False
INT001989,APP007764,1,2025-11-06,2025-11-06,Video,Hiring Manager,3.8,Proceed,False
INT001990,APP007768,1,2024-10-25,2024-10-25,On-site,Hiring Manager,3.4,Proceed,False
INT001991,APP007775,1,2024-03-26,2024-03-26,On-site,Hiring Manager,3.1,Hold,False
INT001992,APP007779,1,2025-02-07,2025-02-07,Video,Hiring Manager,2.6,Reject,False
INT001993,APP007780,1,2024-04-25,2024-04-25,Video,Hiring Manager,3.3,Hold,False
INT001994,APP007784,1,2025-09-20,2025-09-20,On-site,Hiring Manager,2.3,Reject,False
INT001995,APP007787,1,2025-01-06,2025-01-06,Video,Hiring Manager,4.0,Proceed,False
INT001996,APP007789,1,2025-06-28,2025-06-28,On-site,Hiring Manager,2.9,Hold,False
INT001997,APP007793,1,2025-09-20,2025-09-20,On-site,Hiring Manager,5.0,Proceed,False
INT001998,APP007794,1,2025-07-22,2025-07-22,Video,Hiring Manager,3.1,Hold,False
INT001999,APP007794,2,2025-07-27,2025-07-27,On-site,Panel,3.5,Proceed,False
INT002000,APP007797,1,2024-07-17,2024-07-17,Phone,Hiring Manager,3.0,Hold,False
INT002001,APP007800,1,2025-09-17,2025-09-17,On-site,Hiring Manager,2.7,Reject,False
INT002002,APP007804,1,2025-09-16,2025-09-16,Video,Hiring Manager,3.8,Proceed,False
INT002003,APP007810,1,2024-08-02,2024-08-02,Video,Hiring Manager,3.6,Proceed,False
INT002004,APP007820,1,2024-03-03,2024-03-03,Video,Hiring Manager,3.4,Proceed,False
INT002005,APP007839,1,2025-10-16,2025-10-16,Video,Hiring Manager,4.2,Proceed,False
INT002006,APP007839,2,2025-10-25,2025-10-25,On-site,Panel,5.0,Proceed,False
INT002007,APP007840,1,2025-02-27,2025-02-27,On-site,Hiring Manager,2.7,Reject,False
INT002008,APP007840,2,2025-03-06,2025-03-06,On-site,Panel,3.9,Proceed,False
INT002009,APP007843,1,2025-06-18,2025-06-18,On-site,Hiring Manager,2.9,Hold,False
INT002010,APP007845,1,2024-06-01,2024-06-01,On-site,Hiring Manager,1.9,Reject,False
INT002011,APP007846,1,2025-09-21,2025-09-21,Video,Hiring Manager,4.8,Proceed,False
INT002012,APP007849,1,2025-12-22,2025-12-22,Video,Hiring Manager,3.6,Proceed,False
INT002013,APP007853,1,2025-04-02,2025-04-02,Video,Hiring Manager,3.6,Proceed,False
INT002014,APP007861,1,2025-06-07,2025-06-07,Phone,Hiring Manager,4.6,Proceed,False
INT002015,APP007865,1,2025-06-28,2025-06-28,On-site,Hiring Manager,3.1,Hold,False
INT002016,APP007867,1,2024-08-22,2024-08-22,On-site,Hiring Manager,4.2,Proceed,False
INT002017,APP007871,1,2025-07-18,2025-07-18,Video,Hiring Manager,3.4,Proceed,False
INT002018,APP007872,1,2024-07-21,2024-07-21,On-site,Hiring Manager,4.3,Proceed,False
INT002019,APP007881,1,2025-03-13,2025-03-13,Video,Hiring Manager,4.5,Proceed,False
INT002020,APP007888,1,2024-12-19,2024-12-19,Phone,Hiring Manager,3.6,Proceed,False
INT002021,APP007892,1,2024-11-21,2024-11-21,Video,Hiring Manager,3.4,Proceed,False
INT002022,APP007916,1,2025-04-24,2025-04-24,On-site,Hiring Manager,4.0,Proceed,False
INT002023,APP007918,1,2026-01-24,2026-01-24,On-site,Hiring Manager,3.9,Proceed,False
INT002024,APP007918,2,2026-02-02,2026-02-02,On-site,Panel,5.0,Proceed,False
INT002025,APP007920,1,2024-11-27,2024-11-27,On-site,Hiring Manager,4.8,Proceed,False
INT002026,APP007923,1,2025-12-25,2025-12-25,Video,Hiring Manager,2.5,Reject,False
INT002027,APP007930,1,2025-01-18,2025-01-18,Video,Hiring Manager,3.9,Proceed,False
INT002028,APP007932,1,2025-02-04,2025-02-04,On-site,Hiring Manager,3.7,Proceed,False
INT002029,APP007933,1,2025-03-18,2025-03-18,Video,Hiring Manager,3.8,Proceed,False
INT002030,APP007933,2,2025-03-27,2025-03-27,On-site,Panel,4.9,Proceed,False
INT002031,APP007945,1,2024-08-12,2024-08-12,Phone,Hiring Manager,3.7,Proceed,False
INT002032,APP007947,1,2025-04-04,2025-04-04,Video,Hiring Manager,4.4,Proceed,False
INT002033,APP007957,1,2024-09-30,2024-09-30,Video,Hiring Manager,4.0,Proceed,False
INT002034,APP007957,2,2024-10-09,2024-10-09,Video,Panel,3.7,Proceed,False
INT002035,APP007972,1,2025-06-03,2025-06-03,On-site,Hiring Manager,4.8,Proceed,False
INT002036,APP007973,1,2025-01-29,2025-01-29,Phone,Hiring Manager,4.4,Proceed,False
INT002037,APP007975,1,2025-10-18,2025-10-18,Video,Hiring Manager,3.7,Proceed,False
INT002038,APP007975,2,2025-10-22,2025-10-22,On-site,Panel,3.9,Proceed,False
INT002039,APP007976,1,2024-06-29,2024-06-29,Video,Hiring Manager,3.6,Proceed,False
INT002040,APP007979,1,2024-12-09,2024-12-09,Phone,Hiring Manager,4.4,Proceed,False
INT002041,APP007985,1,2025-10-27,2025-10-27,Video,Hiring Manager,3.5,Proceed,False
INT002042,APP007991,1,2025-09-30,2025-09-30,Video,Hiring Manager,2.9,Hold,False
INT002043,APP007992,1,2024-03-20,2024-03-20,Video,Hiring Manager,4.1,Proceed,False
INT002044,APP007995,1,2025-07-14,2025-07-14,Video,Hiring Manager,1.8,Reject,False
INT002045,APP007995,2,2025-07-20,2025-07-20,Video,Panel,2.3,Hold,False
INT002046,APP007996,1,2025-10-08,2025-10-08,On-site,Hiring Manager,2.0,Reject,False
INT002047,APP007998,1,2025-07-16,2025-07-16,Phone,Hiring Manager,2.3,Reject,False
INT002048,APP008001,1,2025-05-15,2025-05-15,Video,Hiring Manager,3.7,Proceed,False
INT002049,APP008003,1,2024-09-12,2024-09-12,On-site,Hiring Manager,4.4,Proceed,False
INT002050,APP008004,1,2025-09-29,2025-09-29,Video,Hiring Manager,2.9,Hold,False
INT002051,APP008009,1,2024-09-02,2024-09-02,Video,Hiring Manager,3.0,Hold,False
INT002052,APP008010,1,2024-12-03,2024-12-03,On-site,Hiring Manager,2.9,Hold,False
INT002053,APP008014,1,2025-06-26,2025-06-26,Video,Hiring Manager,3.0,Hold,False
INT002054,APP008019,1,2024-07-27,2024-07-27,Phone,Hiring Manager,4.6,Proceed,False
INT002055,APP008020,1,2024-11-04,2024-11-04,Video,Hiring Manager,2.6,Reject,False
INT002056,APP008022,1,2025-01-05,2025-01-05,Video,Hiring Manager,2.9,Hold,False
INT002057,APP008024,1,2024-08-05,2024-08-05,Video,Hiring Manager,4.4,Proceed,False
INT002058,APP008025,1,2024-08-07,2024-08-07,Phone,Hiring Manager,5.0,Proceed,False
INT002059,APP008025,2,2024-08-12,2024-08-12,On-site,Panel,5.0,Proceed,False
INT002060,APP008027,1,2025-04-18,2025-04-18,Video,Hiring Manager,3.8,Proceed,False
INT002061,APP008031,1,2024-07-15,2024-07-15,Video,Hiring Manager,2.4,Reject,False
INT002062,APP008031,2,2024-07-26,2024-07-26,On-site,Panel,2.5,Hold,False
INT002063,APP008037,1,2025-12-08,2025-12-08,Video,Hiring Manager,4.7,Proceed,False
INT002064,APP008048,1,2024-05-08,2024-05-08,Video,Hiring Manager,3.6,Proceed,False
INT002065,APP008049,1,2025-03-28,2025-03-28,Video,Hiring Manager,3.6,Proceed,False
INT002066,APP008050,1,2025-02-10,2025-02-10,Phone,Hiring Manager,4.6,Proceed,False
INT002067,APP008050,2,2025-02-19,2025-02-19,On-site,Panel,4.9,Proceed,False
INT002068,APP008051,1,2024-12-04,2024-12-04,Video,Hiring Manager,4.3,Proceed,False
INT002069,APP008062,1,2025-07-11,2025-07-11,On-site,Hiring Manager,4.4,Proceed,False
INT002070,APP008064,1,2024-11-30,2024-11-30,On-site,Hiring Manager,2.5,Reject,False
INT002071,APP008065,1,2024-10-01,2024-10-01,Video,Hiring Manager,3.0,Hold,False
INT002072,APP008068,1,2025-01-11,2025-01-11,Video,Hiring Manager,2.5,Reject,False
INT002073,APP008083,1,2024-08-13,2024-08-13,Video,Hiring Manager,4.0,Proceed,False
INT002074,APP008086,1,2024-04-06,2024-04-06,Video,Hiring Manager,3.1,Hold,False
INT002075,APP008087,1,2024-08-03,2024-08-03,Phone,Hiring Manager,4.7,Proceed,False
INT002076,APP008091,1,2024-04-12,2024-04-12,Video,Hiring Manager,1.3,Reject,False
INT002077,APP008093,1,2024-02-27,2024-02-27,On-site,Hiring Manager,2.8,Hold,False
INT002078,APP008094,1,2025-05-01,2025-05-01,Phone,Hiring Manager,3.4,Proceed,False
INT002079,APP008095,1,2025-09-08,2025-09-08,Phone,Hiring Manager,3.2,Hold,False
INT002080,APP008095,2,2025-09-14,2025-09-14,On-site,Panel,4.2,Proceed,False
INT002081,APP008098,1,2024-10-03,2024-10-03,Phone,Hiring Manager,2.6,Reject,False
INT002082,APP008099,1,2024-11-30,2024-11-30,On-site,Hiring Manager,3.5,Proceed,False
INT002083,APP008100,1,2025-12-03,2025-12-03,Video,Hiring Manager,3.6,Proceed,False
INT002084,APP008100,2,2025-12-08,2025-12-08,Video,Panel,3.5,Proceed,False
INT002085,APP008102,1,2025-07-07,2025-07-07,Video,Hiring Manager,2.6,Reject,False
INT002086,APP008110,1,2025-04-20,2025-04-20,On-site,Hiring Manager,3.3,Hold,False
INT002087,APP008116,1,2025-07-30,2025-07-30,Video,Hiring Manager,2.6,Reject,False
INT002088,APP008117,1,2025-04-19,2025-04-19,Video,Hiring Manager,,Proceed,False
INT002089,APP008119,1,2024-06-18,2024-06-18,Video,Hiring Manager,3.7,Proceed,False
INT002090,APP008120,1,2024-11-16,2024-11-16,On-site,Hiring Manager,2.9,Hold,False
INT002091,APP008125,1,2024-11-28,2024-11-28,On-site,Hiring Manager,5.0,Proceed,False
INT002092,APP008127,1,2025-10-08,2025-10-08,Video,Hiring Manager,2.8,Hold,False
INT002093,APP008132,1,2025-03-11,2025-03-11,On-site,Hiring Manager,3.4,Proceed,False
INT002094,APP008133,1,2025-05-22,2025-05-22,Video,Hiring Manager,3.7,Proceed,False
INT002095,APP008135,1,2024-07-05,2024-07-05,On-site,Hiring Manager,4.7,Proceed,False
INT002096,APP008135,2,2024-07-13,2024-07-13,Video,Panel,5.0,Proceed,False
INT002097,APP008158,1,2025-10-23,2025-10-23,Video,Hiring Manager,4.8,Proceed,False
INT002098,APP008161,1,2025-09-04,2025-09-04,Video,Hiring Manager,2.5,Reject,False
INT002099,APP008173,1,2025-07-28,2025-07-28,On-site,Hiring Manager,3.5,Proceed,False
INT002100,APP008173,2,2025-08-07,2025-08-07,On-site,Panel,2.7,Hold,False
INT002101,APP008175,1,2024-04-30,2024-04-30,Video,Hiring Manager,2.8,Hold,False
INT002102,APP008182,1,2024-05-06,2024-05-06,On-site,Hiring Manager,1.6,Reject,False
INT002103,APP008189,1,2024-02-28,2024-02-28,On-site,Hiring Manager,4.8,Proceed,False
INT002104,APP008196,1,2025-11-02,2025-11-02,On-site,Hiring Manager,1.2,Reject,False
INT002105,APP008202,1,2025-08-13,2025-08-13,On-site,Hiring Manager,2.9,Hold,False
INT002106,APP008203,1,2025-09-20,2025-09-20,Video,Hiring Manager,3.4,Proceed,False
INT002107,APP008215,1,2026-01-05,2026-01-05,On-site,Hiring Manager,3.2,Hold,False
INT002108,APP008221,1,2024-03-10,2024-03-10,Video,Hiring Manager,3.9,Proceed,False
INT002109,APP008231,1,2025-12-02,2025-12-02,Video,Hiring Manager,1.4,Reject,False
INT002110,APP008234,1,2024-04-25,2024-04-25,Video,Hiring Manager,3.2,Hold,False
INT002111,APP008234,2,2024-05-01,2024-05-01,Video,Panel,3.8,Proceed,False
INT002112,APP008242,1,2025-11-07,2025-11-07,On-site,Hiring Manager,,Reject,False
INT002113,APP008254,1,2024-07-24,2024-07-24,Video,Hiring Manager,3.3,Hold,False
INT002114,APP008260,1,2024-10-02,2024-10-02,Video,Hiring Manager,4.3,Proceed,False
INT002115,APP008270,1,2024-08-17,2024-08-17,Video,Hiring Manager,2.8,Hold,False
INT002116,APP008273,1,2025-10-29,2025-10-29,Video,Hiring Manager,3.5,Proceed,False
INT002117,APP008278,1,2024-12-26,2024-12-26,Video,Hiring Manager,5.0,Proceed,False
INT002118,APP008279,1,2024-09-18,2024-09-18,Video,Hiring Manager,2.6,Reject,False
INT002119,APP008280,1,2025-08-21,2025-08-21,On-site,Hiring Manager,1.2,Reject,False
INT002120,APP008285,1,2025-02-10,2025-02-10,Video,Hiring Manager,2.3,Reject,False
INT002121,APP008288,1,2025-01-07,2025-01-07,On-site,Hiring Manager,3.6,Proceed,False
INT002122,APP008292,1,2025-04-20,2025-04-20,On-site,Hiring Manager,2.0,Reject,False
INT002123,APP008299,1,2024-07-14,2024-07-14,On-site,Hiring Manager,3.4,Proceed,False
INT002124,APP008301,1,2024-12-10,2024-12-10,Video,Hiring Manager,2.6,Reject,False
INT002125,APP008304,1,2025-05-01,2025-05-01,Phone,Hiring Manager,3.9,Proceed,False
INT002126,APP008309,1,2025-04-28,2025-04-28,Video,Hiring Manager,3.1,Hold,False
INT002127,APP008309,2,2025-05-06,2025-05-06,On-site,Panel,4.2,Proceed,False
INT002128,APP008311,1,2025-01-24,2025-01-24,Video,Hiring Manager,2.0,Reject,False
INT002129,APP008324,1,2025-02-03,2025-02-03,Video,Hiring Manager,2.9,Hold,False
INT002130,APP008325,1,2025-12-02,2025-12-02,Video,Hiring Manager,4.0,Proceed,False
INT002131,APP008330,1,2025-10-07,2025-10-07,Video,Hiring Manager,3.4,Proceed,False
INT002132,APP008332,1,2024-05-17,2024-05-17,Video,Hiring Manager,1.4,Reject,False
INT002133,APP008335,1,2024-10-06,2024-10-06,On-site,Hiring Manager,2.5,Reject,False
INT002134,APP008337,1,2025-05-12,2025-05-12,Video,Hiring Manager,2.4,Reject,False
INT002135,APP008339,1,2025-05-18,2025-05-18,Phone,Hiring Manager,4.0,Proceed,False
INT002136,APP008341,1,2025-04-20,2025-04-20,Phone,Hiring Manager,4.4,Proceed,False
INT002137,APP008341,2,2025-04-29,2025-04-29,On-site,Panel,4.6,Proceed,False
INT002138,APP008350,1,2025-02-08,2025-02-08,Phone,Hiring Manager,4.5,Proceed,False
INT002139,APP008355,1,2024-07-28,2024-07-28,Phone,Hiring Manager,4.0,Proceed,False
INT002140,APP008369,1,2025-11-22,2025-11-22,Video,Hiring Manager,3.4,Proceed,False
INT002141,APP008372,1,2025-04-04,2025-04-04,Video,Hiring Manager,3.2,Hold,False
INT002142,APP008372,2,2025-04-09,2025-04-09,On-site,Panel,3.0,Hold,False
INT002143,APP008377,1,2025-08-20,2025-08-20,On-site,Hiring Manager,2.9,Hold,False
INT002144,APP008383,1,2024-07-18,2024-07-18,Video,Hiring Manager,2.8,Hold,False
INT002145,APP008385,1,2024-02-17,2024-02-17,Video,Hiring Manager,1.8,Reject,False
INT002146,APP008389,1,2025-07-23,2025-07-23,Video,Hiring Manager,3.9,Proceed,False
INT002147,APP008391,1,2024-07-21,2024-07-21,On-site,Hiring Manager,3.7,Proceed,False
INT002148,APP008395,1,2024-03-27,2024-03-27,On-site,Hiring Manager,1.8,Reject,False
INT002149,APP008397,1,2024-03-16,2024-03-16,Video,Hiring Manager,3.3,Hold,False
INT002150,APP008404,1,2024-12-26,2024-12-26,Video,Hiring Manager,2.3,Reject,False
INT002151,APP008416,1,2024-07-10,2024-07-10,Video,Hiring Manager,5.0,Proceed,False
INT002152,APP008416,2,2024-07-15,2024-07-15,On-site,Panel,4.8,Proceed,False
INT002153,APP008420,1,2024-10-30,2024-10-30,Phone,Hiring Manager,2.5,Reject,False
INT002154,APP008433,1,2025-12-27,2025-12-27,Video,Hiring Manager,4.6,Proceed,False
INT002155,APP008440,1,2024-05-09,2024-05-09,On-site,Hiring Manager,4.5,Proceed,False
INT002156,APP008444,1,2024-11-08,2024-11-08,Video,Hiring Manager,3.2,Hold,False
INT002157,APP008446,1,2024-10-19,2024-10-19,Video,Hiring Manager,4.6,Proceed,False
INT002158,APP008448,1,2024-05-17,2024-05-17,Video,Hiring Manager,3.0,Hold,False
INT002159,APP008448,2,2024-05-23,2024-05-23,On-site,Panel,3.3,Proceed,False
INT002160,APP008449,1,2024-06-19,2024-06-19,Video,Hiring Manager,2.2,Reject,False
INT002161,APP008449,2,2024-06-26,2024-06-26,On-site,Panel,3.6,Proceed,False
INT002162,APP008450,1,2025-01-23,2025-01-23,On-site,Hiring Manager,4.0,Proceed,False
INT002163,APP008451,1,2025-09-01,2025-09-01,Video,Hiring Manager,4.7,Proceed,False
INT002164,APP008455,1,2025-05-03,2025-05-03,On-site,Hiring Manager,2.8,Hold,False
INT002165,APP008465,1,2025-06-03,2025-06-03,Video,Hiring Manager,3.5,Proceed,False
INT002166,APP008468,1,2025-01-22,2025-01-22,Video,Hiring Manager,3.1,Hold,False
INT002167,APP008470,1,2024-03-22,2024-03-22,Video,Hiring Manager,3.9,Proceed,False
INT002168,APP008475,1,2024-07-30,2024-07-30,Video,Hiring Manager,3.7,Proceed,False
INT002169,APP008480,1,2025-04-28,2025-04-28,Phone,Hiring Manager,4.8,Proceed,False
INT002170,APP008482,1,2025-10-25,2025-10-25,On-site,Hiring Manager,3.7,Proceed,False
INT002171,APP008484,1,2025-02-15,2025-02-15,Video,Hiring Manager,2.4,Reject,False
INT002172,APP008485,1,2025-02-04,2025-02-04,On-site,Hiring Manager,5.0,Proceed,False
INT002173,APP008489,1,2025-07-19,2025-07-19,Video,Hiring Manager,3.6,Proceed,False
INT002174,APP008501,1,2024-09-26,2024-09-26,Phone,Hiring Manager,3.7,Proceed,False
INT002175,APP008505,1,2024-03-12,2024-03-12,Video,Hiring Manager,3.8,Proceed,False
INT002176,APP008506,1,2025-08-11,2025-08-11,On-site,Hiring Manager,3.8,Proceed,False
INT002177,APP008507,1,2025-05-27,2025-05-27,Video,Hiring Manager,4.9,Proceed,False
INT002178,APP008512,1,2025-08-10,2025-08-10,On-site,Hiring Manager,4.0,Proceed,False
INT002179,APP008516,1,2025-05-29,2025-05-29,On-site,Hiring Manager,4.5,Proceed,False
INT002180,APP008517,1,2024-11-18,2024-11-18,Video,Hiring Manager,2.8,Hold,False
INT002181,APP008524,1,2025-07-30,2025-07-30,On-site,Hiring Manager,3.4,Proceed,False
INT002182,APP008529,1,2024-11-29,2024-11-29,Video,Hiring Manager,2.9,Hold,False
INT002183,APP008530,1,2025-05-17,2025-05-17,Phone,Hiring Manager,4.0,Proceed,False
INT002184,APP008538,1,2024-03-19,2024-03-19,Video,Hiring Manager,3.5,Proceed,False
INT002185,APP008539,1,2025-06-30,2025-06-30,Video,Hiring Manager,5.0,Proceed,False
INT002186,APP008540,1,2024-10-11,2024-10-11,Video,Hiring Manager,4.1,Proceed,False
INT002187,APP008542,1,2025-10-17,2025-10-17,On-site,Hiring Manager,4.2,Proceed,False
INT002188,APP008549,1,2024-10-16,2024-10-16,On-site,Hiring Manager,2.5,Reject,False
INT002189,APP008551,1,2025-04-24,2025-04-24,Video,Hiring Manager,2.9,Hold,False
INT002190,APP008555,1,2024-04-15,2024-04-15,Video,Hiring Manager,1.6,Reject,False
INT002191,APP008563,1,2025-03-16,2025-03-16,On-site,Hiring Manager,4.3,Proceed,False
INT002192,APP008566,1,2025-03-05,2025-03-05,Video,Hiring Manager,3.6,Proceed,False
INT002193,APP008567,1,2024-03-05,2024-03-05,Video,Hiring Manager,3.3,Hold,False
INT002194,APP008571,1,2025-03-22,2025-03-22,Video,Hiring Manager,2.3,Reject,False
INT002195,APP008574,1,2025-09-08,2025-09-08,Video,Hiring Manager,2.9,Hold,False
INT002196,APP008575,1,2025-08-19,2025-08-19,On-site,Hiring Manager,2.7,Reject,False
INT002197,APP008576,1,2024-02-15,2024-02-15,Video,Hiring Manager,4.0,Proceed,False
INT002198,APP008584,1,2024-12-02,2024-12-02,Phone,Hiring Manager,2.7,Reject,False
INT002199,APP008585,1,2025-09-03,2025-09-03,Video,Hiring Manager,1.5,Reject,False
INT002200,APP008589,1,2025-11-06,2025-11-06,Video,Hiring Manager,1.3,Reject,False
INT002201,APP008589,2,2025-11-12,2025-11-12,On-site,Panel,1.2,Hold,False
INT002202,APP008600,1,2024-12-27,2024-12-27,Video,Hiring Manager,2.3,Reject,False
INT002203,APP008601,1,2024-08-16,2024-08-16,Video,Hiring Manager,3.4,Proceed,False
INT002204,APP008603,1,2024-01-31,2024-01-31,Video,Hiring Manager,2.7,Reject,False
INT002205,APP008605,1,2025-07-20,2025-07-20,Video,Hiring Manager,4.3,Proceed,False
INT002206,APP008608,1,2024-09-28,2024-09-28,Video,Hiring Manager,3.4,Proceed,False
INT002207,APP008611,1,2024-04-14,2024-04-14,On-site,Hiring Manager,3.0,Hold,False
INT002208,APP008614,1,2024-04-10,2024-04-10,Phone,Hiring Manager,2.1,Reject,False
INT002209,APP008616,1,2025-03-05,2025-02-28,Video,Hiring Manager,2.2,Reject,False
INT002210,APP008617,1,2025-06-29,2025-06-29,On-site,Hiring Manager,4.5,Proceed,False
INT002211,APP008622,1,2025-05-01,2025-05-01,On-site,Hiring Manager,2.0,Reject,False
INT002212,APP008623,1,2025-10-01,2025-10-01,Phone,Hiring Manager,2.5,Reject,False
INT002213,APP008624,1,2025-11-05,2025-11-05,Video,Hiring Manager,3.9,Proceed,False
INT002214,APP008627,1,2024-07-18,2024-07-18,Video,Hiring Manager,3.9,Proceed,False
INT002215,APP008629,1,2025-10-11,2025-10-11,Video,Hiring Manager,4.0,Proceed,False
INT002216,APP008634,1,2025-12-23,2025-12-23,Phone,Hiring Manager,4.5,Proceed,False
INT002217,APP008636,1,2024-12-16,2024-12-16,Video,Hiring Manager,3.3,Hold,False
INT002218,APP008636,2,2024-12-20,2024-12-20,On-site,Panel,3.2,Hold,False
INT002219,APP008639,1,2024-09-09,2024-09-09,On-site,Hiring Manager,4.2,Proceed,False
INT002220,APP008639,2,2024-09-16,2024-09-16,On-site,Panel,4.8,Proceed,False
INT002221,APP008641,1,2025-02-03,2025-01-31,Video,Hiring Manager,3.8,Proceed,False
INT002222,APP008645,1,2025-10-07,2025-10-07,On-site,Hiring Manager,4.4,Proceed,False
INT002223,APP008648,1,2024-11-07,2024-11-07,Video,Hiring Manager,3.8,Proceed,False
INT002224,APP008651,1,2024-09-01,2024-09-01,Video,Hiring Manager,4.4,Proceed,False
INT002225,APP008653,1,2025-06-01,2025-06-01,Video,Hiring Manager,4.2,Proceed,False
INT002226,APP008660,1,2024-09-02,2024-09-02,Video,Hiring Manager,3.6,Proceed,False
INT002227,APP008663,1,2025-02-22,2025-02-22,Phone,Hiring Manager,3.7,Proceed,False
INT002228,APP008666,1,2024-10-24,2024-10-24,Video,Hiring Manager,3.3,Hold,False
INT002229,APP008667,1,2024-11-21,2024-11-21,Video,Hiring Manager,3.6,Proceed,False
INT002230,APP008670,1,2025-04-25,2025-04-25,On-site,Hiring Manager,3.1,Hold,False
INT002231,APP008672,1,2025-04-26,2025-04-26,Video,Hiring Manager,3.9,Proceed,False
INT002232,APP008672,2,2025-04-30,2025-04-30,On-site,Panel,3.0,Hold,False
INT002233,APP008675,1,2024-08-07,2024-08-07,Video,Hiring Manager,2.9,Hold,False
INT002234,APP008675,2,2024-08-13,2024-08-13,On-site,Panel,3.2,Hold,False
INT002235,APP008677,1,2024-11-08,2024-11-08,Video,Hiring Manager,5.0,Proceed,False
INT002236,APP008679,1,2024-09-27,2024-09-27,Phone,Hiring Manager,3.8,Proceed,False
INT002237,APP008681,1,2025-02-05,2025-02-05,Video,Hiring Manager,3.7,Proceed,False
INT002238,APP008688,1,2024-08-16,2024-08-16,Video,Hiring Manager,2.8,Hold,False
INT002239,APP008690,1,2025-01-29,2025-01-29,On-site,Hiring Manager,3.5,Proceed,False
INT002240,APP008693,1,2024-11-30,2024-11-30,Video,Hiring Manager,5.0,Proceed,False
INT002241,APP008696,1,2025-02-16,2025-02-16,Phone,Hiring Manager,4.1,Proceed,False
INT002242,APP008696,2,2025-02-27,2025-02-27,Video,Panel,5.0,Proceed,False
INT002243,APP008699,1,2025-04-11,2025-04-11,Video,Hiring Manager,2.8,Hold,False
INT002244,APP008705,1,2025-01-12,2025-01-12,On-site,Hiring Manager,4.4,Proceed,False
INT002245,APP008706,1,2025-05-12,2025-05-12,Video,Hiring Manager,3.3,Hold,False
INT002246,APP008710,1,2025-08-16,2025-08-16,Phone,Hiring Manager,3.2,Hold,False
INT002247,APP008713,1,2025-07-27,2025-07-27,Video,Hiring Manager,4.5,Proceed,False
INT002248,APP008719,1,2024-06-26,2024-06-26,Video,Hiring Manager,4.2,Proceed,False
INT002249,APP008719,2,2024-07-02,2024-07-02,On-site,Panel,4.8,Proceed,False
INT002250,APP008720,1,2024-10-31,2024-10-31,Video,Hiring Manager,3.0,Hold,False
INT002251,APP008734,1,2025-12-10,2025-12-10,Video,Hiring Manager,5.0,Proceed,False
INT002252,APP008735,1,2025-05-13,2025-05-13,Video,Hiring Manager,3.9,Proceed,False
INT002253,APP008745,1,2025-11-09,2025-11-09,Video,Hiring Manager,4.1,Proceed,False
INT002254,APP008754,1,2025-02-16,2025-02-16,On-site,Hiring Manager,4.1,Proceed,False
INT002255,APP008755,1,2024-03-17,2024-03-17,Video,Hiring Manager,3.3,Hold,False
INT002256,APP008756,1,2025-07-17,2025-07-17,On-site,Hiring Manager,2.3,Reject,False
INT002257,APP008762,1,2025-08-24,2025-08-24,Video,Hiring Manager,3.1,Hold,False
INT002258,APP008764,1,2024-11-12,2024-11-12,Video,Hiring Manager,2.3,Reject,False
INT002259,APP008765,1,2025-02-21,2025-02-21,Phone,Hiring Manager,1.7,Reject,False
INT002260,APP008766,1,2025-04-12,2025-04-12,On-site,Hiring Manager,3.9,Proceed,False
INT002261,APP008779,1,2024-12-27,2024-12-27,Video,Hiring Manager,3.5,Proceed,False
INT002262,APP008780,1,2024-06-02,2024-06-02,Video,Hiring Manager,4.0,Proceed,False
INT002263,APP008781,1,2025-10-10,2025-10-10,On-site,Hiring Manager,3.1,Hold,False
INT002264,APP008786,1,2025-02-16,2025-02-16,Video,Hiring Manager,3.9,Proceed,False
INT002265,APP008788,1,2024-06-13,2024-06-13,Video,Hiring Manager,2.9,Hold,False
INT002266,APP008795,1,2025-03-29,2025-03-29,Video,Hiring Manager,3.4,Proceed,False
INT002267,APP008801,1,2025-01-30,2025-01-30,On-site,Hiring Manager,2.1,Reject,False
INT002268,APP008802,1,2025-08-20,2025-08-20,Video,Hiring Manager,4.3,Proceed,False
INT002269,APP008817,1,2024-11-21,2024-11-21,On-site,Hiring Manager,,Hold,False
INT002270,APP008820,1,2024-06-11,2024-06-11,On-site,Hiring Manager,3.6,Proceed,False
INT002271,APP008823,1,2024-06-19,2024-06-19,Video,Hiring Manager,2.7,Reject,False
INT002272,APP008831,1,2024-06-06,2024-06-06,Video,Hiring Manager,3.7,Proceed,False
INT002273,APP008834,1,2025-05-31,2025-05-31,Video,Hiring Manager,3.4,Proceed,False
INT002274,APP008837,1,2025-06-14,2025-06-14,On-site,Hiring Manager,3.5,Proceed,False
INT002275,APP008840,1,2025-09-17,2025-09-17,Video,Hiring Manager,3.7,Proceed,False
INT002276,APP008845,1,2025-07-01,2025-07-01,On-site,Hiring Manager,3.1,Hold,False
INT002277,APP008846,1,2024-09-23,2024-09-23,Phone,Hiring Manager,1.9,Reject,False
INT002278,APP008847,1,2025-06-20,2025-06-20,Video,Hiring Manager,4.9,Proceed,False
INT002279,APP008851,1,2024-08-24,2024-08-24,Video,Hiring Manager,5.0,Proceed,False
INT002280,APP008855,1,2024-04-13,2024-04-13,On-site,Hiring Manager,4.8,Proceed,False
INT002281,APP008855,2,2024-04-22,2024-04-22,Video,Panel,5.0,Proceed,False
INT002282,APP008857,1,2025-09-06,2025-09-06,Video,Hiring Manager,4.4,Proceed,False
INT002283,APP008857,2,2025-09-16,2025-09-16,On-site,Panel,4.8,Proceed,False
INT002284,APP008858,1,2024-08-23,2024-08-23,On-site,Hiring Manager,3.7,Proceed,False
INT002285,APP008861,1,2024-12-06,2024-12-06,Phone,Hiring Manager,3.2,Hold,False
INT002286,APP008872,1,2025-02-06,2025-02-06,Video,Hiring Manager,3.5,Proceed,False
INT002287,APP008879,1,2024-04-05,2024-04-05,Video,Hiring Manager,3.2,Hold,False
INT002288,APP008884,1,2024-12-27,2024-12-27,Video,Hiring Manager,3.4,Proceed,False
INT002289,APP008887,1,2025-05-03,2025-05-03,Video,Hiring Manager,3.2,Hold,False
INT002290,APP008890,1,2025-12-18,2025-12-18,Phone,Hiring Manager,3.3,Hold,False
INT002291,APP008891,1,2025-07-06,2025-07-06,Video,Hiring Manager,4.2,Proceed,False
INT002292,APP008891,2,2025-07-15,2025-07-15,On-site,Panel,4.7,Proceed,False
INT002293,APP008895,1,2024-11-03,2024-11-03,Video,Hiring Manager,3.4,Proceed,False
INT002294,APP008895,2,2024-11-08,2024-11-08,Video,Panel,2.8,Hold,False
INT002295,APP008898,1,2024-07-25,2024-07-25,Video,Hiring Manager,3.5,Proceed,False
INT002296,APP008900,1,2025-06-27,2025-06-27,Video,Hiring Manager,3.3,Hold,False
INT002297,APP008901,1,2025-11-01,2025-11-01,Video,Hiring Manager,3.3,Hold,False
INT002298,APP008906,1,2025-12-20,2025-12-20,Video,Hiring Manager,4.2,Proceed,False
INT002299,APP008928,1,2024-12-16,2024-12-16,Video,Hiring Manager,3.6,Proceed,False
INT002300,APP008933,1,2024-05-18,2024-05-18,Video,Hiring Manager,3.8,Proceed,False
INT002301,APP008933,2,2024-05-24,2024-05-24,On-site,Panel,4.7,Proceed,False
INT002302,APP008935,1,2025-10-04,2025-10-04,Video,Hiring Manager,3.0,Hold,False
INT002303,APP008949,1,2024-07-05,2024-07-05,On-site,Hiring Manager,2.9,Hold,False
INT002304,APP008968,1,2025-05-14,2025-05-14,Video,Hiring Manager,4.1,Proceed,False
INT002305,APP008968,2,2025-05-24,2025-05-24,On-site,Panel,3.9,Proceed,False
INT002306,APP008970,1,2024-11-25,2024-11-25,Video,Hiring Manager,1.6,Reject,False
INT002307,APP008971,1,2025-07-23,2025-07-23,Video,Hiring Manager,4.1,Proceed,False
INT002308,APP008975,1,2025-09-19,2025-09-19,On-site,Hiring Manager,2.6,Reject,False
INT002309,APP008976,1,2025-03-08,2025-03-08,Video,Hiring Manager,3.9,Proceed,False
INT002310,APP008976,2,2025-03-13,2025-03-13,On-site,Panel,4.0,Proceed,False
INT002311,APP008982,1,2024-12-20,2024-12-20,Phone,Hiring Manager,4.1,Proceed,False
INT002312,APP008986,1,2025-05-15,2025-05-15,Video,Hiring Manager,3.7,Proceed,False
INT002313,APP008992,1,2025-08-12,2025-08-12,Video,Hiring Manager,,Reject,False
INT002314,APP008994,1,2024-07-19,2024-07-19,Video,Hiring Manager,3.9,Proceed,False
INT002315,APP008995,1,2025-12-17,2025-12-17,Video,Hiring Manager,3.5,Proceed,False
INT002316,APP009003,1,2024-04-25,2024-04-25,Phone,Hiring Manager,3.0,Hold,False
INT002317,APP009006,1,2025-07-18,2025-07-18,Video,Hiring Manager,2.7,Reject,False
INT002318,APP009011,1,2025-11-21,2025-11-21,On-site,Hiring Manager,4.6,Proceed,False
INT002319,APP009011,2,2025-11-27,2025-11-27,On-site,Panel,5.0,Proceed,False
INT002320,APP009012,1,2025-06-17,2025-06-17,Video,Hiring Manager,4.0,Proceed,False
INT002321,APP009013,1,2025-06-09,2025-06-09,On-site,Hiring Manager,3.6,Proceed,False
INT002322,APP009014,1,2024-09-15,2024-09-15,Phone,Hiring Manager,3.3,Hold,False
INT002323,APP009016,1,2024-12-16,2024-12-16,Video,Hiring Manager,3.6,Proceed,False
INT002324,APP009017,1,2025-01-03,2025-01-03,Video,Hiring Manager,2.8,Hold,False
INT002325,APP009028,1,2024-11-24,2024-11-24,Video,Hiring Manager,4.1,Proceed,False
INT002326,APP009030,1,2024-07-02,2024-07-02,Video,Hiring Manager,2.7,Reject,False
INT002327,APP009034,1,2024-10-18,2024-10-18,On-site,Hiring Manager,1.7,Reject,False
INT002328,APP009042,1,2024-03-20,2024-03-20,Video,Hiring Manager,4.1,Proceed,False
INT002329,APP009048,1,2025-10-18,2025-10-18,Video,Hiring Manager,2.7,Reject,False
INT002330,APP009055,1,2025-07-14,2025-07-14,On-site,Hiring Manager,5.0,Proceed,False
INT002331,APP009056,1,2024-11-09,2024-11-09,Video,Hiring Manager,3.4,Proceed,False
INT002332,APP009063,1,2025-10-14,2025-10-14,On-site,Hiring Manager,3.6,Proceed,False
INT002333,APP009063,2,2025-10-25,2025-10-25,On-site,Panel,4.5,Proceed,False
INT002334,APP009068,1,2025-03-08,2025-03-08,Video,Hiring Manager,3.9,Proceed,False
INT002335,APP009071,1,2025-12-29,2025-12-29,Video,Hiring Manager,3.8,Proceed,False
INT002336,APP009073,1,2024-03-22,2024-03-22,Video,Hiring Manager,4.8,Proceed,False
INT002337,APP009073,2,2024-03-31,2024-03-31,On-site,Panel,5.0,Proceed,False
INT002338,APP009076,1,2025-11-24,2025-11-24,Video,Hiring Manager,4.8,Proceed,False
INT002339,APP009078,1,2024-08-20,2024-08-20,On-site,Hiring Manager,5.0,Proceed,False
INT002340,APP009088,1,2024-09-25,2024-09-25,Phone,Hiring Manager,4.8,Proceed,False
INT002341,APP009088,2,2024-09-29,2024-09-29,On-site,Panel,5.0,Proceed,False
INT002342,APP009099,1,2025-05-13,2025-05-13,Video,Hiring Manager,3.3,Hold,False
INT002343,APP009102,1,2025-09-11,2025-09-11,On-site,Hiring Manager,1.0,Reject,False
INT002344,APP009103,1,2025-05-03,2025-05-03,Video,Hiring Manager,2.3,Reject,False
INT002345,APP009112,1,2024-11-11,2024-11-11,On-site,Hiring Manager,1.8,Reject,False
INT002346,APP009126,1,2024-12-18,2024-12-18,Video,Hiring Manager,3.1,Hold,False
INT002347,APP009130,1,2025-01-16,2025-01-16,Video,Hiring Manager,3.5,Proceed,False
INT002348,APP009144,1,2025-11-06,2025-11-06,Video,Hiring Manager,4.1,Proceed,False
INT002349,APP009151,1,2024-05-19,2024-05-19,Video,Hiring Manager,2.8,Hold,False
INT002350,APP009158,1,2025-09-30,2025-09-30,Phone,Hiring Manager,4.5,Proceed,False
INT002351,APP009170,1,2025-01-16,2025-01-16,Video,Hiring Manager,3.9,Proceed,False
INT002352,APP009172,1,2024-08-11,2024-08-11,Video,Hiring Manager,2.6,Reject,False
INT002353,APP009174,1,2025-02-22,2025-02-22,Video,Hiring Manager,2.6,Reject,False
INT002354,APP009175,1,2025-01-23,2025-01-23,On-site,Hiring Manager,2.7,Reject,False
INT002355,APP009179,1,2025-02-03,2025-02-03,Video,Hiring Manager,3.1,Hold,False
INT002356,APP009179,2,2025-02-09,2025-02-09,Video,Panel,3.1,Hold,False
INT002357,APP009188,1,2024-09-12,2024-09-12,On-site,Hiring Manager,4.4,Proceed,False
INT002358,APP009191,1,2024-06-26,2024-06-26,Video,Hiring Manager,4.0,Proceed,False
INT002359,APP009197,1,2024-11-16,2024-11-16,Video,Hiring Manager,4.1,Proceed,False
INT002360,APP009201,1,2024-08-30,2024-08-30,Phone,Hiring Manager,2.7,Reject,False
INT002361,APP009209,1,2024-05-08,2024-05-08,Video,Hiring Manager,3.3,Hold,False
INT002362,APP009210,1,2024-11-15,2024-11-15,Video,Hiring Manager,,Proceed,False
INT002363,APP009220,1,2024-07-17,2024-07-17,Phone,Hiring Manager,3.6,Proceed,False
INT002364,APP009222,1,2025-06-23,2025-06-23,Video,Hiring Manager,,Reject,False
INT002365,APP009226,1,2024-05-13,2024-05-13,Video,Hiring Manager,3.0,Hold,False
INT002366,APP009234,1,2024-07-28,2024-07-28,Video,Hiring Manager,3.3,Hold,False
INT002367,APP009235,1,2025-11-13,2025-11-13,Video,Hiring Manager,3.2,Hold,False
INT002368,APP009238,1,2024-09-02,2024-09-02,On-site,Hiring Manager,4.0,Proceed,False
INT002369,APP009238,2,2024-09-08,2024-09-08,On-site,Panel,5.0,Proceed,False
INT002370,APP009248,1,2024-10-23,2024-10-23,On-site,Hiring Manager,4.8,Proceed,False
INT002371,APP009248,2,2024-10-30,2024-10-30,On-site,Panel,5.0,Proceed,False
INT002372,APP009250,1,2025-08-20,2025-08-20,On-site,Hiring Manager,3.9,Proceed,False
INT002373,APP009252,1,2024-12-21,2024-12-21,Video,Hiring Manager,3.7,Proceed,False
INT002374,APP009253,1,2024-12-04,2024-12-04,Phone,Hiring Manager,3.1,Hold,False
INT002375,APP009260,1,2025-10-21,2025-10-21,On-site,Hiring Manager,2.0,Reject,False
INT002376,APP009262,1,2024-05-02,2024-05-02,On-site,Hiring Manager,3.6,Proceed,False
INT002377,APP009271,1,2025-10-03,2025-10-03,On-site,Hiring Manager,2.3,Reject,False
INT002378,APP009273,1,2024-07-31,2024-07-31,On-site,Hiring Manager,2.9,Hold,False
INT002379,APP009273,2,2024-08-08,2024-08-08,On-site,Panel,3.6,Proceed,False
INT002380,APP009282,1,2024-10-24,2024-10-24,Video,Hiring Manager,3.9,Proceed,False
INT002381,APP009284,1,2024-09-25,2024-09-25,Video,Hiring Manager,4.3,Proceed,False
INT002382,APP009292,1,2025-08-15,2025-08-15,Phone,Hiring Manager,4.1,Proceed,False
INT002383,APP009300,1,2025-04-18,2025-04-18,On-site,Hiring Manager,2.7,Reject,False
INT002384,APP009301,1,2024-09-24,2024-09-24,Phone,Hiring Manager,4.2,Proceed,False
INT002385,APP009308,1,2024-12-09,2024-12-09,Video,Hiring Manager,5.0,Proceed,False
INT002386,APP009309,1,2025-12-07,2025-12-07,On-site,Hiring Manager,3.5,Proceed,False
INT002387,APP009311,1,2025-03-24,2025-03-24,Video,Hiring Manager,3.1,Hold,False
INT002388,APP009330,1,2025-10-09,2025-10-09,Video,Hiring Manager,2.7,Reject,False
INT002389,APP009331,1,2025-04-12,2025-04-12,Video,Hiring Manager,4.9,Proceed,False
INT002390,APP009336,1,2024-08-11,2024-08-11,Video,Hiring Manager,3.6,Proceed,False
INT002391,APP009338,1,2025-12-29,2025-12-29,On-site,Hiring Manager,3.0,Hold,False
INT002392,APP009339,1,2025-07-16,2025-07-16,Video,Hiring Manager,1.9,Reject,False
INT002393,APP009345,1,2024-10-20,2024-10-20,Video,Hiring Manager,2.7,Reject,False
INT002394,APP009346,1,2025-04-19,2025-04-19,On-site,Hiring Manager,4.9,Proceed,False
INT002395,APP009347,1,2024-05-03,2024-05-03,Phone,Hiring Manager,3.2,Hold,False
INT002396,APP009347,2,2024-05-09,2024-05-09,Video,Panel,1.6,Hold,False
INT002397,APP009352,1,2025-08-30,2025-08-30,On-site,Hiring Manager,3.0,Hold,False
INT002398,APP009353,1,2024-10-01,2024-10-01,Video,Hiring Manager,4.5,Proceed,False
INT002399,APP009353,2,2024-10-10,2024-10-10,On-site,Panel,5.0,Proceed,False
INT002400,APP009358,1,2024-10-20,2024-10-20,Phone,Hiring Manager,4.4,Proceed,False
INT002401,APP009359,1,2025-01-22,2025-01-22,On-site,Hiring Manager,3.5,Proceed,False
INT002402,APP009365,1,2025-12-16,2025-12-16,Phone,Hiring Manager,3.7,Proceed,False
INT002403,APP009367,1,2025-05-03,2025-05-03,On-site,Hiring Manager,4.3,Proceed,False
INT002404,APP009374,1,2025-02-09,2025-02-09,Video,Hiring Manager,2.7,Reject,False
INT002405,APP009374,2,2025-02-17,2025-02-17,On-site,Panel,2.9,Hold,False
INT002406,APP009375,1,2024-12-21,2024-12-21,Video,Hiring Manager,2.9,Hold,False
INT002407,APP009379,1,2025-10-04,2025-10-04,On-site,Hiring Manager,3.5,Proceed,False
INT002408,APP009381,1,2025-10-05,2025-10-05,Video,Hiring Manager,3.3,Hold,False
INT002409,APP009385,1,2025-04-06,2025-04-06,Phone,Hiring Manager,2.9,Hold,False
INT002410,APP009394,1,2025-02-04,2025-02-04,Video,Hiring Manager,2.6,Reject,False
INT002411,APP009398,1,2024-08-07,2024-08-07,Video,Hiring Manager,2.1,Reject,False
INT002412,APP009419,1,2024-03-02,2024-03-02,Video,Hiring Manager,2.3,Reject,False
INT002413,APP009420,1,2025-01-15,2025-01-15,On-site,Hiring Manager,4.0,Proceed,False
INT002414,APP009422,1,2024-11-05,2024-11-05,On-site,Hiring Manager,4.3,Proceed,False
INT002415,APP009424,1,2025-09-01,2025-09-01,Video,Hiring Manager,2.8,Hold,False
INT002416,APP009427,1,2025-12-15,2025-12-15,On-site,Hiring Manager,2.6,Reject,False
INT002417,APP009434,1,2024-07-13,2024-07-13,On-site,Hiring Manager,2.8,Hold,False
INT002418,APP009435,1,2025-07-11,2025-07-11,Video,Hiring Manager,3.6,Proceed,False
INT002419,APP009440,1,2025-02-11,2025-02-11,Video,Hiring Manager,2.0,Reject,False
INT002420,APP009443,1,2026-01-11,2026-01-11,Video,Hiring Manager,3.1,Hold,False
INT002421,APP009444,1,2024-12-12,2024-12-12,Video,Hiring Manager,3.0,Hold,False
INT002422,APP009447,1,2025-09-09,2025-09-09,Phone,Hiring Manager,3.8,Proceed,False
INT002423,APP009452,1,2025-10-11,2025-10-11,Video,Hiring Manager,2.4,Reject,False
INT002424,APP009454,1,2025-02-18,2025-02-18,Video,Hiring Manager,4.3,Proceed,False
INT002425,APP009459,1,2025-01-13,2025-01-13,Video,Hiring Manager,4.2,Proceed,False
INT002426,APP009461,1,2025-07-03,2025-07-03,On-site,Hiring Manager,4.0,Proceed,False
INT002427,APP009462,1,2025-02-21,2025-02-21,On-site,Hiring Manager,3.0,Hold,False
INT002428,APP009462,2,2025-02-28,2025-02-28,On-site,Panel,3.1,Hold,False
INT002429,APP009463,1,2024-06-27,2024-06-27,Phone,Hiring Manager,3.3,Hold,False
INT002430,APP009467,1,2024-08-31,2024-08-31,Video,Hiring Manager,4.1,Proceed,False
INT002431,APP009470,1,2025-04-22,2025-04-22,Video,Hiring Manager,1.9,Reject,False
INT002432,APP009471,1,2025-03-24,2025-03-24,Phone,Hiring Manager,3.3,Hold,False
INT002433,APP009478,1,2025-01-24,2025-01-24,On-site,Hiring Manager,3.7,Proceed,False
INT002434,APP009483,1,2025-02-13,2025-02-13,On-site,Hiring Manager,4.1,Proceed,False
INT002435,APP009484,1,2025-03-02,2025-03-02,Video,Hiring Manager,2.8,Hold,False
INT002436,APP009496,1,2025-11-12,2025-11-12,Video,Hiring Manager,3.3,Hold,False
INT002437,APP009498,1,2025-08-29,2025-08-29,On-site,Hiring Manager,3.0,Hold,False
INT002438,APP009500,1,2025-08-30,2025-08-30,Phone,Hiring Manager,3.2,Hold,False
INT002439,APP009501,1,2025-10-31,2025-10-31,Video,Hiring Manager,3.7,Proceed,False
INT002440,APP009510,1,2024-03-31,2024-03-31,Video,Hiring Manager,5.0,Proceed,False
INT002441,APP009511,1,2024-11-29,2024-11-29,On-site,Hiring Manager,4.5,Proceed,False
INT002442,APP009512,1,2025-01-01,2025-01-01,Video,Hiring Manager,4.2,Proceed,False
INT002443,APP009517,1,2025-07-18,2025-07-18,Phone,Hiring Manager,4.0,Proceed,False
INT002444,APP009517,2,2025-07-29,2025-07-29,On-site,Panel,3.9,Proceed,False
INT002445,APP009518,1,2025-04-06,2025-04-06,Video,Hiring Manager,5.0,Proceed,False
INT002446,APP009521,1,2024-12-25,2024-12-25,On-site,Hiring Manager,2.7,Reject,False
INT002447,APP009522,1,2025-09-11,2025-09-11,Video,Hiring Manager,3.6,Proceed,False
INT002448,APP009525,1,2025-09-16,2025-09-16,Video,Hiring Manager,2.5,Reject,False
INT002449,APP009526,1,2024-05-23,2024-05-23,Video,Hiring Manager,2.8,Hold,False
INT002450,APP009531,1,2025-12-20,2025-12-20,Video,Hiring Manager,3.1,Hold,False
INT002451,APP009542,1,2024-05-07,2024-05-07,Video,Hiring Manager,3.5,Proceed,False
INT002452,APP009551,1,2024-08-30,2024-08-30,Video,Hiring Manager,2.5,Reject,False
INT002453,APP009553,1,2025-12-03,2025-12-03,On-site,Hiring Manager,3.2,Hold,False
INT002454,APP009554,1,2024-03-08,2024-03-08,Video,Hiring Manager,3.1,Hold,False
INT002455,APP009556,1,2025-10-07,2025-09-29,On-site,Hiring Manager,2.6,Reject,False
INT002456,APP009558,1,2025-10-08,2025-10-08,On-site,Hiring Manager,4.4,Proceed,False
INT002457,APP009561,1,2025-03-28,2025-03-28,Phone,Hiring Manager,3.5,Proceed,False
INT002458,APP009564,1,2026-01-28,2026-01-28,On-site,Hiring Manager,2.5,Reject,False
INT002459,APP009567,1,2025-11-08,2025-11-08,Video,Hiring Manager,3.9,Proceed,False
INT002460,APP009573,1,2024-02-29,2024-02-29,On-site,Hiring Manager,3.3,Hold,False
INT002461,APP009581,1,2025-06-29,2025-06-29,Video,Hiring Manager,3.6,Proceed,False
INT002462,APP009585,1,2024-12-06,2024-12-06,Video,Hiring Manager,3.5,Proceed,False
INT002463,APP009594,1,2025-02-09,2025-02-09,On-site,Hiring Manager,3.0,Hold,False
INT002464,APP009602,1,2024-04-18,2024-04-18,On-site,Hiring Manager,2.0,Reject,False
INT002465,APP009606,1,2024-09-20,2024-09-20,Video,Hiring Manager,3.3,Hold,False
INT002466,APP009608,1,2025-04-11,2025-04-11,On-site,Hiring Manager,3.1,Hold,False
INT002467,APP009613,1,2025-02-02,2025-02-02,On-site,Hiring Manager,2.4,Reject,False
INT002468,APP009623,1,2024-08-08,2024-08-08,On-site,Hiring Manager,2.2,Reject,False
INT002469,APP009634,1,2025-01-07,2025-01-07,Video,Hiring Manager,2.9,Hold,False
INT002470,APP009635,1,2025-01-31,2025-01-31,Phone,Hiring Manager,3.8,Proceed,False
INT002471,APP009636,1,2024-02-26,2024-02-26,Video,Hiring Manager,4.4,Proceed,False
INT002472,APP009644,1,2025-04-06,2025-04-06,Video,Hiring Manager,3.3,Hold,False
INT002473,APP009649,1,2025-07-26,2025-07-26,Video,Hiring Manager,2.6,Reject,False
INT002474,APP009650,1,2024-04-28,2024-04-28,On-site,Hiring Manager,2.7,Reject,False
INT002475,APP009652,1,2024-10-01,2024-10-01,Video,Hiring Manager,3.6,Proceed,False
INT002476,APP009660,1,2025-02-23,2025-02-23,Video,Hiring Manager,4.2,Proceed,False
INT002477,APP009663,1,2024-05-05,2024-05-05,On-site,Hiring Manager,4.6,Proceed,False
INT002478,APP009668,1,2024-08-15,2024-08-15,Video,Hiring Manager,4.8,Proceed,False
INT002479,APP009675,1,2025-06-23,2025-06-23,On-site,Hiring Manager,3.1,Hold,False
INT002480,APP009675,2,2025-06-29,2025-06-29,Video,Panel,3.0,Hold,False
INT002481,APP009680,1,2026-02-01,2026-02-01,On-site,Hiring Manager,3.8,Proceed,False
INT002482,APP009682,1,2024-08-29,2024-08-29,Video,Hiring Manager,3.6,Proceed,False
INT002483,APP009682,2,2024-09-06,2024-09-06,On-site,Panel,4.2,Proceed,False
INT002484,APP009683,1,2025-12-11,2025-12-11,On-site,Hiring Manager,2.0,Reject,False
INT002485,APP009687,1,2025-01-27,2025-01-27,Phone,Hiring Manager,3.4,Proceed,False
INT002486,APP009687,2,2025-02-04,2025-02-04,On-site,Panel,3.5,Proceed,False
INT002487,APP009688,1,2025-04-09,2025-04-09,Video,Hiring Manager,1.4,Reject,False
INT002488,APP009691,1,2024-11-05,2024-11-05,On-site,Hiring Manager,3.1,Hold,False
INT002489,APP009692,1,2024-07-21,2024-07-21,Video,Hiring Manager,3.1,Hold,False
INT002490,APP009693,1,2025-04-29,2025-04-29,Phone,Hiring Manager,2.0,Reject,False
INT002491,APP009699,1,2025-07-09,2025-07-09,On-site,Hiring Manager,2.9,Hold,False
INT002492,APP009699,2,2025-07-20,2025-07-20,On-site,Panel,,Hold,False
INT002493,APP009701,1,2025-07-29,2025-07-29,Phone,Hiring Manager,5.0,Proceed,False
INT002494,APP009703,1,2024-08-02,2024-08-02,Video,Hiring Manager,4.4,Proceed,False
INT002495,APP009709,1,2024-04-08,2024-04-08,Video,Hiring Manager,3.9,Proceed,False
INT002496,APP009714,1,2024-06-13,2024-06-13,Video,Hiring Manager,3.3,Hold,False
INT002497,APP009716,1,2024-05-09,2024-05-09,Video,Hiring Manager,2.3,Reject,False
INT002498,APP009716,2,2024-05-19,2024-05-19,On-site,Panel,3.0,Hold,False
INT002499,APP009719,1,2024-12-15,2024-12-15,Phone,Hiring Manager,,Proceed,False
INT002500,APP009724,1,2025-03-03,2025-03-03,Phone,Hiring Manager,3.5,Proceed,False
INT002501,APP009724,2,2025-03-08,2025-03-08,On-site,Panel,3.8,Proceed,False
INT002502,APP009729,1,2024-10-14,2024-10-14,On-site,Hiring Manager,2.5,Reject,False
INT002503,APP009729,2,2024-10-20,2024-10-20,Video,Panel,2.8,Hold,False
INT002504,APP009730,1,2025-05-17,2025-05-17,Video,Hiring Manager,4.9,Proceed,False
INT002505,APP009731,1,2025-04-24,2025-04-24,On-site,Hiring Manager,4.2,Proceed,False
INT002506,APP009733,1,2024-06-15,2024-06-15,On-site,Hiring Manager,3.6,Proceed,False
INT002507,APP009739,1,2025-12-15,2025-12-15,Video,Hiring Manager,4.5,Proceed,False
INT002508,APP009739,2,2025-12-19,2025-12-19,On-site,Panel,4.4,Proceed,False
INT002509,APP009742,1,2025-08-13,2025-08-13,Video,Hiring Manager,4.1,Proceed,False
INT002510,APP009743,1,2024-07-17,2024-07-17,Phone,Hiring Manager,3.3,Hold,False
INT002511,APP009745,1,2024-07-16,2024-07-16,On-site,Hiring Manager,3.6,Proceed,False
INT002512,APP009749,1,2025-05-06,2025-05-06,Video,Hiring Manager,4.5,Proceed,False
INT002513,APP009756,1,2025-09-23,2025-09-23,On-site,Hiring Manager,3.5,Proceed,False
INT002514,APP009768,1,2024-08-31,2024-08-31,Video,Hiring Manager,3.0,Hold,False
INT002515,APP009768,2,2024-09-05,2024-09-05,Video,Panel,3.7,Proceed,False
INT002516,APP009769,1,2025-10-24,2025-10-24,On-site,Hiring Manager,3.0,Hold,False
INT002517,APP009772,1,2025-05-13,2025-05-13,Video,Hiring Manager,4.1,Proceed,False
INT002518,APP009779,1,2025-03-05,2025-03-05,Video,Hiring Manager,3.4,Proceed,False
INT002519,APP009783,1,2024-11-08,2024-11-08,On-site,Hiring Manager,3.3,Hold,False
INT002520,APP009783,2,2024-11-18,2024-11-18,On-site,Panel,3.0,Hold,False
INT002521,APP009787,1,2025-05-10,2025-05-10,Phone,Hiring Manager,4.5,Proceed,False
INT002522,APP009789,1,2025-10-11,2025-10-11,Video,Hiring Manager,4.4,Proceed,False
INT002523,APP009806,1,2024-09-13,2024-09-13,On-site,Hiring Manager,2.7,Reject,False
INT002524,APP009810,1,2025-02-04,2025-02-04,Video,Hiring Manager,4.6,Proceed,False
INT002525,APP009834,1,2024-09-30,2024-09-30,Video,Hiring Manager,2.5,Reject,False
INT002526,APP009839,1,2025-08-23,2025-08-23,Video,Hiring Manager,3.5,Proceed,False
INT002527,APP009840,1,2025-12-18,2025-12-18,On-site,Hiring Manager,3.8,Proceed,False
INT002528,APP009842,1,2024-12-23,2024-12-23,Video,Hiring Manager,4.0,Proceed,False
INT002529,APP009851,1,2025-09-21,2025-09-21,On-site,Hiring Manager,3.0,Hold,False
INT002530,APP009851,2,2025-09-26,2025-09-26,On-site,Panel,3.6,Proceed,False
INT002531,APP009852,1,2025-01-15,2025-01-15,On-site,Hiring Manager,4.7,Proceed,False
INT002532,APP009856,1,2024-09-23,2024-09-23,Video,Hiring Manager,3.4,Proceed,False
INT002533,APP009863,1,2025-02-27,2025-02-27,Video,Hiring Manager,2.9,Hold,False
INT002534,APP009864,1,2025-10-02,2025-10-02,Phone,Hiring Manager,2.7,Reject,False
INT002535,APP009866,1,2024-04-23,2024-04-23,On-site,Hiring Manager,3.8,Proceed,False
INT002536,APP009871,1,2025-10-31,2025-10-31,Video,Hiring Manager,2.6,Reject,False
INT002537,APP009877,1,2024-02-02,2024-02-02,Video,Hiring Manager,4.3,Proceed,False
INT002538,APP009878,1,2025-05-26,2025-05-26,Video,Hiring Manager,1.7,Reject,False
INT002539,APP009884,1,2025-05-28,2025-05-28,Video,Hiring Manager,3.1,Hold,False
INT002540,APP009887,1,2024-07-14,2024-07-14,Phone,Hiring Manager,4.0,Proceed,False
INT002541,APP009887,2,2024-07-24,2024-07-24,On-site,Panel,4.5,Proceed,False
INT002542,APP009892,1,2024-04-19,2024-04-19,Video,Hiring Manager,4.3,Proceed,False
INT002543,APP009894,1,2024-03-09,2024-03-09,Video,Hiring Manager,1.7,Reject,False
INT002544,APP009895,1,2025-09-05,2025-09-05,On-site,Hiring Manager,1.3,Reject,False
INT002545,APP009905,1,2025-02-17,2025-02-17,Video,Hiring Manager,4.0,Proceed,False
INT002546,APP009907,1,2025-11-08,2025-11-08,On-site,Hiring Manager,3.0,Hold,False
INT002547,APP009911,1,2025-02-19,2025-02-19,Phone,Hiring Manager,2.7,Reject,False
INT002548,APP009916,1,2024-12-08,2024-12-08,Video,Hiring Manager,3.7,Proceed,False
INT002549,APP009920,1,2024-12-14,2024-12-14,On-site,Hiring Manager,2.9,Hold,False
INT002550,APP009930,1,2025-10-28,2025-10-28,Video,Hiring Manager,3.2,Hold,False
INT002551,APP009934,1,2025-11-18,2025-11-18,Video,Hiring Manager,3.1,Hold,False
INT002552,APP009938,1,2024-12-07,2024-12-07,On-site,Hiring Manager,5.0,Proceed,False
INT002553,APP009941,1,2025-02-15,2025-02-15,On-site,Hiring Manager,2.4,Reject,False
INT002554,APP009941,2,2025-02-22,2025-02-22,Video,Panel,2.0,Hold,False
INT002555,APP009946,1,2025-05-12,2025-05-12,Video,Hiring Manager,5.0,Proceed,False
INT002556,APP009952,1,2025-03-21,2025-03-21,Video,Hiring Manager,4.9,Proceed,False
INT002557,APP009952,2,2025-03-27,2025-03-27,On-site,Panel,5.0,Proceed,False
INT002558,APP009954,1,2024-09-16,2024-09-16,Video,Hiring Manager,3.1,Hold,False
INT002559,APP009956,1,2025-10-10,2025-10-10,Phone,Hiring Manager,3.8,Proceed,False
INT002560,APP009957,1,2025-03-22,2025-03-22,Video,Hiring Manager,4.8,Proceed,False
INT002561,APP009960,1,2024-11-01,2024-11-01,Video,Hiring Manager,3.2,Hold,False
INT002562,APP009961,1,2024-07-28,2024-07-28,Phone,Hiring Manager,2.7,Reject,False
INT002563,APP009968,1,2025-07-09,2025-07-09,On-site,Hiring Manager,3.0,Hold,False
INT002564,APP009974,1,2025-02-28,2025-02-28,Phone,Hiring Manager,2.4,Reject,False
INT002565,APP009975,1,2024-05-13,2024-05-13,Video,Hiring Manager,4.1,Proceed,False
INT002566,APP009976,1,2025-01-04,2025-01-04,Video,Hiring Manager,3.2,Hold,False
INT002567,APP009980,1,2026-01-05,2026-01-05,On-site,Hiring Manager,3.9,Proceed,False
INT002568,APP009983,1,2025-11-10,2025-11-10,On-site,Hiring Manager,3.1,Hold,False
INT002569,APP009983,2,2025-11-19,2025-11-19,Video,Panel,3.7,Proceed,False
INT002570,APP009986,1,2024-10-23,2024-10-23,Phone,Hiring Manager,3.9,Proceed,False
INT002571,APP009986,2,2024-11-01,2024-11-01,On-site,Panel,3.6,Proceed,False
INT002572,APP009990,1,2025-03-01,2025-03-01,Video,Hiring Manager,2.2,Reject,False
INT002573,APP009991,1,2025-05-21,2025-05-21,On-site,Hiring Manager,3.6,Proceed,False
INT002574,APP010000,1,2024-05-27,2024-05-27,Phone,Hiring Manager,2.7,Reject,False
INT002575,APP010000,2,2024-06-05,2024-06-05,On-site,Panel,2.7,Hold,False
INT002576,APP010010,1,2024-11-23,2024-11-23,Video,Hiring Manager,1.3,Reject,False
INT002577,APP010015,1,2024-10-19,2024-10-19,Phone,Hiring Manager,4.4,Proceed,False
INT002578,APP010024,1,2025-08-02,2025-08-02,Video,Hiring Manager,3.9,Proceed,False
INT002579,APP010025,1,2025-05-09,2025-05-09,Video,Hiring Manager,4.0,Proceed,False
INT002580,APP010027,1,2025-10-15,2025-10-15,On-site,Hiring Manager,3.5,Proceed,False
INT002581,APP010028,1,2025-10-14,2025-10-14,Video,Hiring Manager,3.5,Proceed,False
INT002582,APP010033,1,2024-06-24,2024-06-24,Video,Hiring Manager,4.1,Proceed,False
INT002583,APP010037,1,2025-11-20,2025-11-20,Video,Hiring Manager,2.5,Reject,False
INT002584,APP010048,1,2025-08-08,2025-08-08,Phone,Hiring Manager,2.3,Reject,False
INT002585,APP010054,1,2025-05-28,2025-05-28,Video,Hiring Manager,5.0,Proceed,False
INT002586,APP010055,1,2024-04-14,2024-04-14,Video,Hiring Manager,4.1,Proceed,False
INT002587,APP010069,1,2025-05-19,2025-05-19,On-site,Hiring Manager,2.8,Hold,False
INT002588,APP010071,1,2025-03-22,2025-03-22,Video,Hiring Manager,2.3,Reject,False
INT002589,APP010071,2,2025-03-31,2025-03-31,On-site,Panel,2.9,Hold,False
INT002590,APP010074,1,2024-07-29,2024-07-29,On-site,Hiring Manager,3.9,Proceed,False
INT002591,APP010091,1,2025-12-25,2025-12-25,Video,Hiring Manager,4.5,Proceed,False
INT002592,APP010093,1,2024-07-24,2024-07-24,Video,Hiring Manager,2.2,Reject,False
INT002593,APP010096,1,2024-04-24,2024-04-24,Phone,Hiring Manager,2.8,Hold,False
INT002594,APP010104,1,2025-04-14,2025-04-14,On-site,Hiring Manager,3.8,Proceed,False
INT002595,APP010107,1,2025-04-12,2025-04-12,On-site,Hiring Manager,4.0,Proceed,False
INT002596,APP010107,2,2025-04-19,2025-04-19,On-site,Panel,5.0,Proceed,False
INT002597,APP010108,1,2025-05-26,2025-05-26,Video,Hiring Manager,4.0,Proceed,False
INT002598,APP010111,1,2024-09-10,2024-09-10,Phone,Hiring Manager,3.9,Proceed,False
INT002599,APP010113,1,2024-09-26,2024-09-26,On-site,Hiring Manager,4.8,Proceed,False
INT002600,APP010116,1,2024-11-02,2024-11-02,On-site,Hiring Manager,3.1,Hold,False
INT002601,APP010124,1,2025-01-27,2025-01-27,Video,Hiring Manager,2.3,Reject,False
INT002602,APP010125,1,2025-05-25,2025-05-25,Video,Hiring Manager,3.6,Proceed,False
INT002603,APP010126,1,2024-08-28,2024-08-28,Video,Hiring Manager,3.1,Hold,False
INT002604,APP010133,1,2024-06-28,2024-06-28,On-site,Hiring Manager,3.5,Proceed,False
INT002605,APP010135,1,2025-10-30,2025-10-30,Video,Hiring Manager,2.7,Reject,False
INT002606,APP010149,1,2024-05-14,2024-05-14,Video,Hiring Manager,2.9,Hold,False
INT002607,APP010157,1,2024-08-10,2024-08-10,On-site,Hiring Manager,2.7,Reject,False
INT002608,APP010163,1,2024-08-22,2024-08-22,Video,Hiring Manager,3.4,Proceed,False
INT002609,APP010166,1,2025-12-03,2025-12-03,Video,Hiring Manager,4.9,Proceed,False
INT002610,APP010168,1,2024-11-12,2024-11-12,On-site,Hiring Manager,3.4,Proceed,False
INT002611,APP010176,1,2025-04-26,2025-04-26,On-site,Hiring Manager,1.0,Reject,False
INT002612,APP010179,1,2024-12-13,2024-12-13,On-site,Hiring Manager,3.7,Proceed,False
INT002613,APP010190,1,2024-02-21,2024-02-21,Video,Hiring Manager,3.0,Hold,False
INT002614,APP010194,1,2024-10-15,2024-10-15,Video,Hiring Manager,4.1,Proceed,False
INT002615,APP010198,1,2025-11-11,2025-11-11,Video,Hiring Manager,4.6,Proceed,False
INT002616,APP010200,1,2024-05-08,2024-05-08,Video,Hiring Manager,3.7,Proceed,False
INT002617,APP010208,1,2024-07-23,2024-07-23,Phone,Hiring Manager,3.1,Hold,False
INT002618,APP010210,1,2025-04-27,2025-04-27,Video,Hiring Manager,3.1,Hold,False
INT002619,APP010211,1,2025-03-22,2025-03-22,On-site,Hiring Manager,3.2,Hold,False
INT002620,APP010214,1,2025-12-07,2025-12-07,Video,Hiring Manager,3.5,Proceed,False
INT002621,APP010216,1,2025-02-22,2025-02-22,Video,Hiring Manager,3.8,Proceed,False
INT002622,APP010219,1,2024-11-15,2024-11-15,Video,Hiring Manager,3.6,Proceed,False
INT002623,APP010220,1,2024-03-08,2024-03-08,Video,Hiring Manager,,Reject,False
INT002624,APP010229,1,2025-07-03,2025-07-03,Video,Hiring Manager,3.4,Proceed,False
INT002625,APP010231,1,2025-06-07,2025-06-07,Video,Hiring Manager,3.7,Proceed,False
INT002626,APP010235,1,2025-09-19,2025-09-19,Video,Hiring Manager,3.1,Hold,False
INT002627,APP010243,1,2025-10-24,2025-10-24,On-site,Hiring Manager,3.4,Proceed,False
INT002628,APP010244,1,2025-09-21,2025-09-21,Video,Hiring Manager,1.6,Reject,False
INT002629,APP010247,1,2025-08-02,2025-08-02,Phone,Hiring Manager,3.1,Hold,False
INT002630,APP010249,1,2025-04-21,2025-04-21,Phone,Hiring Manager,4.8,Proceed,False
INT002631,APP010252,1,2025-10-15,2025-10-15,Video,Hiring Manager,4.6,Proceed,False
INT002632,APP010256,1,2024-10-17,2024-10-17,Video,Hiring Manager,3.4,Proceed,False
INT002633,APP010259,1,2025-08-20,2025-08-20,On-site,Hiring Manager,4.1,Proceed,False
INT002634,APP010263,1,2025-03-05,2025-03-05,Video,Hiring Manager,3.3,Hold,False
INT002635,APP010263,2,2025-03-16,2025-03-16,On-site,Panel,3.5,Proceed,False
INT002636,APP010273,1,2025-07-06,2025-07-06,Video,Hiring Manager,3.4,Proceed,False
INT002637,APP010275,1,2024-06-10,2024-06-10,On-site,Hiring Manager,,Reject,False
INT002638,APP010275,2,2024-06-21,2024-06-21,On-site,Panel,1.4,Hold,False
INT002639,APP010277,1,2024-04-14,2024-04-14,Video,Hiring Manager,4.7,Proceed,False
INT002640,APP010283,1,2025-05-24,2025-05-24,Video,Hiring Manager,3.0,Hold,False
INT002641,APP010290,1,2024-06-11,2024-06-11,Video,Hiring Manager,2.8,Hold,False
INT002642,APP010297,1,2025-07-13,2025-07-13,Video,Hiring Manager,2.7,Reject,False
INT002643,APP010298,1,2025-04-08,2025-04-08,Video,Hiring Manager,1.4,Reject,False
INT002644,APP010302,1,2024-04-08,2024-04-08,On-site,Hiring Manager,3.0,Hold,False
INT002645,APP010311,1,2025-02-22,2025-02-22,On-site,Hiring Manager,2.4,Reject,False
INT002646,APP010312,1,2024-07-27,2024-07-27,Video,Hiring Manager,4.1,Proceed,False
INT002647,APP010316,1,2024-02-12,2024-02-12,Video,Hiring Manager,4.3,Proceed,False
INT002648,APP010322,1,2025-07-26,2025-07-26,Video,Hiring Manager,3.8,Proceed,False
INT002649,APP010326,1,2025-05-07,2025-05-07,Video,Hiring Manager,3.1,Hold,False
INT002650,APP010327,1,2025-07-21,2025-07-21,On-site,Hiring Manager,4.0,Proceed,False
INT002651,APP010333,1,2025-01-16,2025-01-16,Video,Hiring Manager,3.5,Proceed,False
INT002652,APP010352,1,2024-02-06,2024-02-06,On-site,Hiring Manager,4.2,Proceed,False
INT002653,APP010355,1,2025-10-15,2025-10-15,Phone,Hiring Manager,4.9,Proceed,False
INT002654,APP010355,2,2025-10-20,2025-10-20,On-site,Panel,4.9,Proceed,False
INT002655,APP010360,1,2025-02-09,2025-02-09,On-site,Hiring Manager,2.8,Hold,False
INT002656,APP010370,1,2025-09-21,2025-09-21,Video,Hiring Manager,2.3,Reject,False
INT002657,APP010374,1,2025-06-05,2025-06-05,Phone,Hiring Manager,1.6,Reject,False
INT002658,APP010374,2,2025-06-10,2025-06-10,On-site,Panel,2.1,Hold,False
INT002659,APP010375,1,2025-09-23,2025-09-23,On-site,Hiring Manager,3.5,Proceed,False
INT002660,APP010379,1,2025-09-12,2025-09-12,Video,Hiring Manager,4.5,Proceed,False
INT002661,APP010387,1,2025-11-05,2025-11-05,On-site,Hiring Manager,3.9,Proceed,False
INT002662,APP010399,1,2025-11-08,2025-11-08,On-site,Hiring Manager,3.2,Hold,False
INT002663,APP010400,1,2025-11-04,2025-11-04,On-site,Hiring Manager,3.0,Hold,False
INT002664,APP010407,1,2024-09-10,2024-09-10,Video,Hiring Manager,2.6,Reject,False
INT002665,APP010413,1,2025-05-13,2025-05-13,On-site,Hiring Manager,4.2,Proceed,False
INT002666,APP010413,2,2025-05-23,2025-05-23,On-site,Panel,4.6,Proceed,False
INT002667,APP010417,1,2025-10-11,2025-10-11,Video,Hiring Manager,3.1,Hold,False
INT002668,APP010424,1,2025-02-07,2025-02-07,Phone,Hiring Manager,2.0,Reject,False
INT002669,APP010426,1,2024-07-19,2024-07-19,Video,Hiring Manager,4.7,Proceed,False
INT002670,APP010428,1,2024-11-14,2024-11-14,On-site,Hiring Manager,3.5,Proceed,False
INT002671,APP010445,1,2024-08-22,2024-08-22,Video,Hiring Manager,3.0,Hold,False
INT002672,APP010446,1,2024-10-01,2024-10-01,Video,Hiring Manager,2.5,Reject,False
INT002673,APP010448,1,2024-10-27,2024-10-27,Video,Hiring Manager,3.9,Proceed,False
INT002674,APP010453,1,2025-05-20,2025-05-20,Video,Hiring Manager,2.9,Hold,False
INT002675,APP010453,2,2025-05-31,2025-05-31,On-site,Panel,3.7,Proceed,False
INT002676,APP010461,1,2024-03-20,2024-03-20,Phone,Hiring Manager,2.9,Hold,False
INT002677,APP010464,1,2025-05-17,2025-05-17,On-site,Hiring Manager,2.2,Reject,False
INT002678,APP010465,1,2024-01-25,2024-01-25,On-site,Hiring Manager,4.6,Proceed,False
INT002679,APP010466,1,2024-10-02,2024-10-02,Video,Hiring Manager,2.4,Reject,False
INT002680,APP010470,1,2025-11-12,2025-11-12,On-site,Hiring Manager,3.0,Hold,False
INT002681,APP010472,1,2025-07-08,2025-07-08,On-site,Hiring Manager,4.3,Proceed,False
INT002682,APP010479,1,2024-09-03,2024-09-03,Video,Hiring Manager,4.7,Proceed,False
INT002683,APP010482,1,2025-09-30,2025-09-30,On-site,Hiring Manager,3.8,Proceed,False
INT002684,APP010486,1,2025-11-28,2025-11-28,Video,Hiring Manager,2.9,Hold,False
INT002685,APP010494,1,2024-10-31,2024-10-31,Video,Hiring Manager,2.1,Reject,False
INT002686,APP010496,1,2024-12-14,2024-12-14,Video,Hiring Manager,4.7,Proceed,False
INT002687,APP010496,2,2024-12-21,2024-12-21,On-site,Panel,5.0,Proceed,False
INT002688,APP010500,1,2025-09-17,2025-09-17,On-site,Hiring Manager,4.5,Proceed,False
INT002689,APP010510,1,2024-07-11,2024-07-11,Video,Hiring Manager,2.5,Reject,False
INT002690,APP010514,1,2025-09-21,2025-09-21,Video,Hiring Manager,1.5,Reject,False
INT002691,APP010515,1,2024-10-18,2024-10-18,Video,Hiring Manager,2.3,Reject,False
INT002692,APP010517,1,2025-09-13,2025-09-13,On-site,Hiring Manager,3.8,Proceed,False
INT002693,APP010520,1,2025-08-18,2025-08-18,On-site,Hiring Manager,2.1,Reject,False
INT002694,APP010531,1,2024-08-29,2024-08-29,Video,Hiring Manager,2.3,Reject,False
INT002695,APP010535,1,2024-12-25,2024-12-25,Video,Hiring Manager,2.0,Reject,False
INT002696,APP010543,1,2025-02-10,2025-02-10,Video,Hiring Manager,4.0,Proceed,False
INT002697,APP010546,1,2025-12-15,2025-12-15,Video,Hiring Manager,4.7,Proceed,False
INT002698,APP010554,1,2025-08-04,2025-08-04,On-site,Hiring Manager,4.7,Proceed,False
INT002699,APP010568,1,2024-07-24,2024-07-24,On-site,Hiring Manager,3.0,Hold,False
INT002700,APP010572,1,2025-05-09,2025-05-09,On-site,Hiring Manager,3.4,Proceed,False
INT002701,APP010579,1,2025-05-16,2025-05-16,On-site,Hiring Manager,2.3,Reject,False
INT002702,APP010579,2,2025-05-21,2025-05-21,On-site,Panel,1.1,Hold,False
INT002703,APP010580,1,2025-07-03,2025-07-03,Video,Hiring Manager,4.7,Proceed,False
INT002704,APP010582,1,2024-05-01,2024-05-01,Video,Hiring Manager,3.0,Hold,False
INT002705,APP010601,1,2024-04-22,2024-04-22,Video,Hiring Manager,2.9,Hold,False
INT002706,APP010602,1,2025-05-24,2025-05-24,Video,Hiring Manager,2.7,Reject,False
INT002707,APP010609,1,2024-11-13,2024-11-13,On-site,Hiring Manager,2.6,Reject,False
INT002708,APP010611,1,2025-01-18,2025-01-18,Phone,Hiring Manager,2.5,Reject,False
INT002709,APP010612,1,2025-02-25,2025-02-25,Video,Hiring Manager,2.8,Hold,False
INT002710,APP010614,1,2025-02-21,2025-02-21,Video,Hiring Manager,5.0,Proceed,False
INT002711,APP010618,1,2025-03-29,2025-03-29,On-site,Hiring Manager,5.0,Proceed,False
INT002712,APP010621,1,2025-04-15,2025-04-15,On-site,Hiring Manager,3.2,Hold,False
INT002713,APP010624,1,2024-04-07,2024-04-07,On-site,Hiring Manager,2.8,Hold,False
INT002714,APP010636,1,2025-05-21,2025-05-21,On-site,Hiring Manager,2.5,Reject,False
INT002715,APP010638,1,2025-05-20,2025-05-20,Video,Hiring Manager,2.4,Reject,False
INT002716,APP010638,2,2025-05-27,2025-05-27,On-site,Panel,2.5,Hold,False
INT002717,APP010642,1,2025-05-03,2025-05-03,On-site,Hiring Manager,2.2,Reject,False
INT002718,APP010642,2,2025-05-13,2025-05-13,On-site,Panel,3.0,Hold,False
INT002719,APP010645,1,2024-03-29,2024-03-29,Phone,Hiring Manager,3.5,Proceed,False
INT002720,APP010654,1,2025-05-16,2025-05-16,Video,Hiring Manager,2.0,Reject,False
INT002721,APP010655,1,2024-12-05,2024-12-05,On-site,Hiring Manager,1.9,Reject,False
INT002722,APP010660,1,2024-09-27,2024-09-27,On-site,Hiring Manager,4.1,Proceed,False
INT002723,APP010661,1,2025-01-13,2025-01-13,Video,Hiring Manager,2.8,Hold,False
INT002724,APP010661,2,2025-01-19,2025-01-19,On-site,Panel,3.0,Hold,False
INT002725,APP010668,1,2025-12-16,2025-12-16,On-site,Hiring Manager,3.1,Hold,False
INT002726,APP010669,1,2025-10-14,2025-10-14,Video,Hiring Manager,5.0,Proceed,False
INT002727,APP010671,1,2025-11-24,2025-11-24,Phone,Hiring Manager,3.8,Proceed,False
INT002728,APP010674,1,2024-08-29,2024-08-29,Video,Hiring Manager,5.0,Proceed,False
INT002729,APP010677,1,2025-03-09,2025-03-09,Video,Hiring Manager,3.5,Proceed,False
INT002730,APP010680,1,2025-03-19,2025-03-19,On-site,Hiring Manager,4.8,Proceed,False
INT002731,APP010681,1,2025-06-25,2025-06-25,On-site,Hiring Manager,4.4,Proceed,False
INT002732,APP010682,1,2025-02-12,2025-02-12,Video,Hiring Manager,3.1,Hold,False
INT002733,APP010686,1,2025-04-09,2025-04-09,Video,Hiring Manager,3.1,Hold,False
INT002734,APP010687,1,2025-02-10,2025-02-10,Video,Hiring Manager,4.5,Proceed,False
INT002735,APP010696,1,2024-10-31,2024-10-31,Video,Hiring Manager,4.6,Proceed,False
INT002736,APP010698,1,2024-12-08,2024-12-08,Video,Hiring Manager,1.1,Reject,False
INT002737,APP010700,1,2025-08-28,2025-08-28,Video,Hiring Manager,3.9,Proceed,False
INT002738,APP010701,1,2025-03-11,2025-03-11,Video,Hiring Manager,3.2,Hold,False
INT002739,APP010702,1,2024-02-28,2024-02-28,Video,Hiring Manager,3.8,Proceed,False
INT002740,APP010704,1,2025-02-17,2025-02-17,On-site,Hiring Manager,4.3,Proceed,False
INT002741,APP010718,1,2024-07-30,2024-07-30,Phone,Hiring Manager,4.1,Proceed,False
INT002742,APP010721,1,2025-10-14,2025-10-14,On-site,Hiring Manager,4.0,Proceed,False
INT002743,APP010721,2,2025-10-24,2025-10-24,Video,Panel,5.0,Proceed,False
INT002744,APP010726,1,2024-04-17,2024-04-17,On-site,Hiring Manager,5.0,Proceed,False
INT002745,APP010731,1,2025-07-15,2025-07-15,Video,Hiring Manager,3.3,Hold,False
INT002746,APP010731,2,2025-07-19,2025-07-19,On-site,Panel,4.2,Proceed,False
INT002747,APP010735,1,2024-09-23,2024-09-23,On-site,Hiring Manager,3.6,Proceed,False
INT002748,APP010737,1,2025-01-12,2025-01-12,Video,Hiring Manager,3.5,Proceed,False
INT002749,APP010752,1,2025-04-19,2025-04-19,Video,Hiring Manager,3.3,Hold,False
INT002750,APP010753,1,2024-04-11,2024-04-11,Video,Hiring Manager,5.0,Proceed,False
INT002751,APP010754,1,2025-09-10,2025-09-10,Video,Hiring Manager,2.8,Hold,False
INT002752,APP010757,1,2024-12-12,2024-12-12,On-site,Hiring Manager,4.7,Proceed,False
INT002753,APP010758,1,2024-09-20,2024-09-20,On-site,Hiring Manager,3.6,Proceed,False
INT002754,APP010759,1,2024-06-05,2024-06-05,Video,Hiring Manager,4.4,Proceed,False
INT002755,APP010762,1,2024-10-23,2024-10-23,On-site,Hiring Manager,4.1,Proceed,False
INT002756,APP010762,2,2024-10-30,2024-10-30,Video,Panel,,Proceed,False
INT002757,APP010764,1,2025-03-18,2025-03-18,On-site,Hiring Manager,3.1,Hold,False
INT002758,APP010766,1,2026-01-01,2026-01-01,Video,Hiring Manager,4.4,Proceed,False
INT002759,APP010767,1,2025-09-06,2025-09-06,On-site,Hiring Manager,4.5,Proceed,False
INT002760,APP010768,1,2024-03-12,2024-03-12,Video,Hiring Manager,2.4,Reject,False
INT002761,APP010768,2,2024-03-18,2024-03-18,On-site,Panel,2.3,Hold,False
INT002762,APP010770,1,2025-03-14,2025-03-14,Video,Hiring Manager,3.4,Proceed,False
INT002763,APP010774,1,2025-03-24,2025-03-24,Phone,Hiring Manager,3.1,Hold,False
INT002764,APP010775,1,2025-03-13,2025-03-13,Video,Hiring Manager,4.1,Proceed,False
INT002765,APP010776,1,2024-03-22,2024-03-22,Video,Hiring Manager,3.5,Proceed,False
INT002766,APP010782,1,2024-05-15,2024-05-15,Video,Hiring Manager,,Hold,False
INT002767,APP010786,1,2025-04-26,2025-04-26,On-site,Hiring Manager,2.6,Reject,False
INT002768,APP010787,1,2025-11-29,2025-11-29,Phone,Hiring Manager,4.4,Proceed,False
INT002769,APP010788,1,2025-04-22,2025-04-22,On-site,Hiring Manager,2.7,Reject,False
INT002770,APP010791,1,2025-07-28,2025-07-28,Video,Hiring Manager,3.1,Hold,False
INT002771,APP010793,1,2024-11-23,2024-11-23,On-site,Hiring Manager,5.0,Proceed,False
INT002772,APP010795,1,2025-09-30,2025-09-30,Video,Hiring Manager,4.7,Proceed,False
INT002773,APP010797,1,2024-07-30,2024-07-30,Phone,Hiring Manager,3.5,Proceed,False
INT002774,APP010811,1,2024-07-18,2024-07-18,Phone,Hiring Manager,3.6,Proceed,False
INT002775,APP010820,1,2025-08-06,2025-08-06,Video,Hiring Manager,3.8,Proceed,False
INT002776,APP010821,1,2024-09-24,2024-09-24,Video,Hiring Manager,4.2,Proceed,False
INT002777,APP010826,1,2025-09-13,2025-09-13,Video,Hiring Manager,4.4,Proceed,False
INT002778,APP010838,1,2025-06-10,2025-06-10,Video,Hiring Manager,3.5,Proceed,False
INT002779,APP010841,1,2025-12-13,2025-12-13,Video,Hiring Manager,2.7,Reject,False
INT002780,APP010850,1,2025-03-14,2025-03-14,Video,Hiring Manager,2.7,Reject,False
INT002781,APP010851,1,2025-03-05,2025-03-05,Video,Hiring Manager,2.0,Reject,False
INT002782,APP010866,1,2024-05-26,2024-05-26,Video,Hiring Manager,3.2,Hold,False
INT002783,APP010869,1,2024-11-14,2024-11-14,On-site,Hiring Manager,2.7,Reject,False
INT002784,APP010870,1,2024-05-21,2024-05-21,Video,Hiring Manager,3.9,Proceed,False
INT002785,APP010872,1,2025-02-08,2025-02-08,Video,Hiring Manager,4.8,Proceed,False
INT002786,APP010879,1,2025-01-05,2025-01-05,On-site,Hiring Manager,2.9,Hold,False
INT002787,APP010887,1,2024-05-27,2024-05-27,Video,Hiring Manager,3.9,Proceed,False
INT002788,APP010889,1,2025-07-08,2025-07-08,Video,Hiring Manager,4.1,Proceed,False
INT002789,APP010897,1,2024-11-28,2024-11-28,Video,Hiring Manager,1.6,Reject,False
INT002790,APP010904,1,2024-08-12,2024-08-12,Video,Hiring Manager,3.8,Proceed,False
INT002791,APP010906,1,2025-05-18,2025-05-18,Phone,Hiring Manager,4.3,Proceed,False
INT002792,APP010909,1,2024-10-16,2024-10-16,On-site,Hiring Manager,2.3,Reject,False
INT002793,APP010919,1,2024-11-22,2024-11-22,Phone,Hiring Manager,3.3,Hold,False
INT002794,APP010922,1,2024-02-29,2024-02-29,On-site,Hiring Manager,2.0,Reject,False
INT002795,APP010933,1,2025-06-02,2025-06-02,Video,Hiring Manager,2.1,Reject,False
INT002796,APP010936,1,2024-12-30,2024-12-30,Video,Hiring Manager,2.7,Reject,False
INT002797,APP010938,1,2025-03-02,2025-03-02,Video,Hiring Manager,3.3,Hold,False
INT002798,APP010939,1,2024-11-30,2024-11-30,On-site,Hiring Manager,4.1,Proceed,False
INT002799,APP010939,2,2024-12-09,2024-12-09,On-site,Panel,5.0,Proceed,False
INT002800,APP010941,1,2025-04-29,2025-04-29,On-site,Hiring Manager,3.6,Proceed,False
INT002801,APP010947,1,2025-08-14,2025-08-14,On-site,Hiring Manager,4.1,Proceed,False
INT002802,APP010955,1,2024-09-01,2024-09-01,Phone,Hiring Manager,3.9,Proceed,False
INT002803,APP010967,1,2024-12-03,2024-12-03,Video,Hiring Manager,4.3,Proceed,False
INT002804,APP010967,2,2024-12-14,2024-12-14,On-site,Panel,4.9,Proceed,False
INT002805,APP010969,1,2025-06-10,2025-06-10,Video,Hiring Manager,3.5,Proceed,False
INT002806,APP010970,1,2024-04-06,2024-04-06,Video,Hiring Manager,3.3,Hold,False
INT002807,APP010973,1,2024-05-03,2024-05-03,Video,Hiring Manager,4.4,Proceed,False
INT002808,APP010976,1,2025-09-29,2025-09-29,Video,Hiring Manager,4.4,Proceed,False
INT002809,APP010980,1,2025-08-16,2025-08-16,On-site,Hiring Manager,3.0,Hold,False
INT002810,APP010982,1,2025-09-03,2025-09-03,Phone,Hiring Manager,4.2,Proceed,False
INT002811,APP010986,1,2025-04-16,2025-04-16,Video,Hiring Manager,2.4,Reject,False
INT002812,APP010987,1,2025-07-22,2025-07-22,Video,Hiring Manager,5.0,Proceed,False
INT002813,APP010988,1,2025-03-25,2025-03-25,Video,Hiring Manager,3.7,Proceed,False
INT002814,APP010990,1,2024-09-13,2024-09-13,Video,Hiring Manager,1.7,Reject,False
INT002815,APP011001,1,2025-11-20,2025-11-20,Video,Hiring Manager,4.7,Proceed,False
INT002816,APP011002,1,2025-01-12,2025-01-12,Video,Hiring Manager,3.5,Proceed,False
INT002817,APP011003,1,2024-12-19,2024-12-19,Phone,Hiring Manager,2.3,Reject,False
INT002818,APP011006,1,2024-04-28,2024-04-28,Video,Hiring Manager,4.4,Proceed,False
INT002819,APP011010,1,2024-07-11,2024-07-11,On-site,Hiring Manager,1.8,Reject,False
INT002820,APP011013,1,2025-11-11,2025-11-11,Video,Hiring Manager,3.1,Hold,False
INT002821,APP011014,1,2024-10-13,2024-10-13,Video,Hiring Manager,4.5,Proceed,False
INT002822,APP011015,1,2025-04-17,2025-04-17,On-site,Hiring Manager,1.6,Reject,False
INT002823,APP011022,1,2024-07-29,2024-07-29,On-site,Hiring Manager,3.3,Hold,False
INT002824,APP011023,1,2025-09-11,2025-09-11,Video,Hiring Manager,4.5,Proceed,False
INT002825,APP011024,1,2024-03-18,2024-03-18,On-site,Hiring Manager,3.6,Proceed,False
INT002826,APP011024,2,2024-03-25,2024-03-25,Video,Panel,3.8,Proceed,False
INT002827,APP011028,1,2025-04-08,2025-04-08,Phone,Hiring Manager,2.2,Reject,False
INT002828,APP011029,1,2025-08-08,2025-08-08,Video,Hiring Manager,4.1,Proceed,False
INT002829,APP011030,1,2025-01-10,2025-01-10,Video,Hiring Manager,3.0,Hold,False
INT002830,APP011032,1,2024-03-17,2024-03-17,Phone,Hiring Manager,3.9,Proceed,False
INT002831,APP011036,1,2025-05-27,2025-05-27,On-site,Hiring Manager,3.0,Hold,False
INT002832,APP011036,2,2025-06-01,2025-06-01,On-site,Panel,3.7,Proceed,False
INT002833,APP011037,1,2024-08-05,2024-08-05,Video,Hiring Manager,2.4,Reject,False
INT002834,APP011045,1,2025-09-14,2025-09-14,Phone,Hiring Manager,2.6,Reject,False
INT002835,APP011048,1,2025-07-01,2025-07-01,Video,Hiring Manager,3.2,Hold,False
INT002836,APP011048,2,2025-07-06,2025-07-06,On-site,Panel,3.5,Proceed,False
INT002837,APP011055,1,2025-08-22,2025-08-22,On-site,Hiring Manager,2.9,Hold,False
INT002838,APP011056,1,2025-07-20,2025-07-20,On-site,Hiring Manager,3.6,Proceed,False
INT002839,APP011069,1,2025-10-31,2025-10-31,Video,Hiring Manager,3.4,Proceed,False
INT002840,APP011072,1,2025-02-23,2025-02-23,Video,Hiring Manager,3.8,Proceed,False
INT002841,APP011076,1,2024-04-23,2024-04-23,Phone,Hiring Manager,2.2,Reject,False
INT002842,APP011079,1,2025-02-16,2025-02-16,On-site,Hiring Manager,2.5,Reject,False
INT002843,APP011082,1,2024-10-22,2024-10-22,Video,Hiring Manager,2.7,Reject,False
INT002844,APP011084,1,2024-11-22,2024-11-22,On-site,Hiring Manager,3.3,Hold,False
INT002845,APP011086,1,2024-12-02,2024-12-02,Video,Hiring Manager,2.4,Reject,False
INT002846,APP011090,1,2024-12-07,2024-12-07,On-site,Hiring Manager,3.8,Proceed,False
INT002847,APP011090,2,2024-12-11,2024-12-11,On-site,Panel,4.0,Proceed,False
INT002848,APP011091,1,2024-11-11,2024-11-11,Video,Hiring Manager,2.8,Hold,False
INT002849,APP011092,1,2024-10-11,2024-10-11,Phone,Hiring Manager,5.0,Proceed,False
INT002850,APP011096,1,2024-04-13,2024-04-13,Phone,Hiring Manager,3.8,Proceed,False
INT002851,APP011113,1,2024-09-08,2024-09-08,Video,Hiring Manager,3.5,Proceed,False
INT002852,APP011120,1,2025-04-14,2025-04-14,On-site,Hiring Manager,3.6,Proceed,False
INT002853,APP011120,2,2025-04-20,2025-04-20,On-site,Panel,3.7,Proceed,False
INT002854,APP011121,1,2024-03-24,2024-03-24,Video,Hiring Manager,2.8,Hold,False
INT002855,APP011124,1,2025-04-07,2025-04-07,Video,Hiring Manager,2.5,Reject,False
INT002856,APP011126,1,2025-04-01,2025-04-01,Video,Hiring Manager,3.0,Hold,False
INT002857,APP011129,1,2025-01-23,2025-01-23,Phone,Hiring Manager,3.2,Hold,False
INT002858,APP011132,1,2024-12-06,2024-12-06,Phone,Hiring Manager,4.0,Proceed,False
INT002859,APP011140,1,2025-04-29,2025-04-29,Video,Hiring Manager,2.7,Reject,False
INT002860,APP011140,2,2025-05-06,2025-05-06,On-site,Panel,2.7,Hold,False
INT002861,APP011151,1,2025-10-01,2025-10-01,On-site,Hiring Manager,3.2,Hold,False
INT002862,APP011151,2,2025-10-06,2025-10-06,Video,Panel,3.7,Proceed,False
INT002863,APP011173,1,2025-05-21,2025-05-21,On-site,Hiring Manager,4.9,Proceed,False
INT002864,APP011175,1,2025-05-25,2025-05-25,Video,Hiring Manager,2.8,Hold,False
INT002865,APP011182,1,2025-11-04,2025-11-04,Video,Hiring Manager,3.5,Proceed,False
INT002866,APP011183,1,2025-01-18,2025-01-18,On-site,Hiring Manager,3.3,Hold,False
INT002867,APP011184,1,2024-07-08,2024-07-08,Phone,Hiring Manager,3.0,Hold,False
INT002868,APP011189,1,2024-11-15,2024-11-15,Phone,Hiring Manager,3.3,Hold,False
INT002869,APP011196,1,2025-02-15,2025-02-15,Video,Hiring Manager,4.6,Proceed,False
INT002870,APP011196,2,2025-02-24,2025-02-24,On-site,Panel,4.1,Proceed,False
INT002871,APP011209,1,2025-11-18,2025-11-18,Video,Hiring Manager,2.8,Hold,False
INT002872,APP011212,1,2024-03-17,2024-03-17,Phone,Hiring Manager,4.2,Proceed,False
INT002873,APP011219,1,2025-01-31,2025-01-31,Video,Hiring Manager,4.2,Proceed,False
INT002874,APP011222,1,2025-02-27,2025-02-27,On-site,Hiring Manager,2.9,Hold,False
INT002875,APP011228,1,2024-03-29,2024-03-29,Phone,Hiring Manager,2.9,Hold,False
INT002876,APP011232,1,2025-04-30,2025-04-30,Video,Hiring Manager,3.9,Proceed,False
INT002877,APP011234,1,2024-05-07,2024-05-07,On-site,Hiring Manager,4.0,Proceed,False
INT002878,APP011243,1,2025-04-12,2025-04-12,Video,Hiring Manager,3.2,Hold,False
INT002879,APP011243,2,2025-04-18,2025-04-18,On-site,Panel,3.2,Hold,False
INT002880,APP011251,1,2024-09-08,2024-09-08,Video,Hiring Manager,2.1,Reject,False
INT002881,APP011253,1,2025-07-05,2025-07-05,Video,Hiring Manager,2.6,Reject,False
INT002882,APP011253,2,2025-07-14,2025-07-14,On-site,Panel,2.4,Hold,False
INT002883,APP011255,1,2025-06-25,2025-06-25,On-site,Hiring Manager,3.9,Proceed,False
INT002884,APP011259,1,2024-12-06,2024-12-06,Video,Hiring Manager,2.9,Hold,False
INT002885,APP011260,1,2025-01-14,2025-01-14,On-site,Hiring Manager,3.8,Proceed,False
INT002886,APP011261,1,2024-07-23,2024-07-23,Video,Hiring Manager,2.4,Reject,False
INT002887,APP011261,2,2024-07-27,2024-07-27,Video,Panel,3.3,Proceed,False
INT002888,APP011269,1,2025-03-22,2025-03-22,Phone,Hiring Manager,4.6,Proceed,False
INT002889,APP011269,2,2025-04-02,2025-04-02,On-site,Panel,3.9,Proceed,False
INT002890,APP011272,1,2024-09-24,2024-09-24,On-site,Hiring Manager,2.5,Reject,False
INT002891,APP011278,1,2024-07-02,2024-07-02,On-site,Hiring Manager,3.3,Hold,False
INT002892,APP011283,1,2025-08-05,2025-08-05,Video,Hiring Manager,1.7,Reject,False
INT002893,APP011284,1,2024-04-28,2024-04-28,Video,Hiring Manager,3.4,Proceed,False
INT002894,APP011285,1,2025-06-14,2025-06-14,On-site,Hiring Manager,3.1,Hold,False
INT002895,APP011290,1,2025-05-20,2025-05-20,Video,Hiring Manager,2.8,Hold,False
INT002896,APP011292,1,2025-10-07,2025-10-07,On-site,Hiring Manager,4.0,Proceed,False
INT002897,APP011293,1,2025-02-28,2025-02-28,Video,Hiring Manager,2.8,Hold,False
INT002898,APP011295,1,2024-04-24,2024-04-24,On-site,Hiring Manager,4.1,Proceed,False
INT002899,APP011299,1,2025-01-19,2025-01-19,Video,Hiring Manager,2.2,Reject,False
INT002900,APP011302,1,2025-06-17,2025-06-17,Video,Hiring Manager,4.0,Proceed,False
INT002901,APP011303,1,2024-09-02,2024-09-02,Video,Hiring Manager,4.4,Proceed,False
INT002902,APP011303,2,2024-09-09,2024-09-09,On-site,Panel,5.0,Proceed,False
INT002903,APP011305,1,2024-12-09,2024-12-09,Video,Hiring Manager,3.5,Proceed,False
INT002904,APP011312,1,2024-05-23,2024-05-23,Video,Hiring Manager,5.0,Proceed,False
INT002905,APP011314,1,2025-05-07,2025-05-02,Video,Hiring Manager,3.4,Proceed,False
INT002906,APP011319,1,2025-04-15,2025-04-15,On-site,Hiring Manager,3.0,Hold,False
INT002907,APP011321,1,2025-11-06,2025-11-06,Video,Hiring Manager,4.3,Proceed,False
INT002908,APP011338,1,2024-10-02,2024-10-02,On-site,Hiring Manager,3.3,Hold,False
INT002909,APP011338,2,2024-10-06,2024-10-06,On-site,Panel,2.9,Hold,False
INT002910,APP011351,1,2025-01-18,2025-01-18,Video,Hiring Manager,3.9,Proceed,False
INT002911,APP011360,1,2025-12-18,2025-12-18,On-site,Hiring Manager,3.6,Proceed,False
INT002912,APP011362,1,2025-06-03,2025-06-03,On-site,Hiring Manager,2.6,Reject,False
INT002913,APP011365,1,2024-05-31,2024-05-31,Video,Hiring Manager,2.7,Reject,False
INT002914,APP011367,1,2025-04-19,2025-04-19,Video,Hiring Manager,2.3,Reject,False
INT002915,APP011369,1,2024-12-09,2024-12-09,Video,Hiring Manager,2.4,Reject,False
INT002916,APP011375,1,2025-03-19,2025-03-19,Video,Hiring Manager,3.3,Hold,False
INT002917,APP011379,1,2024-12-22,2024-12-22,On-site,Hiring Manager,3.8,Proceed,False
INT002918,APP011395,1,2024-06-24,2024-06-24,Video,Hiring Manager,3.2,Hold,False
INT002919,APP011395,2,2024-06-30,2024-06-30,Video,Panel,3.5,Proceed,False
INT002920,APP011398,1,2024-09-14,2024-09-14,Video,Hiring Manager,1.9,Reject,False
INT002921,APP011398,2,2024-09-19,2024-09-19,On-site,Panel,3.0,Hold,False
INT002922,APP011399,1,2025-12-28,2025-12-28,On-site,Hiring Manager,3.8,Proceed,False
INT002923,APP011405,1,2025-02-07,2025-02-07,Video,Hiring Manager,3.8,Proceed,False
INT002924,APP011406,1,2025-11-06,2025-11-06,On-site,Hiring Manager,3.8,Proceed,False
INT002925,APP011409,1,2025-02-17,2025-02-17,Video,Hiring Manager,4.0,Proceed,False
INT002926,APP011411,1,2025-05-21,2025-05-21,Video,Hiring Manager,5.0,Proceed,False
INT002927,APP011414,1,2025-01-28,2025-01-28,Video,Hiring Manager,3.5,Proceed,False
INT002928,APP011415,1,2025-10-19,2025-10-19,Phone,Hiring Manager,4.6,Proceed,False
INT002929,APP011429,1,2025-07-30,2025-07-30,Video,Hiring Manager,4.1,Proceed,False
INT002930,APP011429,2,2025-08-06,2025-08-06,On-site,Panel,5.0,Proceed,False
INT002931,APP011436,1,2025-11-14,2025-11-14,On-site,Hiring Manager,3.3,Hold,False
INT002932,APP011438,1,2025-01-18,2025-01-18,Video,Hiring Manager,3.4,Proceed,False
INT002933,APP011443,1,2025-12-06,2025-12-06,On-site,Hiring Manager,5.0,Proceed,False
INT002934,APP011448,1,2024-06-12,2024-06-12,Video,Hiring Manager,2.0,Reject,False
INT002935,APP011452,1,2024-03-26,2024-03-26,On-site,Hiring Manager,3.1,Hold,False
INT002936,APP011452,2,2024-03-30,2024-03-30,On-site,Panel,3.3,Proceed,False
INT002937,APP011454,1,2025-06-07,2025-06-07,Video,Hiring Manager,2.8,Hold,False
INT002938,APP011455,1,2024-03-07,2024-03-07,Video,Hiring Manager,4.4,Proceed,False
INT002939,APP011459,1,2025-10-11,2025-10-11,On-site,Hiring Manager,3.2,Hold,False
INT002940,APP011464,1,2025-09-04,2025-09-04,Video,Hiring Manager,3.8,Proceed,False
INT002941,APP011467,1,2025-08-09,2025-08-09,Phone,Hiring Manager,4.8,Proceed,False
INT002942,APP011470,1,2024-11-19,2024-11-19,Video,Hiring Manager,4.1,Proceed,False
INT002943,APP011470,2,2024-11-29,2024-11-29,Video,Panel,4.4,Proceed,False
INT002944,APP011473,1,2024-08-28,2024-08-28,Video,Hiring Manager,,Hold,False
INT002945,APP011484,1,2024-04-03,2024-04-03,Video,Hiring Manager,1.0,Reject,False
INT002946,APP011484,2,2024-04-11,2024-04-11,On-site,Panel,1.0,Hold,False
INT002947,APP011488,1,2025-05-11,2025-05-11,Phone,Hiring Manager,5.0,Proceed,False
INT002948,APP011490,1,2025-02-09,2025-02-09,Video,Hiring Manager,2.9,Hold,False
INT002949,APP011491,1,2024-09-24,2024-09-24,Video,Hiring Manager,3.4,Proceed,False
INT002950,APP011498,1,2024-03-17,2024-03-17,On-site,Hiring Manager,2.4,Reject,False
INT002951,APP011501,1,2024-10-29,2024-10-29,On-site,Hiring Manager,4.2,Proceed,False
INT002952,APP011501,2,2024-11-02,2024-11-02,On-site,Panel,4.4,Proceed,False
INT002953,APP011506,1,2024-07-02,2024-07-02,Video,Hiring Manager,3.9,Proceed,False
INT002954,APP011509,1,2025-07-07,2025-07-07,Video,Hiring Manager,3.4,Proceed,False
INT002955,APP011511,1,2025-11-20,2025-11-20,Phone,Hiring Manager,5.0,Proceed,False
INT002956,APP011512,1,2024-02-09,2024-02-09,Video,Hiring Manager,3.3,Hold,False
INT002957,APP011522,1,2025-07-12,2025-07-12,Phone,Hiring Manager,1.9,Reject,False
INT002958,APP011523,1,2026-01-27,2026-01-27,Video,Hiring Manager,3.8,Proceed,False
INT002959,APP011526,1,2025-05-20,2025-05-20,Video,Hiring Manager,3.4,Proceed,False
INT002960,APP011530,1,2024-09-04,2024-09-04,Video,Hiring Manager,2.9,Hold,False
INT002961,APP011533,1,2025-04-20,2025-04-20,Phone,Hiring Manager,3.1,Hold,False
INT002962,APP011544,1,2025-02-14,2025-02-14,Phone,Hiring Manager,2.9,Hold,False
INT002963,APP011550,1,2024-06-26,2024-06-26,Video,Hiring Manager,3.9,Proceed,False
INT002964,APP011560,1,2024-09-09,2024-09-09,Video,Hiring Manager,3.8,Proceed,False
INT002965,APP011565,1,2025-08-28,2025-08-28,Phone,Hiring Manager,,Proceed,False
INT002966,APP011575,1,2025-04-16,2025-04-16,Video,Hiring Manager,4.4,Proceed,False
INT002967,APP011575,2,2025-04-26,2025-04-26,On-site,Panel,4.3,Proceed,False
INT002968,APP011580,1,2025-08-12,2025-08-12,On-site,Hiring Manager,4.0,Proceed,False
INT002969,APP011583,1,2025-04-07,2025-04-07,Video,Hiring Manager,3.1,Hold,False
INT002970,APP011584,1,2025-07-05,2025-07-05,Video,Hiring Manager,3.7,Proceed,False
INT002971,APP011587,1,2024-09-17,2024-09-17,Video,Hiring Manager,2.8,Hold,False
INT002972,APP011590,1,2025-11-17,2025-11-17,Phone,Hiring Manager,2.0,Reject,False
INT002973,APP011592,1,2025-01-04,2025-01-04,Video,Hiring Manager,4.2,Proceed,False
INT002974,APP011594,1,2025-04-20,2025-04-20,Phone,Hiring Manager,2.3,Reject,False
INT002975,APP011595,1,2025-07-16,2025-07-16,Phone,Hiring Manager,3.7,Proceed,False
INT002976,APP011608,1,2025-05-07,2025-05-07,Video,Hiring Manager,4.8,Proceed,False
INT002977,APP011612,1,2025-03-21,2025-03-21,On-site,Hiring Manager,4.6,Proceed,False
INT002978,APP011620,1,2025-05-01,2025-05-01,Video,Hiring Manager,3.9,Proceed,False
INT002979,APP011631,1,2025-07-04,2025-07-04,Phone,Hiring Manager,3.2,Hold,False
INT002980,APP011633,1,2024-12-29,2024-12-29,Video,Hiring Manager,2.2,Reject,False
INT002981,APP011634,1,2025-02-14,2025-02-14,Phone,Hiring Manager,2.1,Reject,False
INT002982,APP011638,1,2025-03-23,2025-03-23,Phone,Hiring Manager,4.0,Proceed,False
INT002983,APP011655,1,2025-08-04,2025-08-04,Video,Hiring Manager,2.7,Reject,False
INT002984,APP011657,1,2024-06-06,2024-06-06,Video,Hiring Manager,5.0,Proceed,False
INT002985,APP011661,1,2025-06-01,2025-06-01,Video,Hiring Manager,2.8,Hold,False
INT002986,APP011667,1,2024-07-28,2024-07-28,Phone,Hiring Manager,3.0,Hold,False
INT002987,APP011670,1,2025-07-01,2025-07-01,Video,Hiring Manager,3.7,Proceed,False
INT002988,APP011673,1,2024-12-09,2024-12-09,Video,Hiring Manager,3.1,Hold,False
INT002989,APP011675,1,2024-09-12,2024-09-12,Video,Hiring Manager,3.5,Proceed,False
INT002990,APP011686,1,2024-06-06,2024-06-06,Video,Hiring Manager,1.9,Reject,False
INT002991,APP011689,1,2025-09-13,2025-09-13,Phone,Hiring Manager,2.2,Reject,False
INT002992,APP011703,1,2024-12-31,2024-12-31,Video,Hiring Manager,4.1,Proceed,False
INT002993,APP011704,1,2025-05-27,2025-05-27,Video,Hiring Manager,3.0,Hold,False
INT002994,APP011705,1,2025-10-14,2025-10-14,Video,Hiring Manager,3.4,Proceed,False
INT002995,APP011707,1,2025-03-02,2025-03-02,On-site,Hiring Manager,3.4,Proceed,False
INT002996,APP011709,1,2025-10-14,2025-10-14,Phone,Hiring Manager,3.9,Proceed,False
INT002997,APP011726,1,2025-06-19,2025-06-19,On-site,Hiring Manager,2.1,Reject,False
INT002998,APP011730,1,2024-12-13,2024-12-13,On-site,Hiring Manager,4.4,Proceed,False
INT002999,APP011732,1,2024-07-15,2024-07-15,On-site,Hiring Manager,5.0,Proceed,False
INT003000,APP011736,1,2025-04-12,2025-03-31,Video,Hiring Manager,4.3,Proceed,False
INT003001,APP011746,1,2025-10-27,2025-10-27,Video,Hiring Manager,4.0,Proceed,False
INT003002,APP011750,1,2025-05-30,2025-05-30,Video,Hiring Manager,2.8,Hold,False
INT003003,APP011751,1,2024-12-03,2024-12-03,Video,Hiring Manager,3.3,Hold,False
INT003004,APP011754,1,2024-07-02,2024-07-02,Video,Hiring Manager,4.1,Proceed,False
INT003005,APP011758,1,2024-08-18,2024-08-18,Video,Hiring Manager,2.6,Reject,False
INT003006,APP011760,1,2024-07-25,2024-07-25,On-site,Hiring Manager,3.0,Hold,False
INT003007,APP011763,1,2025-04-24,2025-04-24,Video,Hiring Manager,2.7,Reject,False
INT003008,APP011764,1,2024-05-20,2024-05-20,On-site,Hiring Manager,3.0,Hold,False
INT003009,APP011767,1,2024-07-06,2024-07-06,Video,Hiring Manager,2.3,Reject,False
INT003010,APP011768,1,2024-10-02,2024-10-02,Video,Hiring Manager,1.7,Reject,False
INT003011,APP011768,2,2024-10-07,2024-10-07,On-site,Panel,2.1,Hold,False
INT003012,APP011769,1,2024-05-11,2024-05-11,On-site,Hiring Manager,2.7,Reject,False
INT003013,APP011777,1,2025-05-14,2025-05-14,Video,Hiring Manager,4.0,Proceed,False
INT003014,APP011780,1,2024-10-17,2024-10-17,On-site,Hiring Manager,2.7,Reject,False
INT003015,APP011781,1,2024-05-15,2024-05-15,On-site,Hiring Manager,4.9,Proceed,False
INT003016,APP011797,1,2025-05-12,2025-05-12,On-site,Hiring Manager,3.5,Proceed,False
INT003017,APP011798,1,2025-06-04,2025-06-04,Video,Hiring Manager,2.4,Reject,False
INT003018,APP011804,1,2025-07-09,2025-07-09,Video,Hiring Manager,2.4,Reject,False
INT003019,APP011806,1,2024-09-06,2024-09-06,Video,Hiring Manager,3.3,Hold,False
INT003020,APP011807,1,2024-11-11,2024-11-11,Video,Hiring Manager,3.0,Hold,False
INT003021,APP011809,1,2024-07-14,2024-07-14,Phone,Hiring Manager,2.4,Reject,False
INT003022,APP011814,1,2024-07-04,2024-07-04,Video,Hiring Manager,3.2,Hold,False
INT003023,APP011815,1,2024-05-23,2024-05-23,Video,Hiring Manager,4.3,Proceed,False
INT003024,APP011823,1,2025-02-01,2025-02-01,On-site,Hiring Manager,4.5,Proceed,False
INT003025,APP011826,1,2025-05-01,2025-05-01,Video,Hiring Manager,3.8,Proceed,False
INT003026,APP011836,1,2025-03-02,2025-03-02,Video,Hiring Manager,3.7,Proceed,False
INT003027,APP011836,2,2025-03-13,2025-03-13,On-site,Panel,4.2,Proceed,False
INT003028,APP011837,1,2024-02-22,2024-02-22,On-site,Hiring Manager,2.5,Reject,False
INT003029,APP011837,2,2024-02-28,2024-02-28,On-site,Panel,2.2,Hold,False
INT003030,APP011838,1,2025-06-21,2025-06-21,Video,Hiring Manager,3.2,Hold,False
INT003031,APP011840,1,2024-05-22,2024-05-22,On-site,Hiring Manager,2.9,Hold,False
INT003032,APP011841,1,2024-06-17,2024-06-17,Phone,Hiring Manager,3.9,Proceed,False
INT003033,APP011844,1,2025-11-02,2025-11-02,Video,Hiring Manager,3.6,Proceed,False
INT003034,APP011846,1,2024-10-09,2024-10-09,Video,Hiring Manager,3.8,Proceed,False
INT003035,APP011847,1,2025-03-18,2025-03-18,Phone,Hiring Manager,2.9,Hold,False
INT003036,APP011855,1,2025-09-23,2025-09-23,Video,Hiring Manager,3.0,Hold,False
INT003037,APP011858,1,2025-09-17,2025-09-17,Video,Hiring Manager,2.6,Reject,False
INT003038,APP011860,1,2025-12-08,2025-12-08,On-site,Hiring Manager,3.8,Proceed,False
INT003039,APP011868,1,2024-11-19,2024-11-19,Video,Hiring Manager,4.0,Proceed,False
INT003040,APP011869,1,2024-09-24,2024-09-24,Video,Hiring Manager,3.1,Hold,False
INT003041,APP011884,1,2024-04-01,2024-04-01,Video,Hiring Manager,2.7,Reject,False
INT003042,APP011884,2,2024-04-12,2024-04-12,On-site,Panel,2.4,Hold,False
INT003043,APP011887,1,2025-10-23,2025-10-23,Video,Hiring Manager,3.4,Proceed,False
INT003044,APP011892,1,2025-04-09,2025-04-09,On-site,Hiring Manager,4.8,Proceed,False
INT003045,APP011901,1,2024-12-13,2024-12-13,On-site,Hiring Manager,4.4,Proceed,False
INT003046,APP011902,1,2025-12-29,2025-12-29,Video,Hiring Manager,3.0,Hold,False
INT003047,APP011904,1,2025-09-06,2025-09-06,On-site,Hiring Manager,5.0,Proceed,False
INT003048,APP011906,1,2025-05-29,2025-05-29,Video,Hiring Manager,4.6,Proceed,False
INT003049,APP011908,1,2025-12-16,2025-12-16,Video,Hiring Manager,4.0,Proceed,False
INT003050,APP011919,1,2025-02-24,2025-02-24,Video,Hiring Manager,4.3,Proceed,False
INT003051,APP011921,1,2025-11-10,2025-11-10,On-site,Hiring Manager,4.6,Proceed,False
INT003052,APP011925,1,2025-10-27,2025-10-27,Video,Hiring Manager,2.9,Hold,False
INT003053,APP011925,2,2025-11-04,2025-11-04,On-site,Panel,3.5,Proceed,False
INT003054,APP011938,1,2024-10-31,2024-10-31,Video,Hiring Manager,3.0,Hold,False
INT003055,APP011950,1,2025-11-12,2025-11-12,Video,Hiring Manager,1.8,Reject,False
INT003056,APP011960,1,2025-04-21,2025-04-21,On-site,Hiring Manager,5.0,Proceed,False
INT003057,APP011971,1,2025-11-07,2025-11-07,Video,Hiring Manager,2.7,Reject,False
INT003058,APP011975,1,2024-04-16,2024-04-16,Video,Hiring Manager,1.5,Reject,False
INT003059,APP011981,1,2024-07-03,2024-07-03,Phone,Hiring Manager,3.1,Hold,False
INT003060,APP011986,1,2024-07-13,2024-07-13,Video,Hiring Manager,3.1,Hold,False
INT003061,APP011987,1,2024-12-05,2024-12-05,Video,Hiring Manager,3.0,Hold,False
INT003062,APP011988,1,2024-10-05,2024-10-05,On-site,Hiring Manager,2.3,Reject,False
INT003063,APP011988,2,2024-10-11,2024-10-11,On-site,Panel,1.8,Hold,False
INT003064,APP011991,1,2025-02-21,2025-02-21,Video,Hiring Manager,3.8,Proceed,False
INT003065,APP011994,1,2025-04-07,2025-04-07,Video,Hiring Manager,4.7,Proceed,False
INT003066,APP011995,1,2025-06-04,2025-06-04,Video,Hiring Manager,3.4,Proceed,False
INT003067,APP012003,1,2024-04-29,2024-04-29,Video,Hiring Manager,3.4,Proceed,False
INT003068,APP012009,1,2025-07-05,2025-07-05,Video,Hiring Manager,2.6,Reject,False
INT003069,APP012020,1,2025-07-15,2025-07-15,Phone,Hiring Manager,4.0,Proceed,False
INT003070,APP012022,1,2025-05-02,2025-05-02,Video,Hiring Manager,3.1,Hold,False
INT003071,APP012022,2,2025-05-07,2025-05-07,On-site,Panel,3.6,Proceed,False
INT003072,APP012023,1,2024-12-16,2024-12-16,On-site,Hiring Manager,3.5,Proceed,False
INT003073,APP012031,1,2025-12-03,2025-12-03,Video,Hiring Manager,2.5,Reject,False
INT003074,APP012032,1,2025-01-20,2025-01-20,Phone,Hiring Manager,4.8,Proceed,False
INT003075,APP012037,1,2024-05-12,2024-05-12,On-site,Hiring Manager,2.7,Reject,False
INT003076,APP012047,1,2024-08-19,2024-08-19,Video,Hiring Manager,3.3,Hold,False
INT003077,APP012059,1,2025-10-17,2025-10-17,Video,Hiring Manager,2.4,Reject,False
INT003078,APP012059,2,2025-10-21,2025-10-21,On-site,Panel,2.7,Hold,False
INT003079,APP012061,1,2025-11-04,2025-11-04,Video,Hiring Manager,4.1,Proceed,False
INT003080,APP012066,1,2025-10-07,2025-10-07,Video,Hiring Manager,3.5,Proceed,False
INT003081,APP012067,1,2025-02-16,2025-02-16,Video,Hiring Manager,3.5,Proceed,False
INT003082,APP012075,1,2025-07-27,2025-07-27,Phone,Hiring Manager,4.1,Proceed,False
INT003083,APP012078,1,2025-03-18,2025-03-18,Video,Hiring Manager,2.2,Reject,False
INT003084,APP012078,2,2025-03-25,2025-03-25,On-site,Panel,1.9,Hold,False
INT003085,APP012083,1,2025-09-07,2025-09-07,On-site,Hiring Manager,4.2,Proceed,False
INT003086,APP012083,2,2025-09-13,2025-09-13,On-site,Panel,3.7,Proceed,False
INT003087,APP012085,1,2025-08-07,2025-08-07,Video,Hiring Manager,4.7,Proceed,False
INT003088,APP012090,1,2024-07-14,2024-07-14,Phone,Hiring Manager,3.5,Proceed,False
INT003089,APP012098,1,2024-11-17,2024-11-17,On-site,Hiring Manager,4.1,Proceed,False
INT003090,APP012105,1,2024-04-01,2024-03-28,Video,Hiring Manager,3.9,Proceed,False
INT003091,APP012107,1,2025-03-27,2025-03-27,Video,Hiring Manager,3.7,Proceed,False
INT003092,APP012108,1,2025-03-22,2025-03-22,Video,Hiring Manager,4.2,Proceed,False
INT003093,APP012113,1,2024-07-21,2024-07-21,Video,Hiring Manager,3.7,Proceed,False
INT003094,APP012115,1,2025-12-01,2025-12-01,Video,Hiring Manager,1.9,Reject,False
INT003095,APP012115,2,2025-12-09,2025-12-09,Video,Panel,1.5,Hold,False
INT003096,APP012117,1,2025-03-11,2025-03-11,On-site,Hiring Manager,2.1,Reject,False
INT003097,APP012118,1,2025-07-08,2025-07-08,On-site,Hiring Manager,5.0,Proceed,False
INT003098,APP012127,1,2025-01-12,2025-01-12,Video,Hiring Manager,2.9,Hold,False
INT003099,APP012130,1,2025-06-30,2025-06-30,On-site,Hiring Manager,3.3,Hold,False
INT003100,APP012130,2,2025-07-10,2025-07-10,On-site,Panel,3.5,Proceed,False
INT003101,APP012136,1,2024-04-05,2024-04-05,Video,Hiring Manager,2.3,Reject,False
INT003102,APP012148,1,2025-04-11,2025-04-11,Video,Hiring Manager,3.2,Hold,False
INT003103,APP012151,1,2025-06-05,2025-06-05,Video,Hiring Manager,3.7,Proceed,False
INT003104,APP012152,1,2025-02-21,2025-02-21,On-site,Hiring Manager,2.7,Reject,False
INT003105,APP012152,2,2025-02-27,2025-02-27,On-site,Panel,3.2,Hold,False
INT003106,APP012157,1,2025-03-22,2025-03-22,Video,Hiring Manager,2.6,Reject,False
INT003107,APP012158,1,2024-05-14,2024-05-14,Video,Hiring Manager,3.3,Hold,False
INT003108,APP012160,1,2025-11-28,2025-11-28,Video,Hiring Manager,2.6,Reject,False
INT003109,APP012163,1,2024-02-29,2024-02-29,Video,Hiring Manager,3.4,Proceed,False
INT003110,APP012169,1,2024-07-24,2024-07-24,Phone,Hiring Manager,4.5,Proceed,False
INT003111,APP012172,1,2025-01-12,2025-01-12,Video,Hiring Manager,4.0,Proceed,False
INT003112,APP012174,1,2024-08-24,2024-08-24,On-site,Hiring Manager,4.1,Proceed,False
INT003113,APP012176,1,2024-10-30,2024-10-30,Video,Hiring Manager,3.1,Hold,False
INT003114,APP012178,1,2024-10-29,2024-10-29,Video,Hiring Manager,3.3,Hold,False
INT003115,APP012182,1,2025-04-30,2025-04-30,Video,Hiring Manager,2.8,Hold,False
INT003116,APP012185,1,2024-09-04,2024-09-04,Video,Hiring Manager,2.7,Reject,False
INT003117,APP012187,1,2025-04-12,2025-04-12,On-site,Hiring Manager,3.7,Proceed,False
INT003118,APP012191,1,2025-11-09,2025-11-09,On-site,Hiring Manager,3.0,Hold,False
INT003119,APP012192,1,2025-02-26,2025-02-26,On-site,Hiring Manager,3.7,Proceed,False
INT003120,APP012193,1,2025-11-19,2025-11-19,Video,Hiring Manager,2.9,Hold,False
INT003121,APP012206,1,2024-07-08,2024-07-08,Video,Hiring Manager,3.8,Proceed,False
INT003122,APP012206,2,2024-07-12,2024-07-12,On-site,Panel,2.7,Hold,False
INT003123,APP012216,1,2025-10-29,2025-10-29,On-site,Hiring Manager,3.5,Proceed,False
INT003124,APP012222,1,2025-05-11,2025-05-11,Video,Hiring Manager,4.4,Proceed,False
INT003125,APP012232,1,2024-11-24,2024-11-24,On-site,Hiring Manager,3.4,Proceed,False
INT003126,APP012236,1,2024-03-18,2024-03-18,Phone,Hiring Manager,3.0,Hold,False
INT003127,APP012240,1,2025-08-02,2025-08-02,Video,Hiring Manager,3.0,Hold,False
INT003128,APP012245,1,2024-09-17,2024-09-17,Video,Hiring Manager,3.1,Hold,False
INT003129,APP012246,1,2025-10-23,2025-10-14,Video,Hiring Manager,2.9,Hold,False
INT003130,APP012247,1,2025-06-13,2025-06-13,Video,Hiring Manager,2.4,Reject,False
INT003131,APP012256,1,2025-09-27,2025-09-27,Video,Hiring Manager,4.6,Proceed,False
INT003132,APP012260,1,2025-09-30,2025-09-30,Video,Hiring Manager,3.0,Hold,False
INT003133,APP012262,1,2024-08-29,2024-08-29,Video,Hiring Manager,3.8,Proceed,False
INT003134,APP012267,1,2024-04-08,2024-04-08,Phone,Hiring Manager,4.3,Proceed,False
INT003135,APP012274,1,2024-07-25,2024-07-17,Phone,Hiring Manager,3.2,Hold,False
INT003136,APP012274,2,2024-08-02,2024-08-02,On-site,Panel,3.5,Proceed,False
INT003137,APP012279,1,2024-10-22,2024-10-22,Phone,Hiring Manager,3.3,Hold,False
INT003138,APP012281,1,2025-06-11,2025-06-11,On-site,Hiring Manager,3.8,Proceed,False
INT003139,APP012286,1,2025-10-08,2025-10-08,Phone,Hiring Manager,4.5,Proceed,False
INT003140,APP012294,1,2025-01-14,2025-01-14,Video,Hiring Manager,4.2,Proceed,False
INT003141,APP012305,1,2025-10-22,2025-10-22,Video,Hiring Manager,3.0,Hold,False
INT003142,APP012309,1,2024-04-11,2024-04-11,Phone,Hiring Manager,3.7,Proceed,False
INT003143,APP012311,1,2025-01-08,2025-01-08,Video,Hiring Manager,2.8,Hold,False
INT003144,APP012318,1,2025-10-04,2025-10-04,Video,Hiring Manager,3.9,Proceed,False
INT003145,APP012319,1,2024-05-30,2024-05-30,Phone,Hiring Manager,1.8,Reject,False
INT003146,APP012339,1,2024-10-12,2024-10-12,Phone,Hiring Manager,2.8,Hold,False
INT003147,APP012353,1,2025-11-20,2025-11-20,On-site,Hiring Manager,3.4,Proceed,False
INT003148,APP012356,1,2024-05-12,2024-05-12,Video,Hiring Manager,2.2,Reject,False
INT003149,APP012358,1,2025-04-14,2025-04-14,Phone,Hiring Manager,4.1,Proceed,False
INT003150,APP012359,1,2025-11-18,2025-11-18,Video,Hiring Manager,3.9,Proceed,False
INT003151,APP012367,1,2025-07-22,2025-07-22,Video,Hiring Manager,2.9,Hold,False
INT003152,APP012368,1,2024-10-17,2024-10-17,Video,Hiring Manager,3.8,Proceed,False
INT003153,APP012372,1,2025-05-22,2025-05-22,On-site,Hiring Manager,4.8,Proceed,False
INT003154,APP012377,1,2024-10-22,2024-10-22,Phone,Hiring Manager,3.4,Proceed,False
INT003155,APP012380,1,2024-02-04,2024-02-04,Phone,Hiring Manager,3.5,Proceed,False
INT003156,APP012380,2,2024-02-11,2024-02-11,On-site,Panel,4.2,Proceed,False
INT003157,APP012384,1,2025-04-04,2025-04-04,On-site,Hiring Manager,2.6,Reject,False
INT003158,APP012395,1,2025-06-05,2025-06-05,On-site,Hiring Manager,3.4,Proceed,False
INT003159,APP012397,1,2024-05-13,2024-05-13,Video,Hiring Manager,4.6,Proceed,False
INT003160,APP012397,2,2024-05-17,2024-05-17,On-site,Panel,5.0,Proceed,False
INT003161,APP012402,1,2024-03-31,2024-03-31,On-site,Hiring Manager,2.6,Reject,False
INT003162,APP012405,1,2024-12-26,2024-12-26,Video,Hiring Manager,4.8,Proceed,False
INT003163,APP012408,1,2025-03-18,2025-03-18,Phone,Hiring Manager,3.2,Hold,False
INT003164,APP012409,1,2024-09-19,2024-09-19,Video,Hiring Manager,3.5,Proceed,False
INT003165,APP012419,1,2024-08-24,2024-08-24,On-site,Hiring Manager,4.9,Proceed,False
INT003166,APP012421,1,2025-03-18,2025-03-18,Video,Hiring Manager,2.2,Reject,False
INT003167,APP012421,2,2025-03-28,2025-03-28,On-site,Panel,2.6,Hold,False
INT003168,APP012430,1,2024-04-13,2024-04-13,Video,Hiring Manager,4.6,Proceed,False
INT003169,APP012430,2,2024-04-21,2024-04-21,On-site,Panel,5.0,Proceed,False
INT003170,APP012434,1,2025-07-17,2025-07-17,Video,Hiring Manager,4.6,Proceed,False
INT003171,APP012445,1,2025-12-12,2025-12-12,Video,Hiring Manager,3.8,Proceed,False
INT003172,APP012447,1,2025-11-16,2025-11-16,Video,Hiring Manager,3.4,Proceed,False
INT003173,APP012448,1,2025-06-18,2025-06-18,Video,Hiring Manager,4.0,Proceed,False
INT003174,APP012452,1,2024-10-08,2024-10-08,Video,Hiring Manager,1.6,Reject,False
INT003175,APP012456,1,2025-10-23,2025-10-23,Video,Hiring Manager,3.2,Hold,False
INT003176,APP012457,1,2025-03-08,2025-03-08,Video,Hiring Manager,1.4,Reject,False
INT003177,APP012457,2,2025-03-19,2025-03-19,On-site,Panel,1.4,Hold,False
INT003178,APP012461,1,2024-05-17,2024-05-17,On-site,Hiring Manager,2.2,Reject,False
INT003179,APP012467,1,2024-10-14,2024-10-14,Video,Hiring Manager,3.2,Hold,False
INT003180,APP012467,2,2024-10-22,2024-10-22,On-site,Panel,4.0,Proceed,False
INT003181,APP012468,1,2025-05-03,2025-05-03,On-site,Hiring Manager,3.0,Hold,False
INT003182,APP012468,2,2025-05-10,2025-05-10,On-site,Panel,3.2,Hold,False
INT003183,APP012469,1,2025-12-18,2025-12-18,Phone,Hiring Manager,5.0,Proceed,False
INT003184,APP012472,1,2024-03-14,2024-03-14,Video,Hiring Manager,3.2,Hold,False
INT003185,APP012477,1,2025-04-19,2025-04-19,On-site,Hiring Manager,4.0,Proceed,False
INT003186,APP012479,1,2025-12-30,2025-12-30,Video,Hiring Manager,3.3,Hold,False
INT003187,APP012481,1,2024-09-21,2024-09-21,Video,Hiring Manager,2.0,Reject,False
INT003188,APP012484,1,2024-03-30,2024-03-30,On-site,Hiring Manager,1.7,Reject,False
INT003189,APP012489,1,2025-02-12,2025-02-12,Video,Hiring Manager,4.8,Proceed,False
INT003190,APP012491,1,2024-04-30,2024-04-30,Video,Hiring Manager,5.0,Proceed,False
INT003191,APP012492,1,2024-01-25,2024-01-25,Video,Hiring Manager,3.8,Proceed,False
INT003192,APP012492,2,2024-01-30,2024-01-30,On-site,Panel,3.5,Proceed,False
INT003193,APP012494,1,2024-02-27,2024-02-27,On-site,Hiring Manager,2.8,Hold,False
INT003194,APP012501,1,2024-09-10,2024-09-10,On-site,Hiring Manager,3.7,Proceed,False
INT003195,APP012503,1,2024-06-10,2024-06-10,Video,Hiring Manager,4.2,Proceed,False
INT003196,APP012504,1,2025-07-11,2025-07-11,Video,Hiring Manager,1.6,Reject,False
INT003197,APP012512,1,2025-11-23,2025-11-23,On-site,Hiring Manager,4.8,Proceed,False
INT003198,APP012522,1,2025-12-22,2025-12-22,Video,Hiring Manager,4.3,Proceed,False
INT003199,APP012527,1,2024-06-23,2024-06-23,On-site,Hiring Manager,4.2,Proceed,False
INT003200,APP012527,2,2024-07-04,2024-07-04,On-site,Panel,4.1,Proceed,False
INT003201,APP012532,1,2025-01-05,2025-01-05,Video,Hiring Manager,3.9,Proceed,False
INT003202,APP012533,1,2024-03-18,2024-03-18,Video,Hiring Manager,3.5,Proceed,False
INT003203,APP012535,1,2025-10-11,2025-10-11,On-site,Hiring Manager,4.5,Proceed,False
INT003204,APP012544,1,2025-10-20,2025-10-20,Video,Hiring Manager,2.4,Reject,False
INT003205,APP012549,1,2025-09-05,2025-09-05,Video,Hiring Manager,3.0,Hold,False
INT003206,APP012550,1,2024-09-04,2024-09-04,Video,Hiring Manager,2.1,Reject,False
INT003207,APP012550,2,2024-09-13,2024-09-13,Video,Panel,2.4,Hold,False
INT003208,APP012558,1,2025-10-06,2025-10-06,Video,Hiring Manager,4.1,Proceed,False
INT003209,APP012558,2,2025-10-15,2025-10-15,On-site,Panel,4.4,Proceed,False
INT003210,APP012567,1,2025-10-05,2025-10-05,Video,Hiring Manager,5.0,Proceed,False
INT003211,APP012571,1,2025-01-01,2025-01-01,Video,Hiring Manager,1.2,Reject,False
INT003212,APP012572,1,2024-10-01,2024-10-01,Video,Hiring Manager,3.3,Hold,False
INT003213,APP012576,1,2024-11-25,2024-11-25,Phone,Hiring Manager,3.7,Proceed,False
INT003214,APP012580,1,2026-01-03,2026-01-03,Video,Hiring Manager,2.8,Hold,False
INT003215,APP012585,1,2025-09-22,2025-09-22,On-site,Hiring Manager,2.7,Reject,False
INT003216,APP012589,1,2024-10-22,2024-10-22,On-site,Hiring Manager,3.6,Proceed,False
INT003217,APP012596,1,2024-09-28,2024-09-28,Video,Hiring Manager,2.2,Reject,False
INT003218,APP012603,1,2025-09-04,2025-09-04,Phone,Hiring Manager,2.2,Reject,False
INT003219,APP012609,1,2024-07-27,2024-07-27,Phone,Hiring Manager,2.7,Reject,False
INT003220,APP012613,1,2025-04-29,2025-04-29,On-site,Hiring Manager,3.0,Hold,False
INT003221,APP012615,1,2024-09-23,2024-09-23,On-site,Hiring Manager,2.3,Reject,False
INT003222,APP012619,1,2024-06-14,2024-06-14,On-site,Hiring Manager,4.6,Proceed,False
INT003223,APP012622,1,2025-11-29,2025-11-29,Video,Hiring Manager,3.5,Proceed,False
INT003224,APP012629,1,2025-02-21,2025-02-21,Video,Hiring Manager,3.9,Proceed,False
INT003225,APP012636,1,2024-08-04,2024-08-04,Video,Hiring Manager,2.7,Reject,False
INT003226,APP012640,1,2025-08-18,2025-08-18,Video,Hiring Manager,4.1,Proceed,False
INT003227,APP012640,2,2025-08-27,2025-08-27,On-site,Panel,3.7,Proceed,False
INT003228,APP012644,1,2025-01-12,2025-01-12,Video,Hiring Manager,3.5,Proceed,False
INT003229,APP012654,1,2025-07-17,2025-07-17,Video,Hiring Manager,4.1,Proceed,False
INT003230,APP012658,1,2025-08-05,2025-08-05,On-site,Hiring Manager,5.0,Proceed,False
INT003231,APP012658,2,2025-08-11,2025-08-11,On-site,Panel,4.4,Proceed,False
INT003232,APP012659,1,2024-07-10,2024-07-10,Video,Hiring Manager,2.3,Reject,False
INT003233,APP012660,1,2025-11-18,2025-11-18,Phone,Hiring Manager,3.6,Proceed,False
INT003234,APP012660,2,2025-11-24,2025-11-24,On-site,Panel,5.0,Proceed,False
INT003235,APP012661,1,2024-10-31,2024-10-31,Video,Hiring Manager,4.5,Proceed,False
INT003236,APP012668,1,2024-05-14,2024-05-14,On-site,Hiring Manager,3.8,Proceed,False
INT003237,APP012674,1,2024-11-18,2024-11-18,Phone,Hiring Manager,,Reject,False
INT003238,APP012674,2,2024-11-26,2024-11-26,On-site,Panel,2.6,Hold,False
INT003239,APP012675,1,2024-08-06,2024-08-06,On-site,Hiring Manager,4.7,Proceed,False
INT003240,APP012678,1,2025-06-13,2025-06-13,Video,Hiring Manager,3.8,Proceed,False
INT003241,APP012685,1,2024-12-25,2024-12-25,Video,Hiring Manager,3.6,Proceed,False
INT003242,APP012688,1,2025-11-03,2025-11-03,On-site,Hiring Manager,2.5,Reject,False
INT003243,APP012689,1,2025-08-09,2025-08-09,Video,Hiring Manager,3.4,Proceed,False
INT003244,APP012691,1,2024-11-13,2024-11-13,On-site,Hiring Manager,3.1,Hold,False
INT003245,APP012699,1,2025-08-31,2025-08-31,Video,Hiring Manager,2.5,Reject,False
INT003246,APP012701,1,2024-11-28,2024-11-28,Video,Hiring Manager,3.3,Hold,False
INT003247,APP012702,1,2025-06-29,2025-06-29,Video,Hiring Manager,3.0,Hold,False
INT003248,APP012705,1,2024-12-16,2024-12-16,On-site,Hiring Manager,2.0,Reject,False
INT003249,APP012710,1,2025-11-22,2025-11-22,On-site,Hiring Manager,4.5,Proceed,False
INT003250,APP012713,1,2024-07-31,2024-07-31,On-site,Hiring Manager,2.6,Reject,False
INT003251,APP012731,1,2026-01-22,2026-01-22,Video,Hiring Manager,2.1,Reject,False
INT003252,APP012734,1,2024-11-29,2024-11-29,Video,Hiring Manager,3.3,Hold,False
INT003253,APP012737,1,2024-02-09,2024-02-09,On-site,Hiring Manager,4.0,Proceed,False
INT003254,APP012740,1,2025-11-24,2025-11-24,Video,Hiring Manager,4.0,Proceed,False
INT003255,APP012741,1,2024-04-25,2024-04-25,Phone,Hiring Manager,3.3,Hold,False
INT003256,APP012749,1,2025-07-24,2025-07-12,Video,Hiring Manager,4.6,Proceed,False
INT003257,APP012750,1,2025-07-03,2025-07-03,On-site,Hiring Manager,2.8,Hold,False
INT003258,APP012751,1,2025-02-17,2025-02-17,On-site,Hiring Manager,4.8,Proceed,False
INT003259,APP012756,1,2024-06-11,2024-06-11,Video,Hiring Manager,3.3,Hold,False
INT003260,APP012758,1,2024-12-29,2024-12-29,Video,Hiring Manager,3.1,Hold,False
INT003261,APP012764,1,2024-09-14,2024-09-14,Video,Hiring Manager,4.1,Proceed,False
INT003262,APP012766,1,2025-09-16,2025-09-16,On-site,Hiring Manager,2.9,Hold,False
INT003263,APP012771,1,2024-07-16,2024-07-16,Video,Hiring Manager,3.5,Proceed,False
INT003264,APP012771,2,2024-07-22,2024-07-22,On-site,Panel,4.0,Proceed,False
INT003265,APP012779,1,2025-11-01,2025-11-01,Video,Hiring Manager,3.9,Proceed,False
INT003266,APP012781,1,2024-11-22,2024-11-22,Video,Hiring Manager,2.9,Hold,False
INT003267,APP012785,1,2024-08-21,2024-08-21,On-site,Hiring Manager,3.8,Proceed,False
INT003268,APP012792,1,2025-09-29,2025-09-29,Video,Hiring Manager,2.6,Reject,False
INT003269,APP012798,1,2025-02-12,2025-02-12,Video,Hiring Manager,3.6,Proceed,False
INT003270,APP012803,1,2025-09-29,2025-09-29,Video,Hiring Manager,4.5,Proceed,False
INT003271,APP012807,1,2024-07-01,2024-07-01,Video,Hiring Manager,4.2,Proceed,False
INT003272,APP012812,1,2025-05-07,2025-05-07,On-site,Hiring Manager,2.8,Hold,False
INT003273,APP012813,1,2024-08-24,2024-08-24,Video,Hiring Manager,3.4,Proceed,False
INT003274,APP012817,1,2025-07-06,2025-07-06,On-site,Hiring Manager,3.4,Proceed,False
INT003275,APP012817,2,2025-07-10,2025-07-10,On-site,Panel,2.9,Hold,False
INT003276,APP012820,1,2024-10-27,2024-10-27,Video,Hiring Manager,5.0,Proceed,False
INT003277,APP012826,1,2024-03-04,2024-03-04,On-site,Hiring Manager,2.7,Reject,False
INT003278,APP012826,2,2024-03-11,2024-03-11,On-site,Panel,3.6,Proceed,False
INT003279,APP012832,1,2024-04-20,2024-04-20,Video,Hiring Manager,3.9,Proceed,False
INT003280,APP012833,1,2025-08-02,2025-08-02,On-site,Hiring Manager,3.3,Hold,False
INT003281,APP012835,1,2025-06-15,2025-06-15,On-site,Hiring Manager,4.0,Proceed,False
INT003282,APP012835,2,2025-06-26,2025-06-26,On-site,Panel,3.9,Proceed,False
INT003283,APP012841,1,2025-10-07,2025-10-07,Phone,Hiring Manager,3.5,Proceed,False
INT003284,APP012842,1,2025-12-15,2025-12-15,On-site,Hiring Manager,3.8,Proceed,False
INT003285,APP012843,1,2024-10-03,2024-09-25,On-site,Hiring Manager,3.3,Hold,False
INT003286,APP012849,1,2024-07-16,2024-07-16,Video,Hiring Manager,4.6,Proceed,False
INT003287,APP012852,1,2025-06-13,2025-06-13,Video,Hiring Manager,3.1,Hold,False
INT003288,APP012855,1,2024-11-17,2024-11-17,On-site,Hiring Manager,4.5,Proceed,False
INT003289,APP012863,1,2024-06-18,2024-06-18,On-site,Hiring Manager,2.1,Reject,False
INT003290,APP012872,1,2024-12-07,2024-12-07,Video,Hiring Manager,3.3,Hold,False
INT003291,APP012878,1,2025-10-18,2025-10-18,On-site,Hiring Manager,4.2,Proceed,False
INT003292,APP012879,1,2025-05-29,2025-05-29,Phone,Hiring Manager,2.2,Reject,False
INT003293,APP012885,1,2024-12-05,2024-12-05,Video,Hiring Manager,2.7,Reject,False
INT003294,APP012885,2,2024-12-09,2024-12-09,On-site,Panel,2.1,Hold,False
INT003295,APP012886,1,2025-06-16,2025-06-16,Phone,Hiring Manager,3.5,Proceed,False
INT003296,APP012889,1,2025-11-08,2025-11-08,Video,Hiring Manager,2.5,Reject,False
INT003297,APP012890,1,2024-09-26,2024-09-26,Video,Hiring Manager,3.6,Proceed,False
INT003298,APP012898,1,2024-04-17,2024-04-17,Video,Hiring Manager,3.7,Proceed,False
INT003299,APP012898,2,2024-04-22,2024-04-22,On-site,Panel,3.8,Proceed,False
INT003300,APP012912,1,2025-04-07,2025-04-07,On-site,Hiring Manager,3.7,Proceed,False
INT003301,APP012914,1,2024-11-21,2024-11-21,Video,Hiring Manager,,Hold,False
INT003302,APP012921,1,2025-11-29,2025-11-29,On-site,Hiring Manager,3.8,Proceed,False
INT003303,APP012923,1,2025-02-27,2025-02-27,Video,Hiring Manager,3.2,Hold,False
INT003304,APP012925,1,2025-06-04,2025-06-04,Phone,Hiring Manager,4.4,Proceed,False
INT003305,APP012929,1,2025-02-07,2025-02-07,On-site,Hiring Manager,,Proceed,False
INT003306,APP012936,1,2025-11-19,2025-11-19,Video,Hiring Manager,3.4,Proceed,False
INT003307,APP012944,1,2024-10-11,2024-10-11,Video,Hiring Manager,3.5,Proceed,False
INT003308,APP012945,1,2024-10-02,2024-10-02,On-site,Hiring Manager,2.6,Reject,False
INT003309,APP012951,1,2025-06-28,2025-06-28,Video,Hiring Manager,2.7,Reject,False
INT003310,APP012953,1,2025-09-29,2025-09-29,Video,Hiring Manager,2.3,Reject,False
INT003311,APP012965,1,2025-05-01,2025-05-01,Video,Hiring Manager,3.2,Hold,False
INT003312,APP012967,1,2025-10-06,2025-10-06,On-site,Hiring Manager,2.2,Reject,False
INT003313,APP012974,1,2024-10-01,2024-10-01,On-site,Hiring Manager,3.9,Proceed,False
INT003314,APP012975,1,2024-06-08,2024-06-08,Video,Hiring Manager,4.5,Proceed,False
INT003315,APP012976,1,2025-02-02,2025-02-02,Video,Hiring Manager,3.7,Proceed,False
INT003316,APP012976,2,2025-02-06,2025-02-06,On-site,Panel,3.5,Proceed,False
INT003317,APP012977,1,2024-04-15,2024-04-15,Video,Hiring Manager,4.0,Proceed,False
INT003318,APP012986,1,2024-10-09,2024-10-09,Phone,Hiring Manager,3.4,Proceed,False
INT003319,APP012991,1,2024-11-09,2024-11-09,On-site,Hiring Manager,2.0,Reject,False
INT003320,APP012993,1,2024-06-05,2024-06-05,Video,Hiring Manager,4.0,Proceed,False
INT003321,APP013006,1,2024-08-07,2024-08-07,Video,Hiring Manager,4.5,Proceed,False
INT003322,APP013011,1,2025-02-21,2025-02-21,On-site,Hiring Manager,3.6,Proceed,False
INT003323,APP013016,1,2024-10-02,2024-10-02,On-site,Hiring Manager,3.1,Hold,False
INT003324,APP013032,1,2024-12-26,2024-12-26,On-site,Hiring Manager,4.1,Proceed,False
INT003325,APP013033,1,2025-02-17,2025-02-17,On-site,Hiring Manager,2.3,Reject,False
INT003326,APP013040,1,2024-04-11,2024-04-11,On-site,Hiring Manager,1.9,Reject,False
INT003327,APP013042,1,2024-09-08,2024-09-08,Video,Hiring Manager,5.0,Proceed,False
INT003328,APP013046,1,2025-04-22,2025-04-22,Video,Hiring Manager,3.6,Proceed,False
INT003329,APP013048,1,2025-06-26,2025-06-26,On-site,Hiring Manager,3.7,Proceed,False
INT003330,APP013049,1,2025-09-27,2025-09-27,Video,Hiring Manager,4.9,Proceed,False
INT003331,APP013055,1,2025-01-12,2025-01-12,On-site,Hiring Manager,2.7,Reject,False
INT003332,APP013062,1,2025-02-06,2025-02-06,Phone,Hiring Manager,2.6,Reject,False
INT003333,APP013066,1,2024-12-11,2024-12-11,Video,Hiring Manager,4.5,Proceed,False
INT003334,APP013082,1,2025-10-26,2025-10-26,On-site,Hiring Manager,3.2,Hold,False
INT003335,APP013083,1,2025-08-18,2025-08-18,On-site,Hiring Manager,3.3,Hold,False
INT003336,APP013084,1,2026-01-18,2026-01-18,On-site,Hiring Manager,3.4,Proceed,False
INT003337,APP013086,1,2024-12-19,2024-12-19,Phone,Hiring Manager,,Hold,False
INT003338,APP013086,2,2024-12-28,2024-12-28,On-site,Panel,2.9,Hold,False
INT003339,APP013087,1,2025-07-12,2025-07-12,On-site,Hiring Manager,4.1,Proceed,False
INT003340,APP013092,1,2025-11-05,2025-11-05,Phone,Hiring Manager,4.0,Proceed,False
INT003341,APP013101,1,2025-09-17,2025-09-17,Video,Hiring Manager,3.0,Hold,False
INT003342,APP013107,1,2025-02-01,2025-02-01,On-site,Hiring Manager,3.0,Hold,False
INT003343,APP013112,1,2025-12-28,2025-12-28,Video,Hiring Manager,2.9,Hold,False
INT003344,APP013115,1,2024-03-18,2024-03-18,On-site,Hiring Manager,2.0,Reject,False
INT003345,APP013117,1,2024-10-25,2024-10-25,On-site,Hiring Manager,3.2,Hold,False
INT003346,APP013119,1,2024-04-25,2024-04-25,On-site,Hiring Manager,4.2,Proceed,False
INT003347,APP013123,1,2025-05-08,2025-05-08,On-site,Hiring Manager,3.3,Hold,False
INT003348,APP013129,1,2025-03-19,2025-03-19,Video,Hiring Manager,4.0,Proceed,False
INT003349,APP013133,1,2025-05-27,2025-05-27,Phone,Hiring Manager,3.5,Proceed,False
INT003350,APP013140,1,2025-04-27,2025-04-27,Video,Hiring Manager,4.9,Proceed,False
INT003351,APP013149,1,2024-06-05,2024-06-05,Video,Hiring Manager,2.7,Reject,False
INT003352,APP013153,1,2025-06-02,2025-06-02,On-site,Hiring Manager,4.2,Proceed,False
INT003353,APP013157,1,2025-04-27,2025-04-27,Video,Hiring Manager,3.4,Proceed,False
INT003354,APP013158,1,2024-04-30,2024-04-30,Video,Hiring Manager,3.4,Proceed,False
INT003355,APP013159,1,2024-08-04,2024-08-04,Video,Hiring Manager,3.5,Proceed,False
INT003356,APP013165,1,2024-08-25,2024-08-25,Video,Hiring Manager,2.9,Hold,False
INT003357,APP013167,1,2025-05-20,2025-05-20,Phone,Hiring Manager,3.4,Proceed,False
INT003358,APP013174,1,2025-07-30,2025-07-30,Video,Hiring Manager,4.1,Proceed,False
INT003359,APP013174,2,2025-08-04,2025-08-04,On-site,Panel,3.4,Proceed,False
INT003360,APP013176,1,2025-07-19,2025-07-19,On-site,Hiring Manager,1.6,Reject,False
INT003361,APP013178,1,2025-08-27,2025-08-27,Video,Hiring Manager,2.8,Hold,False
INT003362,APP013181,1,2025-06-27,2025-06-27,Video,Hiring Manager,4.4,Proceed,False
INT003363,APP013181,2,2025-07-08,2025-07-08,Video,Panel,3.9,Proceed,False
INT003364,APP013187,1,2024-09-15,2024-09-15,Video,Hiring Manager,3.6,Proceed,False
INT003365,APP013195,1,2025-10-09,2025-10-09,Video,Hiring Manager,2.9,Hold,False
INT003366,APP013199,1,2025-11-06,2025-11-06,On-site,Hiring Manager,2.6,Reject,False
INT003367,APP013200,1,2024-09-19,2024-09-19,Phone,Hiring Manager,4.2,Proceed,False
INT003368,APP013200,2,2024-09-28,2024-09-28,On-site,Panel,5.0,Proceed,False
INT003369,APP013203,1,2025-09-04,2025-09-04,Video,Hiring Manager,3.5,Proceed,False
INT003370,APP013212,1,2025-08-26,2025-08-26,Video,Hiring Manager,3.7,Proceed,False
INT003371,APP013215,1,2024-12-29,2024-12-29,On-site,Hiring Manager,3.9,Proceed,False
INT003372,APP013221,1,2025-05-24,2025-05-24,On-site,Hiring Manager,3.8,Proceed,False
INT003373,APP013222,1,2025-01-14,2025-01-14,Phone,Hiring Manager,2.6,Reject,False
INT003374,APP013229,1,2024-08-28,2024-08-28,Video,Hiring Manager,4.1,Proceed,False
INT003375,APP013230,1,2024-04-11,2024-04-11,Phone,Hiring Manager,3.8,Proceed,False
INT003376,APP013232,1,2024-06-05,2024-06-05,Video,Hiring Manager,3.8,Proceed,False
INT003377,APP013232,2,2024-06-13,2024-06-13,Video,Panel,3.4,Proceed,False
INT003378,APP013234,1,2024-09-25,2024-09-25,On-site,Hiring Manager,3.1,Hold,False
INT003379,APP013240,1,2024-05-11,2024-05-11,Video,Hiring Manager,2.8,Hold,False
INT003380,APP013245,1,2024-04-14,2024-04-14,On-site,Hiring Manager,2.5,Reject,False
INT003381,APP013249,1,2024-10-06,2024-10-06,Phone,Hiring Manager,2.1,Reject,False
INT003382,APP013261,1,2024-07-30,2024-07-30,Video,Hiring Manager,2.6,Reject,False
INT003383,APP013266,1,2024-10-12,2024-10-12,On-site,Hiring Manager,2.6,Reject,False
INT003384,APP013275,1,2025-11-07,2025-11-07,Video,Hiring Manager,5.0,Proceed,False
INT003385,APP013278,1,2025-09-16,2025-09-16,Phone,Hiring Manager,3.3,Hold,False
INT003386,APP013279,1,2025-07-19,2025-07-19,Video,Hiring Manager,3.8,Proceed,False
INT003387,APP013296,1,2024-07-17,2024-07-17,Video,Hiring Manager,2.7,Reject,False
INT003388,APP013301,1,2025-10-30,2025-10-30,Video,Hiring Manager,3.8,Proceed,False
INT003389,APP013302,1,2024-09-26,2024-09-26,Phone,Hiring Manager,2.3,Reject,False
INT003390,APP013314,1,2025-08-02,2025-08-02,Video,Hiring Manager,2.5,Reject,False
INT003391,APP013320,1,2024-05-17,2024-05-17,Video,Hiring Manager,2.2,Reject,False
INT003392,APP013325,1,2024-12-24,2024-12-24,On-site,Hiring Manager,3.9,Proceed,False
INT003393,APP013325,2,2024-12-30,2024-12-30,On-site,Panel,3.7,Proceed,False
INT003394,APP013326,1,2025-01-16,2025-01-16,Video,Hiring Manager,2.9,Hold,False
INT003395,APP013328,1,2025-07-25,2025-07-25,Video,Hiring Manager,3.0,Hold,False
INT003396,APP013334,1,2025-09-10,2025-09-10,Video,Hiring Manager,4.6,Proceed,False
INT003397,APP013335,1,2024-08-02,2024-08-02,Phone,Hiring Manager,2.8,Hold,False
INT003398,APP013341,1,2024-06-30,2024-06-30,On-site,Hiring Manager,3.2,Hold,False
INT003399,APP013349,1,2025-04-10,2025-04-10,Phone,Hiring Manager,3.1,Hold,False
INT003400,APP013354,1,2024-07-27,2024-07-27,On-site,Hiring Manager,1.9,Reject,False
INT003401,APP013357,1,2024-09-29,2024-09-29,Video,Hiring Manager,4.1,Proceed,False
INT003402,APP013364,1,2025-01-08,2025-01-08,Video,Hiring Manager,1.7,Reject,False
INT003403,APP013365,1,2025-03-24,2025-03-24,On-site,Hiring Manager,4.8,Proceed,False
INT003404,APP013381,1,2025-02-03,2025-02-03,On-site,Hiring Manager,1.6,Reject,False
INT003405,APP013381,2,2025-02-14,2025-02-14,On-site,Panel,1.5,Hold,False
INT003406,APP013383,1,2025-03-23,2025-03-23,Phone,Hiring Manager,4.5,Proceed,False
INT003407,APP013383,2,2025-03-31,2025-03-31,Video,Panel,5.0,Proceed,False
INT003408,APP013384,1,2024-04-12,2024-04-12,Video,Hiring Manager,2.8,Hold,False
INT003409,APP013387,1,2025-03-08,2025-03-08,Video,Hiring Manager,2.8,Hold,False
INT003410,APP013392,1,2025-04-16,2025-04-16,Video,Hiring Manager,2.5,Reject,False
INT003411,APP013393,1,2025-03-21,2025-03-21,On-site,Hiring Manager,3.7,Proceed,False
INT003412,APP013400,1,2024-06-15,2024-06-15,Phone,Hiring Manager,,Proceed,False
INT003413,APP013401,1,2025-10-03,2025-10-03,Phone,Hiring Manager,3.8,Proceed,False
INT003414,APP013404,1,2024-12-31,2024-12-31,Phone,Hiring Manager,4.4,Proceed,False
INT003415,APP013406,1,2025-01-31,2025-01-31,Video,Hiring Manager,3.0,Hold,False
INT003416,APP013407,1,2025-03-30,2025-03-30,On-site,Hiring Manager,2.8,Hold,False
INT003417,APP013410,1,2025-03-24,2025-03-24,Video,Hiring Manager,4.1,Proceed,False
INT003418,APP013412,1,2025-02-05,2025-02-05,Video,Hiring Manager,3.4,Proceed,False
INT003419,APP013413,1,2025-12-02,2025-12-02,Video,Hiring Manager,2.7,Reject,False
INT003420,APP013416,1,2025-03-30,2025-03-30,On-site,Hiring Manager,2.0,Reject,False
INT003421,APP013417,1,2025-04-12,2025-04-12,On-site,Hiring Manager,3.7,Proceed,False
INT003422,APP013418,1,2025-06-18,2025-06-18,Phone,Hiring Manager,2.5,Reject,False
INT003423,APP013429,1,2024-05-13,2024-05-13,Video,Hiring Manager,3.3,Hold,False
INT003424,APP013430,1,2025-10-12,2025-10-12,On-site,Hiring Manager,2.7,Reject,False
INT003425,APP013433,1,2025-06-29,2025-06-29,Video,Hiring Manager,5.0,Proceed,False
INT003426,APP013436,1,2025-01-14,2025-01-14,Video,Hiring Manager,3.9,Proceed,False
INT003427,APP013436,2,2025-01-22,2025-01-22,On-site,Panel,3.7,Proceed,False
INT003428,APP013446,1,2025-01-23,2025-01-23,On-site,Hiring Manager,4.6,Proceed,False
INT003429,APP013447,1,2026-01-11,2026-01-11,On-site,Hiring Manager,2.9,Hold,False
INT003430,APP013450,1,2024-08-27,2024-08-27,Video,Hiring Manager,3.6,Proceed,False
INT003431,APP013452,1,2025-08-06,2025-08-06,On-site,Hiring Manager,2.7,Reject,False
INT003432,APP013452,2,2025-08-12,2025-08-12,On-site,Panel,2.8,Hold,False
INT003433,APP013459,1,2025-01-28,2025-01-28,Video,Hiring Manager,4.0,Proceed,False
INT003434,APP013464,1,2024-07-17,2024-07-17,Video,Hiring Manager,2.7,Reject,False
INT003435,APP013467,1,2024-12-17,2024-12-17,On-site,Hiring Manager,2.1,Reject,False
INT003436,APP013481,1,2024-11-13,2024-11-13,Video,Hiring Manager,3.7,Proceed,False
INT003437,APP013484,1,2024-04-13,2024-04-13,Video,Hiring Manager,3.7,Proceed,False
INT003438,APP013488,1,2024-08-19,2024-08-19,On-site,Hiring Manager,2.4,Reject,False
INT003439,APP013505,1,2024-03-21,2024-03-21,Video,Hiring Manager,3.5,Proceed,False
INT003440,APP013506,1,2025-02-03,2025-02-03,On-site,Hiring Manager,4.1,Proceed,False
INT003441,APP013517,1,2024-03-05,2024-03-05,Video,Hiring Manager,3.4,Proceed,False
INT003442,APP013521,1,2025-01-24,2025-01-24,Video,Hiring Manager,3.6,Proceed,False
INT003443,APP013536,1,2025-06-21,2025-06-21,On-site,Hiring Manager,4.0,Proceed,False
INT003444,APP013536,2,2025-07-02,2025-07-02,On-site,Panel,3.6,Proceed,False
INT003445,APP013538,1,2025-02-11,2025-02-11,On-site,Hiring Manager,3.2,Hold,False
INT003446,APP013550,1,2025-10-19,2025-10-19,Video,Hiring Manager,,Proceed,False
INT003447,APP013554,1,2025-12-18,2025-12-18,On-site,Hiring Manager,3.8,Proceed,False
INT003448,APP013569,1,2024-05-07,2024-05-07,Phone,Hiring Manager,2.3,Reject,False
INT003449,APP013570,1,2025-01-13,2025-01-13,Video,Hiring Manager,3.0,Hold,False
INT003450,APP013574,1,2024-03-19,2024-03-19,On-site,Hiring Manager,4.4,Proceed,False
INT003451,APP013600,1,2024-06-16,2024-06-16,Video,Hiring Manager,2.0,Reject,False
INT003452,APP013601,1,2025-03-28,2025-03-28,On-site,Hiring Manager,2.5,Reject,False
INT003453,APP013602,1,2025-10-12,2025-10-12,On-site,Hiring Manager,3.2,Hold,False
INT003454,APP013609,1,2025-02-15,2025-02-15,Phone,Hiring Manager,4.1,Proceed,False
INT003455,APP013609,2,2025-02-26,2025-02-26,On-site,Panel,,Proceed,False
INT003456,APP013610,1,2024-12-11,2024-12-11,Video,Hiring Manager,5.0,Proceed,False
INT003457,APP013611,1,2024-08-26,2024-08-26,On-site,Hiring Manager,1.5,Reject,False
INT003458,APP013615,1,2025-08-26,2025-08-26,Video,Hiring Manager,2.8,Hold,False
INT003459,APP013616,1,2025-10-14,2025-10-14,Video,Hiring Manager,,Proceed,False
INT003460,APP013617,1,2024-11-25,2024-11-25,On-site,Hiring Manager,2.1,Reject,False
INT003461,APP013619,1,2025-08-24,2025-08-24,On-site,Hiring Manager,2.8,Hold,False
INT003462,APP013620,1,2024-08-12,2024-08-12,On-site,Hiring Manager,4.4,Proceed,False
INT003463,APP013623,1,2024-07-21,2024-07-21,On-site,Hiring Manager,2.5,Reject,False
INT003464,APP013626,1,2025-04-14,2025-04-14,On-site,Hiring Manager,3.9,Proceed,False
INT003465,APP013630,1,2025-03-25,2025-03-25,Video,Hiring Manager,3.7,Proceed,False
INT003466,APP013636,1,2025-03-07,2025-03-07,Phone,Hiring Manager,3.9,Proceed,False
INT003467,APP013642,1,2024-08-28,2024-08-28,Video,Hiring Manager,3.8,Proceed,False
INT003468,APP013645,1,2025-07-01,2025-07-01,Video,Hiring Manager,3.3,Hold,False
INT003469,APP013649,1,2025-10-22,2025-10-22,On-site,Hiring Manager,3.1,Hold,False
INT003470,APP013657,1,2025-03-24,2025-03-24,Video,Hiring Manager,4.4,Proceed,False
INT003471,APP013657,2,2025-04-02,2025-04-02,On-site,Panel,3.9,Proceed,False
INT003472,APP013658,1,2025-01-27,2025-01-27,On-site,Hiring Manager,2.2,Reject,False
INT003473,APP013668,1,2024-12-21,2024-12-21,Video,Hiring Manager,4.1,Proceed,False
INT003474,APP013668,2,2024-12-28,2024-12-28,On-site,Panel,3.4,Proceed,False
INT003475,APP013671,1,2024-10-24,2024-10-24,On-site,Hiring Manager,4.9,Proceed,False
INT003476,APP013671,2,2024-10-30,2024-10-30,On-site,Panel,4.9,Proceed,False
INT003477,APP013672,1,2025-02-08,2025-02-08,Video,Hiring Manager,4.4,Proceed,False
INT003478,APP013674,1,2024-07-18,2024-07-18,Video,Hiring Manager,3.0,Hold,False
INT003479,APP013676,1,2024-11-03,2024-11-03,Phone,Hiring Manager,3.2,Hold,False
INT003480,APP013679,1,2025-10-06,2025-10-06,Phone,Hiring Manager,4.7,Proceed,False
INT003481,APP013681,1,2025-10-20,2025-10-20,Video,Hiring Manager,3.1,Hold,False
INT003482,APP013685,1,2024-02-09,2024-02-09,Video,Hiring Manager,4.1,Proceed,False
INT003483,APP013686,1,2024-02-15,2024-02-12,Video,Hiring Manager,4.0,Proceed,False
INT003484,APP013691,1,2025-05-27,2025-05-27,Video,Hiring Manager,3.7,Proceed,False
INT003485,APP013701,1,2024-08-25,2024-08-25,Video,Hiring Manager,4.4,Proceed,False
INT003486,APP013709,1,2025-06-16,2025-06-16,Video,Hiring Manager,5.0,Proceed,False
INT003487,APP013710,1,2024-04-12,2024-04-12,On-site,Hiring Manager,4.1,Proceed,False
INT003488,APP013713,1,2024-09-17,2024-09-17,Video,Hiring Manager,3.5,Proceed,False
INT003489,APP013716,1,2024-03-26,2024-03-26,Video,Hiring Manager,4.8,Proceed,False
INT003490,APP013717,1,2025-08-27,2025-08-27,On-site,Hiring Manager,1.8,Reject,False
INT003491,APP013720,1,2025-12-15,2025-12-15,Video,Hiring Manager,3.9,Proceed,False
INT003492,APP013724,1,2024-12-19,2024-12-19,On-site,Hiring Manager,2.8,Hold,False
INT003493,APP013727,1,2025-12-03,2025-12-03,On-site,Hiring Manager,3.5,Proceed,False
INT003494,APP013732,1,2024-11-11,2024-11-11,Video,Hiring Manager,4.1,Proceed,False
INT003495,APP013737,1,2025-11-26,2025-11-26,Video,Hiring Manager,3.3,Hold,False
INT003496,APP013741,1,2025-03-13,2025-03-13,Video,Hiring Manager,3.1,Hold,False
INT003497,APP013744,1,2025-09-21,2025-09-21,Video,Hiring Manager,4.4,Proceed,False
INT003498,APP013746,1,2025-05-23,2025-05-23,On-site,Hiring Manager,3.1,Hold,False
INT003499,APP013746,2,2025-05-31,2025-05-31,On-site,Panel,3.0,Hold,False
INT003500,APP013748,1,2025-11-10,2025-11-10,On-site,Hiring Manager,2.9,Hold,False
INT003501,APP013753,1,2024-11-24,2024-11-24,On-site,Hiring Manager,2.9,Hold,False
INT003502,APP013754,1,2024-10-20,2024-10-20,Phone,Hiring Manager,3.9,Proceed,False
INT003503,APP013757,1,2024-04-17,2024-04-17,Video,Hiring Manager,3.0,Hold,False
INT003504,APP013760,1,2024-11-04,2024-11-04,Video,Hiring Manager,1.8,Reject,False
INT003505,APP013766,1,2025-02-13,2025-02-13,On-site,Hiring Manager,3.3,Hold,False
INT003506,APP013774,1,2025-03-13,2025-03-13,On-site,Hiring Manager,3.4,Proceed,False
INT003507,APP013776,1,2024-03-30,2024-03-30,Video,Hiring Manager,4.3,Proceed,False
INT003508,APP013786,1,2024-08-14,2024-08-14,Video,Hiring Manager,5.0,Proceed,False
INT003509,APP013798,1,2024-10-17,2024-10-17,On-site,Hiring Manager,3.7,Proceed,False
INT003510,APP013805,1,2025-07-01,2025-07-01,On-site,Hiring Manager,4.1,Proceed,False
INT003511,APP013807,1,2025-12-31,2025-12-31,Video,Hiring Manager,4.9,Proceed,False
INT003512,APP013808,1,2025-12-07,2025-12-07,Video,Hiring Manager,2.2,Reject,False
INT003513,APP013811,1,2025-06-07,2025-06-07,On-site,Hiring Manager,4.2,Proceed,False
INT003514,APP013818,1,2025-11-10,2025-11-10,On-site,Hiring Manager,3.7,Proceed,False
INT003515,APP013820,1,2025-03-07,2025-03-07,Video,Hiring Manager,2.2,Reject,False
INT003516,APP013827,1,2025-06-01,2025-06-01,Video,Hiring Manager,3.7,Proceed,False
INT003517,APP013827,2,2025-06-05,2025-06-05,On-site,Panel,4.9,Proceed,False
INT003518,APP013828,1,2024-04-03,2024-04-03,Phone,Hiring Manager,3.7,Proceed,False
INT003519,APP013831,1,2025-07-08,2025-07-08,Video,Hiring Manager,4.0,Proceed,False
INT003520,APP013833,1,2025-05-09,2025-05-09,On-site,Hiring Manager,3.6,Proceed,False
INT003521,APP013843,1,2025-01-12,2025-01-12,Video,Hiring Manager,4.3,Proceed,False
INT003522,APP013859,1,2025-12-04,2025-12-04,Video,Hiring Manager,3.0,Hold,False
INT003523,APP013866,1,2025-11-08,2025-11-08,On-site,Hiring Manager,5.0,Proceed,False
INT003524,APP013866,2,2025-11-16,2025-11-16,Video,Panel,5.0,Proceed,False
INT003525,APP013873,1,2024-06-22,2024-06-22,Video,Hiring Manager,3.6,Proceed,False
INT003526,APP013885,1,2025-11-15,2025-11-15,Video,Hiring Manager,3.7,Proceed,False
INT003527,APP013887,1,2025-03-16,2025-03-16,Video,Hiring Manager,3.9,Proceed,False
INT003528,APP013900,1,2024-12-10,2024-12-10,On-site,Hiring Manager,3.2,Hold,False
INT003529,APP013901,1,2025-10-17,2025-10-17,On-site,Hiring Manager,3.9,Proceed,False
INT003530,APP013905,1,2025-02-11,2025-02-11,On-site,Hiring Manager,4.9,Proceed,False
INT003531,APP013911,1,2024-05-18,2024-05-18,Video,Hiring Manager,3.1,Hold,False
INT003532,APP013913,1,2025-09-12,2025-09-12,Video,Hiring Manager,3.2,Hold,False
INT003533,APP013913,2,2025-09-20,2025-09-20,On-site,Panel,4.1,Proceed,False
INT003534,APP013920,1,2024-03-28,2024-03-28,Video,Hiring Manager,2.9,Hold,False
INT003535,APP013921,1,2025-01-04,2025-01-04,Video,Hiring Manager,4.3,Proceed,False
INT003536,APP013926,1,2025-01-22,2025-01-22,On-site,Hiring Manager,4.3,Proceed,False
INT003537,APP013931,1,2025-08-19,2025-08-19,On-site,Hiring Manager,2.9,Hold,False
INT003538,APP013933,1,2026-01-15,2026-01-15,On-site,Hiring Manager,3.3,Hold,False
INT003539,APP013939,1,2024-03-15,2024-03-15,Video,Hiring Manager,4.3,Proceed,False
INT003540,APP013942,1,2024-11-13,2024-11-13,Video,Hiring Manager,3.4,Proceed,False
INT003541,APP013943,1,2024-09-14,2024-09-14,On-site,Hiring Manager,3.0,Hold,False
INT003542,APP013944,1,2025-02-23,2025-02-23,Phone,Hiring Manager,3.3,Hold,False
INT003543,APP013955,1,2024-12-28,2024-12-28,Video,Hiring Manager,2.0,Reject,False
INT003544,APP013961,1,2024-08-01,2024-08-01,On-site,Hiring Manager,3.2,Hold,False
INT003545,APP013963,1,2024-04-16,2024-04-16,Video,Hiring Manager,4.8,Proceed,False
INT003546,APP013964,1,2025-05-18,2025-05-18,On-site,Hiring Manager,4.6,Proceed,False
INT003547,APP013966,1,2024-09-23,2024-09-23,Video,Hiring Manager,3.5,Proceed,False
INT003548,APP013966,2,2024-09-30,2024-09-30,On-site,Panel,,Proceed,False
INT003549,APP013969,1,2024-12-03,2024-12-03,Video,Hiring Manager,2.0,Reject,False
INT003550,APP013970,1,2024-06-23,2024-06-23,Video,Hiring Manager,2.2,Reject,False
INT003551,APP013973,1,2025-09-23,2025-09-23,Video,Hiring Manager,3.9,Proceed,False
INT003552,APP013976,1,2024-05-28,2024-05-28,On-site,Hiring Manager,5.0,Proceed,False
INT003553,APP013978,1,2025-03-25,2025-03-25,Video,Hiring Manager,4.6,Proceed,False
INT003554,APP013984,1,2025-09-20,2025-09-20,On-site,Hiring Manager,3.2,Hold,False
INT003555,APP013984,2,2025-10-01,2025-10-01,On-site,Panel,3.8,Proceed,False
INT003556,APP013985,1,2025-05-06,2025-05-06,Video,Hiring Manager,3.2,Hold,False
INT003557,APP013985,2,2025-05-17,2025-05-17,On-site,Panel,4.1,Proceed,False
INT003558,APP013991,1,2025-11-27,2025-11-27,Video,Hiring Manager,4.5,Proceed,False
INT003559,APP013994,1,2025-05-13,2025-05-13,On-site,Hiring Manager,4.5,Proceed,False
INT003560,APP013995,1,2024-11-09,2024-11-09,Video,Hiring Manager,2.9,Hold,False
INT003561,APP014007,1,2025-09-16,2025-09-16,Video,Hiring Manager,4.2,Proceed,False
INT003562,APP014012,1,2025-10-10,2025-10-10,Video,Hiring Manager,3.4,Proceed,False
INT003563,APP014014,1,2025-04-07,2025-04-07,Video,Hiring Manager,2.8,Hold,False
INT003564,APP014014,2,2025-04-11,2025-04-11,On-site,Panel,3.6,Proceed,False
INT003565,APP014018,1,2026-01-15,2026-01-15,Video,Hiring Manager,4.3,Proceed,False
INT003566,APP014020,1,2024-07-11,2024-07-11,Video,Hiring Manager,2.7,Reject,False
INT003567,APP014024,1,2024-07-09,2024-07-09,On-site,Hiring Manager,3.2,Hold,False
INT003568,APP014026,1,2025-02-23,2025-02-23,Video,Hiring Manager,2.2,Reject,False
INT003569,APP014027,1,2025-06-24,2025-06-24,Video,Hiring Manager,2.1,Reject,False
INT003570,APP014037,1,2025-12-31,2025-12-31,Phone,Hiring Manager,3.3,Hold,False
INT003571,APP014040,1,2024-05-13,2024-05-13,Phone,Hiring Manager,3.3,Hold,False
INT003572,APP014047,1,2025-11-28,2025-11-28,Video,Hiring Manager,4.4,Proceed,False
INT003573,APP014049,1,2024-12-24,2024-12-24,Video,Hiring Manager,2.9,Hold,False
INT003574,APP014052,1,2025-04-08,2025-04-08,Phone,Hiring Manager,3.0,Hold,False
INT003575,APP014060,1,2025-05-19,2025-05-19,Video,Hiring Manager,3.1,Hold,False
INT003576,APP014065,1,2025-02-05,2025-02-05,Video,Hiring Manager,3.0,Hold,False
INT003577,APP014067,1,2024-09-29,2024-09-29,Video,Hiring Manager,2.4,Reject,False
INT003578,APP014070,1,2025-02-27,2025-02-27,Video,Hiring Manager,3.0,Hold,False
INT003579,APP014071,1,2024-07-21,2024-07-21,Video,Hiring Manager,3.0,Hold,False
INT003580,APP014081,1,2024-06-30,2024-06-30,Video,Hiring Manager,4.8,Proceed,False
INT003581,APP014093,1,2026-01-02,2026-01-02,On-site,Hiring Manager,,Proceed,False
INT003582,APP014094,1,2024-02-26,2024-02-26,Video,Hiring Manager,4.1,Proceed,False
INT003583,APP014101,1,2025-05-31,2025-05-31,Video,Hiring Manager,3.4,Proceed,False
INT003584,APP014105,1,2024-09-19,2024-09-19,On-site,Hiring Manager,2.6,Reject,False
INT003585,APP014107,1,2024-03-21,2024-03-21,On-site,Hiring Manager,3.5,Proceed,False
INT003586,APP014116,1,2025-03-09,2025-03-09,Video,Hiring Manager,5.0,Proceed,False
INT003587,APP014116,2,2025-03-20,2025-03-20,On-site,Panel,5.0,Proceed,False
INT003588,APP014117,1,2024-08-26,2024-08-26,Phone,Hiring Manager,2.6,Reject,False
INT003589,APP014119,1,2025-03-17,2025-03-17,Video,Hiring Manager,3.5,Proceed,False
INT003590,APP014131,1,2025-01-02,2025-01-02,On-site,Hiring Manager,3.3,Hold,False
INT003591,APP014138,1,2024-11-29,2024-11-29,On-site,Hiring Manager,2.4,Reject,False
INT003592,APP014139,1,2025-04-04,2025-04-04,On-site,Hiring Manager,3.6,Proceed,False
INT003593,APP014141,1,2025-08-10,2025-08-10,Video,Hiring Manager,3.7,Proceed,False
INT003594,APP014145,1,2024-10-25,2024-10-25,Video,Hiring Manager,4.5,Proceed,False
INT003595,APP014147,1,2024-12-16,2024-12-16,Video,Hiring Manager,3.5,Proceed,False
INT003596,APP014150,1,2025-10-13,2025-10-13,Video,Hiring Manager,3.9,Proceed,False
INT003597,APP014154,1,2025-08-18,2025-08-18,Video,Hiring Manager,2.6,Reject,False
INT003598,APP014156,1,2025-03-09,2025-03-09,Video,Hiring Manager,3.7,Proceed,False
INT003599,APP014164,1,2024-03-06,2024-03-06,On-site,Hiring Manager,2.6,Reject,False
INT003600,APP014166,1,2024-04-07,2024-04-07,Phone,Hiring Manager,3.8,Proceed,False
INT003601,APP014166,2,2024-04-11,2024-04-11,On-site,Panel,4.5,Proceed,False
INT003602,APP014172,1,2025-05-19,2025-05-19,On-site,Hiring Manager,3.0,Hold,False
INT003603,APP014174,1,2025-05-26,2025-05-26,Video,Hiring Manager,4.4,Proceed,False
INT003604,APP014182,1,2025-10-17,2025-10-17,Video,Hiring Manager,3.2,Hold,False
INT003605,APP014183,1,2024-10-14,2024-10-14,On-site,Hiring Manager,4.4,Proceed,False
INT003606,APP014186,1,2024-05-02,2024-05-02,On-site,Hiring Manager,2.8,Hold,False
INT003607,APP014192,1,2024-09-27,2024-09-27,Video,Hiring Manager,1.5,Reject,False
INT003608,APP014197,1,2024-09-14,2024-09-14,On-site,Hiring Manager,3.1,Hold,False
INT003609,APP014199,1,2024-10-21,2024-10-21,Video,Hiring Manager,4.3,Proceed,False
INT003610,APP014200,1,2025-01-15,2025-01-15,Phone,Hiring Manager,4.1,Proceed,False
INT003611,APP014214,1,2025-04-10,2025-04-10,Video,Hiring Manager,4.4,Proceed,False
INT003612,APP014214,2,2025-04-19,2025-04-19,Video,Panel,4.2,Proceed,False
INT003613,APP014219,1,2024-11-01,2024-11-01,On-site,Hiring Manager,2.9,Hold,False
INT003614,APP014221,1,2025-04-03,2025-04-03,Video,Hiring Manager,3.1,Hold,False
INT003615,APP014222,1,2024-11-04,2024-11-04,On-site,Hiring Manager,2.9,Hold,False
INT003616,APP014223,1,2025-05-28,2025-05-28,On-site,Hiring Manager,3.3,Hold,False
INT003617,APP014227,1,2025-03-26,2025-03-26,On-site,Hiring Manager,3.5,Proceed,False
INT003618,APP014231,1,2025-01-03,2025-01-03,Video,Hiring Manager,2.5,Reject,False
INT003619,APP014231,2,2025-01-12,2025-01-12,On-site,Panel,2.6,Hold,False
INT003620,APP014232,1,2024-10-31,2024-10-31,Video,Hiring Manager,3.5,Proceed,False
INT003621,APP014233,1,2025-10-09,2025-10-09,On-site,Hiring Manager,4.5,Proceed,False
INT003622,APP014233,2,2025-10-16,2025-10-16,Video,Panel,4.2,Proceed,False
INT003623,APP014236,1,2025-07-26,2025-07-26,Video,Hiring Manager,2.7,Reject,False
INT003624,APP014237,1,2025-02-24,2025-02-24,On-site,Hiring Manager,2.7,Reject,False
INT003625,APP014239,1,2025-06-22,2025-06-22,Video,Hiring Manager,1.5,Reject,False
INT003626,APP014241,1,2024-10-21,2024-10-21,Video,Hiring Manager,3.8,Proceed,False
INT003627,APP014241,2,2024-10-31,2024-10-31,Video,Panel,3.8,Proceed,False
INT003628,APP014244,1,2024-08-28,2024-08-28,On-site,Hiring Manager,2.7,Reject,False
INT003629,APP014253,1,2025-07-02,2025-07-02,Video,Hiring Manager,3.8,Proceed,False
INT003630,APP014257,1,2024-11-20,2024-11-20,Video,Hiring Manager,4.1,Proceed,False
INT003631,APP014258,1,2025-08-04,2025-08-04,Video,Hiring Manager,3.8,Proceed,False
INT003632,APP014263,1,2025-01-01,2024-12-19,Video,Hiring Manager,2.9,Hold,False
INT003633,APP014269,1,2024-02-28,2024-02-28,On-site,Hiring Manager,2.9,Hold,False
INT003634,APP014270,1,2025-06-02,2025-06-02,Phone,Hiring Manager,1.7,Reject,False
INT003635,APP014272,1,2025-04-17,2025-04-17,Video,Hiring Manager,2.3,Reject,False
INT003636,APP014273,1,2024-10-10,2024-10-10,Phone,Hiring Manager,3.4,Proceed,False
INT003637,APP014276,1,2024-12-17,2024-12-17,Video,Hiring Manager,4.3,Proceed,False
INT003638,APP014278,1,2024-10-24,2024-10-24,Video,Hiring Manager,3.4,Proceed,False
INT003639,APP014282,1,2024-10-08,2024-10-08,On-site,Hiring Manager,2.5,Reject,False
INT003640,APP014284,1,2025-01-19,2025-01-19,Video,Hiring Manager,3.0,Hold,False
INT003641,APP014286,1,2024-05-10,2024-05-10,Phone,Hiring Manager,2.7,Reject,False
INT003642,APP014291,1,2025-10-18,2025-10-18,On-site,Hiring Manager,2.5,Reject,False
INT003643,APP014292,1,2025-11-22,2025-11-22,Video,Hiring Manager,3.2,Hold,False
INT003644,APP014298,1,2024-05-11,2024-05-11,Video,Hiring Manager,2.6,Reject,False
INT003645,APP014300,1,2024-12-12,2024-12-12,On-site,Hiring Manager,4.1,Proceed,False
INT003646,APP014306,1,2025-06-14,2025-06-14,Video,Hiring Manager,4.0,Proceed,False
INT003647,APP014309,1,2025-09-30,2025-09-30,Video,Hiring Manager,1.0,Reject,False
INT003648,APP014314,1,2024-09-02,2024-09-02,On-site,Hiring Manager,2.3,Reject,False
INT003649,APP014320,1,2025-09-22,2025-09-22,On-site,Hiring Manager,4.8,Proceed,False
INT003650,APP014328,1,2024-07-24,2024-07-24,Video,Hiring Manager,2.7,Reject,False
INT003651,APP014341,1,2025-10-14,2025-10-14,Phone,Hiring Manager,2.6,Reject,False
INT003652,APP014345,1,2025-02-20,2025-02-20,On-site,Hiring Manager,3.8,Proceed,False
INT003653,APP014348,1,2024-10-08,2024-10-08,On-site,Hiring Manager,3.1,Hold,False
INT003654,APP014350,1,2025-06-20,2025-06-20,Video,Hiring Manager,3.7,Proceed,False
INT003655,APP014353,1,2025-07-06,2025-07-06,On-site,Hiring Manager,4.0,Proceed,False
INT003656,APP014355,1,2024-11-22,2024-11-22,Video,Hiring Manager,2.2,Reject,False
INT003657,APP014358,1,2025-07-14,2025-07-14,On-site,Hiring Manager,3.7,Proceed,False
INT003658,APP014360,1,2025-10-19,2025-10-19,Video,Hiring Manager,3.5,Proceed,False
INT003659,APP014365,1,2024-07-25,2024-07-25,On-site,Hiring Manager,2.8,Hold,False
INT003660,APP014366,1,2025-10-23,2025-10-23,On-site,Hiring Manager,4.1,Proceed,False
INT003661,APP014366,2,2025-10-30,2025-10-30,On-site,Panel,5.0,Proceed,False
INT003662,APP014371,1,2025-01-29,2025-01-29,On-site,Hiring Manager,4.4,Proceed,False
INT003663,APP014375,1,2024-07-29,2024-07-29,Video,Hiring Manager,2.6,Reject,False
INT003664,APP014377,1,2025-09-15,2025-09-15,On-site,Hiring Manager,3.0,Hold,False
INT003665,APP014380,1,2025-12-12,2025-12-12,Video,Hiring Manager,3.5,Proceed,False
INT003666,APP014385,1,2024-11-14,2024-11-14,Video,Hiring Manager,3.7,Proceed,False
INT003667,APP014389,1,2024-11-07,2024-11-07,Video,Hiring Manager,2.7,Reject,False
INT003668,APP014393,1,2025-10-31,2025-10-31,Video,Hiring Manager,4.1,Proceed,False
INT003669,APP014394,1,2025-04-28,2025-04-25,Phone,Hiring Manager,5.0,Proceed,False
INT003670,APP014397,1,2024-08-01,2024-08-01,Phone,Hiring Manager,3.0,Hold,False
INT003671,APP014409,1,2025-05-26,2025-05-26,On-site,Hiring Manager,2.8,Hold,False
INT003672,APP014410,1,2024-11-23,2024-11-23,Video,Hiring Manager,4.4,Proceed,False
INT003673,APP014411,1,2024-11-23,2024-11-23,Phone,Hiring Manager,3.0,Hold,False
INT003674,APP014416,1,2025-09-09,2025-09-09,Video,Hiring Manager,2.6,Reject,False
INT003675,APP014422,1,2024-10-25,2024-10-25,Video,Hiring Manager,2.4,Reject,False
INT003676,APP014426,1,2025-10-05,2025-10-05,Video,Hiring Manager,3.0,Hold,False
INT003677,APP014428,1,2025-03-05,2025-03-05,Phone,Hiring Manager,,Proceed,False
INT003678,APP014431,1,2024-05-22,2024-05-22,Video,Hiring Manager,2.7,Reject,False
INT003679,APP014435,1,2024-12-22,2024-12-22,Video,Hiring Manager,2.4,Reject,False
INT003680,APP014438,1,2025-03-12,2025-03-12,On-site,Hiring Manager,2.9,Hold,False
INT003681,APP014439,1,2025-09-17,2025-09-17,Video,Hiring Manager,5.0,Proceed,False
INT003682,APP014451,1,2024-06-25,2024-06-25,Video,Hiring Manager,4.8,Proceed,False
INT003683,APP014451,2,2024-07-02,2024-07-02,On-site,Panel,4.1,Proceed,False
INT003684,APP014452,1,2024-08-05,2024-08-05,Video,Hiring Manager,2.3,Reject,False
INT003685,APP014460,1,2024-12-13,2024-12-13,On-site,Hiring Manager,1.6,Reject,False
INT003686,APP014462,1,2024-03-11,2024-03-11,On-site,Hiring Manager,3.1,Hold,False
INT003687,APP014464,1,2025-02-04,2025-02-04,On-site,Hiring Manager,2.9,Hold,False
INT003688,APP014464,2,2025-02-14,2025-02-14,On-site,Panel,4.1,Proceed,False
INT003689,APP014473,1,2025-02-23,2025-02-23,Video,Hiring Manager,3.0,Hold,False
INT003690,APP014473,2,2025-03-03,2025-03-03,Video,Panel,2.8,Hold,False
INT003691,APP014475,1,2025-10-15,2025-10-15,Video,Hiring Manager,3.3,Hold,False
INT003692,APP014482,1,2025-04-30,2025-04-30,Video,Hiring Manager,2.9,Hold,False
INT003693,APP014487,1,2025-05-11,2025-05-11,On-site,Hiring Manager,5.0,Proceed,False
INT003694,APP014495,1,2025-08-14,2025-08-14,Video,Hiring Manager,3.2,Hold,False
INT003695,APP014508,1,2024-05-25,2024-05-25,Video,Hiring Manager,3.5,Proceed,False
INT003696,APP014511,1,2025-09-29,2025-09-29,Video,Hiring Manager,2.5,Reject,False
INT003697,APP014512,1,2025-02-06,2025-02-06,On-site,Hiring Manager,3.4,Proceed,False
INT003698,APP014514,1,2026-01-23,2026-01-23,Video,Hiring Manager,5.0,Proceed,False
INT003699,APP014514,2,2026-02-01,2026-02-01,On-site,Panel,5.0,Proceed,False
INT003700,APP014519,1,2025-07-20,2025-07-20,Video,Hiring Manager,,Proceed,False
INT003701,APP014523,1,2026-01-04,2026-01-04,On-site,Hiring Manager,3.3,Hold,False
INT003702,APP014528,1,2024-06-01,2024-06-01,Video,Hiring Manager,3.7,Proceed,False
INT003703,APP014534,1,2024-02-18,2024-02-18,On-site,Hiring Manager,3.1,Hold,False
INT003704,APP014538,1,2025-05-02,2025-05-02,On-site,Hiring Manager,2.3,Reject,False
INT003705,APP014539,1,2024-03-03,2024-03-03,Video,Hiring Manager,4.1,Proceed,False
INT003706,APP014542,1,2024-11-16,2024-11-16,Video,Hiring Manager,2.9,Hold,False
INT003707,APP014543,1,2025-10-11,2025-10-11,Video,Hiring Manager,5.0,Proceed,False
INT003708,APP014545,1,2025-02-04,2025-02-04,On-site,Hiring Manager,3.9,Proceed,False
INT003709,APP014546,1,2025-02-11,2025-02-11,Phone,Hiring Manager,2.6,Reject,False
INT003710,APP014548,1,2024-09-12,2024-09-12,Video,Hiring Manager,2.9,Hold,False
INT003711,APP014551,1,2025-08-28,2025-08-28,Video,Hiring Manager,4.3,Proceed,False
INT003712,APP014552,1,2025-06-10,2025-06-10,Phone,Hiring Manager,3.5,Proceed,False
INT003713,APP014559,1,2024-03-27,2024-03-27,On-site,Hiring Manager,3.7,Proceed,False
INT003714,APP014562,1,2024-04-06,2024-04-06,Video,Hiring Manager,3.0,Hold,False
INT003715,APP014566,1,2024-08-23,2024-08-23,On-site,Hiring Manager,3.8,Proceed,False
INT003716,APP014568,1,2025-11-16,2025-11-16,Phone,Hiring Manager,3.6,Proceed,False
INT003717,APP014568,2,2025-11-21,2025-11-21,On-site,Panel,5.0,Proceed,False
INT003718,APP014571,1,2024-10-18,2024-10-18,On-site,Hiring Manager,3.0,Hold,False
INT003719,APP014575,1,2025-12-24,2025-12-24,Phone,Hiring Manager,3.2,Hold,False
INT003720,APP014578,1,2025-04-12,2025-04-12,Video,Hiring Manager,2.5,Reject,False
INT003721,APP014579,1,2025-02-27,2025-02-27,Video,Hiring Manager,3.3,Hold,False
INT003722,APP014580,1,2024-05-07,2024-05-07,Video,Hiring Manager,3.1,Hold,False
INT003723,APP014595,1,2025-10-11,2025-10-11,Video,Hiring Manager,3.7,Proceed,False
INT003724,APP014596,1,2025-12-26,2025-12-26,Phone,Hiring Manager,2.8,Hold,False
INT003725,APP014599,1,2025-06-18,2025-06-18,On-site,Hiring Manager,3.3,Hold,False
INT003726,APP014604,1,2025-01-31,2025-01-31,On-site,Hiring Manager,1.3,Reject,False
INT003727,APP014605,1,2024-10-15,2024-10-15,Video,Hiring Manager,2.8,Hold,False
INT003728,APP014611,1,2024-05-21,2024-05-21,Video,Hiring Manager,3.4,Proceed,False
INT003729,APP014612,1,2024-04-09,2024-04-09,Video,Hiring Manager,3.0,Hold,False
INT003730,APP014616,1,2025-07-06,2025-07-06,On-site,Hiring Manager,4.2,Proceed,False
INT003731,APP014617,1,2025-05-06,2025-05-06,Video,Hiring Manager,2.6,Reject,False
INT003732,APP014630,1,2025-07-27,2025-07-27,On-site,Hiring Manager,5.0,Proceed,False
INT003733,APP014640,1,2025-02-13,2025-02-13,Video,Hiring Manager,5.0,Proceed,False
INT003734,APP014641,1,2024-05-26,2024-05-26,Video,Hiring Manager,3.7,Proceed,False
INT003735,APP014641,2,2024-06-03,2024-06-03,Video,Panel,4.2,Proceed,False
INT003736,APP014642,1,2025-05-29,2025-05-29,Phone,Hiring Manager,4.1,Proceed,False
INT003737,APP014650,1,2024-03-01,2024-03-01,Video,Hiring Manager,2.7,Reject,False
INT003738,APP014654,1,2024-12-20,2024-12-20,Video,Hiring Manager,2.7,Reject,False
INT003739,APP014665,1,2024-02-22,2024-02-22,On-site,Hiring Manager,4.2,Proceed,False
INT003740,APP014678,1,2024-03-21,2024-03-21,Video,Hiring Manager,3.4,Proceed,False
INT003741,APP014679,1,2024-03-13,2024-03-13,Video,Hiring Manager,,Reject,False
INT003742,APP014680,1,2025-05-19,2025-05-19,Video,Hiring Manager,3.7,Proceed,False
INT003743,APP014684,1,2025-06-01,2025-06-01,On-site,Hiring Manager,3.4,Proceed,False
INT003744,APP014687,1,2024-08-13,2024-08-13,Video,Hiring Manager,4.6,Proceed,False
INT003745,APP014690,1,2025-06-10,2025-06-10,Video,Hiring Manager,1.8,Reject,False
INT003746,APP014694,1,2024-03-14,2024-03-14,Video,Hiring Manager,3.2,Hold,False
INT003747,APP014697,1,2025-11-15,2025-11-15,On-site,Hiring Manager,2.5,Reject,False
INT003748,APP014707,1,2025-12-23,2025-12-23,Video,Hiring Manager,4.6,Proceed,False
INT003749,APP014709,1,2025-01-07,2025-01-07,Video,Hiring Manager,3.4,Proceed,False
INT003750,APP014711,1,2024-02-14,2024-02-14,On-site,Hiring Manager,4.1,Proceed,False
INT003751,APP014718,1,2025-03-23,2025-03-23,Video,Hiring Manager,4.2,Proceed,False
INT003752,APP014725,1,2024-07-07,2024-07-07,Video,Hiring Manager,2.8,Hold,False
INT003753,APP014728,1,2024-11-11,2024-11-11,Video,Hiring Manager,4.6,Proceed,False
INT003754,APP014743,1,2025-05-03,2025-05-03,Video,Hiring Manager,3.7,Proceed,False
INT003755,APP014745,1,2025-12-24,2025-12-24,On-site,Hiring Manager,3.4,Proceed,False
INT003756,APP014745,2,2026-01-02,2026-01-02,On-site,Panel,2.6,Hold,False
INT003757,APP014747,1,2025-03-07,2025-03-07,Video,Hiring Manager,4.0,Proceed,False
INT003758,APP014761,1,2025-05-16,2025-05-16,Video,Hiring Manager,3.8,Proceed,False
INT003759,APP014769,1,2025-02-25,2025-02-25,On-site,Hiring Manager,4.9,Proceed,False
INT003760,APP014776,1,2024-10-21,2024-10-21,Video,Hiring Manager,4.3,Proceed,False
INT003761,APP014782,1,2024-11-26,2024-11-26,Phone,Hiring Manager,1.2,Reject,False
INT003762,APP014784,1,2025-07-18,2025-07-18,Video,Hiring Manager,2.9,Hold,False
INT003763,APP014785,1,2024-07-24,2024-07-24,Phone,Hiring Manager,4.2,Proceed,False
INT003764,APP014788,1,2025-06-03,2025-06-03,Video,Hiring Manager,3.2,Hold,False
INT003765,APP014790,1,2025-05-02,2025-05-02,On-site,Hiring Manager,4.0,Proceed,False
INT003766,APP014795,1,2025-02-22,2025-02-22,Video,Hiring Manager,3.6,Proceed,False
INT003767,APP014797,1,2025-06-14,2025-06-14,On-site,Hiring Manager,3.3,Hold,False
INT003768,APP014802,1,2024-02-28,2024-02-28,On-site,Hiring Manager,2.1,Reject,False
INT003769,APP014805,1,2024-12-03,2024-12-03,Phone,Hiring Manager,3.6,Proceed,False
INT003770,APP014807,1,2025-05-26,2025-05-26,Video,Hiring Manager,2.8,Hold,False
INT003771,APP014812,1,2025-04-07,2025-04-07,Video,Hiring Manager,3.8,Proceed,False
INT003772,APP014819,1,2026-01-02,2026-01-02,On-site,Hiring Manager,3.6,Proceed,False
INT003773,APP014820,1,2024-03-23,2024-03-23,Video,Hiring Manager,3.2,Hold,False
INT003774,APP014830,1,2025-03-23,2025-03-23,Phone,Hiring Manager,2.1,Reject,False
INT003775,APP014834,1,2024-08-30,2024-08-30,Video,Hiring Manager,4.8,Proceed,False
INT003776,APP014835,1,2024-10-19,2024-10-19,Video,Hiring Manager,1.1,Reject,False
INT003777,APP014838,1,2025-02-14,2025-02-14,On-site,Hiring Manager,3.5,Proceed,False
INT003778,APP014839,1,2025-03-20,2025-03-20,On-site,Hiring Manager,2.5,Reject,False
INT003779,APP014844,1,2024-04-09,2024-04-09,Video,Hiring Manager,1.9,Reject,False
INT003780,APP014844,2,2024-04-20,2024-04-20,Video,Panel,3.3,Proceed,False
INT003781,APP014853,1,2025-09-02,2025-09-02,Video,Hiring Manager,2.3,Reject,False
INT003782,APP014854,1,2024-03-11,2024-03-11,Video,Hiring Manager,2.8,Hold,False
INT003783,APP014855,1,2024-06-22,2024-06-22,Video,Hiring Manager,2.2,Reject,False
INT003784,APP014859,1,2026-01-06,2026-01-06,Video,Hiring Manager,3.5,Proceed,False
INT003785,APP014863,1,2025-08-24,2025-08-24,Video,Hiring Manager,3.7,Proceed,False
INT003786,APP014884,1,2025-09-28,2025-09-28,Video,Hiring Manager,4.6,Proceed,False
INT003787,APP014895,1,2025-03-09,2025-03-09,On-site,Hiring Manager,4.8,Proceed,False
INT003788,APP014916,1,2024-03-30,2024-03-30,Video,Hiring Manager,1.0,Reject,False
INT003789,APP014916,2,2024-04-03,2024-04-03,On-site,Panel,1.0,Hold,False
INT003790,APP014924,1,2025-10-15,2025-10-15,On-site,Hiring Manager,2.7,Reject,False
INT003791,APP014925,1,2025-10-29,2025-10-29,Video,Hiring Manager,4.4,Proceed,False
INT003792,APP014926,1,2025-07-15,2025-07-15,On-site,Hiring Manager,3.7,Proceed,False
INT003793,APP014926,2,2025-07-23,2025-07-23,Video,Panel,4.0,Proceed,False
INT003794,APP014929,1,2024-04-17,2024-04-17,Phone,Hiring Manager,2.3,Reject,False
INT003795,APP014931,1,2025-07-21,2025-07-21,Phone,Hiring Manager,4.1,Proceed,False
INT003796,APP014935,1,2024-05-23,2024-05-23,Video,Hiring Manager,5.0,Proceed,False
INT003797,APP014936,1,2025-10-09,2025-10-09,Video,Hiring Manager,4.9,Proceed,False
INT003798,APP014940,1,2024-12-17,2024-12-17,Video,Hiring Manager,4.1,Proceed,False
INT003799,APP014940,2,2024-12-21,2024-12-21,On-site,Panel,3.4,Proceed,False
INT003800,APP014944,1,2025-03-24,2025-03-24,On-site,Hiring Manager,2.6,Reject,False
INT003801,APP014944,2,2025-04-01,2025-04-01,On-site,Panel,3.2,Hold,False
INT003802,APP014945,1,2025-10-03,2025-10-03,On-site,Hiring Manager,4.2,Proceed,False
INT003803,APP014949,1,2024-06-28,2024-06-28,Video,Hiring Manager,4.2,Proceed,False
INT003804,APP014950,1,2025-01-25,2025-01-25,Video,Hiring Manager,4.4,Proceed,False
INT003805,APP014954,1,2024-05-22,2024-05-22,Phone,Hiring Manager,5.0,Proceed,False
INT003806,APP014965,1,2025-05-17,2025-05-17,On-site,Hiring Manager,2.7,Reject,False
INT003807,APP014966,1,2025-06-03,2025-06-03,On-site,Hiring Manager,1.8,Reject,False
INT003808,APP014966,2,2025-06-11,2025-06-11,On-site,Panel,1.7,Hold,False
INT003809,APP014976,1,2024-12-30,2024-12-30,Video,Hiring Manager,4.2,Proceed,False
INT003810,APP014978,1,2024-08-28,2024-08-28,Phone,Hiring Manager,2.4,Reject,False
INT003811,APP014995,1,2025-11-19,2025-11-19,Video,Hiring Manager,4.1,Proceed,False
INT003812,APP014995,2,2025-11-25,2025-11-25,On-site,Panel,5.0,Proceed,False
INT003813,APP015004,1,2025-02-04,2025-02-04,Video,Hiring Manager,4.6,Proceed,False
INT003814,APP015007,1,2024-03-25,2024-03-25,Video,Hiring Manager,3.0,Hold,False
INT003815,APP015022,1,2025-07-28,2025-07-28,Phone,Hiring Manager,2.5,Reject,False
INT003816,APP015024,1,2025-04-06,2025-04-06,Video,Hiring Manager,4.0,Proceed,False
INT003817,APP015029,1,2024-12-09,2024-12-09,On-site,Hiring Manager,3.0,Hold,False
INT003818,APP015031,1,2025-03-19,2025-03-19,Video,Hiring Manager,3.1,Hold,False
INT003819,APP015041,1,2025-03-03,2025-03-03,Phone,Hiring Manager,5.0,Proceed,False
INT003820,APP015043,1,2024-08-16,2024-08-16,Video,Hiring Manager,3.5,Proceed,False
INT003821,APP015044,1,2024-06-17,2024-06-17,Video,Hiring Manager,4.1,Proceed,False
INT003822,APP015048,1,2025-02-01,2025-02-01,Video,Hiring Manager,2.5,Reject,False
INT003823,APP015051,1,2024-04-27,2024-04-27,On-site,Hiring Manager,4.9,Proceed,False
INT003824,APP015053,1,2024-06-21,2024-06-21,On-site,Hiring Manager,3.9,Proceed,False
INT003825,APP015056,1,2025-09-21,2025-09-17,On-site,Hiring Manager,2.6,Reject,False
INT003826,APP015057,1,2025-03-02,2025-03-02,Video,Hiring Manager,3.8,Proceed,False
INT003827,APP015064,1,2025-05-18,2025-05-18,Video,Hiring Manager,4.0,Proceed,False
INT003828,APP015068,1,2025-09-02,2025-09-02,Video,Hiring Manager,4.7,Proceed,False
INT003829,APP015069,1,2024-06-09,2024-06-09,Video,Hiring Manager,2.7,Reject,False
INT003830,APP015076,1,2024-09-13,2024-09-13,On-site,Hiring Manager,3.4,Proceed,False
INT003831,APP015077,1,2024-10-05,2024-10-05,On-site,Hiring Manager,2.2,Reject,False
INT003832,APP015078,1,2025-03-23,2025-03-23,On-site,Hiring Manager,1.9,Reject,False
INT003833,APP015079,1,2024-07-13,2024-07-13,Video,Hiring Manager,4.0,Proceed,False
INT003834,APP015085,1,2025-06-15,2025-06-15,Video,Hiring Manager,4.0,Proceed,False
INT003835,APP015087,1,2024-03-20,2024-03-20,Video,Hiring Manager,4.6,Proceed,False
INT003836,APP015094,1,2024-01-29,2024-01-29,Video,Hiring Manager,3.8,Proceed,False
INT003837,APP015094,2,2024-02-04,2024-02-04,On-site,Panel,4.4,Proceed,False
INT003838,APP015103,1,2024-02-01,2024-02-01,Video,Hiring Manager,3.4,Proceed,False
INT003839,APP015110,1,2024-09-30,2024-09-30,On-site,Hiring Manager,3.2,Hold,False
INT003840,APP015114,1,2024-11-27,2024-11-27,Video,Hiring Manager,1.9,Reject,False
INT003841,APP015114,2,2024-12-04,2024-12-04,On-site,Panel,3.1,Hold,False
INT003842,APP015126,1,2025-08-07,2025-08-07,Video,Hiring Manager,3.0,Hold,False
INT003843,APP015128,1,2025-07-24,2025-07-24,Video,Hiring Manager,3.0,Hold,False
INT003844,APP015131,1,2025-12-29,2025-12-29,Video,Hiring Manager,3.9,Proceed,False
INT003845,APP015132,1,2024-07-10,2024-07-10,On-site,Hiring Manager,3.3,Hold,False
INT003846,APP015136,1,2024-12-17,2024-12-17,Phone,Hiring Manager,1.0,Reject,False
INT003847,APP015137,1,2025-03-10,2025-03-10,Video,Hiring Manager,2.1,Reject,False
INT003848,APP015144,1,2025-11-04,2025-11-04,Video,Hiring Manager,5.0,Proceed,False
INT003849,APP015144,2,2025-11-14,2025-11-14,On-site,Panel,5.0,Proceed,False
INT003850,APP015166,1,2026-01-08,2026-01-08,On-site,Hiring Manager,4.1,Proceed,False
INT003851,APP015168,1,2025-05-05,2025-05-05,Video,Hiring Manager,3.2,Hold,False
INT003852,APP015172,1,2025-04-13,2025-04-13,Video,Hiring Manager,4.3,Proceed,False
INT003853,APP015182,1,2024-05-10,2024-05-10,On-site,Hiring Manager,1.0,Reject,False
INT003854,APP015182,2,2024-05-21,2024-05-21,Video,Panel,1.0,Hold,False
INT003855,APP015189,1,2024-10-23,2024-10-23,Video,Hiring Manager,3.5,Proceed,False
INT003856,APP015195,1,2024-04-21,2024-04-21,Video,Hiring Manager,4.2,Proceed,False
INT003857,APP015198,1,2024-09-16,2024-09-16,Video,Hiring Manager,4.2,Proceed,False
INT003858,APP015205,1,2024-03-20,2024-03-20,Video,Hiring Manager,3.5,Proceed,False
INT003859,APP015206,1,2024-06-14,2024-06-14,Video,Hiring Manager,4.0,Proceed,False
INT003860,APP015207,1,2024-09-17,2024-09-17,On-site,Hiring Manager,3.7,Proceed,False
INT003861,APP015210,1,2025-09-25,2025-09-25,Phone,Hiring Manager,3.6,Proceed,False
INT003862,APP015211,1,2026-01-07,2026-01-07,Video,Hiring Manager,3.2,Hold,False
INT003863,APP015211,2,2026-01-17,2026-01-17,Video,Panel,3.6,Proceed,False
INT003864,APP015213,1,2025-06-01,2025-06-01,Video,Hiring Manager,4.0,Proceed,False
INT003865,APP015215,1,2025-05-05,2025-05-05,Phone,Hiring Manager,3.6,Proceed,False
INT003866,APP015219,1,2025-05-15,2025-05-15,On-site,Hiring Manager,1.5,Reject,False
INT003867,APP015219,2,2025-05-25,2025-05-25,On-site,Panel,1.6,Hold,False
INT003868,APP015226,1,2024-09-12,2024-09-12,On-site,Hiring Manager,2.3,Reject,False
INT003869,APP015242,1,2025-02-07,2025-02-07,Phone,Hiring Manager,3.2,Hold,False
INT003870,APP015253,1,2025-08-02,2025-08-02,Video,Hiring Manager,3.1,Hold,False
INT003871,APP015257,1,2024-05-05,2024-05-05,On-site,Hiring Manager,3.6,Proceed,False
INT003872,APP015258,1,2025-04-15,2025-04-15,Phone,Hiring Manager,4.1,Proceed,False
INT003873,APP015260,1,2025-03-28,2025-03-28,Phone,Hiring Manager,4.4,Proceed,False
INT003874,APP015265,1,2025-09-22,2025-09-22,On-site,Hiring Manager,3.8,Proceed,False
INT003875,APP015269,1,2025-01-14,2025-01-14,Video,Hiring Manager,4.3,Proceed,False
INT003876,APP015270,1,2025-12-05,2025-12-05,Video,Hiring Manager,2.8,Hold,False
INT003877,APP015272,1,2024-04-26,2024-04-26,On-site,Hiring Manager,3.5,Proceed,False
INT003878,APP015277,1,2025-12-10,2025-12-10,Video,Hiring Manager,3.0,Hold,False
INT003879,APP015279,1,2025-08-25,2025-08-25,Video,Hiring Manager,3.4,Proceed,False
INT003880,APP015279,2,2025-08-30,2025-08-30,On-site,Panel,2.7,Hold,False
INT003881,APP015280,1,2025-06-12,2025-06-12,On-site,Hiring Manager,2.8,Hold,False
INT003882,APP015285,1,2025-05-13,2025-05-13,Video,Hiring Manager,2.7,Reject,False
INT003883,APP015289,1,2025-07-19,2025-07-19,On-site,Hiring Manager,4.1,Proceed,False
INT003884,APP015295,1,2025-05-01,2025-05-01,On-site,Hiring Manager,2.7,Reject,False
INT003885,APP015298,1,2024-10-17,2024-10-17,Video,Hiring Manager,4.6,Proceed,False
INT003886,APP015299,1,2025-09-12,2025-09-12,Video,Hiring Manager,4.5,Proceed,False
INT003887,APP015303,1,2025-06-11,2025-06-11,Video,Hiring Manager,3.6,Proceed,False
INT003888,APP015306,1,2024-11-01,2024-11-01,Video,Hiring Manager,4.8,Proceed,False
INT003889,APP015307,1,2024-05-20,2024-05-20,Video,Hiring Manager,3.0,Hold,False
INT003890,APP015309,1,2025-01-04,2025-01-04,Video,Hiring Manager,3.2,Hold,False
INT003891,APP015309,2,2025-01-11,2025-01-11,On-site,Panel,2.9,Hold,False
INT003892,APP015319,1,2024-11-15,2024-11-15,Video,Hiring Manager,2.7,Reject,False
INT003893,APP015323,1,2025-02-20,2025-02-20,Video,Hiring Manager,2.3,Reject,False
INT003894,APP015324,1,2025-01-15,2025-01-15,On-site,Hiring Manager,3.7,Proceed,False
INT003895,APP015330,1,2024-08-31,2024-08-31,On-site,Hiring Manager,3.8,Proceed,False
INT003896,APP015337,1,2024-11-08,2024-11-08,Video,Hiring Manager,5.0,Proceed,False
INT003897,APP015337,2,2024-11-14,2024-11-14,On-site,Panel,5.0,Proceed,False
INT003898,APP015343,1,2024-07-29,2024-07-29,Video,Hiring Manager,2.7,Reject,False
INT003899,APP015346,1,2025-08-11,2025-08-11,On-site,Hiring Manager,4.7,Proceed,False
INT003900,APP015350,1,2024-12-03,2024-12-03,Video,Hiring Manager,4.4,Proceed,False
INT003901,APP015353,1,2024-07-10,2024-07-10,Video,Hiring Manager,3.6,Proceed,False
INT003902,APP015356,1,2025-09-23,2025-09-23,Video,Hiring Manager,3.1,Hold,False
INT003903,APP015362,1,2024-03-02,2024-03-02,Phone,Hiring Manager,3.5,Proceed,False
INT003904,APP015362,2,2024-03-06,2024-03-06,Video,Panel,3.3,Proceed,False
INT003905,APP015368,1,2025-10-31,2025-10-31,Video,Hiring Manager,4.2,Proceed,False
INT003906,APP015373,1,2025-04-22,2025-04-22,Video,Hiring Manager,4.3,Proceed,False
INT003907,APP015374,1,2024-12-25,2024-12-25,On-site,Hiring Manager,3.1,Hold,False
INT003908,APP015376,1,2025-02-05,2025-02-05,Video,Hiring Manager,2.7,Reject,False
INT003909,APP015379,1,2025-09-16,2025-09-16,On-site,Hiring Manager,1.8,Reject,False
INT003910,APP015389,1,2024-06-18,2024-06-18,On-site,Hiring Manager,4.8,Proceed,False
INT003911,APP015391,1,2024-03-03,2024-03-03,Video,Hiring Manager,2.2,Reject,False
INT003912,APP015393,1,2025-01-22,2025-01-22,Video,Hiring Manager,2.2,Reject,False
INT003913,APP015394,1,2025-02-27,2025-02-27,Video,Hiring Manager,3.7,Proceed,False
INT003914,APP015396,1,2025-06-25,2025-06-25,Video,Hiring Manager,3.6,Proceed,False
INT003915,APP015398,1,2025-04-13,2025-04-13,Video,Hiring Manager,2.4,Reject,False
INT003916,APP015406,1,2025-03-18,2025-03-18,Video,Hiring Manager,3.0,Hold,False
INT003917,APP015408,1,2025-11-27,2025-11-27,Video,Hiring Manager,2.3,Reject,False
INT003918,APP015409,1,2024-12-10,2024-12-10,Video,Hiring Manager,3.6,Proceed,False
INT003919,APP015409,2,2024-12-19,2024-12-19,On-site,Panel,4.4,Proceed,False
INT003920,APP015417,1,2024-11-14,2024-11-14,Video,Hiring Manager,3.6,Proceed,False
INT003921,APP015429,1,2025-12-24,2025-12-24,Video,Hiring Manager,4.1,Proceed,False
INT003922,APP015431,1,2024-10-29,2024-10-29,Phone,Hiring Manager,3.6,Proceed,False
INT003923,APP015431,2,2024-11-03,2024-11-03,On-site,Panel,4.2,Proceed,False
INT003924,APP015433,1,2024-02-21,2024-02-21,On-site,Hiring Manager,4.3,Proceed,False
INT003925,APP015434,1,2025-02-24,2025-02-24,On-site,Hiring Manager,3.9,Proceed,False
INT003926,APP015435,1,2025-05-26,2025-05-26,On-site,Hiring Manager,3.8,Proceed,False
INT003927,APP015442,1,2025-03-03,2025-03-03,On-site,Hiring Manager,4.3,Proceed,False
INT003928,APP015445,1,2025-02-07,2025-02-07,On-site,Hiring Manager,4.4,Proceed,False
INT003929,APP015457,1,2025-09-14,2025-09-14,Video,Hiring Manager,4.2,Proceed,False
INT003930,APP015465,1,2025-04-07,2025-04-07,Phone,Hiring Manager,2.3,Reject,False
INT003931,APP015465,2,2025-04-12,2025-04-12,On-site,Panel,2.8,Hold,False
INT003932,APP015466,1,2025-01-06,2025-01-06,On-site,Hiring Manager,,Proceed,False
INT003933,APP015468,1,2025-08-11,2025-08-11,Video,Hiring Manager,2.6,Reject,False
INT003934,APP015468,2,2025-08-18,2025-08-18,On-site,Panel,2.8,Hold,False
INT003935,APP015470,1,2025-01-17,2025-01-17,Video,Hiring Manager,1.6,Reject,False
INT003936,APP015477,1,2025-06-18,2025-06-18,Video,Hiring Manager,3.1,Hold,False
INT003937,APP015486,1,2025-09-18,2025-09-18,On-site,Hiring Manager,3.2,Hold,False
INT003938,APP015487,1,2024-10-08,2024-10-08,On-site,Hiring Manager,3.9,Proceed,False
INT003939,APP015490,1,2024-04-04,2024-04-04,Video,Hiring Manager,3.3,Hold,False
INT003940,APP015494,1,2024-07-16,2024-07-16,Video,Hiring Manager,4.2,Proceed,False
INT003941,APP015496,1,2024-09-19,2024-09-19,Video,Hiring Manager,3.0,Hold,False
INT003942,APP015502,1,2025-08-09,2025-08-09,Video,Hiring Manager,2.5,Reject,False
INT003943,APP015510,1,2024-10-19,2024-10-19,Video,Hiring Manager,4.3,Proceed,False
INT003944,APP015512,1,2024-10-14,2024-10-14,Video,Hiring Manager,3.5,Proceed,False
INT003945,APP015518,1,2024-02-08,2024-02-08,Video,Hiring Manager,3.7,Proceed,False
INT003946,APP015538,1,2025-10-06,2025-10-06,Phone,Hiring Manager,4.5,Proceed,False
INT003947,APP015543,1,2024-03-31,2024-03-31,On-site,Hiring Manager,1.7,Reject,False
INT003948,APP015547,1,2025-09-03,2025-09-03,Video,Hiring Manager,3.9,Proceed,False
INT003949,APP015549,1,2024-10-04,2024-10-04,Phone,Hiring Manager,2.9,Hold,False
INT003950,APP015551,1,2025-09-29,2025-09-29,On-site,Hiring Manager,4.3,Proceed,False
INT003951,APP015553,1,2025-10-28,2025-10-28,Video,Hiring Manager,3.8,Proceed,False
INT003952,APP015559,1,2024-08-17,2024-08-17,On-site,Hiring Manager,2.9,Hold,False
INT003953,APP015564,1,2025-06-23,2025-06-23,On-site,Hiring Manager,3.1,Hold,False
INT003954,APP015566,1,2025-02-13,2025-02-13,Video,Hiring Manager,5.0,Proceed,False
INT003955,APP015568,1,2025-03-26,2025-03-26,Video,Hiring Manager,3.2,Hold,False
INT003956,APP015568,2,2025-03-31,2025-03-31,On-site,Panel,2.9,Hold,False
INT003957,APP015576,1,2025-03-14,2025-03-14,On-site,Hiring Manager,2.6,Reject,False
INT003958,APP015577,1,2025-05-20,2025-05-20,Video,Hiring Manager,2.2,Reject,False
INT003959,APP015581,1,2025-04-14,2025-04-14,Phone,Hiring Manager,3.0,Hold,False
INT003960,APP015587,1,2024-03-11,2024-03-11,Video,Hiring Manager,4.9,Proceed,False
INT003961,APP015591,1,2024-08-08,2024-08-08,On-site,Hiring Manager,3.3,Hold,False
INT003962,APP015593,1,2024-05-02,2024-05-02,Video,Hiring Manager,2.8,Hold,False
INT003963,APP015595,1,2025-03-07,2025-03-07,Phone,Hiring Manager,2.2,Reject,False
INT003964,APP015598,1,2025-10-22,2025-10-22,Video,Hiring Manager,2.9,Hold,False
INT003965,APP015607,1,2025-11-07,2025-10-28,Video,Hiring Manager,2.5,Reject,False
INT003966,APP015608,1,2025-06-26,2025-06-26,On-site,Hiring Manager,3.9,Proceed,False
INT003967,APP015620,1,2025-03-18,2025-03-18,Video,Hiring Manager,3.3,Hold,False
INT003968,APP015623,1,2025-10-07,2025-10-07,On-site,Hiring Manager,4.2,Proceed,False
INT003969,APP015624,1,2025-01-28,2025-01-28,Video,Hiring Manager,2.6,Reject,False
INT003970,APP015625,1,2025-11-07,2025-11-07,Video,Hiring Manager,3.3,Hold,False
INT003971,APP015628,1,2025-09-02,2025-09-02,Video,Hiring Manager,3.3,Hold,False
INT003972,APP015629,1,2024-09-15,2024-09-15,Video,Hiring Manager,3.8,Proceed,False
INT003973,APP015630,1,2025-11-05,2025-11-05,Video,Hiring Manager,2.5,Reject,False
INT003974,APP015630,2,2025-11-13,2025-11-13,On-site,Panel,1.9,Hold,False
INT003975,APP015635,1,2025-05-15,2025-05-15,Video,Hiring Manager,3.5,Proceed,False
INT003976,APP015639,1,2025-11-17,2025-11-17,On-site,Hiring Manager,1.3,Reject,False
INT003977,APP015639,2,2025-11-23,2025-11-23,On-site,Panel,1.0,Hold,False
INT003978,APP015641,1,2025-10-27,2025-10-27,Video,Hiring Manager,3.2,Hold,False
INT003979,APP015646,1,2025-12-04,2025-12-04,On-site,Hiring Manager,3.4,Proceed,False
INT003980,APP015649,1,2024-11-24,2024-11-24,Video,Hiring Manager,3.2,Hold,False
INT003981,APP015661,1,2024-03-29,2024-03-29,On-site,Hiring Manager,3.8,Proceed,False
INT003982,APP015664,1,2024-05-11,2024-05-11,Video,Hiring Manager,3.8,Proceed,False
INT003983,APP015664,2,2024-05-16,2024-05-16,On-site,Panel,2.9,Hold,False
INT003984,APP015671,1,2024-09-24,2024-09-24,Video,Hiring Manager,4.1,Proceed,False
INT003985,APP015673,1,2024-08-07,2024-08-07,Video,Hiring Manager,2.5,Reject,False
INT003986,APP015675,1,2025-09-10,2025-09-10,Video,Hiring Manager,3.5,Proceed,False
INT003987,APP015683,1,2024-03-12,2024-03-12,On-site,Hiring Manager,3.3,Hold,False
INT003988,APP015683,2,2024-03-17,2024-03-17,On-site,Panel,3.3,Proceed,False
INT003989,APP015686,1,2024-02-09,2024-02-09,On-site,Hiring Manager,4.5,Proceed,False
INT003990,APP015690,1,2024-04-12,2024-04-12,On-site,Hiring Manager,3.6,Proceed,False
INT003991,APP015690,2,2024-04-21,2024-04-21,On-site,Panel,2.9,Hold,False
INT003992,APP015705,1,2024-04-02,2024-04-02,Phone,Hiring Manager,1.2,Reject,False
INT003993,APP015718,1,2025-06-29,2025-06-29,Phone,Hiring Manager,3.0,Hold,False
INT003994,APP015728,1,2025-09-20,2025-09-20,Video,Hiring Manager,3.7,Proceed,False
INT003995,APP015731,1,2026-01-03,2026-01-03,Video,Hiring Manager,2.9,Hold,False
INT003996,APP015738,1,2024-08-13,2024-08-13,On-site,Hiring Manager,4.4,Proceed,False
INT003997,APP015742,1,2025-01-12,2025-01-12,On-site,Hiring Manager,2.4,Reject,False
INT003998,APP015743,1,2025-06-24,2025-06-24,On-site,Hiring Manager,3.0,Hold,False
INT003999,APP015752,1,2025-09-26,2025-09-26,Video,Hiring Manager,4.4,Proceed,False
INT004000,APP015756,1,2024-11-26,2024-11-26,Video,Hiring Manager,3.0,Hold,False
INT004001,APP015758,1,2025-02-16,2025-02-16,On-site,Hiring Manager,4.6,Proceed,False
INT004002,APP015772,1,2024-05-21,2024-05-21,Video,Hiring Manager,3.7,Proceed,False
INT004003,APP015778,1,2024-10-16,2024-10-16,On-site,Hiring Manager,3.1,Hold,False
INT004004,APP015778,2,2024-10-22,2024-10-22,On-site,Panel,2.8,Hold,False
INT004005,APP015783,1,2024-03-30,2024-03-30,On-site,Hiring Manager,4.0,Proceed,False
INT004006,APP015786,1,2025-08-01,2025-08-01,Phone,Hiring Manager,3.2,Hold,False
INT004007,APP015790,1,2024-09-04,2024-09-04,On-site,Hiring Manager,3.0,Hold,False
INT004008,APP015793,1,2025-03-18,2025-03-18,On-site,Hiring Manager,5.0,Proceed,False
INT004009,APP015793,2,2025-03-23,2025-03-23,On-site,Panel,5.0,Proceed,False
INT004010,APP015798,1,2025-10-28,2025-10-28,On-site,Hiring Manager,3.4,Proceed,False
INT004011,APP015810,1,2025-10-19,2025-10-19,Phone,Hiring Manager,3.7,Proceed,False
INT004012,APP015815,1,2025-09-18,2025-09-18,Video,Hiring Manager,4.0,Proceed,False
INT004013,APP015819,1,2025-11-06,2025-11-06,Video,Hiring Manager,4.5,Proceed,False
INT004014,APP015821,1,2025-06-08,2025-06-08,Video,Hiring Manager,3.3,Hold,False
INT004015,APP015823,1,2025-03-06,2025-03-06,Video,Hiring Manager,3.5,Proceed,False
INT004016,APP015825,1,2024-11-17,2024-11-17,On-site,Hiring Manager,3.4,Proceed,False
INT004017,APP015825,2,2024-11-24,2024-11-24,On-site,Panel,3.4,Proceed,False
INT004018,APP015828,1,2025-06-24,2025-06-24,Video,Hiring Manager,2.1,Reject,False
INT004019,APP015829,1,2025-06-13,2025-06-13,Video,Hiring Manager,3.1,Hold,False
INT004020,APP015829,2,2025-06-24,2025-06-24,On-site,Panel,4.2,Proceed,False
INT004021,APP015830,1,2025-11-02,2025-11-02,Video,Hiring Manager,3.1,Hold,False
INT004022,APP015832,1,2025-03-30,2025-03-30,Video,Hiring Manager,3.4,Proceed,False
INT004023,APP015836,1,2025-07-25,2025-07-25,Video,Hiring Manager,4.3,Proceed,False
INT004024,APP015840,1,2025-05-03,2025-05-03,Video,Hiring Manager,3.5,Proceed,False
INT004025,APP015843,1,2024-02-16,2024-02-16,On-site,Hiring Manager,3.3,Hold,False
INT004026,APP015848,1,2025-03-18,2025-03-18,Video,Hiring Manager,2.1,Reject,False
INT004027,APP015854,1,2025-08-07,2025-08-07,Video,Hiring Manager,3.4,Proceed,False
INT004028,APP015856,1,2024-12-05,2024-12-05,Video,Hiring Manager,4.2,Proceed,False
INT004029,APP015863,1,2025-10-28,2025-10-28,On-site,Hiring Manager,3.4,Proceed,False
INT004030,APP015873,1,2025-03-15,2025-03-15,Video,Hiring Manager,4.0,Proceed,False
INT004031,APP015876,1,2025-11-17,2025-11-17,Video,Hiring Manager,2.3,Reject,False
INT004032,APP015881,1,2024-05-14,2024-05-14,Video,Hiring Manager,3.6,Proceed,False
INT004033,APP015881,2,2024-05-24,2024-05-16,On-site,Panel,3.4,Proceed,False
INT004034,APP015892,1,2025-03-30,2025-03-30,Video,Hiring Manager,3.6,Proceed,False
INT004035,APP015895,1,2025-09-23,2025-09-23,Video,Hiring Manager,2.9,Hold,False
INT004036,APP015899,1,2024-02-05,2024-02-05,On-site,Hiring Manager,2.8,Hold,False
INT004037,APP015906,1,2025-04-04,2025-04-04,Video,Hiring Manager,2.9,Hold,False
INT004038,APP015909,1,2024-07-02,2024-07-02,On-site,Hiring Manager,3.1,Hold,False
INT004039,APP015911,1,2024-11-20,2024-11-20,On-site,Hiring Manager,3.3,Hold,False
INT004040,APP015912,1,2025-01-22,2025-01-22,Video,Hiring Manager,2.2,Reject,False
INT004041,APP015919,1,2025-05-03,2025-05-03,On-site,Hiring Manager,3.5,Proceed,False
INT004042,APP015929,1,2024-09-23,2024-09-23,Video,Hiring Manager,3.2,Hold,False
INT004043,APP015933,1,2024-05-25,2024-05-25,Video,Hiring Manager,3.5,Proceed,False
INT004044,APP015935,1,2025-11-06,2025-11-06,Video,Hiring Manager,2.9,Hold,False
INT004045,APP015939,1,2025-09-04,2025-09-04,Phone,Hiring Manager,2.9,Hold,False
INT004046,APP015943,1,2025-09-01,2025-09-01,Video,Hiring Manager,4.2,Proceed,False
INT004047,APP015944,1,2025-03-25,2025-03-25,Video,Hiring Manager,3.3,Hold,False
INT004048,APP015949,1,2025-01-12,2025-01-12,On-site,Hiring Manager,4.7,Proceed,False
INT004049,APP015958,1,2025-02-11,2025-02-11,Video,Hiring Manager,2.9,Hold,False
INT004050,APP015958,2,2025-02-20,2025-02-20,Video,Panel,2.5,Hold,False
INT004051,APP015961,1,2025-10-07,2025-10-07,Video,Hiring Manager,3.3,Hold,False
INT004052,APP015963,1,2025-10-23,2025-10-23,Phone,Hiring Manager,3.8,Proceed,False
INT004053,APP015973,1,2024-10-17,2024-10-17,Video,Hiring Manager,3.5,Proceed,False
INT004054,APP015976,1,2025-08-13,2025-08-13,Video,Hiring Manager,3.8,Proceed,False
INT004055,APP015981,1,2024-04-27,2024-04-27,Video,Hiring Manager,3.2,Hold,False
INT004056,APP015984,1,2024-10-19,2024-10-19,Phone,Hiring Manager,3.9,Proceed,False
INT004057,APP015986,1,2024-06-13,2024-06-13,Phone,Hiring Manager,2.9,Hold,False
INT004058,APP015989,1,2024-09-12,2024-09-12,On-site,Hiring Manager,4.1,Proceed,False
INT004059,APP015996,1,2024-04-28,2024-04-28,Video,Hiring Manager,3.7,Proceed,False
INT004060,APP015997,1,2025-04-10,2025-04-10,Phone,Hiring Manager,3.5,Proceed,False
INT004061,APP015998,1,2024-07-18,2024-07-18,Video,Hiring Manager,3.3,Hold,False
INT004062,APP015999,1,2025-03-23,2025-03-23,On-site,Hiring Manager,3.8,Proceed,False
INT004063,APP016000,1,2025-04-20,2025-04-20,On-site,Hiring Manager,4.3,Proceed,False
INT004064,APP016000,2,2025-04-28,2025-04-28,On-site,Panel,5.0,Proceed,False
INT004065,APP016002,1,2025-09-03,2025-09-03,Video,Hiring Manager,4.3,Proceed,False
INT004066,APP016003,1,2024-08-13,2024-08-13,Video,Hiring Manager,2.8,Hold,False
INT004067,APP016007,1,2024-12-07,2024-12-07,On-site,Hiring Manager,3.2,Hold,False
INT004068,APP016012,1,2025-09-20,2025-09-20,On-site,Hiring Manager,3.3,Hold,False
INT004069,APP016017,1,2024-10-03,2024-10-03,On-site,Hiring Manager,3.9,Proceed,False
INT004070,APP016022,1,2025-05-02,2025-05-02,On-site,Hiring Manager,3.3,Hold,False
INT004071,APP016023,1,2024-09-12,2024-09-12,Video,Hiring Manager,3.3,Hold,False
INT004072,APP016025,1,2024-04-03,2024-04-03,Phone,Hiring Manager,2.6,Reject,False
INT004073,APP016025,2,2024-04-09,2024-04-09,Video,Panel,2.9,Hold,False
INT004074,APP016035,1,2025-07-22,2025-07-22,Video,Hiring Manager,4.2,Proceed,False
INT004075,APP016041,1,2024-09-26,2024-09-26,On-site,Hiring Manager,4.5,Proceed,False
INT004076,APP016042,1,2025-03-10,2025-03-10,On-site,Hiring Manager,3.3,Hold,False
INT004077,APP016043,1,2025-03-23,2025-03-23,Video,Hiring Manager,2.7,Reject,False
INT004078,APP016046,1,2025-09-28,2025-09-28,Video,Hiring Manager,2.7,Reject,False
INT004079,APP016051,1,2024-06-24,2024-06-24,Video,Hiring Manager,3.5,Proceed,False
INT004080,APP016072,1,2024-04-16,2024-04-16,On-site,Hiring Manager,4.4,Proceed,False
INT004081,APP016073,1,2025-03-02,2025-03-02,Video,Hiring Manager,2.9,Hold,False
INT004082,APP016103,1,2025-11-21,2025-11-21,Video,Hiring Manager,3.3,Hold,False
INT004083,APP016112,1,2024-12-27,2024-12-27,Video,Hiring Manager,2.7,Reject,False
INT004084,APP016120,1,2024-12-19,2024-12-19,Video,Hiring Manager,,Hold,False
INT004085,APP016126,1,2025-03-06,2025-03-06,Video,Hiring Manager,4.6,Proceed,False
INT004086,APP016130,1,2024-08-21,2024-08-21,On-site,Hiring Manager,2.1,Reject,False
INT004087,APP016131,1,2024-02-21,2024-02-17,Video,Hiring Manager,3.2,Hold,False
INT004088,APP016132,1,2024-05-18,2024-05-18,Video,Hiring Manager,2.2,Reject,False
INT004089,APP016133,1,2024-03-21,2024-03-21,Video,Hiring Manager,3.4,Proceed,False
INT004090,APP016141,1,2025-03-19,2025-03-19,On-site,Hiring Manager,5.0,Proceed,False
INT004091,APP016146,1,2024-10-23,2024-10-23,On-site,Hiring Manager,3.4,Proceed,False
INT004092,APP016151,1,2025-06-23,2025-06-23,On-site,Hiring Manager,2.2,Reject,False
INT004093,APP016159,1,2024-11-22,2024-11-22,Video,Hiring Manager,3.6,Proceed,False
INT004094,APP016164,1,2025-05-02,2025-05-02,Video,Hiring Manager,2.7,Reject,False
INT004095,APP016167,1,2024-03-29,2024-03-29,Phone,Hiring Manager,4.2,Proceed,False
INT004096,APP016169,1,2024-08-07,2024-08-07,On-site,Hiring Manager,2.8,Hold,False
INT004097,APP016178,1,2024-08-11,2024-08-11,Video,Hiring Manager,3.6,Proceed,False
INT004098,APP016187,1,2024-12-29,2024-12-29,Video,Hiring Manager,2.1,Reject,False
INT004099,APP016188,1,2024-12-02,2024-12-02,Video,Hiring Manager,3.4,Proceed,False
INT004100,APP016192,1,2025-01-11,2025-01-11,On-site,Hiring Manager,3.4,Proceed,False
INT004101,APP016193,1,2024-07-28,2024-07-28,On-site,Hiring Manager,5.0,Proceed,False
INT004102,APP016199,1,2025-05-13,2025-05-13,Video,Hiring Manager,2.2,Reject,False
INT004103,APP016199,2,2025-05-24,2025-05-24,On-site,Panel,2.7,Hold,False
INT004104,APP016201,1,2024-08-21,2024-08-21,Video,Hiring Manager,4.1,Proceed,False
INT004105,APP016204,1,2024-07-31,2024-07-31,Video,Hiring Manager,4.2,Proceed,False
INT004106,APP016205,1,2024-10-10,2024-10-10,Phone,Hiring Manager,3.4,Proceed,False
INT004107,APP016205,2,2024-10-17,2024-10-17,On-site,Panel,3.2,Hold,False
INT004108,APP016212,1,2025-08-23,2025-08-23,Video,Hiring Manager,4.1,Proceed,False
INT004109,APP016214,1,2025-10-15,2025-10-15,On-site,Hiring Manager,4.3,Proceed,False
INT004110,APP016221,1,2025-03-31,2025-03-31,Video,Hiring Manager,2.8,Hold,False
INT004111,APP016222,1,2025-02-21,2025-02-21,Phone,Hiring Manager,4.1,Proceed,False
INT004112,APP016226,1,2025-01-13,2025-01-13,On-site,Hiring Manager,3.6,Proceed,False
INT004113,APP016226,2,2025-01-18,2025-01-18,On-site,Panel,3.6,Proceed,False
INT004114,APP016231,1,2024-02-03,2024-02-03,Video,Hiring Manager,1.7,Reject,False
INT004115,APP016231,2,2024-02-09,2024-02-09,On-site,Panel,1.8,Hold,False
INT004116,APP016235,1,2025-11-15,2025-11-15,Phone,Hiring Manager,3.2,Hold,False
INT004117,APP016240,1,2025-07-27,2025-07-27,Phone,Hiring Manager,4.2,Proceed,False
INT004118,APP016259,1,2025-01-29,2025-01-29,On-site,Hiring Manager,3.6,Proceed,False
INT004119,APP016259,2,2025-02-07,2025-02-07,On-site,Panel,4.1,Proceed,False
INT004120,APP016262,1,2025-01-15,2025-01-15,On-site,Hiring Manager,3.1,Hold,False
INT004121,APP016271,1,2025-02-03,2025-02-03,Video,Hiring Manager,4.0,Proceed,False
INT004122,APP016271,2,2025-02-13,2025-02-13,On-site,Panel,4.2,Proceed,False
INT004123,APP016272,1,2024-05-06,2024-05-06,On-site,Hiring Manager,3.1,Hold,False
INT004124,APP016272,2,2024-05-17,2024-05-17,On-site,Panel,4.3,Proceed,False
INT004125,APP016273,1,2025-05-15,2025-05-15,On-site,Hiring Manager,1.8,Reject,False
INT004126,APP016274,1,2024-08-04,2024-08-04,Video,Hiring Manager,2.8,Hold,False
INT004127,APP016276,1,2025-05-15,2025-05-15,Video,Hiring Manager,2.5,Reject,False
INT004128,APP016281,1,2025-10-01,2025-10-01,Phone,Hiring Manager,2.9,Hold,False
INT004129,APP016282,1,2025-11-16,2025-11-16,Video,Hiring Manager,2.8,Hold,False
INT004130,APP016289,1,2024-09-28,2024-09-28,On-site,Hiring Manager,3.6,Proceed,False
INT004131,APP016289,2,2024-10-07,2024-10-07,On-site,Panel,3.4,Proceed,False
INT004132,APP016295,1,2024-05-29,2024-05-29,Video,Hiring Manager,4.7,Proceed,False
INT004133,APP016296,1,2024-07-25,2024-07-25,Video,Hiring Manager,2.7,Reject,False
INT004134,APP016297,1,2025-01-18,2025-01-18,Video,Hiring Manager,4.5,Proceed,False
INT004135,APP016300,1,2025-02-09,2025-02-09,On-site,Hiring Manager,2.4,Reject,False
INT004136,APP016303,1,2024-12-03,2024-12-03,On-site,Hiring Manager,2.5,Reject,False
INT004137,APP016305,1,2024-03-14,2024-03-14,Video,Hiring Manager,4.4,Proceed,False
INT004138,APP016306,1,2024-07-13,2024-07-13,Video,Hiring Manager,3.7,Proceed,False
INT004139,APP016310,1,2025-08-23,2025-08-23,Video,Hiring Manager,3.2,Hold,False
INT004140,APP016313,1,2024-06-29,2024-06-29,On-site,Hiring Manager,3.7,Proceed,False
INT004141,APP016316,1,2025-01-19,2025-01-19,Video,Hiring Manager,2.9,Hold,False
INT004142,APP016324,1,2025-10-23,2025-10-23,Video,Hiring Manager,2.7,Reject,False
INT004143,APP016325,1,2025-09-11,2025-09-11,On-site,Hiring Manager,3.1,Hold,False
INT004144,APP016325,2,2025-09-21,2025-09-21,On-site,Panel,3.3,Proceed,False
INT004145,APP016328,1,2024-12-30,2024-12-30,Phone,Hiring Manager,4.4,Proceed,False
INT004146,APP016328,2,2025-01-05,2025-01-05,On-site,Panel,5.0,Proceed,False
INT004147,APP016331,1,2024-11-02,2024-11-02,On-site,Hiring Manager,4.4,Proceed,False
INT004148,APP016332,1,2025-07-08,2025-07-08,On-site,Hiring Manager,4.0,Proceed,False
INT004149,APP016333,1,2025-03-07,2025-03-07,Video,Hiring Manager,3.9,Proceed,False
INT004150,APP016337,1,2024-05-21,2024-05-21,On-site,Hiring Manager,2.2,Reject,False
INT004151,APP016339,1,2025-04-19,2025-04-19,Video,Hiring Manager,3.5,Proceed,False
INT004152,APP016339,2,2025-04-28,2025-04-28,On-site,Panel,3.7,Proceed,False
INT004153,APP016341,1,2024-07-17,2024-07-17,Video,Hiring Manager,3.0,Hold,False
INT004154,APP016341,2,2024-07-23,2024-07-23,On-site,Panel,3.9,Proceed,False
INT004155,APP016342,1,2024-09-02,2024-09-02,On-site,Hiring Manager,3.6,Proceed,False
INT004156,APP016345,1,2025-02-26,2025-02-26,On-site,Hiring Manager,3.6,Proceed,False
INT004157,APP016346,1,2025-08-26,2025-08-26,Video,Hiring Manager,4.4,Proceed,False
INT004158,APP016347,1,2025-02-18,2025-02-18,On-site,Hiring Manager,4.1,Proceed,False
INT004159,APP016348,1,2025-11-12,2025-11-12,On-site,Hiring Manager,3.5,Proceed,False
INT004160,APP016349,1,2025-12-08,2025-12-08,Video,Hiring Manager,3.5,Proceed,False
INT004161,APP016355,1,2024-10-28,2024-10-28,Video,Hiring Manager,3.1,Hold,False
INT004162,APP016361,1,2025-06-19,2025-06-19,Video,Hiring Manager,4.3,Proceed,False
INT004163,APP016361,2,2025-06-23,2025-06-23,On-site,Panel,4.5,Proceed,False
INT004164,APP016362,1,2026-01-01,2026-01-01,On-site,Hiring Manager,1.8,Reject,False
INT004165,APP016363,1,2025-11-07,2025-11-07,On-site,Hiring Manager,3.1,Hold,False
INT004166,APP016367,1,2024-07-27,2024-07-27,Video,Hiring Manager,3.4,Proceed,False
INT004167,APP016368,1,2024-09-29,2024-09-29,Video,Hiring Manager,1.8,Reject,False
INT004168,APP016371,1,2024-08-30,2024-08-30,Video,Hiring Manager,3.1,Hold,False
INT004169,APP016373,1,2025-10-15,2025-10-15,Phone,Hiring Manager,4.1,Proceed,False
INT004170,APP016377,1,2025-05-30,2025-05-30,Video,Hiring Manager,3.7,Proceed,False
INT004171,APP016379,1,2025-11-17,2025-11-17,On-site,Hiring Manager,4.1,Proceed,False
INT004172,APP016392,1,2024-08-06,2024-08-06,On-site,Hiring Manager,2.5,Reject,False
INT004173,APP016397,1,2025-01-16,2025-01-16,Phone,Hiring Manager,3.1,Hold,False
INT004174,APP016398,1,2025-03-20,2025-03-20,Video,Hiring Manager,4.5,Proceed,False
INT004175,APP016399,1,2024-10-13,2024-10-13,On-site,Hiring Manager,2.5,Reject,False
INT004176,APP016399,2,2024-10-20,2024-10-20,On-site,Panel,,Hold,False
INT004177,APP016403,1,2025-03-30,2025-03-30,Video,Hiring Manager,2.2,Reject,False
INT004178,APP016409,1,2025-02-14,2025-02-14,Video,Hiring Manager,4.2,Proceed,False
INT004179,APP016413,1,2025-07-13,2025-07-13,Video,Hiring Manager,3.2,Hold,False
INT004180,APP016415,1,2025-03-07,2025-03-07,Video,Hiring Manager,4.3,Proceed,False
INT004181,APP016419,1,2024-09-04,2024-09-04,Video,Hiring Manager,4.2,Proceed,False
INT004182,APP016421,1,2024-11-29,2024-11-29,Video,Hiring Manager,3.9,Proceed,False
INT004183,APP016435,1,2025-04-01,2025-04-01,Video,Hiring Manager,2.3,Reject,False
INT004184,APP016438,1,2025-08-23,2025-08-23,Video,Hiring Manager,2.4,Reject,False
INT004185,APP016446,1,2024-03-19,2024-03-19,On-site,Hiring Manager,4.2,Proceed,False
INT004186,APP016446,2,2024-03-26,2024-03-26,On-site,Panel,,Hold,False
INT004187,APP016447,1,2025-02-10,2025-02-10,Video,Hiring Manager,2.4,Reject,False
INT004188,APP016453,1,2025-11-11,2025-11-11,Phone,Hiring Manager,3.3,Hold,False
INT004189,APP016457,1,2025-04-20,2025-04-20,Video,Hiring Manager,3.4,Proceed,False
INT004190,APP016465,1,2024-11-01,2024-11-01,Video,Hiring Manager,2.3,Reject,False
INT004191,APP016467,1,2024-04-10,2024-04-10,On-site,Hiring Manager,4.8,Proceed,False
INT004192,APP016472,1,2025-05-23,2025-05-23,Phone,Hiring Manager,2.5,Reject,False
INT004193,APP016474,1,2024-11-22,2024-11-22,On-site,Hiring Manager,2.9,Hold,False
INT004194,APP016480,1,2025-08-06,2025-08-06,Video,Hiring Manager,2.5,Reject,False
INT004195,APP016488,1,2024-10-16,2024-10-16,Video,Hiring Manager,4.1,Proceed,False
INT004196,APP016488,2,2024-10-27,2024-10-27,Video,Panel,5.0,Proceed,False
INT004197,APP016489,1,2025-07-11,2025-07-11,Video,Hiring Manager,3.4,Proceed,False
INT004198,APP016495,1,2025-01-17,2025-01-17,Video,Hiring Manager,3.9,Proceed,False
INT004199,APP016498,1,2025-09-20,2025-09-20,Video,Hiring Manager,4.4,Proceed,False
INT004200,APP016505,1,2024-11-25,2024-11-25,On-site,Hiring Manager,4.3,Proceed,False
INT004201,APP016507,1,2025-11-26,2025-11-26,Video,Hiring Manager,3.5,Proceed,False
INT004202,APP016509,1,2025-04-17,2025-04-17,Video,Hiring Manager,3.8,Proceed,False
INT004203,APP016511,1,2025-05-16,2025-05-16,Video,Hiring Manager,3.2,Hold,False
INT004204,APP016514,1,2025-03-01,2025-03-01,Video,Hiring Manager,2.7,Reject,False
INT004205,APP016517,1,2025-05-22,2025-05-22,Video,Hiring Manager,4.4,Proceed,False
INT004206,APP016520,1,2024-11-13,2024-11-13,Video,Hiring Manager,2.8,Hold,False
INT004207,APP016520,2,2024-11-22,2024-11-22,On-site,Panel,,Hold,False
INT004208,APP016522,1,2025-11-07,2025-11-07,Video,Hiring Manager,3.3,Hold,False
INT004209,APP016523,1,2024-12-23,2024-12-23,Video,Hiring Manager,2.9,Hold,False
INT004210,APP016525,1,2025-05-21,2025-05-21,Video,Hiring Manager,4.8,Proceed,False
INT004211,APP016533,1,2025-04-08,2025-04-08,On-site,Hiring Manager,4.1,Proceed,False
INT004212,APP016535,1,2024-09-16,2024-09-16,Video,Hiring Manager,3.8,Proceed,False
INT004213,APP016539,1,2025-05-07,2025-05-07,Phone,Hiring Manager,3.8,Proceed,False
INT004214,APP016540,1,2025-12-25,2025-12-25,On-site,Hiring Manager,2.4,Reject,False
INT004215,APP016540,2,2025-12-30,2025-12-30,On-site,Panel,2.1,Hold,False
INT004216,APP016545,1,2025-08-17,2025-08-17,On-site,Hiring Manager,3.4,Proceed,False
INT004217,APP016550,1,2024-10-02,2024-10-02,On-site,Hiring Manager,1.9,Reject,False
INT004218,APP016551,1,2025-03-29,2025-03-29,Video,Hiring Manager,1.4,Reject,False
INT004219,APP016551,2,2025-04-05,2025-04-05,On-site,Panel,1.0,Hold,False
INT004220,APP016556,1,2025-05-09,2025-05-09,Video,Hiring Manager,5.0,Proceed,False
INT004221,APP016562,1,2025-05-27,2025-05-27,Video,Hiring Manager,3.7,Proceed,False
INT004222,APP016566,1,2024-07-29,2024-07-29,On-site,Hiring Manager,3.4,Proceed,False
INT004223,APP016567,1,2025-04-09,2025-04-09,Video,Hiring Manager,5.0,Proceed,False
INT004224,APP016568,1,2025-04-02,2025-04-02,On-site,Hiring Manager,3.0,Hold,False
INT004225,APP016584,1,2025-04-13,2025-04-13,On-site,Hiring Manager,4.0,Proceed,False
INT004226,APP016585,1,2024-04-05,2024-04-05,Video,Hiring Manager,3.3,Hold,False
INT004227,APP016592,1,2025-02-21,2025-02-21,On-site,Hiring Manager,4.3,Proceed,False
INT004228,APP016592,2,2025-02-26,2025-02-26,On-site,Panel,4.5,Proceed,False
INT004229,APP016593,1,2024-11-27,2024-11-27,On-site,Hiring Manager,3.2,Hold,False
INT004230,APP016607,1,2024-05-12,2024-05-12,Video,Hiring Manager,3.7,Proceed,False
INT004231,APP016612,1,2025-05-29,2025-05-29,Video,Hiring Manager,3.4,Proceed,False
INT004232,APP016613,1,2024-06-11,2024-06-11,Video,Hiring Manager,4.1,Proceed,False
INT004233,APP016614,1,2024-11-23,2024-11-23,Video,Hiring Manager,3.0,Hold,False
INT004234,APP016615,1,2025-03-31,2025-03-31,Phone,Hiring Manager,3.4,Proceed,False
INT004235,APP016623,1,2024-12-07,2024-12-07,Video,Hiring Manager,3.1,Hold,False
INT004236,APP016623,2,2024-12-18,2024-12-18,On-site,Panel,3.9,Proceed,False
INT004237,APP016624,1,2024-09-06,2024-09-06,Phone,Hiring Manager,2.5,Reject,False
INT004238,APP016624,2,2024-09-15,2024-09-15,Video,Panel,2.5,Hold,False
INT004239,APP016630,1,2025-03-24,2025-03-24,On-site,Hiring Manager,4.0,Proceed,False
INT004240,APP016633,1,2024-05-26,2024-05-26,Video,Hiring Manager,3.4,Proceed,False
INT004241,APP016634,1,2024-05-06,2024-05-06,Phone,Hiring Manager,4.3,Proceed,False
INT004242,APP016635,1,2025-10-10,2025-10-10,On-site,Hiring Manager,3.8,Proceed,False
INT004243,APP016635,2,2025-10-15,2025-10-15,On-site,Panel,3.7,Proceed,False
INT004244,APP016636,1,2025-04-01,2025-04-01,Video,Hiring Manager,3.5,Proceed,False
INT004245,APP016638,1,2024-10-15,2024-10-15,Video,Hiring Manager,2.2,Reject,False
INT004246,APP016639,1,2025-04-30,2025-04-30,On-site,Hiring Manager,2.0,Reject,False
INT004247,APP016644,1,2025-09-03,2025-09-03,Video,Hiring Manager,4.9,Proceed,False
INT004248,APP016646,1,2025-03-23,2025-03-23,Video,Hiring Manager,4.5,Proceed,False
INT004249,APP016667,1,2025-01-18,2025-01-18,Video,Hiring Manager,3.4,Proceed,False
INT004250,APP016675,1,2025-10-21,2025-10-21,On-site,Hiring Manager,2.7,Reject,False
INT004251,APP016677,1,2024-10-05,2024-10-05,Video,Hiring Manager,3.5,Proceed,False
INT004252,APP016681,1,2025-03-15,2025-03-15,Video,Hiring Manager,4.0,Proceed,False
INT004253,APP016696,1,2024-11-28,2024-11-28,Phone,Hiring Manager,4.0,Proceed,False
INT004254,APP016699,1,2024-09-29,2024-09-29,Video,Hiring Manager,1.8,Reject,False
INT004255,APP016702,1,2025-02-18,2025-02-18,Phone,Hiring Manager,3.4,Proceed,False
INT004256,APP016703,1,2025-01-26,2025-01-26,Video,Hiring Manager,4.1,Proceed,False
INT004257,APP016706,1,2024-03-03,2024-03-03,On-site,Hiring Manager,2.0,Reject,False
INT004258,APP016707,1,2025-02-18,2025-02-18,Video,Hiring Manager,3.2,Hold,False
INT004259,APP016707,2,2025-03-01,2025-03-01,On-site,Panel,3.7,Proceed,False
INT004260,APP016716,1,2025-11-04,2025-11-04,On-site,Hiring Manager,4.2,Proceed,False
INT004261,APP016727,1,2025-10-16,2025-10-16,On-site,Hiring Manager,2.3,Reject,False
INT004262,APP016730,1,2024-12-16,2024-12-16,On-site,Hiring Manager,2.2,Reject,False
INT004263,APP016730,2,2024-12-27,2024-12-27,On-site,Panel,2.1,Hold,False
INT004264,APP016732,1,2024-03-10,2024-03-10,Phone,Hiring Manager,4.3,Proceed,False
INT004265,APP016739,1,2025-11-26,2025-11-26,On-site,Hiring Manager,3.6,Proceed,False
INT004266,APP016748,1,2025-02-24,2025-02-24,Video,Hiring Manager,2.3,Reject,False
INT004267,APP016753,1,2025-03-11,2025-03-11,On-site,Hiring Manager,2.7,Reject,False
INT004268,APP016757,1,2024-07-10,2024-07-10,Video,Hiring Manager,4.2,Proceed,False
INT004269,APP016757,2,2024-07-16,2024-07-16,Video,Panel,4.2,Proceed,False
INT004270,APP016758,1,2024-03-29,2024-03-29,Phone,Hiring Manager,2.7,Reject,False
INT004271,APP016763,1,2024-04-27,2024-04-27,Video,Hiring Manager,2.4,Reject,False
INT004272,APP016767,1,2025-04-14,2025-04-14,On-site,Hiring Manager,3.9,Proceed,False
INT004273,APP016768,1,2025-09-08,2025-09-08,On-site,Hiring Manager,4.3,Proceed,False
INT004274,APP016769,1,2024-09-14,2024-09-14,Video,Hiring Manager,2.8,Hold,False
INT004275,APP016771,1,2025-09-11,2025-09-11,On-site,Hiring Manager,3.4,Proceed,False
INT004276,APP016776,1,2025-04-01,2025-04-01,Phone,Hiring Manager,2.6,Reject,False
INT004277,APP016782,1,2024-04-17,2024-04-17,On-site,Hiring Manager,4.4,Proceed,False
INT004278,APP016784,1,2025-07-13,2025-07-13,Video,Hiring Manager,4.6,Proceed,False
INT004279,APP016786,1,2024-05-13,2024-05-13,Video,Hiring Manager,4.4,Proceed,False
INT004280,APP016790,1,2024-03-13,2024-03-13,Video,Hiring Manager,2.0,Reject,False
INT004281,APP016795,1,2025-06-11,2025-06-11,Video,Hiring Manager,5.0,Proceed,False
INT004282,APP016797,1,2026-01-22,2026-01-22,Video,Hiring Manager,2.5,Reject,False
INT004283,APP016799,1,2025-09-07,2025-09-07,Video,Hiring Manager,2.7,Reject,False
INT004284,APP016799,2,2025-09-14,2025-09-14,On-site,Panel,2.5,Hold,False
INT004285,APP016800,1,2025-10-23,2025-10-23,Video,Hiring Manager,3.5,Proceed,False
INT004286,APP016803,1,2025-08-10,2025-08-10,Video,Hiring Manager,3.0,Hold,False
INT004287,APP016806,1,2025-11-21,2025-11-21,Video,Hiring Manager,4.2,Proceed,False
INT004288,APP016806,2,2025-11-29,2025-11-29,On-site,Panel,4.8,Proceed,False
INT004289,APP016822,1,2024-03-23,2024-03-23,Video,Hiring Manager,5.0,Proceed,False
INT004290,APP016845,1,2024-09-24,2024-09-24,Video,Hiring Manager,3.7,Proceed,False
INT004291,APP016849,1,2025-10-16,2025-10-16,On-site,Hiring Manager,3.4,Proceed,False
INT004292,APP016854,1,2024-11-28,2024-11-28,Video,Hiring Manager,2.4,Reject,False
INT004293,APP016858,1,2024-12-08,2024-12-08,Video,Hiring Manager,2.7,Reject,False
INT004294,APP016860,1,2025-09-06,2025-09-06,Video,Hiring Manager,2.9,Hold,False
INT004295,APP016862,1,2024-04-19,2024-04-19,Video,Hiring Manager,2.1,Reject,False
INT004296,APP016865,1,2024-12-12,2024-12-12,On-site,Hiring Manager,2.4,Reject,False
INT004297,APP016874,1,2024-10-02,2024-10-02,Video,Hiring Manager,3.7,Proceed,False
INT004298,APP016882,1,2024-11-26,2024-11-26,Video,Hiring Manager,3.8,Proceed,False
INT004299,APP016883,1,2024-08-29,2024-08-29,On-site,Hiring Manager,2.9,Hold,False
INT004300,APP016892,1,2025-03-22,2025-03-22,Video,Hiring Manager,3.5,Proceed,False
INT004301,APP016898,1,2024-11-12,2024-11-12,Phone,Hiring Manager,5.0,Proceed,False
INT004302,APP016901,1,2024-04-29,2024-04-29,Video,Hiring Manager,4.1,Proceed,False
INT004303,APP016909,1,2025-01-01,2025-01-01,On-site,Hiring Manager,2.8,Hold,False
INT004304,APP016911,1,2024-09-02,2024-09-02,On-site,Hiring Manager,3.5,Proceed,False
INT004305,APP016913,1,2025-08-04,2025-08-04,Video,Hiring Manager,5.0,Proceed,False
INT004306,APP016914,1,2024-09-20,2024-09-20,On-site,Hiring Manager,4.2,Proceed,False
INT004307,APP016921,1,2025-12-03,2025-12-03,Phone,Hiring Manager,3.4,Proceed,False
INT004308,APP016924,1,2025-10-04,2025-10-04,On-site,Hiring Manager,3.1,Hold,False
INT004309,APP016927,1,2025-04-15,2025-04-15,Video,Hiring Manager,3.6,Proceed,False
INT004310,APP016928,1,2024-12-23,2024-12-23,Video,Hiring Manager,3.2,Hold,False
INT004311,APP016931,1,2024-12-30,2024-12-30,On-site,Hiring Manager,3.1,Hold,False
INT004312,APP016940,1,2024-08-29,2024-08-29,On-site,Hiring Manager,3.6,Proceed,False
INT004313,APP016949,1,2025-04-06,2025-04-06,On-site,Hiring Manager,5.0,Proceed,False
INT004314,APP016951,1,2025-07-05,2025-07-05,Video,Hiring Manager,2.1,Reject,False
INT004315,APP016960,1,2025-08-03,2025-08-03,Video,Hiring Manager,3.7,Proceed,False
INT004316,APP016960,2,2025-08-09,2025-08-09,On-site,Panel,3.9,Proceed,False
INT004317,APP016967,1,2024-04-30,2024-04-30,On-site,Hiring Manager,3.6,Proceed,False
INT004318,APP016971,1,2024-07-18,2024-07-18,On-site,Hiring Manager,4.4,Proceed,False
INT004319,APP016972,1,2025-09-28,2025-09-28,Video,Hiring Manager,2.8,Hold,False
INT004320,APP016978,1,2025-10-26,2025-10-26,On-site,Hiring Manager,4.7,Proceed,False
INT004321,APP016984,1,2024-04-13,2024-04-13,On-site,Hiring Manager,4.1,Proceed,False
INT004322,APP016988,1,2025-08-27,2025-08-27,On-site,Hiring Manager,5.0,Proceed,False
INT004323,APP016989,1,2025-07-18,2025-07-18,Video,Hiring Manager,4.0,Proceed,False
INT004324,APP017006,1,2025-01-13,2025-01-13,Video,Hiring Manager,3.2,Hold,False
INT004325,APP017011,1,2025-11-08,2025-11-08,Phone,Hiring Manager,3.9,Proceed,False
INT004326,APP017022,1,2025-09-03,2025-09-03,Video,Hiring Manager,2.1,Reject,False
INT004327,APP017028,1,2025-06-03,2025-06-03,On-site,Hiring Manager,4.6,Proceed,False
INT004328,APP017029,1,2025-05-12,2025-05-12,Video,Hiring Manager,5.0,Proceed,False
INT004329,APP017030,1,2024-12-23,2024-12-23,On-site,Hiring Manager,5.0,Proceed,False
INT004330,APP017034,1,2025-01-09,2025-01-09,Video,Hiring Manager,3.9,Proceed,False
INT004331,APP017050,1,2025-02-02,2025-02-02,On-site,Hiring Manager,4.0,Proceed,False
INT004332,APP017055,1,2024-12-10,2024-12-10,On-site,Hiring Manager,3.7,Proceed,False
INT004333,APP017057,1,2025-06-28,2025-06-28,Video,Hiring Manager,3.3,Hold,False
INT004334,APP017060,1,2024-12-07,2024-12-07,On-site,Hiring Manager,4.2,Proceed,False
INT004335,APP017062,1,2025-03-29,2025-03-29,On-site,Hiring Manager,3.2,Hold,False
INT004336,APP017070,1,2024-09-19,2024-09-19,Video,Hiring Manager,5.0,Proceed,False
INT004337,APP017074,1,2025-08-01,2025-08-01,Video,Hiring Manager,3.3,Hold,False
INT004338,APP017075,1,2024-08-22,2024-08-22,On-site,Hiring Manager,3.9,Proceed,False
INT004339,APP017078,1,2025-08-08,2025-08-08,On-site,Hiring Manager,4.5,Proceed,False
INT004340,APP017083,1,2024-11-28,2024-11-28,On-site,Hiring Manager,3.1,Hold,False
INT004341,APP017086,1,2025-06-02,2025-06-02,Video,Hiring Manager,4.7,Proceed,False
INT004342,APP017087,1,2025-04-19,2025-04-19,Video,Hiring Manager,3.4,Proceed,False
INT004343,APP017094,1,2024-03-31,2024-03-31,Video,Hiring Manager,3.2,Hold,False
INT004344,APP017095,1,2024-11-28,2024-11-28,Video,Hiring Manager,5.0,Proceed,False
INT004345,APP017098,1,2025-03-04,2025-03-04,On-site,Hiring Manager,2.8,Hold,False
INT004346,APP017099,1,2024-03-28,2024-03-28,On-site,Hiring Manager,3.6,Proceed,False
INT004347,APP017100,1,2024-08-08,2024-08-08,On-site,Hiring Manager,2.4,Reject,False
INT004348,APP017105,1,2024-12-01,2024-12-01,Video,Hiring Manager,1.7,Reject,False
INT004349,APP017107,1,2025-12-11,2025-12-11,On-site,Hiring Manager,2.6,Reject,False
INT004350,APP017108,1,2025-02-16,2025-02-16,On-site,Hiring Manager,4.6,Proceed,False
INT004351,APP017111,1,2024-12-21,2024-12-21,Video,Hiring Manager,4.9,Proceed,False
INT004352,APP017117,1,2024-04-22,2024-04-22,On-site,Hiring Manager,3.0,Hold,False
INT004353,APP017117,2,2024-05-01,2024-05-01,On-site,Panel,3.5,Proceed,False
INT004354,APP017120,1,2024-10-01,2024-10-01,Video,Hiring Manager,3.2,Hold,False
INT004355,APP017139,1,2024-05-20,2024-05-20,Video,Hiring Manager,4.9,Proceed,False
INT004356,APP017140,1,2024-03-15,2024-03-15,Video,Hiring Manager,3.9,Proceed,False
INT004357,APP017142,1,2025-11-07,2025-11-07,Phone,Hiring Manager,4.4,Proceed,False
INT004358,APP017152,1,2025-07-27,2025-07-27,Video,Hiring Manager,3.2,Hold,False
INT004359,APP017153,1,2025-05-20,2025-05-20,On-site,Hiring Manager,2.1,Reject,False
INT004360,APP017159,1,2025-04-17,2025-04-17,Video,Hiring Manager,4.0,Proceed,False
INT004361,APP017177,1,2025-08-25,2025-08-25,Video,Hiring Manager,3.9,Proceed,False
INT004362,APP017178,1,2025-05-10,2025-05-10,Video,Hiring Manager,2.7,Reject,False
INT004363,APP017179,1,2024-04-11,2024-04-11,Video,Hiring Manager,2.5,Reject,False
INT004364,APP017182,1,2024-09-15,2024-09-15,Video,Hiring Manager,3.1,Hold,False
INT004365,APP017184,1,2025-04-24,2025-04-24,Video,Hiring Manager,2.5,Reject,False
INT004366,APP017186,1,2025-08-30,2025-08-30,On-site,Hiring Manager,2.4,Reject,False
INT004367,APP017187,1,2025-11-29,2025-11-29,On-site,Hiring Manager,4.4,Proceed,False
INT004368,APP017189,1,2024-12-13,2024-12-13,On-site,Hiring Manager,2.5,Reject,False
INT004369,APP017194,1,2025-01-03,2025-01-03,On-site,Hiring Manager,3.0,Hold,False
INT004370,APP017196,1,2025-04-09,2025-04-09,Phone,Hiring Manager,3.1,Hold,False
INT004371,APP017212,1,2025-10-09,2025-10-09,Video,Hiring Manager,3.7,Proceed,False
INT004372,APP017219,1,2025-12-09,2025-12-09,On-site,Hiring Manager,5.0,Proceed,False
INT004373,APP017222,1,2026-01-09,2026-01-09,Video,Hiring Manager,4.4,Proceed,False
INT004374,APP017225,1,2024-02-04,2024-02-04,On-site,Hiring Manager,3.2,Hold,False
INT004375,APP017225,2,2024-02-15,2024-02-15,On-site,Panel,2.0,Hold,False
INT004376,APP017229,1,2024-04-12,2024-04-12,Video,Hiring Manager,3.3,Hold,False
INT004377,APP017229,2,2024-04-22,2024-04-22,On-site,Panel,3.2,Hold,False
INT004378,APP017231,1,2024-09-30,2024-09-30,Video,Hiring Manager,3.0,Hold,False
INT004379,APP017233,1,2025-01-12,2025-01-12,Phone,Hiring Manager,4.2,Proceed,False
INT004380,APP017240,1,2025-11-25,2025-11-25,On-site,Hiring Manager,3.7,Proceed,False
INT004381,APP017242,1,2025-03-30,2025-03-30,Video,Hiring Manager,2.3,Reject,False
INT004382,APP017244,1,2025-07-05,2025-07-05,Video,Hiring Manager,1.4,Reject,False
INT004383,APP017244,2,2025-07-13,2025-07-13,On-site,Panel,1.8,Hold,False
INT004384,APP017254,1,2024-03-24,2024-03-24,Video,Hiring Manager,3.0,Hold,False
INT004385,APP017255,1,2025-03-04,2025-03-04,Video,Hiring Manager,3.2,Hold,False
INT004386,APP017257,1,2024-11-12,2024-11-12,On-site,Hiring Manager,4.3,Proceed,False
INT004387,APP017257,2,2024-11-20,2024-11-20,On-site,Panel,5.0,Proceed,False
INT004388,APP017259,1,2025-10-27,2025-10-27,Video,Hiring Manager,3.0,Hold,False
INT004389,APP017260,1,2024-10-23,2024-10-23,Video,Hiring Manager,3.1,Hold,False
INT004390,APP017265,1,2025-11-27,2025-11-27,On-site,Hiring Manager,3.2,Hold,False
INT004391,APP017281,1,2024-04-15,2024-04-15,On-site,Hiring Manager,3.1,Hold,False
INT004392,APP017282,1,2025-06-04,2025-06-04,On-site,Hiring Manager,3.2,Hold,False
INT004393,APP017282,2,2025-06-12,2025-06-12,On-site,Panel,3.0,Hold,False
INT004394,APP017286,1,2025-05-02,2025-05-02,Phone,Hiring Manager,3.9,Proceed,False
INT004395,APP017287,1,2025-01-17,2025-01-17,Phone,Hiring Manager,4.1,Proceed,False
INT004396,APP017288,1,2024-07-12,2024-07-12,Video,Hiring Manager,4.0,Proceed,False
INT004397,APP017289,1,2024-09-04,2024-09-04,On-site,Hiring Manager,3.6,Proceed,False
INT004398,APP017295,1,2025-02-25,2025-02-25,On-site,Hiring Manager,2.6,Reject,False
INT004399,APP017298,1,2025-09-12,2025-09-12,Video,Hiring Manager,4.8,Proceed,False
INT004400,APP017301,1,2025-09-27,2025-09-27,Video,Hiring Manager,2.4,Reject,False
INT004401,APP017309,1,2024-11-12,2024-11-12,Video,Hiring Manager,3.8,Proceed,False
INT004402,APP017314,1,2025-01-05,2025-01-05,On-site,Hiring Manager,4.1,Proceed,False
INT004403,APP017323,1,2024-03-19,2024-03-19,On-site,Hiring Manager,3.0,Hold,False
INT004404,APP017325,1,2025-03-07,2025-03-07,On-site,Hiring Manager,2.2,Reject,False
INT004405,APP017326,1,2024-12-08,2024-12-08,On-site,Hiring Manager,3.2,Hold,False
INT004406,APP017327,1,2024-06-28,2024-06-28,On-site,Hiring Manager,2.2,Reject,False
INT004407,APP017329,1,2024-06-17,2024-06-17,Video,Hiring Manager,3.3,Hold,False
INT004408,APP017333,1,2025-02-23,2025-02-23,On-site,Hiring Manager,3.7,Proceed,False
INT004409,APP017338,1,2025-01-22,2025-01-22,Video,Hiring Manager,3.3,Hold,False
INT004410,APP017341,1,2025-04-02,2025-04-02,On-site,Hiring Manager,3.7,Proceed,False
INT004411,APP017358,1,2025-03-21,2025-03-21,Video,Hiring Manager,3.1,Hold,False
INT004412,APP017359,1,2024-04-07,2024-04-07,On-site,Hiring Manager,2.4,Reject,False
INT004413,APP017361,1,2024-04-30,2024-04-30,Video,Hiring Manager,2.7,Reject,False
INT004414,APP017368,1,2024-05-29,2024-05-29,On-site,Hiring Manager,3.9,Proceed,False
INT004415,APP017369,1,2024-03-18,2024-03-18,Video,Hiring Manager,5.0,Proceed,False
INT004416,APP017371,1,2025-11-26,2025-11-26,Video,Hiring Manager,4.3,Proceed,False
INT004417,APP017383,1,2024-07-17,2024-07-17,On-site,Hiring Manager,2.7,Reject,False
INT004418,APP017392,1,2025-02-11,2025-02-11,On-site,Hiring Manager,3.0,Hold,False
INT004419,APP017392,2,2025-02-15,2025-02-15,Video,Panel,1.7,Hold,False
INT004420,APP017404,1,2025-10-15,2025-10-15,On-site,Hiring Manager,3.4,Proceed,False
INT004421,APP017405,1,2024-12-24,2024-12-24,On-site,Hiring Manager,4.2,Proceed,False
INT004422,APP017407,1,2025-06-08,2025-06-08,Video,Hiring Manager,4.0,Proceed,False
INT004423,APP017409,1,2025-12-22,2025-12-22,On-site,Hiring Manager,2.2,Reject,False
INT004424,APP017427,1,2024-12-25,2024-12-25,On-site,Hiring Manager,3.3,Hold,False
INT004425,APP017430,1,2024-10-09,2024-10-09,Video,Hiring Manager,3.7,Proceed,False
INT004426,APP017445,1,2025-05-16,2025-05-16,Video,Hiring Manager,3.6,Proceed,False
INT004427,APP017455,1,2025-01-13,2025-01-13,Video,Hiring Manager,,Proceed,False
INT004428,APP017459,1,2025-10-06,2025-10-06,Phone,Hiring Manager,2.8,Hold,False
INT004429,APP017464,1,2024-03-02,2024-03-02,Video,Hiring Manager,4.3,Proceed,False
INT004430,APP017473,1,2024-08-20,2024-08-20,On-site,Hiring Manager,3.6,Proceed,False
INT004431,APP017476,1,2025-05-12,2025-05-12,On-site,Hiring Manager,3.4,Proceed,False
INT004432,APP017478,1,2024-02-16,2024-02-16,On-site,Hiring Manager,3.7,Proceed,False
INT004433,APP017479,1,2025-03-11,2025-03-11,Video,Hiring Manager,3.9,Proceed,False
INT004434,APP017480,1,2024-04-04,2024-04-04,Video,Hiring Manager,2.4,Reject,False
INT004435,APP017491,1,2025-10-12,2025-10-12,On-site,Hiring Manager,,Reject,False
INT004436,APP017492,1,2025-09-08,2025-09-08,Video,Hiring Manager,3.2,Hold,False
INT004437,APP017493,1,2024-09-17,2024-09-17,On-site,Hiring Manager,3.6,Proceed,False
INT004438,APP017495,1,2024-10-16,2024-10-16,On-site,Hiring Manager,3.2,Hold,False
INT004439,APP017495,2,2024-10-25,2024-10-25,On-site,Panel,4.1,Proceed,False
INT004440,APP017496,1,2025-05-30,2025-05-30,On-site,Hiring Manager,3.7,Proceed,False
INT004441,APP017505,1,2024-04-28,2024-04-28,On-site,Hiring Manager,3.6,Proceed,False
INT004442,APP017506,1,2025-05-10,2025-05-10,Video,Hiring Manager,3.5,Proceed,False
INT004443,APP017512,1,2025-08-30,2025-08-30,Phone,Hiring Manager,2.6,Reject,False
INT004444,APP017515,1,2024-04-26,2024-04-26,Video,Hiring Manager,2.4,Reject,False
INT004445,APP017520,1,2024-04-12,2024-04-12,Video,Hiring Manager,2.1,Reject,False
INT004446,APP017523,1,2025-05-09,2025-05-09,Video,Hiring Manager,3.2,Hold,False
INT004447,APP017524,1,2025-02-06,2025-02-06,Video,Hiring Manager,3.6,Proceed,False
INT004448,APP017524,2,2025-02-11,2025-02-11,On-site,Panel,2.7,Hold,False
INT004449,APP017534,1,2025-07-02,2025-07-02,Video,Hiring Manager,3.1,Hold,False
INT004450,APP017537,1,2025-01-09,2025-01-09,Video,Hiring Manager,5.0,Proceed,False
INT004451,APP017537,2,2025-01-19,2025-01-19,On-site,Panel,4.8,Proceed,False
INT004452,APP017538,1,2025-11-07,2025-11-07,Video,Hiring Manager,1.5,Reject,False
INT004453,APP017539,1,2024-08-12,2024-08-12,On-site,Hiring Manager,3.6,Proceed,False
INT004454,APP017541,1,2024-11-07,2024-11-07,Video,Hiring Manager,3.7,Proceed,False
INT004455,APP017541,2,2024-11-12,2024-11-12,On-site,Panel,4.6,Proceed,False
INT004456,APP017555,1,2025-04-22,2025-04-22,On-site,Hiring Manager,3.5,Proceed,False
INT004457,APP017559,1,2025-06-02,2025-06-02,Video,Hiring Manager,4.7,Proceed,False
INT004458,APP017559,2,2025-06-07,2025-06-07,On-site,Panel,3.9,Proceed,False
INT004459,APP017563,1,2025-02-14,2025-02-14,Video,Hiring Manager,3.1,Hold,False
INT004460,APP017566,1,2025-03-15,2025-03-15,Video,Hiring Manager,3.0,Hold,False
INT004461,APP017569,1,2025-12-27,2025-12-27,Phone,Hiring Manager,4.5,Proceed,False
INT004462,APP017571,1,2025-05-24,2025-05-24,Video,Hiring Manager,1.8,Reject,False
INT004463,APP017574,1,2025-03-25,2025-03-25,Video,Hiring Manager,3.3,Hold,False
INT004464,APP017574,2,2025-04-05,2025-04-05,On-site,Panel,3.6,Proceed,False
INT004465,APP017581,1,2024-07-07,2024-07-07,On-site,Hiring Manager,3.2,Hold,False
INT004466,APP017583,1,2024-10-21,2024-10-21,On-site,Hiring Manager,2.6,Reject,False
INT004467,APP017584,1,2024-11-10,2024-11-10,Video,Hiring Manager,2.5,Reject,False
INT004468,APP017595,1,2024-11-28,2024-11-28,Video,Hiring Manager,5.0,Proceed,False
INT004469,APP017610,1,2025-07-12,2025-07-12,Video,Hiring Manager,5.0,Proceed,False
INT004470,APP017618,1,2024-08-13,2024-08-13,Phone,Hiring Manager,3.7,Proceed,False
INT004471,APP017618,2,2024-08-20,2024-08-20,On-site,Panel,4.2,Proceed,False
INT004472,APP017620,1,2024-11-26,2024-11-26,Video,Hiring Manager,2.5,Reject,False
INT004473,APP017623,1,2025-02-25,2025-02-25,Phone,Hiring Manager,1.4,Reject,False
INT004474,APP017623,2,2025-03-02,2025-03-02,On-site,Panel,2.0,Hold,False
INT004475,APP017625,1,2025-08-27,2025-08-27,Video,Hiring Manager,2.2,Reject,False
INT004476,APP017630,1,2025-04-01,2025-04-01,Video,Hiring Manager,3.6,Proceed,False
INT004477,APP017640,1,2024-11-29,2024-11-29,Video,Hiring Manager,2.2,Reject,False
INT004478,APP017643,1,2025-05-11,2025-05-11,Video,Hiring Manager,4.3,Proceed,False
INT004479,APP017643,2,2025-05-15,2025-05-15,On-site,Panel,4.7,Proceed,False
INT004480,APP017648,1,2024-07-08,2024-07-08,On-site,Hiring Manager,3.6,Proceed,False
INT004481,APP017650,1,2024-06-09,2024-06-09,On-site,Hiring Manager,4.4,Proceed,False
INT004482,APP017656,1,2024-09-15,2024-09-15,On-site,Hiring Manager,2.6,Reject,False
INT004483,APP017656,2,2024-09-22,2024-09-22,On-site,Panel,3.6,Proceed,False
INT004484,APP017661,1,2025-05-04,2025-05-04,On-site,Hiring Manager,4.1,Proceed,False
INT004485,APP017662,1,2026-01-11,2026-01-11,On-site,Hiring Manager,2.8,Hold,False
INT004486,APP017666,1,2024-07-02,2024-07-02,Video,Hiring Manager,4.1,Proceed,False
INT004487,APP017667,1,2024-04-09,2024-04-09,Video,Hiring Manager,2.0,Reject,False
INT004488,APP017667,2,2024-04-14,2024-04-14,On-site,Panel,1.4,Hold,False
INT004489,APP017671,1,2025-01-25,2025-01-25,Phone,Hiring Manager,5.0,Proceed,False
INT004490,APP017686,1,2025-02-13,2025-02-13,Video,Hiring Manager,3.6,Proceed,False
INT004491,APP017699,1,2025-06-23,2025-06-23,On-site,Hiring Manager,4.4,Proceed,False
INT004492,APP017706,1,2025-05-27,2025-05-27,Video,Hiring Manager,4.1,Proceed,False
INT004493,APP017708,1,2024-05-09,2024-05-09,Video,Hiring Manager,3.4,Proceed,False
INT004494,APP017721,1,2025-07-06,2025-07-06,Video,Hiring Manager,2.8,Hold,False
INT004495,APP017721,2,2025-07-11,2025-07-11,On-site,Panel,3.4,Proceed,False
INT004496,APP017737,1,2024-05-17,2024-05-17,Video,Hiring Manager,4.2,Proceed,False
INT004497,APP017737,2,2024-05-27,2024-05-27,Video,Panel,4.5,Proceed,False
INT004498,APP017739,1,2025-11-22,2025-11-22,Video,Hiring Manager,2.0,Reject,False
INT004499,APP017739,2,2025-11-27,2025-11-27,On-site,Panel,2.1,Hold,False
INT004500,APP017743,1,2025-04-26,2025-04-26,Video,Hiring Manager,,Proceed,False
INT004501,APP017746,1,2024-06-05,2024-06-05,Phone,Hiring Manager,3.6,Proceed,False
INT004502,APP017747,1,2025-10-16,2025-10-16,Video,Hiring Manager,3.1,Hold,False
INT004503,APP017750,1,2024-08-06,2024-08-06,Video,Hiring Manager,2.6,Reject,False
INT004504,APP017754,1,2024-12-16,2024-12-16,On-site,Hiring Manager,3.5,Proceed,False
INT004505,APP017755,1,2024-10-02,2024-10-02,Video,Hiring Manager,5.0,Proceed,False
INT004506,APP017758,1,2025-06-21,2025-06-21,Phone,Hiring Manager,2.5,Reject,False
INT004507,APP017758,2,2025-06-27,2025-06-27,On-site,Panel,2.5,Hold,False
INT004508,APP017759,1,2024-07-12,2024-07-12,On-site,Hiring Manager,3.2,Hold,False
INT004509,APP017760,1,2024-02-26,2024-02-26,Video,Hiring Manager,4.4,Proceed,False
INT004510,APP017764,1,2024-04-01,2024-04-01,On-site,Hiring Manager,3.1,Hold,False
INT004511,APP017766,1,2025-09-17,2025-09-17,On-site,Hiring Manager,2.8,Hold,False
INT004512,APP017782,1,2025-03-24,2025-03-24,Video,Hiring Manager,1.3,Reject,False
INT004513,APP017784,1,2024-02-13,2024-02-13,Video,Hiring Manager,3.1,Hold,False
INT004514,APP017791,1,2024-03-09,2024-03-09,Video,Hiring Manager,2.0,Reject,False
INT004515,APP017792,1,2024-01-22,2024-01-22,On-site,Hiring Manager,3.2,Hold,False
INT004516,APP017794,1,2025-01-04,2025-01-04,Video,Hiring Manager,3.5,Proceed,False
INT004517,APP017801,1,2025-01-10,2025-01-10,Video,Hiring Manager,2.2,Reject,False
INT004518,APP017803,1,2024-04-05,2024-04-05,Video,Hiring Manager,3.4,Proceed,False
INT004519,APP017803,2,2024-04-12,2024-04-12,On-site,Panel,3.7,Proceed,False
INT004520,APP017819,1,2025-01-19,2025-01-19,Video,Hiring Manager,2.5,Reject,False
INT004521,APP017824,1,2025-05-17,2025-05-17,Video,Hiring Manager,3.8,Proceed,False
INT004522,APP017827,1,2026-01-16,2026-01-16,Video,Hiring Manager,3.8,Proceed,False
INT004523,APP017829,1,2026-01-01,2026-01-01,Video,Hiring Manager,4.0,Proceed,False
INT004524,APP017830,1,2025-02-19,2025-02-19,Video,Hiring Manager,3.5,Proceed,False
INT004525,APP017841,1,2024-09-01,2024-09-01,Video,Hiring Manager,3.7,Proceed,False
INT004526,APP017851,1,2025-07-29,2025-07-29,On-site,Hiring Manager,2.9,Hold,False
INT004527,APP017855,1,2025-07-26,2025-07-26,On-site,Hiring Manager,3.2,Hold,False
INT004528,APP017855,2,2025-07-31,2025-07-31,On-site,Panel,3.0,Hold,False
INT004529,APP017858,1,2024-09-03,2024-09-03,Video,Hiring Manager,3.8,Proceed,False
INT004530,APP017867,1,2025-05-25,2025-05-25,Video,Hiring Manager,2.6,Reject,False
INT004531,APP017868,1,2025-01-29,2025-01-29,Video,Hiring Manager,2.1,Reject,False
INT004532,APP017870,1,2024-11-23,2024-11-23,Video,Hiring Manager,5.0,Proceed,False
INT004533,APP017870,2,2024-12-02,2024-12-02,On-site,Panel,4.8,Proceed,False
INT004534,APP017874,1,2025-06-29,2025-06-29,On-site,Hiring Manager,2.7,Reject,False
INT004535,APP017876,1,2024-12-28,2024-12-28,Video,Hiring Manager,2.2,Reject,False
INT004536,APP017891,1,2024-03-16,2024-03-16,Video,Hiring Manager,2.9,Hold,False
INT004537,APP017894,1,2025-03-26,2025-03-26,Phone,Hiring Manager,2.8,Hold,False
INT004538,APP017902,1,2024-11-08,2024-11-08,Video,Hiring Manager,2.2,Reject,False
INT004539,APP017905,1,2025-10-30,2025-10-30,On-site,Hiring Manager,3.6,Proceed,False
INT004540,APP017915,1,2024-08-14,2024-08-14,On-site,Hiring Manager,3.4,Proceed,False
INT004541,APP017928,1,2025-01-09,2025-01-09,On-site,Hiring Manager,3.0,Hold,False
INT004542,APP017937,1,2024-03-08,2024-03-08,On-site,Hiring Manager,3.1,Hold,False
INT004543,APP017941,1,2024-03-27,2024-03-27,Video,Hiring Manager,,Proceed,False
INT004544,APP017942,1,2025-03-20,2025-03-20,Video,Hiring Manager,3.2,Hold,False
INT004545,APP017948,1,2025-04-13,2025-04-13,Phone,Hiring Manager,4.4,Proceed,False
INT004546,APP017959,1,2024-03-25,2024-03-25,Video,Hiring Manager,3.5,Proceed,False
INT004547,APP017966,1,2025-08-12,2025-08-12,On-site,Hiring Manager,2.8,Hold,False
INT004548,APP017966,2,2025-08-18,2025-08-18,On-site,Panel,2.4,Hold,False
INT004549,APP017967,1,2025-03-21,2025-03-21,Video,Hiring Manager,4.3,Proceed,False
INT004550,APP017968,1,2026-01-08,2026-01-08,Video,Hiring Manager,3.8,Proceed,False
INT004551,APP017971,1,2025-09-11,2025-09-11,Video,Hiring Manager,,Proceed,False
INT004552,APP017972,1,2025-12-21,2025-12-21,Phone,Hiring Manager,4.9,Proceed,False
INT004553,APP017973,1,2025-11-11,2025-11-11,Video,Hiring Manager,2.0,Reject,False
INT004554,APP017980,1,2025-10-09,2025-10-09,On-site,Hiring Manager,4.2,Proceed,False
INT004555,APP017986,1,2025-09-03,2025-08-30,Video,Hiring Manager,2.0,Reject,False
INT004556,APP017988,1,2024-07-23,2024-07-23,Video,Hiring Manager,3.9,Proceed,False
INT004557,APP017992,1,2024-09-15,2024-09-15,Video,Hiring Manager,4.4,Proceed,False
INT004558,APP017993,1,2025-03-12,2025-03-12,Video,Hiring Manager,4.0,Proceed,False
INT004559,APP017994,1,2024-04-30,2024-04-30,Video,Hiring Manager,2.6,Reject,False
INT004560,APP017995,1,2025-07-02,2025-07-02,Video,Hiring Manager,3.6,Proceed,False
INT004561,APP018002,1,2025-04-06,2025-04-06,On-site,Hiring Manager,5.0,Proceed,False
INT004562,APP018019,1,2024-08-22,2024-08-22,Video,Hiring Manager,5.0,Proceed,False
INT004563,APP018019,2,2024-09-01,2024-09-01,On-site,Panel,5.0,Proceed,False
INT004564,APP018020,1,2025-11-13,2025-11-13,Phone,Hiring Manager,,Reject,False
INT004565,APP018021,1,2024-10-09,2024-10-09,Video,Hiring Manager,4.5,Proceed,False
INT004566,APP018024,1,2025-02-17,2025-02-17,On-site,Hiring Manager,3.0,Hold,False
INT004567,APP018029,1,2024-11-10,2024-11-10,Video,Hiring Manager,4.6,Proceed,False
INT004568,APP018031,1,2025-08-08,2025-08-08,Video,Hiring Manager,3.4,Proceed,False
INT004569,APP018042,1,2024-08-29,2024-08-29,Video,Hiring Manager,3.7,Proceed,False
INT004570,APP018044,1,2025-11-15,2025-11-15,Video,Hiring Manager,2.8,Hold,False
INT004571,APP018044,2,2025-11-25,2025-11-25,On-site,Panel,2.1,Hold,False
INT004572,APP018049,1,2024-12-14,2024-12-14,Phone,Hiring Manager,2.9,Hold,False
INT004573,APP018049,2,2024-12-25,2024-12-25,On-site,Panel,2.1,Hold,False
INT004574,APP018051,1,2025-12-16,2025-12-16,On-site,Hiring Manager,3.6,Proceed,False
INT004575,APP018053,1,2024-02-12,2024-02-12,Video,Hiring Manager,3.6,Proceed,False
INT004576,APP018054,1,2025-01-09,2025-01-09,On-site,Hiring Manager,2.5,Reject,False
INT004577,APP018055,1,2025-09-05,2025-09-05,Video,Hiring Manager,2.4,Reject,False
INT004578,APP018063,1,2025-02-26,2025-02-26,On-site,Hiring Manager,5.0,Proceed,False
INT004579,APP018076,1,2025-04-13,2025-04-13,Video,Hiring Manager,2.0,Reject,False
INT004580,APP018078,1,2024-12-21,2024-12-21,Video,Hiring Manager,2.7,Reject,False
INT004581,APP018079,1,2024-06-06,2024-06-06,Video,Hiring Manager,3.1,Hold,False
INT004582,APP018081,1,2025-11-05,2025-11-05,On-site,Hiring Manager,2.0,Reject,False
INT004583,APP018086,1,2025-11-10,2025-11-10,Video,Hiring Manager,2.1,Reject,False
INT004584,APP018091,1,2025-07-06,2025-07-06,Video,Hiring Manager,5.0,Proceed,False
INT004585,APP018092,1,2025-03-21,2025-03-21,On-site,Hiring Manager,4.1,Proceed,False
INT004586,APP018095,1,2024-07-16,2024-07-16,Video,Hiring Manager,2.9,Hold,False
INT004587,APP018096,1,2025-10-17,2025-10-17,On-site,Hiring Manager,3.2,Hold,False
INT004588,APP018098,1,2025-06-30,2025-06-30,Video,Hiring Manager,3.3,Hold,False
INT004589,APP018105,1,2025-12-05,2025-12-05,Phone,Hiring Manager,4.1,Proceed,False
INT004590,APP018107,1,2025-05-10,2025-05-10,Video,Hiring Manager,2.3,Reject,False
INT004591,APP018111,1,2025-01-19,2025-01-19,On-site,Hiring Manager,2.7,Reject,False
INT004592,APP018115,1,2025-09-13,2025-09-13,Phone,Hiring Manager,3.4,Proceed,False
INT004593,APP018115,2,2025-09-18,2025-09-18,On-site,Panel,2.4,Hold,False
INT004594,APP018116,1,2024-05-11,2024-05-11,Video,Hiring Manager,5.0,Proceed,False
INT004595,APP018122,1,2025-03-07,2025-03-07,On-site,Hiring Manager,3.6,Proceed,False
INT004596,APP018123,1,2025-06-10,2025-06-10,Video,Hiring Manager,3.5,Proceed,False
INT004597,APP018125,1,2025-09-15,2025-09-15,Video,Hiring Manager,5.0,Proceed,False
INT004598,APP018150,1,2025-09-14,2025-09-14,On-site,Hiring Manager,4.4,Proceed,False
INT004599,APP018153,1,2024-12-23,2024-12-23,Video,Hiring Manager,3.6,Proceed,False
INT004600,APP018154,1,2025-09-15,2025-09-15,Video,Hiring Manager,1.4,Reject,False
INT004601,APP018156,1,2025-05-26,2025-05-26,On-site,Hiring Manager,3.1,Hold,False
INT004602,APP018163,1,2025-04-22,2025-04-22,Video,Hiring Manager,4.7,Proceed,False
INT004603,APP018166,1,2025-10-10,2025-10-10,On-site,Hiring Manager,4.3,Proceed,False
INT004604,APP018171,1,2025-05-30,2025-05-30,On-site,Hiring Manager,4.2,Proceed,False
INT004605,APP018177,1,2024-01-25,2024-01-13,Video,Hiring Manager,3.0,Hold,False
INT004606,APP018178,1,2025-04-18,2025-04-18,Video,Hiring Manager,3.9,Proceed,False
INT004607,APP018182,1,2025-12-24,2025-12-24,Video,Hiring Manager,4.4,Proceed,False
INT004608,APP018190,1,2025-04-01,2025-04-01,Video,Hiring Manager,3.3,Hold,False
INT004609,APP018192,1,2024-07-01,2024-07-01,Video,Hiring Manager,3.4,Proceed,False
INT004610,APP018194,1,2024-09-05,2024-09-05,On-site,Hiring Manager,3.0,Hold,False
INT004611,APP018194,2,2024-09-13,2024-09-13,On-site,Panel,3.2,Hold,False
INT004612,APP018202,1,2025-03-22,2025-03-22,Video,Hiring Manager,3.2,Hold,False
INT004613,APP018203,1,2024-11-19,2024-11-19,Video,Hiring Manager,3.2,Hold,False
INT004614,APP018209,1,2024-01-30,2024-01-30,On-site,Hiring Manager,3.2,Hold,False
INT004615,APP018212,1,2024-11-24,2024-11-24,On-site,Hiring Manager,3.4,Proceed,False
INT004616,APP018215,1,2024-12-10,2024-12-10,Video,Hiring Manager,3.0,Hold,False
INT004617,APP018219,1,2025-11-23,2025-11-23,Video,Hiring Manager,2.9,Hold,False
INT004618,APP018221,1,2025-07-14,2025-07-14,Video,Hiring Manager,2.1,Reject,False
INT004619,APP018235,1,2025-09-24,2025-09-24,Video,Hiring Manager,3.1,Hold,False
INT004620,APP018237,1,2024-05-26,2024-05-26,On-site,Hiring Manager,4.1,Proceed,False
INT004621,APP018240,1,2024-09-07,2024-09-07,Video,Hiring Manager,3.0,Hold,False
INT004622,APP018241,1,2025-02-02,2025-02-02,Video,Hiring Manager,4.3,Proceed,False
INT004623,APP018243,1,2025-08-23,2025-08-23,Video,Hiring Manager,2.8,Hold,False
INT004624,APP018248,1,2024-10-11,2024-10-11,Video,Hiring Manager,3.7,Proceed,False
INT004625,APP018251,1,2024-11-06,2024-11-06,Phone,Hiring Manager,3.0,Hold,False
INT004626,APP018251,2,2024-11-16,2024-11-16,On-site,Panel,3.2,Hold,False
INT004627,APP018260,1,2025-09-01,2025-09-01,Video,Hiring Manager,3.6,Proceed,False
INT004628,APP018263,1,2024-10-31,2024-10-31,Phone,Hiring Manager,2.8,Hold,False
INT004629,APP018265,1,2025-10-18,2025-10-18,Video,Hiring Manager,3.5,Proceed,False
INT004630,APP018267,1,2025-08-06,2025-08-06,On-site,Hiring Manager,3.2,Hold,False
INT004631,APP018274,1,2024-06-03,2024-06-03,On-site,Hiring Manager,2.3,Reject,False
INT004632,APP018275,1,2025-10-13,2025-10-13,On-site,Hiring Manager,2.3,Reject,False
INT004633,APP018286,1,2025-08-31,2025-08-31,On-site,Hiring Manager,4.0,Proceed,False
INT004634,APP018299,1,2025-11-19,2025-11-19,On-site,Hiring Manager,3.7,Proceed,False
INT004635,APP018310,1,2024-03-20,2024-03-20,Video,Hiring Manager,3.7,Proceed,False
INT004636,APP018320,1,2024-11-17,2024-11-17,On-site,Hiring Manager,4.6,Proceed,False
INT004637,APP018322,1,2024-03-07,2024-03-07,Video,Hiring Manager,3.3,Hold,False
INT004638,APP018336,1,2024-08-29,2024-08-29,Video,Hiring Manager,3.2,Hold,False
INT004639,APP018337,1,2024-02-11,2024-02-11,On-site,Hiring Manager,3.8,Proceed,False
INT004640,APP018337,2,2024-02-22,2024-02-22,On-site,Panel,3.8,Proceed,False
INT004641,APP018360,1,2025-12-24,2025-12-24,On-site,Hiring Manager,3.8,Proceed,False
INT004642,APP018369,1,2024-12-05,2024-12-05,On-site,Hiring Manager,4.5,Proceed,False
INT004643,APP018370,1,2025-01-23,2025-01-23,Video,Hiring Manager,1.1,Reject,False
INT004644,APP018371,1,2025-02-14,2025-02-14,Phone,Hiring Manager,2.3,Reject,False
INT004645,APP018374,1,2025-07-27,2025-07-27,On-site,Hiring Manager,2.4,Reject,False
INT004646,APP018376,1,2025-10-15,2025-10-15,On-site,Hiring Manager,3.3,Hold,False
INT004647,APP018378,1,2024-04-14,2024-04-14,Phone,Hiring Manager,3.2,Hold,False
INT004648,APP018388,1,2024-08-11,2024-08-11,Video,Hiring Manager,4.1,Proceed,False
INT004649,APP018396,1,2025-03-20,2025-03-20,Video,Hiring Manager,3.1,Hold,False
INT004650,APP018396,2,2025-03-31,2025-03-31,On-site,Panel,3.9,Proceed,False
INT004651,APP018398,1,2024-06-09,2024-06-09,Video,Hiring Manager,,Hold,False
INT004652,APP018406,1,2025-08-30,2025-08-30,Video,Hiring Manager,4.7,Proceed,False
INT004653,APP018411,1,2024-09-21,2024-09-21,Video,Hiring Manager,3.0,Hold,False
INT004654,APP018415,1,2024-05-08,2024-05-08,On-site,Hiring Manager,2.8,Hold,False
INT004655,APP018423,1,2025-06-03,2025-06-03,Video,Hiring Manager,3.6,Proceed,False
INT004656,APP018425,1,2024-12-17,2024-12-17,On-site,Hiring Manager,2.8,Hold,False
INT004657,APP018430,1,2024-10-14,2024-10-14,Video,Hiring Manager,2.9,Hold,False
INT004658,APP018436,1,2024-07-17,2024-07-17,Video,Hiring Manager,3.2,Hold,False
INT004659,APP018437,1,2025-08-21,2025-08-21,Video,Hiring Manager,3.6,Proceed,False
INT004660,APP018441,1,2024-03-24,2024-03-24,Video,Hiring Manager,3.5,Proceed,False
INT004661,APP018458,1,2024-07-23,2024-07-23,On-site,Hiring Manager,2.3,Reject,False
INT004662,APP018461,1,2024-03-05,2024-03-05,Phone,Hiring Manager,3.6,Proceed,False
INT004663,APP018476,1,2025-01-21,2025-01-21,Video,Hiring Manager,3.8,Proceed,False
INT004664,APP018477,1,2025-08-20,2025-08-20,On-site,Hiring Manager,3.0,Hold,False
INT004665,APP018478,1,2025-10-31,2025-10-31,On-site,Hiring Manager,3.5,Proceed,False
INT004666,APP018481,1,2024-12-27,2024-12-27,Video,Hiring Manager,3.0,Hold,False
INT004667,APP018502,1,2025-05-29,2025-05-29,Video,Hiring Manager,5.0,Proceed,False
INT004668,APP018503,1,2024-11-01,2024-11-01,Video,Hiring Manager,3.4,Proceed,False
INT004669,APP018513,1,2025-07-28,2025-07-28,On-site,Hiring Manager,3.1,Hold,False
INT004670,APP018516,1,2025-01-08,2025-01-08,Video,Hiring Manager,2.5,Reject,False
INT004671,APP018518,1,2025-03-15,2025-03-15,On-site,Hiring Manager,3.9,Proceed,False
INT004672,APP018518,2,2025-03-22,2025-03-22,On-site,Panel,3.6,Proceed,False
INT004673,APP018525,1,2025-03-13,2025-03-13,Video,Hiring Manager,3.4,Proceed,False
INT004674,APP018526,1,2024-10-06,2024-10-06,Video,Hiring Manager,3.2,Hold,False
INT004675,APP018530,1,2025-04-05,2025-04-05,On-site,Hiring Manager,3.1,Hold,False
INT004676,APP018532,1,2025-11-18,2025-11-18,On-site,Hiring Manager,2.8,Hold,False
INT004677,APP018536,1,2025-06-28,2025-06-28,Video,Hiring Manager,3.6,Proceed,False
INT004678,APP018538,1,2025-01-03,2025-01-03,Phone,Hiring Manager,5.0,Proceed,False
INT004679,APP018543,1,2025-05-01,2025-05-01,On-site,Hiring Manager,3.7,Proceed,False
INT004680,APP018546,1,2025-09-30,2025-09-30,On-site,Hiring Manager,3.1,Hold,False
INT004681,APP018551,1,2024-11-23,2024-11-23,On-site,Hiring Manager,4.8,Proceed,False
INT004682,APP018553,1,2024-12-29,2024-12-29,Phone,Hiring Manager,3.4,Proceed,False
INT004683,APP018557,1,2024-03-27,2024-03-27,Video,Hiring Manager,4.2,Proceed,False
INT004684,APP018561,1,2024-11-05,2024-11-05,Video,Hiring Manager,4.3,Proceed,False
INT004685,APP018561,2,2024-11-12,2024-11-12,On-site,Panel,4.4,Proceed,False
INT004686,APP018570,1,2024-04-17,2024-04-17,Video,Hiring Manager,3.1,Hold,False
INT004687,APP018578,1,2024-09-04,2024-09-04,Video,Hiring Manager,3.2,Hold,False
INT004688,APP018583,1,2024-06-29,2024-06-29,Video,Hiring Manager,4.2,Proceed,False
INT004689,APP018589,1,2025-09-30,2025-09-30,On-site,Hiring Manager,3.9,Proceed,False
INT004690,APP018593,1,2025-05-27,2025-05-27,Video,Hiring Manager,2.8,Hold,False
INT004691,APP018614,1,2025-01-06,2025-01-06,On-site,Hiring Manager,1.5,Reject,False
INT004692,APP018615,1,2025-02-07,2025-02-07,Video,Hiring Manager,4.5,Proceed,False
INT004693,APP018615,2,2025-02-16,2025-02-16,On-site,Panel,5.0,Proceed,False
INT004694,APP018618,1,2024-05-30,2024-05-30,On-site,Hiring Manager,2.3,Reject,False
INT004695,APP018620,1,2024-12-11,2024-12-11,Video,Hiring Manager,3.7,Proceed,False
INT004696,APP018624,1,2025-04-11,2025-04-11,Video,Hiring Manager,2.3,Reject,False
INT004697,APP018625,1,2025-09-28,2025-09-28,Video,Hiring Manager,3.3,Hold,False
INT004698,APP018627,1,2025-01-25,2025-01-25,Video,Hiring Manager,3.4,Proceed,False
INT004699,APP018630,1,2025-12-18,2025-12-18,On-site,Hiring Manager,3.9,Proceed,False
INT004700,APP018638,1,2025-01-06,2025-01-06,Video,Hiring Manager,3.5,Proceed,False
INT004701,APP018646,1,2025-02-21,2025-02-21,On-site,Hiring Manager,2.9,Hold,False
INT004702,APP018649,1,2024-04-23,2024-04-23,On-site,Hiring Manager,3.6,Proceed,False
INT004703,APP018654,1,2025-01-17,2025-01-17,Video,Hiring Manager,4.6,Proceed,False
INT004704,APP018655,1,2025-03-02,2025-03-02,On-site,Hiring Manager,3.7,Proceed,False
INT004705,APP018661,1,2025-05-06,2025-05-06,Phone,Hiring Manager,1.7,Reject,False
INT004706,APP018662,1,2024-05-30,2024-05-30,On-site,Hiring Manager,4.2,Proceed,False
INT004707,APP018671,1,2025-01-06,2025-01-06,Phone,Hiring Manager,3.9,Proceed,False
INT004708,APP018674,1,2025-08-31,2025-08-31,On-site,Hiring Manager,4.3,Proceed,False
INT004709,APP018674,2,2025-09-10,2025-09-10,On-site,Panel,4.7,Proceed,False
INT004710,APP018681,1,2025-10-20,2025-10-20,Video,Hiring Manager,4.0,Proceed,False
INT004711,APP018693,1,2024-04-01,2024-04-01,Video,Hiring Manager,4.3,Proceed,False
INT004712,APP018694,1,2025-06-11,2025-06-11,Video,Hiring Manager,3.9,Proceed,False
INT004713,APP018698,1,2024-05-17,2024-05-17,Video,Hiring Manager,2.8,Hold,False
INT004714,APP018702,1,2025-02-12,2025-02-12,Video,Hiring Manager,2.7,Reject,False
INT004715,APP018704,1,2025-06-12,2025-06-12,Video,Hiring Manager,5.0,Proceed,False
INT004716,APP018710,1,2024-11-16,2024-11-16,Video,Hiring Manager,2.5,Reject,False
INT004717,APP018711,1,2025-10-20,2025-10-20,Video,Hiring Manager,4.2,Proceed,False
INT004718,APP018718,1,2025-04-08,2025-04-08,Video,Hiring Manager,3.6,Proceed,False
INT004719,APP018719,1,2025-11-22,2025-11-22,On-site,Hiring Manager,3.0,Hold,False
INT004720,APP018733,1,2025-04-19,2025-04-19,Phone,Hiring Manager,3.2,Hold,False
INT004721,APP018735,1,2024-03-08,2024-03-08,Video,Hiring Manager,3.1,Hold,False
INT004722,APP018739,1,2025-01-07,2025-01-07,Video,Hiring Manager,2.3,Reject,False
INT004723,APP018745,1,2024-03-22,2024-03-22,Phone,Hiring Manager,3.8,Proceed,False
INT004724,APP018749,1,2025-07-06,2025-07-06,Video,Hiring Manager,2.7,Reject,False
INT004725,APP018749,2,2025-07-13,2025-07-13,On-site,Panel,2.9,Hold,False
INT004726,APP018753,1,2025-09-01,2025-09-01,Phone,Hiring Manager,2.3,Reject,False
INT004727,APP018758,1,2024-07-18,2024-07-18,Video,Hiring Manager,2.7,Reject,False
INT004728,APP018760,1,2024-04-23,2024-04-23,Phone,Hiring Manager,3.0,Hold,False
INT004729,APP018761,1,2025-01-10,2024-12-28,On-site,Hiring Manager,3.6,Proceed,False
INT004730,APP018762,1,2025-08-30,2025-08-30,Video,Hiring Manager,3.7,Proceed,False
INT004731,APP018768,1,2024-12-31,2024-12-31,On-site,Hiring Manager,4.3,Proceed,False
INT004732,APP018769,1,2025-05-31,2025-05-31,On-site,Hiring Manager,2.8,Hold,False
INT004733,APP018771,1,2025-04-19,2025-04-19,On-site,Hiring Manager,3.3,Hold,False
INT004734,APP018772,1,2025-03-22,2025-03-22,Video,Hiring Manager,4.3,Proceed,False
INT004735,APP018774,1,2024-10-09,2024-10-09,Video,Hiring Manager,5.0,Proceed,False
INT004736,APP018779,1,2025-08-18,2025-08-18,Video,Hiring Manager,2.3,Reject,False
INT004737,APP018782,1,2025-04-04,2025-04-04,On-site,Hiring Manager,,Proceed,False
INT004738,APP018784,1,2024-10-07,2024-10-07,Video,Hiring Manager,3.6,Proceed,False
INT004739,APP018785,1,2024-04-08,2024-04-08,Phone,Hiring Manager,3.7,Proceed,False
INT004740,APP018789,1,2024-12-22,2024-12-22,Video,Hiring Manager,2.1,Reject,False
INT004741,APP018791,1,2024-03-12,2024-03-12,Video,Hiring Manager,4.6,Proceed,False
INT004742,APP018795,1,2024-04-14,2024-04-14,Video,Hiring Manager,1.5,Reject,False
INT004743,APP018798,1,2025-07-29,2025-07-29,Video,Hiring Manager,4.8,Proceed,False
INT004744,APP018800,1,2024-12-16,2024-12-16,Video,Hiring Manager,3.7,Proceed,False
INT004745,APP018805,1,2024-12-04,2024-12-04,On-site,Hiring Manager,3.6,Proceed,False
INT004746,APP018810,1,2024-07-18,2024-07-18,Video,Hiring Manager,1.6,Reject,False
INT004747,APP018816,1,2025-04-05,2025-04-05,Video,Hiring Manager,3.2,Hold,False
INT004748,APP018817,1,2025-10-24,2025-10-24,Video,Hiring Manager,4.1,Proceed,False
INT004749,APP018818,1,2025-07-27,2025-07-27,Video,Hiring Manager,4.5,Proceed,False
INT004750,APP018818,2,2025-08-01,2025-08-01,Video,Panel,4.2,Proceed,False
INT004751,APP018820,1,2025-04-03,2025-04-03,Phone,Hiring Manager,4.1,Proceed,False
INT004752,APP018830,1,2025-09-01,2025-09-01,Video,Hiring Manager,3.2,Hold,False
INT004753,APP018835,1,2025-05-07,2025-05-07,Video,Hiring Manager,3.0,Hold,False
INT004754,APP018835,2,2025-05-13,2025-05-13,On-site,Panel,3.4,Proceed,False
INT004755,APP018837,1,2025-03-19,2025-03-19,Video,Hiring Manager,3.6,Proceed,False
INT004756,APP018844,1,2025-12-22,2025-12-22,Video,Hiring Manager,4.6,Proceed,False
INT004757,APP018846,1,2025-11-26,2025-11-26,On-site,Hiring Manager,4.4,Proceed,False
INT004758,APP018853,1,2024-05-28,2024-05-28,Phone,Hiring Manager,2.9,Hold,False
INT004759,APP018854,1,2025-07-03,2025-07-03,On-site,Hiring Manager,3.4,Proceed,False
INT004760,APP018856,1,2025-04-14,2025-04-14,On-site,Hiring Manager,4.8,Proceed,False
INT004761,APP018861,1,2024-10-02,2024-10-02,Video,Hiring Manager,3.3,Hold,False
INT004762,APP018861,2,2024-10-10,2024-10-10,Video,Panel,4.0,Proceed,False
INT004763,APP018871,1,2025-02-27,2025-02-27,Video,Hiring Manager,2.5,Reject,False
INT004764,APP018876,1,2024-12-15,2024-12-15,Phone,Hiring Manager,1.5,Reject,False
INT004765,APP018877,1,2025-04-09,2025-04-09,Phone,Hiring Manager,2.6,Reject,False
INT004766,APP018881,1,2024-08-29,2024-08-29,Video,Hiring Manager,2.7,Reject,False
INT004767,APP018891,1,2025-02-23,2025-02-23,Video,Hiring Manager,3.7,Proceed,False
INT004768,APP018901,1,2025-08-01,2025-08-01,Video,Hiring Manager,5.0,Proceed,False
INT004769,APP018907,1,2024-03-01,2024-03-01,Video,Hiring Manager,4.0,Proceed,False
INT004770,APP018918,1,2024-05-04,2024-05-04,Video,Hiring Manager,3.2,Hold,False
INT004771,APP018918,2,2024-05-10,2024-05-10,On-site,Panel,3.3,Proceed,False
INT004772,APP018919,1,2025-09-01,2025-09-01,On-site,Hiring Manager,5.0,Proceed,False
INT004773,APP018933,1,2025-04-08,2025-04-08,Video,Hiring Manager,3.2,Hold,False
INT004774,APP018933,2,2025-04-17,2025-04-17,On-site,Panel,3.4,Proceed,False
INT004775,APP018934,1,2024-03-20,2024-03-20,Video,Hiring Manager,3.2,Hold,False
INT004776,APP018935,1,2024-11-30,2024-11-30,Video,Hiring Manager,3.6,Proceed,False
INT004777,APP018935,2,2024-12-07,2024-12-07,Video,Panel,4.6,Proceed,False
INT004778,APP018938,1,2024-04-01,2024-04-01,Video,Hiring Manager,4.1,Proceed,False
INT004779,APP018947,1,2025-06-15,2025-06-15,Video,Hiring Manager,3.5,Proceed,False
INT004780,APP018947,2,2025-06-21,2025-06-21,On-site,Panel,3.1,Hold,False
INT004781,APP018950,1,2025-04-25,2025-04-25,Video,Hiring Manager,5.0,Proceed,False
INT004782,APP018957,1,2025-08-21,2025-08-21,Video,Hiring Manager,2.5,Reject,False
INT004783,APP018957,2,2025-08-28,2025-08-28,On-site,Panel,3.4,Proceed,False
INT004784,APP018958,1,2025-07-17,2025-07-17,Video,Hiring Manager,3.1,Hold,False
INT004785,APP018960,1,2024-10-05,2024-10-05,On-site,Hiring Manager,4.9,Proceed,False
INT004786,APP018961,1,2025-08-28,2025-08-28,Phone,Hiring Manager,3.7,Proceed,False
INT004787,APP018961,2,2025-09-07,2025-09-07,Video,Panel,3.8,Proceed,False
INT004788,APP018963,1,2024-06-14,2024-06-14,Video,Hiring Manager,3.3,Hold,False
INT004789,APP018972,1,2024-08-15,2024-08-15,Video,Hiring Manager,3.7,Proceed,False
INT004790,APP018976,1,2024-12-12,2024-12-12,Phone,Hiring Manager,5.0,Proceed,False
INT004791,APP018983,1,2025-11-08,2025-11-08,Video,Hiring Manager,4.3,Proceed,False
INT004792,APP018985,1,2025-03-17,2025-03-17,Phone,Hiring Manager,4.0,Proceed,False
INT004793,APP018986,1,2025-05-21,2025-05-21,On-site,Hiring Manager,3.8,Proceed,False
INT004794,APP018988,1,2024-12-21,2024-12-21,On-site,Hiring Manager,4.0,Proceed,False
INT004795,APP018989,1,2024-05-16,2024-05-16,Video,Hiring Manager,3.7,Proceed,False
INT004796,APP018993,1,2025-02-14,2025-02-14,Video,Hiring Manager,4.7,Proceed,False
INT004797,APP018994,1,2025-04-08,2025-04-08,On-site,Hiring Manager,4.3,Proceed,False
INT004798,APP018995,1,2025-09-17,2025-09-17,Phone,Hiring Manager,2.5,Reject,False
INT004799,APP018998,1,2025-03-06,2025-03-06,Video,Hiring Manager,4.1,Proceed,False
INT004800,APP018999,1,2024-05-11,2024-05-11,Video,Hiring Manager,3.2,Hold,False
INT004801,APP018999,2,2024-05-20,2024-05-20,On-site,Panel,3.2,Hold,False
INT004802,APP019005,1,2024-09-02,2024-09-02,Video,Hiring Manager,2.8,Hold,False
INT004803,APP019007,1,2025-04-04,2025-04-04,On-site,Hiring Manager,3.5,Proceed,False
INT004804,APP019010,1,2025-11-16,2025-11-16,Video,Hiring Manager,3.4,Proceed,False
INT004805,APP019018,1,2025-10-07,2025-10-07,Video,Hiring Manager,3.3,Hold,False
INT004806,APP019022,1,2025-05-08,2025-05-08,Video,Hiring Manager,2.7,Reject,False
INT004807,APP019023,1,2024-08-18,2024-08-18,Video,Hiring Manager,3.4,Proceed,False
INT004808,APP019024,1,2025-01-20,2025-01-20,Phone,Hiring Manager,3.6,Proceed,False
INT004809,APP019027,1,2025-03-24,2025-03-24,Video,Hiring Manager,2.3,Reject,False
INT004810,APP019027,2,2025-03-30,2025-03-30,On-site,Panel,3.2,Hold,False
INT004811,APP019033,1,2024-03-08,2024-03-08,Video,Hiring Manager,3.1,Hold,False
INT004812,APP019036,1,2024-12-19,2024-12-19,Phone,Hiring Manager,3.3,Hold,False
INT004813,APP019050,1,2025-05-08,2025-05-08,Video,Hiring Manager,4.8,Proceed,False
INT004814,APP019051,1,2024-12-20,2024-12-20,Video,Hiring Manager,2.2,Reject,False
INT004815,APP019057,1,2025-04-29,2025-04-29,On-site,Hiring Manager,2.9,Hold,False
INT004816,APP019058,1,2025-07-22,2025-07-22,Video,Hiring Manager,5.0,Proceed,False
INT004817,APP019067,1,2024-07-22,2024-07-22,Phone,Hiring Manager,1.9,Reject,False
INT004818,APP019069,1,2024-10-06,2024-10-06,Video,Hiring Manager,4.6,Proceed,False
INT004819,APP019078,1,2025-03-12,2025-03-12,On-site,Hiring Manager,3.5,Proceed,False
INT004820,APP019082,1,2025-07-29,2025-07-29,On-site,Hiring Manager,2.3,Reject,False
INT004821,APP019092,1,2024-05-31,2024-05-31,On-site,Hiring Manager,4.4,Proceed,False
INT004822,APP019093,1,2025-06-01,2025-06-01,Video,Hiring Manager,3.8,Proceed,False
INT004823,APP019094,1,2024-05-27,2024-05-27,Video,Hiring Manager,2.5,Reject,False
INT004824,APP019103,1,2025-07-24,2025-07-24,On-site,Hiring Manager,3.9,Proceed,False
INT004825,APP019105,1,2025-07-18,2025-07-18,Video,Hiring Manager,1.5,Reject,False
INT004826,APP019105,2,2025-07-28,2025-07-28,On-site,Panel,2.8,Hold,False
INT004827,APP019106,1,2024-09-27,2024-09-27,Video,Hiring Manager,3.5,Proceed,False
INT004828,APP019109,1,2024-11-27,2024-11-27,Video,Hiring Manager,4.5,Proceed,False
INT004829,APP019112,1,2025-03-23,2025-03-23,Video,Hiring Manager,2.9,Hold,False
INT004830,APP019113,1,2025-09-19,2025-09-19,Video,Hiring Manager,3.7,Proceed,False
INT004831,APP019116,1,2024-08-30,2024-08-30,On-site,Hiring Manager,3.7,Proceed,False
INT004832,APP019125,1,2024-09-09,2024-09-09,Video,Hiring Manager,3.4,Proceed,False
INT004833,APP019126,1,2025-06-10,2025-06-10,On-site,Hiring Manager,2.3,Reject,False
INT004834,APP019127,1,2025-03-10,2025-03-10,On-site,Hiring Manager,3.1,Hold,False
INT004835,APP019129,1,2025-11-07,2025-11-07,Video,Hiring Manager,5.0,Proceed,False
INT004836,APP019134,1,2025-09-30,2025-09-30,Video,Hiring Manager,4.5,Proceed,False
INT004837,APP019140,1,2025-06-11,2025-06-11,Video,Hiring Manager,5.0,Proceed,False
INT004838,APP019148,1,2025-04-13,2025-04-13,On-site,Hiring Manager,4.4,Proceed,False
INT004839,APP019155,1,2025-05-31,2025-05-31,Video,Hiring Manager,2.4,Reject,False
INT004840,APP019163,1,2025-08-21,2025-08-21,Video,Hiring Manager,3.5,Proceed,False
INT004841,APP019176,1,2024-10-14,2024-10-14,Video,Hiring Manager,4.4,Proceed,False
INT004842,APP019178,1,2025-09-11,2025-09-11,Video,Hiring Manager,4.4,Proceed,False
INT004843,APP019186,1,2024-05-29,2024-05-29,Video,Hiring Manager,4.4,Proceed,False
INT004844,APP019188,1,2025-10-31,2025-10-31,Video,Hiring Manager,4.2,Proceed,False
INT004845,APP019190,1,2024-09-15,2024-09-15,Video,Hiring Manager,3.9,Proceed,False
INT004846,APP019191,1,2025-04-26,2025-04-26,On-site,Hiring Manager,3.5,Proceed,False
INT004847,APP019205,1,2025-10-26,2025-10-26,Video,Hiring Manager,2.3,Reject,False
INT004848,APP019218,1,2025-12-28,2025-12-28,Video,Hiring Manager,5.0,Proceed,False
INT004849,APP019220,1,2025-03-10,2025-03-10,Video,Hiring Manager,2.7,Reject,False
INT004850,APP019220,2,2025-03-21,2025-03-21,On-site,Panel,2.5,Hold,False
INT004851,APP019226,1,2024-04-11,2024-04-11,Video,Hiring Manager,4.8,Proceed,False
INT004852,APP019233,1,2024-12-22,2024-12-22,Video,Hiring Manager,3.2,Hold,False
INT004853,APP019233,2,2024-12-27,2024-12-27,On-site,Panel,3.3,Proceed,False
INT004854,APP019239,1,2024-11-24,2024-11-24,Video,Hiring Manager,3.3,Hold,False
INT004855,APP019245,1,2024-04-07,2024-04-07,Video,Hiring Manager,2.3,Reject,False
INT004856,APP019247,1,2025-10-16,2025-10-16,Video,Hiring Manager,3.0,Hold,False
INT004857,APP019249,1,2025-02-22,2025-02-22,On-site,Hiring Manager,2.7,Reject,False
INT004858,APP019251,1,2024-02-10,2024-02-10,Video,Hiring Manager,1.6,Reject,False
INT004859,APP019262,1,2024-02-11,2024-02-11,Video,Hiring Manager,4.0,Proceed,False
INT004860,APP019262,2,2024-02-21,2024-02-21,On-site,Panel,,Proceed,False
INT004861,APP019265,1,2024-05-13,2024-05-13,Video,Hiring Manager,2.1,Reject,False
INT004862,APP019266,1,2024-11-20,2024-11-20,Phone,Hiring Manager,4.4,Proceed,False
INT004863,APP019273,1,2025-11-23,2025-11-23,On-site,Hiring Manager,3.5,Proceed,False
INT004864,APP019276,1,2024-10-05,2024-10-05,Phone,Hiring Manager,3.7,Proceed,False
INT004865,APP019280,1,2024-08-22,2024-08-22,Video,Hiring Manager,4.1,Proceed,False
INT004866,APP019294,1,2024-04-23,2024-04-23,Video,Hiring Manager,3.9,Proceed,False
INT004867,APP019294,2,2024-05-03,2024-05-03,On-site,Panel,4.0,Proceed,False
INT004868,APP019298,1,2024-11-22,2024-11-22,On-site,Hiring Manager,4.6,Proceed,False
INT004869,APP019298,2,2024-12-01,2024-12-01,On-site,Panel,4.8,Proceed,False
INT004870,APP019304,1,2025-06-18,2025-06-18,On-site,Hiring Manager,4.3,Proceed,False
INT004871,APP019307,1,2024-03-16,2024-03-16,Video,Hiring Manager,4.6,Proceed,False
INT004872,APP019309,1,2024-05-07,2024-05-07,On-site,Hiring Manager,2.9,Hold,False
INT004873,APP019311,1,2024-05-30,2024-05-30,Video,Hiring Manager,3.1,Hold,False
INT004874,APP019319,1,2025-07-17,2025-07-17,Video,Hiring Manager,5.0,Proceed,False
INT004875,APP019321,1,2024-03-05,2024-03-05,Phone,Hiring Manager,4.9,Proceed,False
INT004876,APP019328,1,2025-02-27,2025-02-27,Video,Hiring Manager,3.9,Proceed,False
INT004877,APP019331,1,2025-11-08,2025-11-08,Video,Hiring Manager,3.2,Hold,False
INT004878,APP019331,2,2025-11-13,2025-11-13,On-site,Panel,3.2,Hold,False
INT004879,APP019336,1,2025-08-25,2025-08-25,On-site,Hiring Manager,3.5,Proceed,False
INT004880,APP019343,1,2025-03-16,2025-03-16,Video,Hiring Manager,3.7,Proceed,False
INT004881,APP019348,1,2025-04-18,2025-04-18,Video,Hiring Manager,2.8,Hold,False
INT004882,APP019350,1,2025-11-25,2025-11-25,Video,Hiring Manager,3.3,Hold,False
INT004883,APP019351,1,2024-06-19,2024-06-19,Video,Hiring Manager,3.4,Proceed,False
INT004884,APP019365,1,2025-05-25,2025-05-25,Video,Hiring Manager,2.7,Reject,False
INT004885,APP019369,1,2024-08-16,2024-08-16,Video,Hiring Manager,4.7,Proceed,False
INT004886,APP019372,1,2024-04-15,2024-04-15,Video,Hiring Manager,3.1,Hold,False
INT004887,APP019373,1,2025-01-02,2025-01-02,Phone,Hiring Manager,3.6,Proceed,False
INT004888,APP019374,1,2025-05-05,2025-05-05,Video,Hiring Manager,3.8,Proceed,False
INT004889,APP019377,1,2025-10-15,2025-10-15,Phone,Hiring Manager,3.7,Proceed,False
INT004890,APP019387,1,2024-12-05,2024-12-05,Video,Hiring Manager,5.0,Proceed,False
INT004891,APP019388,1,2025-03-17,2025-03-17,On-site,Hiring Manager,2.6,Reject,False
INT004892,APP019392,1,2025-03-04,2025-03-04,Video,Hiring Manager,4.1,Proceed,False
INT004893,APP019394,1,2024-04-17,2024-04-17,Video,Hiring Manager,4.5,Proceed,False
INT004894,APP019396,1,2025-04-24,2025-04-24,Video,Hiring Manager,5.0,Proceed,False
INT004895,APP019398,1,2025-11-05,2025-11-05,Video,Hiring Manager,2.9,Hold,False
INT004896,APP019402,1,2025-10-07,2025-10-07,Video,Hiring Manager,5.0,Proceed,False
INT004897,APP019403,1,2024-06-21,2024-06-21,Video,Hiring Manager,2.9,Hold,False
INT004898,APP019403,2,2024-06-29,2024-06-29,On-site,Panel,3.0,Hold,False
INT004899,APP019404,1,2024-12-27,2024-12-27,Video,Hiring Manager,3.4,Proceed,False
INT004900,APP019407,1,2025-05-27,2025-05-27,Phone,Hiring Manager,4.4,Proceed,False
INT004901,APP019411,1,2025-12-16,2025-12-16,On-site,Hiring Manager,3.1,Hold,False
INT004902,APP019416,1,2025-05-09,2025-05-09,Video,Hiring Manager,3.2,Hold,False
INT004903,APP019421,1,2025-04-09,2025-04-09,On-site,Hiring Manager,3.7,Proceed,False
INT004904,APP019421,2,2025-04-16,2025-04-16,On-site,Panel,3.7,Proceed,False
INT004905,APP019428,1,2024-11-07,2024-11-07,Video,Hiring Manager,4.5,Proceed,False
INT004906,APP019431,1,2025-04-03,2025-04-03,On-site,Hiring Manager,,Proceed,False
INT004907,APP019436,1,2024-09-18,2024-09-18,Video,Hiring Manager,3.5,Proceed,False
INT004908,APP019448,1,2024-12-08,2024-12-08,Video,Hiring Manager,3.5,Proceed,False
INT004909,APP019449,1,2024-12-19,2024-12-19,On-site,Hiring Manager,4.1,Proceed,False
INT004910,APP019450,1,2025-05-21,2025-05-21,On-site,Hiring Manager,3.4,Proceed,False
INT004911,APP019453,1,2025-10-08,2025-10-08,On-site,Hiring Manager,3.5,Proceed,False
INT004912,APP019462,1,2025-11-07,2025-11-07,Video,Hiring Manager,2.5,Reject,False
INT004913,APP019476,1,2025-11-15,2025-11-15,Phone,Hiring Manager,3.1,Hold,False
INT004914,APP019477,1,2025-04-22,2025-04-22,Video,Hiring Manager,2.4,Reject,False
INT004915,APP019493,1,2025-09-11,2025-09-11,On-site,Hiring Manager,1.2,Reject,False
INT004916,APP019497,1,2024-11-27,2024-11-27,Video,Hiring Manager,4.5,Proceed,False
INT004917,APP019499,1,2024-09-14,2024-09-14,Video,Hiring Manager,3.6,Proceed,False
INT004918,APP019510,1,2024-04-02,2024-04-02,Video,Hiring Manager,2.9,Hold,False
INT004919,APP019510,2,2024-04-07,2024-04-07,On-site,Panel,3.4,Proceed,False
INT004920,APP019517,1,2024-07-19,2024-07-19,On-site,Hiring Manager,3.1,Hold,False
INT004921,APP019518,1,2025-05-06,2025-05-06,On-site,Hiring Manager,4.5,Proceed,False
INT004922,APP019522,1,2025-07-08,2025-07-08,Video,Hiring Manager,,Proceed,False
INT004923,APP019522,2,2025-07-15,2025-07-15,On-site,Panel,3.8,Proceed,False
INT004924,APP019531,1,2024-07-03,2024-07-03,On-site,Hiring Manager,2.6,Reject,False
INT004925,APP019539,1,2024-12-19,2024-12-19,Video,Hiring Manager,5.0,Proceed,False
INT004926,APP019541,1,2025-05-24,2025-05-24,Phone,Hiring Manager,4.0,Proceed,False
INT004927,APP019549,1,2025-05-04,2025-05-04,On-site,Hiring Manager,3.4,Proceed,False
INT004928,APP019550,1,2024-10-01,2024-10-01,On-site,Hiring Manager,2.8,Hold,False
INT004929,APP019562,1,2024-07-31,2024-07-31,Video,Hiring Manager,4.0,Proceed,False
INT004930,APP019577,1,2024-08-21,2024-08-21,On-site,Hiring Manager,3.5,Proceed,False
INT004931,APP019584,1,2025-09-14,2025-09-14,Phone,Hiring Manager,4.1,Proceed,False
INT004932,APP019586,1,2025-03-29,2025-03-29,On-site,Hiring Manager,,Proceed,False
INT004933,APP019586,2,2025-04-04,2025-04-04,On-site,Panel,5.0,Proceed,False
INT004934,APP019587,1,2024-09-27,2024-09-27,On-site,Hiring Manager,2.9,Hold,False
INT004935,APP019588,1,2025-11-01,2025-11-01,Phone,Hiring Manager,4.1,Proceed,False
INT004936,APP019588,2,2025-11-08,2025-11-08,On-site,Panel,3.7,Proceed,False
INT004937,APP019599,1,2025-07-11,2025-07-11,Phone,Hiring Manager,3.6,Proceed,False
INT004938,APP019615,1,2024-12-15,2024-12-15,On-site,Hiring Manager,4.2,Proceed,False
INT004939,APP019615,2,2024-12-19,2024-12-19,On-site,Panel,4.6,Proceed,False
INT004940,APP019616,1,2025-01-25,2025-01-25,On-site,Hiring Manager,2.8,Hold,False
INT004941,APP019618,1,2024-07-12,2024-07-12,Video,Hiring Manager,1.9,Reject,False
INT004942,APP019621,1,2025-10-11,2025-10-11,On-site,Hiring Manager,3.4,Proceed,False
INT004943,APP019623,1,2025-07-16,2025-07-16,Video,Hiring Manager,4.9,Proceed,False
INT004944,APP019634,1,2025-11-06,2025-11-06,On-site,Hiring Manager,3.4,Proceed,False
INT004945,APP019638,1,2025-05-21,2025-05-21,Video,Hiring Manager,2.7,Reject,False
INT004946,APP019643,1,2024-12-28,2024-12-28,Video,Hiring Manager,4.4,Proceed,False
INT004947,APP019645,1,2024-05-14,2024-05-14,Video,Hiring Manager,2.2,Reject,False
INT004948,APP019646,1,2025-05-19,2025-05-19,Video,Hiring Manager,2.4,Reject,False
INT004949,APP019661,1,2024-03-02,2024-03-02,Video,Hiring Manager,3.5,Proceed,False
INT004950,APP019664,1,2025-08-01,2025-08-01,Video,Hiring Manager,3.2,Hold,False
INT004951,APP019665,1,2025-10-01,2025-10-01,On-site,Hiring Manager,3.1,Hold,False
INT004952,APP019671,1,2024-08-23,2024-08-23,On-site,Hiring Manager,2.3,Reject,False
INT004953,APP019671,2,2024-09-02,2024-09-02,On-site,Panel,2.0,Hold,False
INT004954,APP019674,1,2024-06-01,2024-06-01,Video,Hiring Manager,3.7,Proceed,False
INT004955,APP019684,1,2025-03-02,2025-03-02,Video,Hiring Manager,3.0,Hold,False
INT004956,APP019687,1,2024-08-29,2024-08-29,Video,Hiring Manager,3.8,Proceed,False
INT004957,APP019689,1,2025-10-01,2025-10-01,Video,Hiring Manager,5.0,Proceed,False
INT004958,APP019692,1,2025-09-20,2025-09-20,Video,Hiring Manager,3.5,Proceed,False
INT004959,APP019703,1,2025-07-03,2025-07-03,On-site,Hiring Manager,3.2,Hold,False
INT004960,APP019721,1,2024-10-24,2024-10-24,On-site,Hiring Manager,3.8,Proceed,False
INT004961,APP019725,1,2024-08-06,2024-08-06,On-site,Hiring Manager,5.0,Proceed,False
INT004962,APP019728,1,2024-04-05,2024-04-05,Video,Hiring Manager,2.3,Reject,False
INT004963,APP019733,1,2024-08-26,2024-08-26,Video,Hiring Manager,3.1,Hold,False
INT004964,APP019743,1,2025-01-03,2025-01-03,On-site,Hiring Manager,4.1,Proceed,False
INT004965,APP019748,1,2025-04-27,2025-04-27,Video,Hiring Manager,1.9,Reject,False
INT004966,APP019748,2,2025-05-06,2025-05-06,On-site,Panel,2.4,Hold,False
INT004967,APP019753,1,2025-05-05,2025-05-05,Video,Hiring Manager,4.3,Proceed,False
INT004968,APP019754,1,2024-10-09,2024-10-09,Phone,Hiring Manager,4.6,Proceed,False
INT004969,APP019757,1,2024-11-15,2024-11-15,Video,Hiring Manager,5.0,Proceed,False
INT004970,APP019757,2,2024-11-20,2024-11-20,On-site,Panel,4.1,Proceed,False
INT004971,APP019758,1,2025-02-19,2025-02-19,Video,Hiring Manager,2.9,Hold,False
INT004972,APP019764,1,2024-07-20,2024-07-20,Video,Hiring Manager,3.3,Hold,False
INT004973,APP019767,1,2024-08-07,2024-08-07,Video,Hiring Manager,4.6,Proceed,False
INT004974,APP019770,1,2025-04-12,2025-04-12,Phone,Hiring Manager,2.4,Reject,False
INT004975,APP019772,1,2025-01-19,2025-01-19,Video,Hiring Manager,3.7,Proceed,False
INT004976,APP019773,1,2024-03-25,2024-03-25,On-site,Hiring Manager,2.0,Reject,False
INT004977,APP019776,1,2024-04-04,2024-04-04,On-site,Hiring Manager,3.6,Proceed,False
INT004978,APP019787,1,2025-01-15,2025-01-15,On-site,Hiring Manager,1.6,Reject,False
INT004979,APP019788,1,2025-07-29,2025-07-29,On-site,Hiring Manager,5.0,Proceed,False
INT004980,APP019789,1,2025-09-13,2025-09-13,On-site,Hiring Manager,3.7,Proceed,False
INT004981,APP019795,1,2024-12-15,2024-12-15,Video,Hiring Manager,,Proceed,False
INT004982,APP019799,1,2024-06-29,2024-06-29,Video,Hiring Manager,2.7,Reject,False
INT004983,APP019799,2,2024-07-07,2024-07-07,On-site,Panel,2.8,Hold,False
INT004984,APP019817,1,2025-05-14,2025-05-14,On-site,Hiring Manager,3.3,Hold,False
INT004985,APP019834,1,2025-06-07,2025-06-07,Video,Hiring Manager,3.1,Hold,False
INT004986,APP019842,1,2024-08-10,2024-08-10,Video,Hiring Manager,2.7,Reject,False
INT004987,APP019844,1,2024-12-10,2024-12-10,Video,Hiring Manager,3.1,Hold,False
INT004988,APP019863,1,2024-12-22,2024-12-22,Phone,Hiring Manager,1.9,Reject,False
INT004989,APP019863,2,2024-12-27,2024-12-27,On-site,Panel,1.8,Hold,False
INT004990,APP019864,1,2024-11-13,2024-11-13,Video,Hiring Manager,3.9,Proceed,False
INT004991,APP019868,1,2024-12-17,2024-12-17,Video,Hiring Manager,3.7,Proceed,False
INT004992,APP019869,1,2024-08-01,2024-08-01,Video,Hiring Manager,3.5,Proceed,False
INT004993,APP019875,1,2025-10-23,2025-10-23,Phone,Hiring Manager,2.7,Reject,False
INT004994,APP019888,1,2025-09-16,2025-09-16,Phone,Hiring Manager,3.0,Hold,False
INT004995,APP019892,1,2026-01-04,2026-01-04,Video,Hiring Manager,4.0,Proceed,False
INT004996,APP019893,1,2025-08-06,2025-08-06,Phone,Hiring Manager,2.1,Reject,False
INT004997,APP019897,1,2025-03-06,2025-03-06,On-site,Hiring Manager,3.5,Proceed,False
INT004998,APP019901,1,2025-05-12,2025-05-12,Video,Hiring Manager,2.8,Hold,False
INT004999,APP019903,1,2025-05-28,2025-05-28,Video,Hiring Manager,3.4,Proceed,False
INT005000,APP019905,1,2025-01-19,2025-01-19,Phone,Hiring Manager,4.2,Proceed,False
INT005001,APP019910,1,2024-08-02,2024-08-02,On-site,Hiring Manager,4.5,Proceed,False
INT005002,APP019913,1,2025-02-02,2025-02-02,On-site,Hiring Manager,2.8,Hold,False
INT005003,APP019913,2,2025-02-13,2025-02-13,On-site,Panel,4.0,Proceed,False
INT005004,APP019916,1,2025-09-12,2025-09-12,Video,Hiring Manager,2.6,Reject,False
INT005005,APP019923,1,2025-05-08,2025-05-08,Video,Hiring Manager,2.7,Reject,False
INT005006,APP019931,1,2025-08-21,2025-08-21,Phone,Hiring Manager,2.7,Reject,False
INT005007,APP019933,1,2025-03-01,2025-03-01,Phone,Hiring Manager,4.0,Proceed,False
INT005008,APP019948,1,2025-03-31,2025-03-31,On-site,Hiring Manager,3.8,Proceed,False
INT005009,APP019953,1,2025-10-06,2025-10-06,Video,Hiring Manager,4.4,Proceed,False
INT005010,APP019955,1,2025-09-22,2025-09-22,Video,Hiring Manager,3.7,Proceed,False
INT005011,APP019959,1,2024-12-09,2024-12-09,Video,Hiring Manager,3.2,Hold,False
INT005012,APP019972,1,2024-08-07,2024-08-07,Video,Hiring Manager,,Reject,False
INT005013,APP019976,1,2025-07-19,2025-07-19,Video,Hiring Manager,2.8,Hold,False
INT005014,APP019986,1,2025-05-12,2025-05-12,Video,Hiring Manager,3.7,Proceed,False
INT005015,APP019993,1,2025-05-23,2025-05-23,On-site,Hiring Manager,3.0,Hold,False
INT005016,APP019996,1,2025-12-19,2025-12-19,Video,Hiring Manager,3.5,Proceed,False
